{"@context":{"@vocab":"http://vocabularies.wikipathways.org/gpml#","@base":"wpId:WP1099","pathwayIri":"wpId:WP1099","ChEBI":"http://www.ebi.ac.uk/chebi/searchId.do?chebiId=","dataSource":"gpml:Data-Source","datasourceReference":"wp:DatasourceReference","Group":{"@container":"@list","@id":"gpml:Group"},"interaction":{"@id":"biopax:Interaction","@type":"@id"},"interactionType":{"@id":"biopax:InteractionType","@type":"@id"},"interactionGraph":"@graph","lastModified":"gpml:Last-Modified","pathway":"biopax:Pathway","point":{"@container":"@list","@id":"gpml:Point"},"publicationXref":"biopax:PublicationXref","unificationXref":"biopax:UnificationXref","author":"schema:author","backgroundColor":"css2:colors.html#propdef-background-color","backgroundImage":"css2:colors.html#propdef-background-image","biopax":"http://www.biopax.org/release/biopax-level3.owl#","borderColor":"css2:box.html#propdef-border-color","borderStyle":"css2:box.html#propdef-border-style","borderWidth":"css2:box.html#propdef-border-width","boxSizing":{"@id":"css3Ui:box-sizing","@value":"border-box"},"color":"css2:colors.html#propdef-color","contains":{"@id":"ex:contains","@type":"@id"},"css2":"http://www.w3.org/TR/CSS2/","css3Ui":"http://www.w3.org/TR/css3-ui/#","cssTransform":"http://www.w3.org/TR/css-transforms-1/#","gpmlDataNodeType":"gpml:Type","dcterms":"http://puri.org/dc/terms/","entrezGene":"http://www.ncbi.nlm.nih.gov/gene/","ex":"http://www.example.org/","fontFamily":"css2:fonts.html#font-family-prop","fontSize":"css2:fonts.html#propdef-font-size","fontStyle":"css2:fonts.html#propdef-font-style","fontWeight":"css2:fonts.html#propdef-font-weight","gpml":"http://vocabularies.wikipathways.org/gpml#","gpmlFolder":"file://Users/andersriutta/Sites/pathvisiojs/test/gpml/","hMDB":"http://www.hmdb.ca/metabolites/HMDB","height":"css2:visudet.html#propdef-height","id":"@id","image":"schema:image","interactsWith":{"@id":"ex:interactsWith","@type":"@id"},"isContainedBy":{"@reverse":"ex:contains","@type":"@id"},"media":"http://www.w3.org/TR/mediaont-10/","name":"http://xmlns.com/foaf/0.1/name","organism":"biopax:organism","padding":"css2:box.html#propdef-padding","elements":{"@container":"@list","@id":"ex:pathwayElements/"},"position":"css2:visuren.html#propdef-position","rotate":"cssTransform:funcdef-rotate","schema":"http://schema.org/","shapeLibrary":"http://shapelibrary.example.org/","shape":"shapeLibrary:shape","stroke":"svg:painting.html#StrokeProperty","strokeWidth":"svg:painting.html#StrokeWidthProperty","svg":"http://www.w3.org/TR/SVG11/","textAlign":"css2:text.html#propdef-text-align","verticalAlign":"css2:visudet.html#propdef-vertical-align","width":"css2:visudet.html#propdef-width","wp":"http://vocabularies.wikipathways.org/wp#","wpId":"http://identifiers.org/wikipathways/","x":{"@id":"css2:visuren.html#propdef-left","@type":"xsd:integer"},"xsd":"http://www.w3.org/2001/XMLSchema#","y":"css2:visuren.html#propdef-top","zIndex":{"@id":"css2:z-index","@type":"xsd:integer"}},"wpId:WP1099":{"elements":[{"networkType":"node","nodeType":"DataNode","dataNodeType":"GeneProduct","@type":["DataNode","GeneProduct","datanode"],"gpmlType":"datanode","graphicalType":"path"},{"networkType":"node","nodeType":"DataNode","dataNodeType":"Metabolite","@type":["DataNode","Metabolite","datanode"],"gpmlType":"datanode","graphicalType":"path","datasourceReference":{"database":"ChEBI","id":"3098","organism":"Canis familiaris"}},{"networkType":"node","nodeType":"DataNode","dataNodeType":"GeneProduct","@type":["DataNode","GeneProduct","datanode"],"gpmlType":"datanode","graphicalType":"path"},{"networkType":"node","nodeType":"DataNode","dataNodeType":"GeneProduct","@type":["DataNode","GeneProduct","datanode"],"gpmlType":"datanode","graphicalType":"path"},{"networkType":"node","nodeType":"DataNode","dataNodeType":"GeneProduct","@type":["DataNode","GeneProduct","datanode"],"gpmlType":"datanode","graphicalType":"path"},{"networkType":"node","nodeType":"DataNode","dataNodeType":"GeneProduct","@type":["DataNode","GeneProduct","datanode"],"gpmlType":"datanode","graphicalType":"path"},{"networkType":"node","nodeType":"DataNode","dataNodeType":"GeneProduct","@type":["DataNode","GeneProduct","datanode"],"gpmlType":"datanode","graphicalType":"path"},{"networkType":"node","nodeType":"DataNode","dataNodeType":"GeneProduct","@type":["DataNode","GeneProduct","datanode"],"gpmlType":"datanode","graphicalType":"path"},{"networkType":"node","nodeType":"DataNode","dataNodeType":"GeneProduct","@type":["DataNode","GeneProduct","datanode"],"gpmlType":"datanode","graphicalType":"path"},{"networkType":"node","nodeType":"DataNode","dataNodeType":"Metabolite","@type":["DataNode","Metabolite","datanode"],"gpmlType":"datanode","graphicalType":"path"},{"networkType":"node","nodeType":"DataNode","dataNodeType":"Metabolite","@type":["DataNode","Metabolite","datanode"],"gpmlType":"datanode","graphicalType":"path"},{"networkType":"node","nodeType":"DataNode","dataNodeType":"Metabolite","@type":["DataNode","Metabolite","datanode"],"gpmlType":"datanode","graphicalType":"path"},{"networkType":"node","nodeType":"DataNode","dataNodeType":"GeneProduct","@type":["DataNode","GeneProduct","datanode"],"gpmlType":"datanode","graphicalType":"path"},{"networkType":"node","nodeType":"DataNode","dataNodeType":"GeneProduct","@type":["DataNode","GeneProduct","datanode"],"gpmlType":"datanode","graphicalType":"path"},{"networkType":"node","nodeType":"DataNode","dataNodeType":"GeneProduct","@type":["DataNode","GeneProduct","datanode"],"gpmlType":"datanode","graphicalType":"path"},{"networkType":"node","nodeType":"DataNode","dataNodeType":"GeneProduct","@type":["DataNode","GeneProduct","datanode"],"gpmlType":"datanode","graphicalType":"path"},{"networkType":"node","nodeType":"DataNode","dataNodeType":"GeneProduct","@type":["DataNode","GeneProduct","datanode"],"gpmlType":"datanode","graphicalType":"path"},{"networkType":"node","nodeType":"DataNode","dataNodeType":"GeneProduct","@type":["DataNode","GeneProduct","datanode"],"gpmlType":"datanode","graphicalType":"path"},{"networkType":"node","nodeType":"Label","@type":["label"],"gpmlType":"label","graphicalType":"path"},{"networkType":"node","nodeType":"Label","@type":["label"],"gpmlType":"label","graphicalType":"path"},{"networkType":"node","nodeType":"Label","@type":["label"],"gpmlType":"label","graphicalType":"path"},{"networkType":"edge","gpmlType":"interaction","@type":["interaction"],"graphicalType":"path","markerEnd":"arrow","points":[{"x":366.66666666666663,"y":156.16666666666666,"isAttachedTo":"d3d","RelX":0,"anchor":[0.5,1,0,1],"RelY":1},{"x":366,"y":216,"isAttachedTo":"ffef8","RelX":0,"anchor":[0.5,0,0,-1],"RelY":-1}],"interactionGraph":[{"id":"d3d","interactsWith":"ffef8"}],"interactionType":"gpml:Arrow"},{"networkType":"edge","gpmlType":"interaction","@type":["interaction"],"graphicalType":"path","markerEnd":"arrow","points":[{"x":366,"y":236,"isAttachedTo":"ffef8","RelX":0,"anchor":[0.5,1,0,1],"RelY":1},{"x":366,"y":271,"isAttachedTo":"eb4c4","RelX":0,"anchor":[0.5,0,0,-1],"RelY":-1}],"interactionGraph":[{"id":"ffef8","interactsWith":"eb4c4"}],"interactionType":"gpml:Arrow"},{"networkType":"edge","gpmlType":"interaction","@type":["interaction"],"graphicalType":"path","markerEnd":"arrow","points":[{"x":366,"y":291,"isAttachedTo":"eb4c4","RelX":0,"anchor":[0.5,1,0,1],"RelY":1},{"x":366.6666666666667,"y":348.6666666666667,"isAttachedTo":"b79","RelX":0,"anchor":[0.5,0,0,-1],"RelY":-1}],"interactionGraph":[{"id":"eb4c4","interactsWith":"b79"}],"interactionType":"gpml:Arrow"},{"networkType":"edge","gpmlType":"interaction","@type":["interaction"],"graphicalType":"path","markerEnd":"arrow","points":[{"x":366.6666666666667,"y":364.6666666666667,"isAttachedTo":"b79","RelX":0,"anchor":[0.5,1,0,1],"RelY":1},{"x":366,"y":403.8333333333333,"isAttachedTo":"b23","RelX":0,"anchor":[0.5,0,0,-1],"RelY":-1}],"interactionGraph":[{"id":"b79","interactsWith":"b23"}],"interactionType":"gpml:Arrow"},{"networkType":"edge","gpmlType":"interaction","@type":["interaction"],"graphicalType":"path","markerEnd":"arrow","points":[{"x":366,"y":422.8333333333333,"isAttachedTo":"b23","RelX":0,"anchor":[0.5,1,0,1],"RelY":1},{"x":366,"y":514,"isAttachedTo":"ec02d","RelX":0,"anchor":[0.5,0,0,-1],"RelY":-1}],"interactionGraph":[{"id":"b23","interactsWith":"ec02d"}],"interactionType":"gpml:Arrow"},{"networkType":"edge","gpmlType":"interaction","@type":["interaction"],"graphicalType":"path","markerEnd":"arrow","points":[{"x":412.66666666666663,"y":413.3333333333333,"isAttachedTo":"b23","RelX":1,"anchor":[1,0.5,1,0],"RelY":0},{"x":502,"y":413,"isAttachedTo":"cac80","RelX":-1,"anchor":[0,0.5,-1,0],"RelY":0}],"interactionGraph":[{"id":"b23","interactsWith":"cac80"}],"interactionType":"gpml:Arrow"},{"gpmlType":"anchor","zIndex":null,"networkType":"node","@type":["anchor"],"graphicalType":"path","x":null,"y":null},{"networkType":"edge","gpmlType":"interaction","@type":["interaction"],"graphicalType":"path","markerEnd":"arrow","points":[{"x":562,"y":423,"isAttachedTo":"cac80","RelX":0.5,"anchor":[0.75,1,0,1],"RelY":1},{"x":562,"y":480.6666666666667},{"x":648,"y":480.6666666666667,"isAttachedTo":"e8c","RelX":-1,"anchor":[0,0.5,-1,0],"RelY":0}],"interactionGraph":[{"id":"cac80","interactsWith":"e8c"}],"interactionType":"gpml:Arrow"},{"networkType":"edge","gpmlType":"interaction","@type":["interaction"],"graphicalType":"path","markerEnd":"arrow","points":[{"x":437.33333333333337,"y":356.6666666666667,"isAttachedTo":"b79","RelX":1,"anchor":[1,0.5,1,0],"RelY":0},{"x":526,"y":356.6666666666667},{"x":526,"y":320,"isAttachedTo":"c148e","RelX":0,"anchor":[0.5,1,0,1],"RelY":1}],"interactionGraph":[{"id":"b79","interactsWith":"c148e"}],"interactionType":"gpml:Arrow"},{"gpmlType":"anchor","zIndex":null,"networkType":"node","@type":["anchor"],"graphicalType":"path","x":null,"y":null},{"networkType":"edge","gpmlType":"interaction","@type":["interaction"],"graphicalType":"path","markerEnd":"arrow","points":[{"x":411.33333333333326,"y":146.66666666666666,"isAttachedTo":"d3d","RelX":1,"anchor":[1,0.5,1,0],"RelY":0},{"x":486,"y":146,"isAttachedTo":"a1540","RelX":-1,"anchor":[0,0.5,-1,0],"RelY":0}],"interactionGraph":[{"id":"d3d","interactsWith":"a1540"}],"interactionType":"gpml:Arrow"},{"networkType":"edge","gpmlType":"interaction","@type":["interaction"],"graphicalType":"path","markerEnd":"arrow","points":[{"x":526,"y":156,"isAttachedTo":"a1540","RelX":0,"anchor":[0.5,1,0,1],"RelY":1},{"x":526.6666666666666,"y":240.5,"isAttachedTo":"ea8","RelX":0,"anchor":[0.5,0,0,-1],"RelY":-1}],"interactionGraph":[{"id":"a1540","interactsWith":"ea8"}],"interactionType":"gpml:Arrow"},{"networkType":"edge","gpmlType":"interaction","@type":["interaction"],"graphicalType":"path","markerEnd":"arrow","points":[{"x":526.6666666666666,"y":259.5,"isAttachedTo":"ea8","RelX":0,"anchor":[0.5,1,0,1],"RelY":1},{"x":526,"y":300,"isAttachedTo":"c148e","RelX":0,"anchor":[0.5,0,0,-1],"RelY":-1}],"interactionGraph":[{"id":"ea8","interactsWith":"c148e"}],"interactionType":"gpml:Arrow"},{"networkType":"edge","gpmlType":"interaction","@type":["interaction"],"graphicalType":"path","markerEnd":"arrow","points":[{"x":366,"y":534,"isAttachedTo":"ec02d","RelX":0,"anchor":[0.5,1,0,1],"RelY":1},{"x":366,"y":580,"isAttachedTo":"e53","RelX":0,"anchor":[0.5,0,0,-1],"RelY":-1}],"interactionGraph":[{"id":"ec02d","interactsWith":"e53"}],"interactionType":"gpml:Arrow"},{"networkType":"edge","gpmlType":"interaction","@type":["interaction"],"graphicalType":"path","markerEnd":"arrow","points":[{"x":389.33333333333337,"y":590,"isAttachedTo":"e53","RelX":1,"anchor":[1,0.5,1,0],"RelY":0},{"x":451.66666666666663,"y":590,"isAttachedTo":"ed18b","RelX":-0.9451219512195121,"anchor":[0.027439024390243927,0.5,0,0],"RelY":0}],"interactionGraph":[{"id":"e53","interactsWith":"ed18b"}],"interactionType":"gpml:Arrow"},{"networkType":"edge","gpmlType":"interaction","@type":["interaction"],"graphicalType":"path","markerEnd":"arrow","points":[{"x":694.6666666666665,"y":480.6666666666667,"isAttachedTo":"e8c","RelX":1,"anchor":[1,0.5,1,0],"RelY":0},{"x":741.6666666666666,"y":480,"isAttachedTo":"d37e1","RelX":-0.9210526315789473,"anchor":[0.03947368421052633,0.5,0,0],"RelY":0}],"interactionGraph":[{"id":"e8c","interactsWith":"d37e1"}],"interactionType":"gpml:Arrow"},{"networkType":"edge","gpmlType":"interaction","@type":["interaction"],"graphicalType":"path","markerEnd":"arrow","points":[{"x":226.66666666666669,"y":369.5,"isAttachedTo":"db5","RelX":0,"anchor":[0.5,1,0,1],"RelY":1},{"x":226.66666666666666,"y":465.3333333333333,"isAttachedTo":"c87","RelX":0,"anchor":[0.5,0,0,-1],"RelY":-1}],"interactionGraph":[{"id":"db5","interactsWith":"c87"}],"interactionType":"gpml:Arrow"},{"networkType":"edge","gpmlType":"interaction","@type":["interaction"],"graphicalType":"path","markerEnd":"arrow","points":[{"x":226.66666666666669,"y":369.5,"isAttachedTo":"db5","RelX":0,"anchor":[0.5,1,0,1],"RelY":1},{"x":226.66666666666669,"y":413.3333333333333},{"x":319.33333333333337,"y":413.3333333333333,"isAttachedTo":"b23","RelX":-1,"anchor":[0,0.5,-1,0],"RelY":0}],"interactionGraph":[{"id":"db5","interactsWith":"b23"}],"interactionType":"gpml:Arrow"},{"networkType":"edge","gpmlType":"interaction","@type":["interaction"],"graphicalType":"path","markerEnd":"arrow","points":[{"x":226.66666666666669,"y":350.5,"isAttachedTo":"db5","RelX":0,"anchor":[0.5,0,0,-1],"RelY":-1},{"x":226,"y":253.33333333333334,"isAttachedTo":"d0c63","RelX":0,"anchor":[0.5,1,0,1],"RelY":1}],"interactionGraph":[{"id":"db5","interactsWith":"d0c63"}],"interactionType":"gpml:Arrow"},{"networkType":"edge","gpmlType":"interaction","@type":["interaction"],"graphicalType":"path","markerEnd":"arrow","points":[{"x":366,"y":422.8333333333333,"isAttachedTo":"b23","RelX":0,"anchor":[0.5,1,0,1],"RelY":1},{"x":366,"y":402.8333333333333},{"x":286,"y":402.8333333333333},{"x":286,"y":564,"isAttachedTo":"ae4b8","RelX":0,"anchor":[0.5,0,0,-1],"RelY":-1}],"interactionGraph":[{"id":"b23","interactsWith":"ae4b8"}],"interactionType":"gpml:Arrow"},{"networkType":"edge","gpmlType":"interaction","@type":["interaction"],"graphicalType":"path","markerEnd":"arrow","points":[{"x":226.66666666666666,"y":481.3333333333333,"isAttachedTo":"c87","RelX":0,"anchor":[0.5,1,0,1],"RelY":1},{"x":184.33333333333331,"y":564.3333333333334,"isAttachedTo":"a6f","RelX":0,"anchor":[0.5,0,0,-1],"RelY":-1}],"interactionGraph":[{"id":"c87","interactsWith":"a6f"}],"interactionType":"gpml:Arrow"},{"networkType":"edge","gpmlType":"interaction","@type":["interaction"],"graphicalType":"path","markerEnd":"arrow","points":[{"x":161,"y":574.3333333333334,"isAttachedTo":"a6f","RelX":-1,"anchor":[0,0.5,-1,0],"RelY":0},{"x":105,"y":574,"isAttachedTo":"e51ef","RelX":0.9210526315789473,"anchor":[0.9605263157894737,0.5,0,0],"RelY":0}],"interactionGraph":[{"id":"a6f","interactsWith":"e51ef"}],"interactionType":"gpml:Arrow"},{"networkType":"edge","gpmlType":"interaction","@type":["interaction"],"graphicalType":"path","markerEnd":"arrow","points":[{"x":246,"y":574,"isAttachedTo":"ae4b8","RelX":-1,"anchor":[0,0.5,-1,0],"RelY":0},{"x":207.66666666666663,"y":574.3333333333334,"isAttachedTo":"a6f","RelX":1,"anchor":[1,0.5,1,0],"RelY":0}],"interactionGraph":[{"id":"ae4b8","interactsWith":"a6f"}],"interactionType":"gpml:Arrow"},{"networkType":"edge","gpmlType":"interaction","@type":["interaction"],"graphicalType":"path","markerEnd":"arrow","points":[{"x":187,"y":473.3333333333333,"isAttachedTo":"c87","RelX":-1,"anchor":[0,0.5,-1,0],"RelY":0},{"x":152.66666666666669,"y":473.6666666666667,"isAttachedTo":"c47","RelX":1,"anchor":[1,0.5,1,0],"RelY":0}],"interactionGraph":[{"id":"c87","interactsWith":"c47"}],"interactionType":"gpml:Arrow"},{"networkType":"edge","gpmlType":"interaction","@type":["interaction"],"graphicalType":"path","markerEnd":"arrow","points":[{"x":266,"y":564,"isAttachedTo":"ae4b8","RelX":-0.5,"anchor":[0.25,0,0,-1],"RelY":-1},{"x":141,"y":483.6666666666667,"isAttachedTo":"c47","RelX":0.5,"anchor":[0.75,1,0,1],"RelY":1}],"interactionGraph":[{"id":"ae4b8","interactsWith":"c47"}],"interactionType":"gpml:Arrow"},{"networkType":"edge","gpmlType":"interaction","@type":["interaction"],"graphicalType":"path","markerEnd":"arrow","points":[{"x":566,"y":146,"isAttachedTo":"a1540","RelX":1,"anchor":[1,0.5,1,0],"RelY":0},{"x":616.6666666666667,"y":146.66666666666666,"isAttachedTo":"a22","RelX":-1,"anchor":[0,0.5,-1,0],"RelY":0}],"interactionGraph":[{"id":"a1540","interactsWith":"a22"}],"interactionType":"gpml:Arrow"},{"networkType":"edge","gpmlType":"interaction","@type":["interaction"],"graphicalType":"path","markerEnd":"arrow","points":[{"x":670.0000000000002,"y":146.66666666666666,"isAttachedTo":"a22","RelX":1,"anchor":[1,0.5,1,0],"RelY":0},{"x":721.6666666666667,"y":146.66666666666666,"isAttachedTo":"b2195","RelX":-0.9274193548387096,"anchor":[0.036290322580645185,0.5,0,0],"RelY":0}],"interactionGraph":[{"id":"a22","interactsWith":"b2195"}],"interactionType":"gpml:Arrow"},{"networkType":"edge","gpmlType":"interaction","@type":["interaction"],"graphicalType":"path","markerEnd":"arrow","points":[{"x":572.6666666666667,"y":70,"isAttachedTo":"ef7","RelX":1,"anchor":[1,0.5,1,0],"RelY":0},{"x":614.6666666666667,"y":70.66666666666667,"isAttachedTo":"bdc","RelX":-1,"anchor":[0,0.5,-1,0],"RelY":0}],"interactionGraph":[{"id":"ef7","interactsWith":"bdc"}],"interactionType":"gpml:Arrow"},{"networkType":"edge","gpmlType":"interaction","@type":["interaction"],"graphicalType":"path","markerEnd":"arrow","points":[{"x":546,"y":136,"isAttachedTo":"a1540","RelX":0.5,"anchor":[0.75,0,0,-1],"RelY":-1},{"x":546,"y":80,"isAttachedTo":"ef7","RelX":0,"anchor":[0.5,1,0,1],"RelY":1}],"interactionGraph":[{"id":"a1540","interactsWith":"ef7"}],"interactionType":"gpml:Arrow"},{"networkType":"edge","gpmlType":"interaction","@type":["interaction"],"graphicalType":"path","markerEnd":"arrow","points":[{"x":526,"y":136,"isAttachedTo":"a1540","RelX":0,"anchor":[0.5,0,0,-1],"RelY":-1},{"x":526,"y":156},{"x":478.66666666666663,"y":156},{"x":478.66666666666663,"y":80,"isAttachedTo":"a3d","RelX":0,"anchor":[0.5,1,0,1],"RelY":1}],"interactionGraph":[{"id":"a1540","interactsWith":"a3d"}],"interactionType":"gpml:Arrow"},{"networkType":"edge","gpmlType":"interaction","@type":["interaction"],"graphicalType":"path","markerEnd":"arrow","points":[{"x":452,"y":70,"isAttachedTo":"a3d","RelX":-1,"anchor":[0,0.5,-1,0],"RelY":0},{"x":368.3333333333333,"y":70,"isAttachedTo":"fbc12","RelX":0.9375,"anchor":[0.96875,0.5,0,0],"RelY":0}],"interactionGraph":[{"id":"a3d","interactsWith":"fbc12"}],"interactionType":"gpml:Arrow"},{"networkType":"edge","gpmlType":"interaction","@type":["interaction"],"graphicalType":"path","markerEnd":"arrow","points":[{"x":226,"y":233.33333333333334,"isAttachedTo":"d0c63","RelX":0,"anchor":[0.5,0,0,-1],"RelY":-1},{"x":226,"y":166},{"x":73.33333333333333,"y":166,"isAttachedTo":"db3","RelX":1,"anchor":[1,0.5,1,0],"RelY":0}],"interactionGraph":[{"id":"d0c63","interactsWith":"db3"}],"interactionType":"gpml:Arrow"},{"networkType":"edge","gpmlType":"interaction","@type":["interaction"],"graphicalType":"path","markerEnd":"arrow","points":[{"x":186,"y":243.33333333333334,"isAttachedTo":"d0c63","RelX":-1,"anchor":[0,0.5,-1,0],"RelY":0},{"x":156,"y":243.33333333333337,"isAttachedTo":"a97","RelX":1,"anchor":[1,0.5,1,0],"RelY":0}],"interactionGraph":[{"id":"d0c63","interactsWith":"a97"}],"interactionType":"gpml:Arrow"},{"networkType":"edge","gpmlType":"interaction","@type":["interaction"],"graphicalType":"path","markerEnd":"arrow","points":[{"x":608,"y":310,"isAttachedTo":"c148e","RelX":1,"anchor":[1,0.5,1,0],"RelY":0},{"x":670.3333333333334,"y":310.3333333333333,"isAttachedTo":"c5d","RelX":-1,"anchor":[0,0.5,-1,0],"RelY":0}],"interactionGraph":[{"id":"c148e","interactsWith":"c5d"}],"interactionType":"gpml:Arrow"},{"networkType":"node","nodeType":"DataNode","dataNodeType":"GeneProduct","@type":["DataNode","GeneProduct","datanode"],"gpmlType":"datanode","graphicalType":"path"},{"networkType":"edge","gpmlType":"interaction","@type":["interaction"],"graphicalType":"path","markerEnd":"arrow","points":[{"x":50,"y":176,"isAttachedTo":"db3","RelX":0,"anchor":[0.5,1,0,1],"RelY":1},{"x":50,"y":233.33333333333334,"isAttachedTo":"c25","RelX":0.5,"anchor":[0.75,0,0,-1],"RelY":-1}],"interactionGraph":[{"id":"db3","interactsWith":"c25"}],"interactionType":"gpml:Arrow"},{"networkType":"edge","gpmlType":"interaction","@type":["interaction"],"graphicalType":"path","markerEnd":"arrow","points":[{"x":206,"y":253.33333333333334,"isAttachedTo":"d0c63","RelX":-0.5,"anchor":[0.25,1,0,1],"RelY":1},{"x":206,"y":278.6666666666667},{"x":165.66666666666669,"y":278.6666666666667,"isAttachedTo":"cdc","RelX":1,"anchor":[1,0.5,1,0],"RelY":0}],"interactionGraph":[{"id":"d0c63","interactsWith":"cdc"}],"interactionType":"gpml:Arrow"},{"networkType":"edge","gpmlType":"interaction","@type":["interaction"],"graphicalType":"path","markerEnd":"arrow","points":[{"x":119,"y":278.6666666666667,"isAttachedTo":"cdc","RelX":-1,"anchor":[0,0.5,-1,0],"RelY":0},{"x":50,"y":278.6666666666667},{"x":50,"y":253.33333333333334,"isAttachedTo":"c25","RelX":0.5,"anchor":[0.75,1,0,1],"RelY":1}],"interactionGraph":[{"id":"cdc","interactsWith":"c25"}],"interactionType":"gpml:Arrow"},{"networkType":"edge","gpmlType":"interaction","@type":["interaction"],"graphicalType":"path","markerEnd":"arrow","points":[{"x":106,"y":473.6666666666667,"isAttachedTo":"c47","RelX":-1,"anchor":[0,0.5,-1,0],"RelY":0},{"x":56.66666666666666,"y":473.6666666666667},{"x":56.66666666666666,"y":435,"isAttachedTo":"ef0bc","RelX":0,"anchor":[0.5,0.9779411764705883,0,0],"RelY":0.9558823529411765}],"interactionGraph":[{"id":"c47","interactsWith":"ef0bc"}],"interactionType":"gpml:Arrow"},{"networkType":"edge","gpmlType":"interaction","@type":["interaction"],"graphicalType":"path","markerEnd":"arrow","points":[{"x":710.3333333333334,"y":310.3333333333333,"isAttachedTo":"c5d","RelX":1,"anchor":[1,0.5,1,0],"RelY":0},{"x":755,"y":310,"isAttachedTo":"ef1ae","RelX":-0.9274193548387096,"anchor":[0.036290322580645185,0.5,0,0],"RelY":0}],"interactionGraph":[{"id":"c5d","interactsWith":"ef1ae"}],"interactionType":"gpml:Arrow"},{"networkType":"edge","gpmlType":"interaction","@type":["interaction"],"graphicalType":"path","markerEnd":"arrow","points":[{"x":416.6666666666667,"y":696.6666666666666},{"x":453.3333333333333,"y":696.6666666666666}]},{"networkType":"edge","gpmlType":"interaction","@type":["interaction"],"graphicalType":"path","markerEnd":"mimCatalysis","points":[{"x":448,"y":435.6666666666667,"isAttachedTo":"ca9","RelX":0,"anchor":[0.5,0,0,-1],"RelY":-1},{"x":448.4,"y":413.2,"isAttachedTo":"e223a","RelX":0,"anchor":[0.5,0.5,0,0],"RelY":0}],"interactionGraph":[{"id":"ca9","interactsWith":"e223a"}],"interactionType":"mim-catalysis"},{"networkType":"edge","gpmlType":"interaction","@type":["interaction"],"graphicalType":"path","markerEnd":"mimCatalysis","points":[{"x":487.33333333333337,"y":373.3333333333333,"isAttachedTo":"d4b","RelX":0,"anchor":[0.5,0,0,-1],"RelY":-1},{"x":487.4666666666667,"y":356.6666666666667,"isAttachedTo":"d9b46","RelX":0,"anchor":[0.5,0.5,0,0],"RelY":0}],"interactionGraph":[{"id":"d4b","interactsWith":"d9b46"}],"interactionType":"mim-catalysis"},{"networkType":"edge","gpmlType":"interaction","@type":["interaction"],"graphicalType":"path","markerEnd":"tBar","points":[{"x":587,"y":570},{"x":550,"y":570,"isAttachedTo":"d05","RelX":1,"anchor":[1,0.5,1,0],"RelY":0}]},{"networkType":"edge","gpmlType":"interaction","@type":["interaction"],"graphicalType":"path","markerEnd":"tBar","points":[{"x":70,"y":659,"isAttachedTo":"e332b","RelX":0,"anchor":[0.5,0,0,-1],"RelY":-1},{"x":70,"y":624,"isAttachedTo":"fd4","RelX":0,"anchor":[0.5,1,0,1],"RelY":1}],"interactionGraph":[{"id":"e332b","interactsWith":"fd4"}],"interactionType":"t-bar"},{"networkType":"edge","gpmlType":"interaction","@type":["interaction"],"graphicalType":"path","markerEnd":"tBar","points":[{"x":811.5398230088498,"y":70.40117994100285,"isAttachedTo":"ec829","RelX":-1,"anchor":[0,0.5,-1,0],"RelY":0},{"x":668.0000000000002,"y":70.66666666666667,"isAttachedTo":"bdc","RelX":1,"anchor":[1,0.5,1,0],"RelY":0}],"interactionGraph":[{"id":"ec829","interactsWith":"bdc"}],"interactionType":"t-bar"},{"networkType":"node","nodeType":"DataNode","dataNodeType":"GeneProduct","@type":["DataNode","GeneProduct","datanode"],"gpmlType":"datanode","graphicalType":"path","datasourceReference":{"database":"Entrez Gene","id":"486962","organism":"Canis familiaris"},"unificationXref":"http://identifiers.org/ensembl/ENSCAFG00000007098"},{"networkType":"node","nodeType":"DataNode","dataNodeType":"Metabolite","@type":["DataNode","Metabolite","datanode"],"gpmlType":"datanode","graphicalType":"path","datasourceReference":{"database":"ChEBI","id":"CHEBI:35703","organism":"Canis familiaris"}},{"networkType":"node","nodeType":"DataNode","dataNodeType":"GeneProduct","@type":["DataNode","GeneProduct","datanode"],"gpmlType":"datanode","graphicalType":"path","datasourceReference":{"database":"Entrez Gene","id":"486962","organism":"Canis familiaris"},"unificationXref":"http://identifiers.org/ensembl/ENSCAFG00000007098"},{"networkType":"node","nodeType":"DataNode","dataNodeType":"GeneProduct","@type":["DataNode","GeneProduct","datanode"],"gpmlType":"datanode","graphicalType":"path","datasourceReference":{"database":"Entrez Gene","id":"403606","organism":"Canis familiaris"},"unificationXref":"http://identifiers.org/ensembl/ENSCAFG00000004991"},{"networkType":"node","nodeType":"DataNode","dataNodeType":"GeneProduct","@type":["DataNode","GeneProduct","datanode"],"gpmlType":"datanode","graphicalType":"path","datasourceReference":{"database":"Entrez Gene","id":"486962","organism":"Canis familiaris"},"unificationXref":"http://identifiers.org/ensembl/ENSCAFG00000007098"},{"networkType":"node","nodeType":"DataNode","dataNodeType":"GeneProduct","@type":["DataNode","GeneProduct","datanode"],"gpmlType":"datanode","graphicalType":"path","datasourceReference":{"database":"Entrez Gene","id":"403654","organism":"Canis familiaris"},"unificationXref":"http://identifiers.org/ensembl/ENSCAFG00000000788"},{"networkType":"node","nodeType":"DataNode","dataNodeType":"GeneProduct","@type":["DataNode","GeneProduct","datanode"],"gpmlType":"datanode","graphicalType":"path","datasourceReference":{"database":"Entrez Gene","id":"481756","organism":"Canis familiaris"},"unificationXref":"http://identifiers.org/ensembl/ENSCAFG00000001310"},{"networkType":"node","nodeType":"DataNode","dataNodeType":"GeneProduct","@type":["DataNode","GeneProduct","datanode"],"gpmlType":"datanode","graphicalType":"path","datasourceReference":{"database":"Entrez Gene","id":"479939","organism":"Canis familiaris"},"unificationXref":"http://identifiers.org/ensembl/ENSCAFG00000020112"},{"networkType":"node","nodeType":"DataNode","dataNodeType":"GeneProduct","@type":["DataNode","GeneProduct","datanode"],"gpmlType":"datanode","graphicalType":"path","datasourceReference":{"database":"Entrez Gene","id":"477643","organism":"Canis familiaris"},"unificationXref":"http://identifiers.org/ensembl/ENSCAFG00000010022"},{"networkType":"node","nodeType":"DataNode","dataNodeType":"GeneProduct","@type":["DataNode","GeneProduct","datanode"],"gpmlType":"datanode","graphicalType":"path","datasourceReference":{"database":"Entrez Gene","id":"481651","organism":"Canis familiaris"},"unificationXref":"http://identifiers.org/ensembl/ENSCAFG00000002727"},{"networkType":"node","nodeType":"DataNode","dataNodeType":"GeneProduct","@type":["DataNode","GeneProduct","datanode"],"gpmlType":"datanode","graphicalType":"path","datasourceReference":{"database":"Entrez Gene","id":"481651","organism":"Canis familiaris"},"unificationXref":"http://identifiers.org/ensembl/ENSCAFG00000002727"},{"networkType":"node","nodeType":"DataNode","dataNodeType":"GeneProduct","@type":["DataNode","GeneProduct","datanode"],"gpmlType":"datanode","graphicalType":"path","datasourceReference":{"database":"Entrez Gene","id":"481651","organism":"Canis familiaris"},"unificationXref":"http://identifiers.org/ensembl/ENSCAFG00000002727"},{"networkType":"node","nodeType":"DataNode","dataNodeType":"GeneProduct","@type":["DataNode","GeneProduct","datanode"],"gpmlType":"datanode","graphicalType":"path","datasourceReference":{"database":"Entrez Gene","id":"482284","organism":"Canis familiaris"},"unificationXref":"http://identifiers.org/ensembl/ENSCAFG00000001833"},{"networkType":"node","nodeType":"DataNode","dataNodeType":"GeneProduct","@type":["DataNode","GeneProduct","datanode"],"gpmlType":"datanode","graphicalType":"path","datasourceReference":{"database":"Entrez Gene","id":"488390","organism":"Canis familiaris"},"unificationXref":"http://identifiers.org/ensembl/ENSCAFG00000011980"},{"networkType":"node","nodeType":"DataNode","dataNodeType":"GeneProduct","@type":["DataNode","GeneProduct","datanode"],"gpmlType":"datanode","graphicalType":"path","datasourceReference":{"database":"Entrez Gene","id":"403879","organism":"Canis familiaris"},"unificationXref":"http://identifiers.org/ensembl/ENSCAFG00000001835"},{"networkType":"node","nodeType":"DataNode","dataNodeType":"GeneProduct","@type":["DataNode","GeneProduct","datanode"],"gpmlType":"datanode","graphicalType":"path","datasourceReference":{"database":"Entrez Gene","id":"403632","organism":"Canis familiaris"},"unificationXref":"http://identifiers.org/ensembl/ENSCAFG00000009536"},{"networkType":"node","nodeType":"DataNode","dataNodeType":"GeneProduct","@type":["DataNode","GeneProduct","datanode"],"gpmlType":"datanode","graphicalType":"path","datasourceReference":{"database":"Entrez Gene","id":"491084","organism":"Canis familiaris"},"unificationXref":"http://identifiers.org/ensembl/ENSCAFG00000017201"},{"networkType":"node","nodeType":"DataNode","dataNodeType":"GeneProduct","@type":["DataNode","GeneProduct","datanode"],"gpmlType":"datanode","graphicalType":"path","datasourceReference":{"database":"Entrez Gene","id":"487777","organism":"Canis familiaris"},"unificationXref":"http://identifiers.org/ensembl/ENSCAFG00000010285"},{"networkType":"node","nodeType":"DataNode","dataNodeType":"GeneProduct","@type":["DataNode","GeneProduct","datanode"],"gpmlType":"datanode","graphicalType":"path","datasourceReference":{"database":"Entrez Gene","id":"481354","organism":"Canis familiaris"},"unificationXref":"http://identifiers.org/ensembl/ENSCAFG00000002504"},{"networkType":"node","nodeType":"DataNode","dataNodeType":"GeneProduct","@type":["DataNode","GeneProduct","datanode"],"gpmlType":"datanode","graphicalType":"path","datasourceReference":{"database":"Entrez Gene","id":"612928","organism":"Canis familiaris"},"unificationXref":"http://identifiers.org/ensembl/ENSCAFG00000006835"},{"networkType":"node","nodeType":"DataNode","dataNodeType":"GeneProduct","@type":["DataNode","GeneProduct","datanode"],"gpmlType":"datanode","graphicalType":"path","datasourceReference":{"database":"Entrez Gene","id":"483625","organism":"Canis familiaris"},"unificationXref":"http://identifiers.org/ensembl/ENSCAFG00000008824"},{"networkType":"node","nodeType":"DataNode","dataNodeType":"GeneProduct","@type":["DataNode","GeneProduct","datanode"],"gpmlType":"datanode","graphicalType":"path","datasourceReference":{"database":"Entrez Gene","id":"485619","organism":"Canis familiaris"},"unificationXref":"http://identifiers.org/ensembl/ENSCAFG00000005370"},{"networkType":"node","nodeType":"DataNode","dataNodeType":"GeneProduct","@type":["DataNode","GeneProduct","datanode"],"gpmlType":"datanode","graphicalType":"path","datasourceReference":{"database":"Entrez Gene","id":"403482","organism":"Canis familiaris"},"unificationXref":"http://identifiers.org/ensembl/ENSCAFG00000011094"},{"networkType":"node","nodeType":"DataNode","dataNodeType":"GeneProduct","@type":["DataNode","GeneProduct","datanode"],"gpmlType":"datanode","graphicalType":"path","datasourceReference":{"database":"Entrez Gene","id":"488653","organism":"Canis familiaris"},"unificationXref":"http://identifiers.org/ensembl/ENSCAFG00000012921"},{"networkType":"node","nodeType":"DataNode","dataNodeType":"GeneProduct","@type":["DataNode","GeneProduct","datanode"],"gpmlType":"datanode","graphicalType":"path","datasourceReference":{"database":"Entrez Gene","id":"608452","organism":"Canis familiaris"},"unificationXref":"http://identifiers.org/ensembl/ENSCAFG00000004097"},{"networkType":"node","nodeType":"DataNode","dataNodeType":"GeneProduct","@type":["DataNode","GeneProduct","datanode"],"gpmlType":"datanode","graphicalType":"path","datasourceReference":{"database":"Entrez Gene","id":"480526","organism":"Canis familiaris"},"unificationXref":"http://identifiers.org/ensembl/ENSCAFG00000016060"},{"networkType":"node","nodeType":"DataNode","dataNodeType":"GeneProduct","@type":["DataNode","GeneProduct","datanode"],"gpmlType":"datanode","graphicalType":"path","datasourceReference":{"database":"Entrez Gene","id":"486508","organism":"Canis familiaris"},"unificationXref":"http://identifiers.org/ensembl/ENSCAFG00000007050"},{"networkType":"node","nodeType":"DataNode","dataNodeType":"GeneProduct","@type":["DataNode","GeneProduct","datanode"],"gpmlType":"datanode","graphicalType":"path","datasourceReference":{"database":"Entrez Gene","id":"486588","organism":"Canis familiaris"},"unificationXref":"http://identifiers.org/ensembl/ENSCAFG00000009103"},{"networkType":"node","nodeType":"DataNode","dataNodeType":"GeneProduct","@type":["DataNode","GeneProduct","datanode"],"gpmlType":"datanode","graphicalType":"path","datasourceReference":{"database":"Entrez Gene","id":"486804","organism":"Canis familiaris"},"unificationXref":"http://identifiers.org/ensembl/ENSCAFG00000007574"},{"networkType":"node","nodeType":"DataNode","dataNodeType":"GeneProduct","@type":["DataNode","GeneProduct","datanode"],"gpmlType":"datanode","graphicalType":"path","datasourceReference":{"database":"Entrez Gene","id":"477045","organism":"Canis familiaris"},"unificationXref":"http://identifiers.org/ensembl/ENSCAFG00000005727"},{"networkType":"node","nodeType":"DataNode","dataNodeType":"GeneProduct","@type":["DataNode","GeneProduct","datanode"],"gpmlType":"datanode","graphicalType":"path","datasourceReference":{"database":"Entrez Gene","id":"415128","organism":"Canis familiaris"},"unificationXref":"http://identifiers.org/ensembl/ENSCAFG00000013318"},{"networkType":"node","nodeType":"DataNode","dataNodeType":"GeneProduct","@type":["DataNode","GeneProduct","datanode"],"gpmlType":"datanode","graphicalType":"path","datasourceReference":{"database":"Entrez Gene","id":"474177","organism":"Canis familiaris"},"unificationXref":"http://identifiers.org/ensembl/ENSCAFG00000005052"},{"networkType":"node","nodeType":"DataNode","dataNodeType":"GeneProduct","@type":["DataNode","GeneProduct","datanode"],"gpmlType":"datanode","graphicalType":"path","datasourceReference":{"database":"Entrez Gene","id":"474177","organism":"Canis familiaris"},"unificationXref":"http://identifiers.org/ensembl/ENSCAFG00000005052"},{"networkType":"node","nodeType":"DataNode","dataNodeType":"GeneProduct","@type":["DataNode","GeneProduct","datanode"],"gpmlType":"datanode","graphicalType":"path","datasourceReference":{"database":"Entrez Gene","id":"494010","organism":"Canis familiaris"},"unificationXref":"http://identifiers.org/ensembl/ENSCAFG00000017941"},{"networkType":"node","nodeType":"DataNode","dataNodeType":"GeneProduct","@type":["DataNode","GeneProduct","datanode"],"gpmlType":"datanode","graphicalType":"path","datasourceReference":{"database":"Entrez Gene","id":"485935","organism":"Canis familiaris"},"unificationXref":"http://identifiers.org/ensembl/ENSCAFG00000011839"},{"networkType":"node","nodeType":"DataNode","dataNodeType":"GeneProduct","@type":["DataNode","GeneProduct","datanode"],"gpmlType":"datanode","graphicalType":"path","datasourceReference":{"database":"Entrez Gene","id":"481133","organism":"Canis familiaris"},"unificationXref":"http://identifiers.org/ensembl/ENSCAFG00000000287"},{"networkType":"node","nodeType":"DataNode","dataNodeType":"Metabolite","@type":["DataNode","Metabolite","datanode"],"gpmlType":"datanode","graphicalType":"path","datasourceReference":{"database":"CAS","id":"72-89-9","organism":"Canis familiaris"}},{"networkType":"node","nodeType":"DataNode","dataNodeType":"Metabolite","@type":["DataNode","Metabolite","datanode"],"gpmlType":"datanode","graphicalType":"path","datasourceReference":{"database":"CAS","id":"434-16-2","organism":"Canis familiaris"}},{"networkType":"node","nodeType":"DataNode","dataNodeType":"Metabolite","@type":["DataNode","Metabolite","datanode"],"gpmlType":"datanode","graphicalType":"path","datasourceReference":{"database":"CAS","id":"57-88-5","organism":"Canis familiaris"}},{"networkType":"node","nodeType":"DataNode","dataNodeType":"Metabolite","@type":["DataNode","Metabolite","datanode"],"gpmlType":"datanode","graphicalType":"path","datasourceReference":{"database":"ChEBI","id":"6374","organism":"Canis familiaris"}},{"networkType":"node","nodeType":"DataNode","dataNodeType":"Metabolite","@type":["DataNode","Metabolite","datanode"],"gpmlType":"datanode","graphicalType":"path","datasourceReference":{"database":"ChEBI","id":"24913","organism":"Canis familiaris"}},{"networkType":"node","nodeType":"DataNode","dataNodeType":"Metabolite","@type":["DataNode","Metabolite","datanode"],"gpmlType":"datanode","graphicalType":"path","datasourceReference":{"database":"ChEBI","id":"35366","organism":"Canis familiaris"}},{"networkType":"node","nodeType":"DataNode","dataNodeType":"Metabolite","@type":["DataNode","Metabolite","datanode"],"gpmlType":"datanode","graphicalType":"path","datasourceReference":{"database":"HMDB","id":"HMDB01852","organism":"Canis familiaris"}},{"networkType":"edge","gpmlType":"interaction","@type":["interaction"],"graphicalType":"path","markerEnd":"arrow","points":[{"x":109.33333333333331,"y":243.33333333333337,"isAttachedTo":"a97","RelX":-1,"anchor":[0,0.5,-1,0],"RelY":0},{"x":66.66666666666667,"y":243.33333333333334,"isAttachedTo":"c25","RelX":1,"anchor":[1,0.5,1,0],"RelY":0}],"interactionGraph":[{"id":"a97","interactsWith":"c25"}],"interactionType":"gpml:Arrow"}],"xmlns":"http://pathvisio.org/GPML/2013a","lastModified":"10/17/2013","license":"CC BY 2.0","name":"Nuclear receptors in lipid metabolism and toxicity","organism":"Canis familiaris","image":{"@context":{"@vocab":"http://schema.org/"},"width":929.5398230088498,"height":738.3333333333334},"publicationXref":[],"id":"wpId:WP1099","revision":"71472"}}