{"@context":{"@vocab":"http://vocabularies.wikipathways.org/gpml#","@base":"wpId:WP1133","pathwayIri":"wpId:WP1133","ChEBI":"http://www.ebi.ac.uk/chebi/searchId.do?chebiId=","dataSource":"gpml:Data-Source","datasourceReference":"wp:DatasourceReference","Group":{"@container":"@list","@id":"gpml:Group"},"interaction":{"@id":"biopax:Interaction","@type":"@id"},"interactionType":{"@id":"biopax:InteractionType","@type":"@id"},"interactionGraph":"@graph","lastModified":"gpml:Last-Modified","pathway":"biopax:Pathway","point":{"@container":"@list","@id":"gpml:Point"},"publicationXref":"biopax:PublicationXref","unificationXref":"biopax:UnificationXref","author":"schema:author","backgroundColor":"css2:colors.html#propdef-background-color","backgroundImage":"css2:colors.html#propdef-background-image","biopax":"http://www.biopax.org/release/biopax-level3.owl#","borderColor":"css2:box.html#propdef-border-color","borderStyle":"css2:box.html#propdef-border-style","borderWidth":"css2:box.html#propdef-border-width","boxSizing":{"@id":"css3Ui:box-sizing","@value":"border-box"},"color":"css2:colors.html#propdef-color","contains":{"@id":"ex:contains","@type":"@id"},"css2":"http://www.w3.org/TR/CSS2/","css3Ui":"http://www.w3.org/TR/css3-ui/#","cssTransform":"http://www.w3.org/TR/css-transforms-1/#","gpmlDataNodeType":"gpml:Type","dcterms":"http://puri.org/dc/terms/","entrezGene":"http://www.ncbi.nlm.nih.gov/gene/","ex":"http://www.example.org/","fontFamily":"css2:fonts.html#font-family-prop","fontSize":"css2:fonts.html#propdef-font-size","fontStyle":"css2:fonts.html#propdef-font-style","fontWeight":"css2:fonts.html#propdef-font-weight","gpml":"http://vocabularies.wikipathways.org/gpml#","gpmlFolder":"file://Users/andersriutta/Sites/pathvisiojs/test/gpml/","hMDB":"http://www.hmdb.ca/metabolites/HMDB","height":"css2:visudet.html#propdef-height","id":"@id","image":"schema:image","interactsWith":{"@id":"ex:interactsWith","@type":"@id"},"isContainedBy":{"@reverse":"ex:contains","@type":"@id"},"media":"http://www.w3.org/TR/mediaont-10/","name":"http://xmlns.com/foaf/0.1/name","organism":"biopax:organism","padding":"css2:box.html#propdef-padding","elements":{"@container":"@list","@id":"ex:pathwayElements/"},"position":"css2:visuren.html#propdef-position","rotate":"cssTransform:funcdef-rotate","schema":"http://schema.org/","shapeLibrary":"http://shapelibrary.example.org/","shape":"shapeLibrary:shape","stroke":"svg:painting.html#StrokeProperty","strokeWidth":"svg:painting.html#StrokeWidthProperty","svg":"http://www.w3.org/TR/SVG11/","textAlign":"css2:text.html#propdef-text-align","verticalAlign":"css2:visudet.html#propdef-vertical-align","width":"css2:visudet.html#propdef-width","wp":"http://vocabularies.wikipathways.org/wp#","wpId":"http://identifiers.org/wikipathways/","x":{"@id":"css2:visuren.html#propdef-left","@type":"xsd:integer"},"xsd":"http://www.w3.org/2001/XMLSchema#","y":"css2:visuren.html#propdef-top","zIndex":{"@id":"css2:z-index","@type":"xsd:integer"}},"wpId:WP1133":{"elements":[{"networkType":"node","nodeType":"DataNode","dataNodeType":"Protein","@type":["DataNode","Protein","datanode"],"gpmlType":"datanode","graphicalType":"path"},{"networkType":"node","nodeType":"DataNode","dataNodeType":"Protein","@type":["DataNode","Protein","datanode"],"gpmlType":"datanode","graphicalType":"path","datasourceReference":{"database":"Entrez Gene","id":"610552","organism":"Canis familiaris"},"unificationXref":"http://identifiers.org/ensembl/ENSCAFG00000014856"},{"networkType":"node","nodeType":"DataNode","dataNodeType":"Protein","@type":["DataNode","Protein","datanode"],"gpmlType":"datanode","graphicalType":"path"},{"networkType":"node","nodeType":"DataNode","dataNodeType":"Protein","@type":["DataNode","Protein","datanode"],"gpmlType":"datanode","graphicalType":"path"},{"networkType":"node","nodeType":"DataNode","dataNodeType":"Rna","@type":["DataNode","Rna","datanode"],"gpmlType":"datanode","graphicalType":"path"},{"networkType":"node","nodeType":"DataNode","dataNodeType":"Protein","@type":["DataNode","Protein","datanode"],"gpmlType":"datanode","graphicalType":"path"},{"networkType":"node","nodeType":"DataNode","dataNodeType":"Protein","@type":["DataNode","Protein","datanode"],"gpmlType":"datanode","graphicalType":"path"},{"networkType":"node","nodeType":"DataNode","dataNodeType":"Protein","@type":["DataNode","Protein","datanode"],"gpmlType":"datanode","graphicalType":"path"},{"networkType":"node","nodeType":"Label","@type":["label"],"gpmlType":"label","graphicalType":"path"},{"networkType":"node","nodeType":"Label","@type":["label"],"gpmlType":"label","graphicalType":"path"},{"networkType":"node","nodeType":"Label","@type":["label"],"gpmlType":"label","graphicalType":"path"},{"networkType":"node","nodeType":"Label","@type":["label"],"gpmlType":"label","graphicalType":"path"},{"networkType":"node","nodeType":"Label","@type":["label"],"gpmlType":"label","graphicalType":"path"},{"networkType":"node","nodeType":"Label","@type":["label"],"gpmlType":"label","graphicalType":"path"},{"networkType":"node","nodeType":"Label","@type":["label"],"gpmlType":"label","graphicalType":"path"},{"networkType":"node","nodeType":"Label","@type":["label"],"gpmlType":"label","graphicalType":"path"},{"networkType":"node","nodeType":"Label","@type":["label"],"gpmlType":"label","graphicalType":"path"},{"networkType":"node","nodeType":"Label","@type":["label"],"gpmlType":"label","graphicalType":"path"},{"networkType":"node","nodeType":"Label","@type":["label"],"gpmlType":"label","graphicalType":"path"},{"networkType":"node","nodeType":"Label","@type":["label"],"gpmlType":"label","graphicalType":"path"},{"networkType":"node","nodeType":"Label","@type":["label"],"gpmlType":"label","graphicalType":"path"},{"networkType":"node","nodeType":"Label","@type":["label"],"gpmlType":"label","graphicalType":"path"},{"networkType":"node","nodeType":"Label","@type":["label"],"gpmlType":"label","graphicalType":"path"},{"networkType":"node","nodeType":"Label","@type":["label"],"gpmlType":"label","graphicalType":"path"},{"networkType":"node","nodeType":"Label","@type":["label"],"gpmlType":"label","graphicalType":"path"},{"networkType":"node","nodeType":"Label","@type":["label"],"gpmlType":"label","graphicalType":"path"},{"networkType":"node","nodeType":"Label","@type":["label"],"gpmlType":"label","graphicalType":"path"},{"networkType":"node","nodeType":"Label","@type":["label"],"gpmlType":"label","graphicalType":"path"},{"networkType":"node","nodeType":"Label","@type":["label"],"gpmlType":"label","graphicalType":"path"},{"networkType":"node","nodeType":"Label","@type":["label"],"gpmlType":"label","graphicalType":"path"},{"networkType":"node","nodeType":"Label","@type":["label"],"gpmlType":"label","graphicalType":"path"},{"networkType":"node","nodeType":"Label","@type":["label"],"gpmlType":"label","graphicalType":"path"},{"networkType":"node","nodeType":"Label","@type":["label"],"gpmlType":"label","graphicalType":"path"},{"networkType":"node","nodeType":"Label","@type":["label"],"gpmlType":"label","graphicalType":"path"},{"networkType":"node","nodeType":"Label","@type":["label"],"gpmlType":"label","graphicalType":"path"},{"networkType":"node","nodeType":"Label","@type":["label"],"gpmlType":"label","graphicalType":"path"},{"networkType":"node","nodeType":"Label","@type":["label"],"gpmlType":"label","graphicalType":"path"},{"networkType":"node","nodeType":"Label","@type":["label"],"gpmlType":"label","graphicalType":"path"},{"networkType":"node","nodeType":"Label","@type":["label"],"gpmlType":"label","graphicalType":"path"},{"networkType":"node","nodeType":"Label","@type":["label"],"gpmlType":"label","graphicalType":"path"},{"networkType":"node","nodeType":"Label","@type":["label"],"gpmlType":"label","graphicalType":"path"},{"networkType":"node","nodeType":"Label","@type":["label"],"gpmlType":"label","graphicalType":"path"},{"networkType":"node","nodeType":"Label","@type":["label"],"gpmlType":"label","graphicalType":"path"},{"networkType":"node","nodeType":"Label","@type":["label"],"gpmlType":"label","graphicalType":"path"},{"networkType":"node","nodeType":"Label","@type":["label"],"gpmlType":"label","graphicalType":"path"},{"networkType":"node","nodeType":"Label","@type":["label"],"gpmlType":"label","graphicalType":"path"},{"networkType":"node","nodeType":"Label","@type":["label"],"gpmlType":"label","graphicalType":"path"},{"networkType":"node","nodeType":"Label","@type":["label"],"gpmlType":"label","graphicalType":"path"},{"networkType":"node","nodeType":"Label","@type":["label"],"gpmlType":"label","graphicalType":"path"},{"networkType":"node","nodeType":"Label","@type":["label"],"gpmlType":"label","graphicalType":"path"},{"networkType":"node","nodeType":"Label","@type":["label"],"gpmlType":"label","graphicalType":"path"},{"networkType":"node","nodeType":"Label","@type":["label"],"gpmlType":"label","graphicalType":"path"},{"networkType":"node","nodeType":"Label","@type":["label"],"gpmlType":"label","graphicalType":"path"},{"networkType":"node","nodeType":"Label","@type":["label"],"gpmlType":"label","graphicalType":"path"},{"networkType":"node","nodeType":"Label","@type":["label"],"gpmlType":"label","graphicalType":"path"},{"networkType":"node","nodeType":"Label","@type":["label"],"gpmlType":"label","graphicalType":"path"},{"networkType":"node","nodeType":"Label","@type":["label"],"gpmlType":"label","graphicalType":"path"},{"networkType":"node","nodeType":"Label","@type":["label"],"gpmlType":"label","graphicalType":"path"},{"networkType":"node","nodeType":"Label","@type":["label"],"gpmlType":"label","graphicalType":"path"},{"networkType":"node","nodeType":"Label","@type":["label"],"gpmlType":"label","graphicalType":"path"},{"networkType":"node","nodeType":"Label","@type":["label"],"gpmlType":"label","graphicalType":"path"},{"networkType":"node","nodeType":"Label","@type":["label"],"gpmlType":"label","graphicalType":"path"},{"networkType":"node","nodeType":"Label","@type":["label"],"gpmlType":"label","graphicalType":"path"},{"networkType":"node","nodeType":"Shape","@type":["shape"],"gpmlType":"shape","graphicalType":"path"},{"networkType":"node","nodeType":"Shape","@type":["shape"],"gpmlType":"shape","graphicalType":"path"},{"networkType":"node","nodeType":"Shape","@type":["shape"],"gpmlType":"shape","graphicalType":"path"},{"networkType":"node","nodeType":"Shape","@type":["shape"],"gpmlType":"shape","graphicalType":"path"},{"networkType":"node","nodeType":"Shape","@type":["shape"],"gpmlType":"shape","graphicalType":"path"},{"networkType":"node","nodeType":"Shape","@type":["shape"],"gpmlType":"shape","graphicalType":"path"},{"networkType":"node","nodeType":"Shape","@type":["shape"],"gpmlType":"shape","graphicalType":"path"},{"networkType":"node","nodeType":"Shape","@type":["shape"],"gpmlType":"shape","graphicalType":"path"},{"networkType":"node","nodeType":"Shape","@type":["shape"],"gpmlType":"shape","graphicalType":"path"},{"networkType":"node","nodeType":"Shape","@type":["shape"],"gpmlType":"shape","graphicalType":"path"},{"networkType":"node","nodeType":"Shape","@type":["shape"],"gpmlType":"shape","graphicalType":"path"},{"networkType":"node","nodeType":"Shape","@type":["shape"],"gpmlType":"shape","graphicalType":"path"},{"networkType":"node","nodeType":"Shape","@type":["shape"],"gpmlType":"shape","graphicalType":"path"},{"networkType":"node","nodeType":"Shape","@type":["shape"],"gpmlType":"shape","graphicalType":"path"},{"networkType":"node","nodeType":"Shape","@type":["shape"],"gpmlType":"shape","graphicalType":"path"},{"networkType":"node","nodeType":"Shape","@type":["shape"],"gpmlType":"shape","graphicalType":"path"},{"networkType":"node","nodeType":"Shape","@type":["shape"],"gpmlType":"shape","graphicalType":"path"},{"networkType":"node","nodeType":"State","@type":["state"],"gpmlType":"state","graphicalType":"path"},{"networkType":"node","nodeType":"State","@type":["state"],"gpmlType":"state","graphicalType":"path"},{"networkType":"node","nodeType":"State","@type":["state"],"gpmlType":"state","graphicalType":"path"},{"networkType":"node","nodeType":"State","@type":["state"],"gpmlType":"state","graphicalType":"path"},{"networkType":"node","nodeType":"State","@type":["state"],"gpmlType":"state","graphicalType":"path"},{"networkType":"node","nodeType":"State","@type":["state"],"gpmlType":"state","graphicalType":"path"},{"networkType":"node","nodeType":"State","@type":["state"],"gpmlType":"state","graphicalType":"path"},{"networkType":"node","nodeType":"State","@type":["state"],"gpmlType":"state","graphicalType":"path"},{"networkType":"node","nodeType":"State","@type":["state"],"gpmlType":"state","graphicalType":"path"},{"networkType":"node","nodeType":"State","@type":["state"],"gpmlType":"state","graphicalType":"path"},{"networkType":"edge","gpmlType":"interaction","@type":["interaction"],"graphicalType":"path","markerEnd":"arrow","points":[{"x":856.7108140947754,"y":1371.0437944849095,"isAttachedTo":"cb963","RelX":-0.5,"anchor":[0.25,0,0,-1],"RelY":-1},{"x":856,"y":1254}]},{"networkType":"edge","gpmlType":"interaction","@type":["interaction"],"graphicalType":"path","markerEnd":"arrow","points":[{"x":565.563380281691,"y":1192.6508749466495,"isAttachedTo":"e11a5","RelX":0,"anchor":[0.5,1,0,1],"RelY":1},{"x":565,"y":1235}]},{"networkType":"edge","gpmlType":"interaction","@type":["interaction"],"graphicalType":"path","markerEnd":"arrow","points":[{"x":503,"y":397},{"x":503.125,"y":445.75,"isAttachedTo":"f7590","RelX":0,"anchor":[0.5,0,0,-1],"RelY":-1}]},{"networkType":"edge","gpmlType":"interaction","@type":["interaction"],"graphicalType":"path","markerEnd":"arrow","points":[{"x":490,"y":543,"isAttachedTo":"cc3a2","RelX":-0.5,"anchor":[0.25,0,0,-1],"RelY":-1},{"x":448.375,"y":543.75,"isAttachedTo":"e0c94","RelX":1,"anchor":[1,0.5,1,0],"RelY":0}],"interactionGraph":[{"id":"cc3a2","interactsWith":"e0c94"}],"interactionType":"gpml:Arrow"},{"networkType":"edge","gpmlType":"interaction","@type":["interaction"],"graphicalType":"path","markerEnd":"arrow","points":[{"x":363.125,"y":769.25,"isAttachedTo":"eeb3b","RelX":0,"anchor":[0.5,1,0,1],"RelY":1},{"x":363,"y":804.75,"isAttachedTo":"d725a","RelX":0,"anchor":[0.5,0,0,-1],"RelY":-1}],"interactionGraph":[{"id":"eeb3b","interactsWith":"d725a"}],"interactionType":"gpml:Arrow"},{"networkType":"edge","gpmlType":"interaction","@type":["interaction"],"graphicalType":"path","markerEnd":"arrow","points":[{"x":363,"y":644.25,"isAttachedTo":"b470f","RelX":0,"anchor":[0.5,1,0,1],"RelY":1},{"x":363.5,"y":669,"isAttachedTo":"c9351","RelX":0,"anchor":[0.5,0,0,-1],"RelY":-1}],"interactionGraph":[{"id":"b470f","interactsWith":"c9351"}],"interactionType":"gpml:Arrow"},{"networkType":"edge","gpmlType":"interaction","@type":["interaction"],"graphicalType":"path","markerEnd":"arrow","points":[{"x":363,"y":824.75,"isAttachedTo":"d725a","RelX":0,"anchor":[0.5,1,0,1],"RelY":1},{"x":363.4523809523818,"y":861.8928571428578,"isAttachedTo":"eeb2b","RelX":0,"anchor":[0.5,0,0,-1],"RelY":-1}],"interactionGraph":[{"id":"d725a","interactsWith":"eeb2b"}],"interactionType":"gpml:Arrow"},{"networkType":"edge","gpmlType":"interaction","@type":["interaction"],"graphicalType":"path","markerEnd":"arrow","points":[{"x":1032.2384357699966,"y":1289.9862810124657,"isAttachedTo":"c8edf","RelX":0,"anchor":[0.5,0,0,-1],"RelY":-1},{"x":1032.3809523809523,"y":1254.2857142857142}]},{"networkType":"edge","gpmlType":"interaction","@type":["interaction"],"graphicalType":"path","markerEnd":"arrow","points":[{"x":230.98148148148158,"y":1297.25,"isAttachedTo":"ee46e","RelX":0,"anchor":[0.5,0,0,-1],"RelY":-1},{"x":230,"y":1253}]},{"networkType":"edge","gpmlType":"interaction","@type":["interaction"],"graphicalType":"path","markerEnd":"arrow","points":[{"x":929.2521372569606,"y":1338.9279268242885,"isAttachedTo":"d6501","RelX":0,"anchor":[0.5,0,0,-1],"RelY":-1},{"x":929.7195767195765,"y":1253.4722222222222}]},{"networkType":"edge","gpmlType":"interaction","@type":["interaction"],"graphicalType":"path","markerEnd":"arrow","points":[{"x":255.90277777777771,"y":1360.8796296296289,"isAttachedTo":"fc689","RelX":0,"anchor":[0.5,0,0,-1],"RelY":-1},{"x":255,"y":1253}]},{"networkType":"edge","gpmlType":"interaction","@type":["interaction"],"graphicalType":"path","markerEnd":"arrow","points":[{"x":627.0345759916738,"y":1304.0511326129488,"isAttachedTo":"d96a3","RelX":0,"anchor":[0.5,0,0,-1],"RelY":-1},{"x":627,"y":1252}]},{"networkType":"edge","gpmlType":"interaction","@type":["interaction"],"graphicalType":"path","markerEnd":"arrow","points":[{"x":993.3922154553369,"y":1336.1086355098203,"isAttachedTo":"eb3cf","RelX":0,"anchor":[0.5,0,0,-1],"RelY":-1},{"x":993.3769841269839,"y":1253.4722222222222}]},{"networkType":"edge","gpmlType":"interaction","@type":["interaction"],"graphicalType":"path","markerEnd":"arrow","points":[{"x":1091.0410249791462,"y":1295.0431593193439,"isAttachedTo":"b76b4","RelX":0,"anchor":[0.5,0,0,-1],"RelY":-1},{"x":1091,"y":1251}]},{"networkType":"edge","gpmlType":"interaction","@type":["interaction"],"graphicalType":"path","markerEnd":"arrow","points":[{"x":453.5,"y":1136.625,"isAttachedTo":"b4854","RelX":0,"anchor":[0.5,1,0,1],"RelY":1},{"x":453,"y":1233}]},{"networkType":"edge","gpmlType":"interaction","@type":["interaction"],"graphicalType":"path","markerEnd":"arrow","points":[{"x":180.2176087801087,"y":1294.5,"isAttachedTo":"c78d2","RelX":0,"anchor":[0.5,0,0,-1],"RelY":-1},{"x":180,"y":1253}]},{"networkType":"edge","gpmlType":"interaction","@type":["interaction"],"graphicalType":"path","markerEnd":"arrow","points":[{"x":665.625,"y":1353.75,"isAttachedTo":"b8d76","RelX":0,"anchor":[0.5,0,0,-1],"RelY":-1},{"x":665,"y":1252}]},{"networkType":"edge","gpmlType":"interaction","@type":["interaction"],"graphicalType":"path","markerEnd":"arrow","points":[{"x":684.5,"y":1188.25,"isAttachedTo":"d849b","RelX":0,"anchor":[0.5,1,0,1],"RelY":1},{"x":684.5,"y":1232}]},{"networkType":"edge","gpmlType":"interaction","@type":["interaction"],"graphicalType":"path","markerEnd":"arrow","points":[{"x":353.1199911199932,"y":1339.1965811965802,"isAttachedTo":"f1ad1","RelX":0,"anchor":[0.5,0,0,-1],"RelY":-1},{"x":353,"y":1253}]},{"networkType":"edge","gpmlType":"interaction","@type":["interaction"],"graphicalType":"path","markerEnd":"arrow","points":[{"x":382.61574074074065,"y":1295.75,"isAttachedTo":"e2160","RelX":0,"anchor":[0.5,0,0,-1],"RelY":-1},{"x":382.61574074074065,"y":1254}]},{"networkType":"edge","gpmlType":"interaction","@type":["interaction"],"graphicalType":"path","markerEnd":"arrow","points":[{"x":705.875,"y":1379.75,"isAttachedTo":"ac25d","RelX":0,"anchor":[0.5,0,0,-1],"RelY":-1},{"x":705.875,"y":1252}]},{"networkType":"edge","gpmlType":"interaction","@type":["interaction"],"graphicalType":"path","markerEnd":"arrow","points":[{"x":593.5,"y":1397.75,"isAttachedTo":"c9174","RelX":0,"anchor":[0.5,0,0,-1],"RelY":-1},{"x":593.5,"y":1256}]},{"networkType":"edge","gpmlType":"interaction","@type":["interaction"],"graphicalType":"path","markerEnd":"arrow","points":[{"x":524.5,"y":1397.25,"isAttachedTo":"f5671","RelX":0,"anchor":[0.5,0,0,-1],"RelY":-1},{"x":524,"y":1253}]},{"networkType":"edge","gpmlType":"interaction","@type":["interaction"],"graphicalType":"path","markerEnd":"mimTranscriptionTranslation","points":[{"x":524.5,"y":1417.25,"isAttachedTo":"f5671","RelX":0,"anchor":[0.5,1,0,1],"RelY":1},{"x":524.875,"y":1536.25,"isAttachedTo":"e837e","RelX":0,"anchor":[0.5,0,0,-1],"RelY":-1}],"interactionGraph":[{"id":"f5671","interactsWith":"e837e"}],"interactionType":"mim-transcription-translation"},{"networkType":"edge","gpmlType":"interaction","@type":["interaction"],"graphicalType":"path","markerEnd":"arrow","points":[{"x":886.8556184614487,"y":1304.3789966923923,"isAttachedTo":"f4466","RelX":0,"anchor":[0.5,0,0,-1],"RelY":-1},{"x":886.8955026455025,"y":1253.4722222222222}]},{"networkType":"edge","gpmlType":"interaction","@type":["interaction"],"graphicalType":"path","markerEnd":"arrow","points":[{"x":886.8556184614487,"y":1324.3789966923923,"isAttachedTo":"f4466","RelX":0,"anchor":[0.5,1,0,1],"RelY":1},{"x":886.479951397327,"y":1371.0437944849095,"isAttachedTo":"cb963","RelX":0.5,"anchor":[0.75,0,0,-1],"RelY":-1}],"interactionGraph":[{"id":"f4466","interactsWith":"cb963"}],"interactionType":"gpml:Arrow"},{"networkType":"edge","gpmlType":"interaction","@type":["interaction"],"graphicalType":"path","markerEnd":"arrow","points":[{"x":543.9702380952378,"y":855.5833333333333,"isAttachedTo":"f50dc","RelX":0,"anchor":[0.5,1,0,1],"RelY":1},{"x":543.8095238095237,"y":908.5714285714286}]},{"networkType":"edge","gpmlType":"interaction","@type":["interaction"],"graphicalType":"path","markerEnd":"arrow","points":[{"x":417.5145502645504,"y":1337.6402116402116,"isAttachedTo":"bb724","RelX":0,"anchor":[0.5,0,0,-1],"RelY":-1},{"x":417.1428571428571,"y":1254.2857142857142}]},{"networkType":"edge","gpmlType":"interaction","@type":["interaction"],"graphicalType":"path","markerEnd":"arrow","points":[{"x":215.5,"y":1188.25,"isAttachedTo":"d7ce8","RelX":0,"anchor":[0.5,1,0,1],"RelY":1},{"x":215,"y":1235}]},{"networkType":"edge","gpmlType":"interaction","@type":["interaction"],"graphicalType":"path","markerEnd":"arrow","points":[{"x":654.5,"y":1162.25,"isAttachedTo":"e91ac","RelX":0,"anchor":[0.5,1,0,1],"RelY":1},{"x":654.5,"y":1233}]},{"networkType":"edge","gpmlType":"interaction","@type":["interaction"],"graphicalType":"path","markerEnd":"arrow","points":[{"x":866,"y":385.9999999999998,"isAttachedTo":"ecb1d","RelX":1,"anchor":[1,0.5,1,0],"RelY":0},{"x":921.75,"y":386.75,"isAttachedTo":"cb4ac","RelX":-1,"anchor":[0,0.5,-1,0],"RelY":0}],"interactionGraph":[{"id":"ecb1d","interactsWith":"cb4ac"}],"interactionType":"gpml:Arrow"},{"networkType":"edge","gpmlType":"interaction","@type":["interaction"],"graphicalType":"path","markerEnd":"arrow","points":[{"x":782.3433098591555,"y":1160.8415492957752,"isAttachedTo":"c0cd8","RelX":0,"anchor":[0.5,1,0,1],"RelY":1},{"x":782.3433098591555,"y":1231.5915492957752}]},{"networkType":"edge","gpmlType":"interaction","@type":["interaction"],"graphicalType":"path","markerEnd":"arrow","points":[{"x":177,"y":1153.25,"isAttachedTo":"e830a","RelX":0,"anchor":[0.5,1,0,1],"RelY":1},{"x":177,"y":1234}]},{"networkType":"edge","gpmlType":"interaction","@type":["interaction"],"graphicalType":"path","markerEnd":"arrow","points":[{"x":137,"y":1186.25,"isAttachedTo":"ac818","RelX":0,"anchor":[0.5,1,0,1],"RelY":1},{"x":137,"y":1232}]},{"networkType":"edge","gpmlType":"interaction","@type":["interaction"],"graphicalType":"path","markerEnd":"arrow","points":[{"x":124.37499999999972,"y":1289.4074074074074,"isAttachedTo":"a6312","RelX":0,"anchor":[0.5,0,0,-1],"RelY":-1},{"x":124.76190476190476,"y":1254.2857142857142}]},{"networkType":"edge","gpmlType":"interaction","@type":["interaction"],"graphicalType":"path","markerEnd":"arrow","points":[{"x":909.375,"y":1186.75,"isAttachedTo":"e5318","RelX":0,"anchor":[0.5,1,0,1],"RelY":1},{"x":909.375,"y":1235}]},{"networkType":"edge","gpmlType":"interaction","@type":["interaction"],"graphicalType":"path","markerEnd":"arrow","points":[{"x":681.172619047619,"y":854.3690476190475,"isAttachedTo":"b7713","RelX":0,"anchor":[0.5,1,0,1],"RelY":1},{"x":681.75,"y":907.9999999999998,"isAttachedTo":"c0d24","RelX":-0.5,"anchor":[0.25,0,0,-1],"RelY":-1}],"interactionGraph":[{"id":"b7713","interactsWith":"c0d24"}],"interactionType":"gpml:Arrow"},{"networkType":"edge","gpmlType":"interaction","@type":["interaction"],"graphicalType":"path","markerEnd":"arrow","points":[{"x":320.491841491842,"y":1187.9557109557109,"isAttachedTo":"f3188","RelX":0,"anchor":[0.5,1,0,1],"RelY":1},{"x":320.491841491842,"y":1233}]},{"networkType":"edge","gpmlType":"interaction","@type":["interaction"],"graphicalType":"path","markerEnd":"arrow","points":[{"x":283.125,"y":1158,"isAttachedTo":"ccd89","RelX":0,"anchor":[0.5,1,0,1],"RelY":1},{"x":283.25,"y":1236}]},{"networkType":"edge","gpmlType":"interaction","@type":["interaction"],"graphicalType":"path","markerEnd":"arrow","points":[{"x":156.37301587301596,"y":1345.4642857142856,"isAttachedTo":"ff008","RelX":0,"anchor":[0.5,0,0,-1],"RelY":-1},{"x":156.19047619047618,"y":1254.2857142857142}]},{"networkType":"edge","gpmlType":"interaction","@type":["interaction"],"graphicalType":"path","markerEnd":"arrow","points":[{"x":947.625,"y":1160.25,"isAttachedTo":"ac5ac","RelX":0,"anchor":[0.5,1,0,1],"RelY":1},{"x":947.625,"y":1235}]},{"networkType":"edge","gpmlType":"interaction","@type":["interaction"],"graphicalType":"path","markerEnd":"arrow","points":[{"x":798.870084527745,"y":1289.6163175303188,"isAttachedTo":"e7ec8","RelX":0,"anchor":[0.5,0,0,-1],"RelY":-1},{"x":798.6666666666665,"y":1253}]},{"networkType":"edge","gpmlType":"interaction","@type":["interaction"],"graphicalType":"path","markerEnd":"arrow","points":[{"x":85.75,"y":1243.25,"isAttachedTo":"d880c","RelX":1,"anchor":[1,0.5,1,0],"RelY":0},{"x":117,"y":1243.75,"isAttachedTo":"bb42d","RelX":-1,"anchor":[0,0.5,-1,0],"RelY":0}],"interactionGraph":[{"id":"d880c","interactsWith":"bb42d"}],"interactionType":"gpml:Arrow"},{"networkType":"edge","gpmlType":"interaction","@type":["interaction"],"graphicalType":"path","markerEnd":"arrow","points":[{"x":983.625,"y":1188.75,"isAttachedTo":"d219b","RelX":0,"anchor":[0.5,1,0,1],"RelY":1},{"x":983.625,"y":1234}]},{"networkType":"edge","gpmlType":"interaction","@type":["interaction"],"graphicalType":"path","markerEnd":"arrow","points":[{"x":1023.875,"y":1161.75,"isAttachedTo":"b34d5","RelX":0,"anchor":[0.5,1,0,1],"RelY":1},{"x":1023.75,"y":1232}]},{"networkType":"edge","gpmlType":"interaction","@type":["interaction"],"graphicalType":"path","markerEnd":"arrow","points":[{"x":1061.375,"y":1189.75,"isAttachedTo":"b064b","RelX":0,"anchor":[0.5,1,0,1],"RelY":1},{"x":1061.375,"y":1233}]},{"networkType":"edge","gpmlType":"interaction","@type":["interaction"],"graphicalType":"path","markerEnd":"arrow","points":[{"x":531.125,"y":1163.75,"isAttachedTo":"c4e8b","RelX":0,"anchor":[0.5,1,0,1],"RelY":1},{"x":531.125,"y":1233}]},{"networkType":"edge","gpmlType":"interaction","@type":["interaction"],"graphicalType":"path","markerEnd":"mimTranscriptionTranslation","points":[{"x":560.625,"y":1374.75,"isAttachedTo":"e6fdc","RelX":0,"anchor":[0.5,1,0,1],"RelY":1},{"x":560.5,"y":1495.25,"isAttachedTo":"dba54","RelX":0,"anchor":[0.5,0,0,-1],"RelY":-1}],"interactionGraph":[{"id":"e6fdc","interactsWith":"dba54"}],"interactionType":"mim-transcription-translation"},{"networkType":"edge","gpmlType":"interaction","@type":["interaction"],"graphicalType":"path","markerEnd":"arrow","points":[{"x":452.125,"y":1304.75,"isAttachedTo":"b686d","RelX":0,"anchor":[0.5,0,0,-1],"RelY":-1},{"x":452,"y":1253}]},{"networkType":"edge","gpmlType":"interaction","@type":["interaction"],"graphicalType":"path","markerEnd":"mimTranscriptionTranslation","points":[{"x":494.125,"y":1375.75,"isAttachedTo":"acb7d","RelX":0,"anchor":[0.5,1,0,1],"RelY":1},{"x":494.8400668286756,"y":1461.25,"isAttachedTo":"ce15e","RelX":0,"anchor":[0.5,0,0,-1],"RelY":-1}],"interactionGraph":[{"id":"acb7d","interactsWith":"ce15e"}],"interactionType":"mim-transcription-translation"},{"networkType":"edge","gpmlType":"interaction","@type":["interaction"],"graphicalType":"path","markerEnd":"mimTranscriptionTranslation","points":[{"x":473.25,"y":1365.75,"isAttachedTo":"acb7d","RelX":-1,"anchor":[0,0.5,-1,0],"RelY":0},{"x":410.875,"y":1365.75},{"x":410.875,"y":1462.25,"isAttachedTo":"ab1cd","RelX":0,"anchor":[0.5,0,0,-1],"RelY":-1}],"interactionGraph":[{"id":"acb7d","interactsWith":"ab1cd"}],"interactionType":"mim-transcription-translation"},{"gpmlType":"anchor","zIndex":null,"networkType":"node","@type":["anchor"],"graphicalType":"path","x":null,"y":null},{"networkType":"edge","gpmlType":"interaction","@type":["interaction"],"graphicalType":"path","markerEnd":"arrow","points":[{"x":412,"y":542.25,"isAttachedTo":"c69c2","RelX":0,"anchor":[0.5,0,0,-1],"RelY":-1},{"x":412,"y":543},{"x":363.625,"y":543},{"x":363.625,"y":601.25,"isAttachedTo":"b36f9","RelX":0,"anchor":[0.5,0,0,-1],"RelY":-1}],"interactionGraph":[{"id":"c69c2","interactsWith":"b36f9"}],"interactionType":"gpml:Arrow"},{"networkType":"edge","gpmlType":"interaction","@type":["interaction"],"graphicalType":"path","markerEnd":"mimTranscriptionTranslation","points":[{"x":450.04255696846684,"y":1365.75,"isAttachedTo":"da542","RelX":0,"anchor":[0.5,0.5,0,0],"RelY":0},{"x":450.125,"y":1496.75,"isAttachedTo":"de498","RelX":0,"anchor":[0.5,0,0,-1],"RelY":-1}],"interactionGraph":[{"id":"da542","interactsWith":"de498"}],"interactionType":"mim-transcription-translation"},{"networkType":"edge","gpmlType":"interaction","@type":["interaction"],"graphicalType":"path","markerEnd":"arrow","points":[{"x":1112.8425925925926,"y":1243.3825266639665,"isAttachedTo":"af3c9","RelX":1,"anchor":[1,0.5,1,0],"RelY":0},{"x":1153.7233615741443,"y":1243.9135480825494,"isAttachedTo":"f49cf","RelX":-1,"anchor":[0,0.5,-1,0],"RelY":0}],"interactionGraph":[{"id":"af3c9","interactsWith":"f49cf"}],"interactionType":"gpml:Arrow"},{"networkType":"edge","gpmlType":"interaction","@type":["interaction"],"graphicalType":"path","markerEnd":"arrow","points":[{"x":817.75,"y":1189.25,"isAttachedTo":"f6a03","RelX":0,"anchor":[0.5,1,0,1],"RelY":1},{"x":817,"y":1234}]},{"networkType":"edge","gpmlType":"interaction","@type":["interaction"],"graphicalType":"path","markerEnd":"arrow","points":[{"x":746.0510841602361,"y":1309.5761250877033,"isAttachedTo":"e5cd5","RelX":0,"anchor":[0.5,0,0,-1],"RelY":-1},{"x":746.7772877618522,"y":1253.5832414553472}]},{"networkType":"edge","gpmlType":"interaction","@type":["interaction"],"graphicalType":"path","markerEnd":"arrow","points":[{"x":750.19696969697,"y":1189.818181818182,"isAttachedTo":"c9cac","RelX":0,"anchor":[0.5,1,0,1],"RelY":1},{"x":750,"y":1234}]},{"networkType":"edge","gpmlType":"interaction","@type":["interaction"],"graphicalType":"path","markerEnd":"arrow","points":[{"x":287.2222222222222,"y":1329.3333333333344,"isAttachedTo":"c97a9","RelX":0,"anchor":[0.5,0,0,-1],"RelY":-1},{"x":287.22222222222194,"y":1253}]},{"networkType":"edge","gpmlType":"interaction","@type":["interaction"],"graphicalType":"path","markerEnd":"arrow","points":[{"x":480.2797619047619,"y":1163.422619047619,"isAttachedTo":"f0ae4","RelX":0,"anchor":[0.5,1,0,1],"RelY":1},{"x":480,"y":1232.3809523809523}]},{"networkType":"node","nodeType":"DataNode","dataNodeType":"Protein","@type":["DataNode","Protein","datanode"],"gpmlType":"datanode","graphicalType":"path"},{"gpmlType":"anchor","zIndex":null,"networkType":"node","@type":["anchor"],"graphicalType":"path","x":null,"y":null},{"networkType":"edge","gpmlType":"interaction","@type":["interaction"],"graphicalType":"path","markerEnd":"arrow","points":[{"x":323.8852813852816,"y":1295.2251082251073,"isAttachedTo":"a9a21","RelX":0,"anchor":[0.5,0,0,-1],"RelY":-1},{"x":323.8095238095238,"y":1254.2857142857142}]},{"networkType":"edge","gpmlType":"interaction","@type":["interaction"],"graphicalType":"path","markerEnd":"arrow","points":[{"x":504.57386363636397,"y":1192.94696969697,"isAttachedTo":"ef4b7","RelX":0,"anchor":[0.5,1,0,1],"RelY":1},{"x":504,"y":1233}]},{"networkType":"edge","gpmlType":"interaction","@type":["interaction"],"graphicalType":"path","markerEnd":"arrow","points":[{"x":1105,"y":1161,"isAttachedTo":"d9363","RelX":0,"anchor":[0.5,1,0,1],"RelY":1},{"x":1105,"y":1233}]},{"networkType":"edge","gpmlType":"interaction","@type":["interaction"],"graphicalType":"path","markerEnd":"arrow","points":[{"x":352,"y":1158.9999999999982,"isAttachedTo":"a0600","RelX":0,"anchor":[0.5,1,0,1],"RelY":1},{"x":352,"y":1233}]},{"networkType":"edge","gpmlType":"interaction","@type":["interaction"],"graphicalType":"path","markerEnd":"arrow","points":[{"x":791.6666666666674,"y":397},{"x":791.6666666666674,"y":448.99999999999955,"isAttachedTo":"a534d","RelX":0,"anchor":[0.5,0,0,-1],"RelY":-1}]},{"networkType":"edge","gpmlType":"interaction","@type":["interaction"],"graphicalType":"path","markerEnd":"arrow","points":[{"x":733.0000000000002,"y":397},{"x":733.0000000000002,"y":449.4999999999999,"isAttachedTo":"b30b9","RelX":0,"anchor":[0.5,0,0,-1],"RelY":-1}]},{"networkType":"edge","gpmlType":"interaction","@type":["interaction"],"graphicalType":"path","markerEnd":"arrow","points":[{"x":716.6666666666656,"y":1161.6666666666665,"isAttachedTo":"a73d7","RelX":0,"anchor":[0.5,1,0,1],"RelY":1},{"x":716,"y":1233}]},{"networkType":"edge","gpmlType":"interaction","@type":["interaction"],"graphicalType":"path","markerEnd":"arrow","points":[{"x":354,"y":386.5,"isAttachedTo":"f4004","RelX":-1,"anchor":[0,0.5,-1,0],"RelY":0},{"x":294.66666666666697,"y":386.66666666666663,"isAttachedTo":"dee79","RelX":1,"anchor":[1,0.5,1,0],"RelY":0}],"interactionGraph":[{"id":"f4004","interactsWith":"dee79"}],"interactionType":"gpml:Arrow"},{"networkType":"edge","gpmlType":"interaction","@type":["interaction"],"graphicalType":"path","markerEnd":"arrow","points":[{"x":424.2803030303039,"y":1162.8618881118882,"isAttachedTo":"cd1ed","RelX":0,"anchor":[0.5,1,0,1],"RelY":1},{"x":424,"y":1232}]},{"networkType":"edge","gpmlType":"interaction","@type":["interaction"],"graphicalType":"path","markerEnd":"arrow","points":[{"x":203.1666666666667,"y":1322.2871295371294,"isAttachedTo":"a4d9d","RelX":0,"anchor":[0.5,0,0,-1],"RelY":-1},{"x":203.1666666666667,"y":1255}]},{"networkType":"edge","gpmlType":"interaction","@type":["interaction"],"graphicalType":"path","markerEnd":"mimInhibition","points":[{"x":664,"y":596.9999999999991,"isAttachedTo":"d29ba","RelX":-1,"anchor":[0,0.5,-1,0],"RelY":0},{"x":503.163394982204,"y":597.966526191672,"isAttachedTo":"ab410","RelX":0,"anchor":[0.5,0.5,0,0],"RelY":0}],"interactionGraph":[{"id":"d29ba","interactsWith":"ab410"}],"interactionType":"mim-inhibition"},{"networkType":"edge","gpmlType":"interaction","@type":["interaction"],"graphicalType":"path","points":[{"x":622,"y":336,"isAttachedTo":"aafcf","RelX":0,"anchor":[0.5,1,0,1],"RelY":1},{"x":622,"y":377}]},{"networkType":"edge","gpmlType":"interaction","@type":["interaction"],"graphicalType":"path","points":[{"x":622,"y":274.33333333333314,"isAttachedTo":"fb680","RelX":0,"anchor":[0.5,1,0,1],"RelY":1},{"x":622.5384615384614,"y":304.25641025641016,"isAttachedTo":"aaaf8","RelX":0,"anchor":[0.5,0,0,-1],"RelY":-1}]},{"networkType":"edge","gpmlType":"interaction","@type":["interaction"],"graphicalType":"path","points":[{"x":620.4848484848485,"y":865.1818181818182,"isAttachedTo":"fda15","RelX":0,"anchor":[0.5,1,0,1],"RelY":1},{"x":620.4848484848485,"y":907}]},{"networkType":"edge","gpmlType":"interaction","@type":["interaction"],"graphicalType":"path","points":[{"x":620.3333333333331,"y":792.3333333333335,"isAttachedTo":"a2015","RelX":0,"anchor":[0.5,1,0,1],"RelY":1},{"x":620.0233100233099,"y":832.4382284382284,"isAttachedTo":"c4516","RelX":0,"anchor":[0.5,0,0,-1],"RelY":-1}]},{"networkType":"edge","gpmlType":"interaction","@type":["interaction"],"graphicalType":"path","points":[{"x":866.8670033670032,"y":1191.181818181818,"isAttachedTo":"f436e","RelX":0,"anchor":[0.5,1,0,1],"RelY":1},{"x":866.5925925925926,"y":1233.3825266639665,"isAttachedTo":"af3c9","RelX":0,"anchor":[0.5,0,0,-1],"RelY":-1}]},{"networkType":"edge","gpmlType":"interaction","@type":["interaction"],"graphicalType":"path","points":[{"x":867.0992063492063,"y":1115.1719576719577,"isAttachedTo":"ec1e1","RelX":0,"anchor":[0.5,1,0,1],"RelY":1},{"x":867.4054649054647,"y":1159.4382284382282,"isAttachedTo":"b4b96","RelX":0,"anchor":[0.5,0,0,-1],"RelY":-1}]},{"networkType":"edge","gpmlType":"interaction","@type":["interaction"],"graphicalType":"path","markerEnd":"arrow","points":[{"x":959.7255487886702,"y":1301.9373392135242,"isAttachedTo":"e003a","RelX":0,"anchor":[0.5,0,0,-1],"RelY":-1},{"x":959.8121693121691,"y":1253.4722222222222}]},{"networkType":"edge","gpmlType":"interaction","@type":["interaction"],"graphicalType":"path","markerEnd":"arrow","points":[{"x":775.9231051932265,"y":854.0787828489039,"isAttachedTo":"b999d","RelX":0,"anchor":[0.5,1,0,1],"RelY":1},{"x":775.2380952380952,"y":907.6190476190476}]},{"networkType":"edge","gpmlType":"interaction","@type":["interaction"],"graphicalType":"path","markerEnd":"arrow","points":[{"x":595,"y":397},{"x":595,"y":523.3333333333333,"isAttachedTo":"f554e","RelX":0,"anchor":[0.5,0,0,-1],"RelY":-1}]},{"networkType":"edge","gpmlType":"interaction","@type":["interaction"],"graphicalType":"path","markerEnd":"arrow","points":[{"x":560.625,"y":1354.75,"isAttachedTo":"e6fdc","RelX":0,"anchor":[0.5,0,0,-1],"RelY":-1},{"x":560.625,"y":1254}]},{"networkType":"edge","gpmlType":"interaction","@type":["interaction"],"graphicalType":"path","markerEnd":"arrow","points":[{"x":639.0952380952376,"y":1012.3333333333335},{"x":639.0952380952381,"y":1046,"isAttachedTo":"f44d8","RelX":0,"anchor":[0.5,0,0,-1],"RelY":-1}]},{"networkType":"edge","gpmlType":"interaction","@type":["interaction"],"graphicalType":"path","markerEnd":"arrow","points":[{"x":639.0952380952376,"y":1026.3333333333335},{"x":639.4285714285716,"y":994.6666666666665,"isAttachedTo":"ff9e1","RelX":0,"anchor":[0.5,1,0,1],"RelY":1}]},{"networkType":"edge","gpmlType":"interaction","@type":["interaction"],"graphicalType":"path","points":[{"x":386.181818181818,"y":1191.181818181818,"isAttachedTo":"d36ff","RelX":0,"anchor":[0.5,1,0,1],"RelY":1},{"x":386.181818181818,"y":1232}]},{"networkType":"edge","gpmlType":"interaction","@type":["interaction"],"graphicalType":"path","points":[{"x":386.33333333333326,"y":1115,"isAttachedTo":"c4762","RelX":0,"anchor":[0.5,1,0,1],"RelY":1},{"x":386.72027972027945,"y":1159.4382284382282,"isAttachedTo":"f597d","RelX":0,"anchor":[0.5,0,0,-1],"RelY":-1}]},{"networkType":"edge","gpmlType":"interaction","@type":["interaction"],"graphicalType":"path","markerEnd":"arrow","points":[{"x":788.5714285714286,"y":1381.904761904762},{"x":841.8262454434996,"y":1381.0437944849095,"isAttachedTo":"cb963","RelX":-1,"anchor":[0,0.5,-1,0],"RelY":0}]},{"networkType":"edge","gpmlType":"interaction","@type":["interaction"],"graphicalType":"path","markerEnd":"arrow","points":[{"x":574,"y":533.3333333333333,"isAttachedTo":"f554e","RelX":-1,"anchor":[0,0.5,-1,0],"RelY":0},{"x":529.6666666666665,"y":533.3333333333331,"isAttachedTo":"c13e2","RelX":1,"anchor":[1,0.5,1,0],"RelY":0}],"interactionGraph":[{"id":"f554e","interactsWith":"c13e2"}],"interactionType":"gpml:Arrow"},{"networkType":"edge","gpmlType":"interaction","@type":["interaction"],"graphicalType":"path","markerEnd":"arrow","points":[{"x":363.5,"y":711.375,"isAttachedTo":"f6d33","RelX":0,"anchor":[0.5,1,0,1],"RelY":1},{"x":363.125,"y":749.25,"isAttachedTo":"eeb3b","RelX":0,"anchor":[0.5,0,0,-1],"RelY":-1}],"interactionGraph":[{"id":"f6d33","interactsWith":"eeb3b"}],"interactionType":"gpml:Arrow"},{"networkType":"edge","gpmlType":"interaction","@type":["interaction"],"graphicalType":"path","markerEnd":"arrow","points":[{"x":683,"y":395.9999999999998,"isAttachedTo":"ecb1d","RelX":-0.5,"anchor":[0.25,1,0,1],"RelY":1},{"x":683.769230769231,"y":586.9999999999991,"isAttachedTo":"d29ba","RelX":0,"anchor":[0.5,0,0,-1],"RelY":-1}],"interactionGraph":[{"id":"ecb1d","interactsWith":"d29ba"}],"interactionType":"gpml:Arrow"},{"networkType":"edge","gpmlType":"interaction","@type":["interaction"],"graphicalType":"path","markerEnd":"arrow","points":[{"x":593.125,"y":1162.75,"isAttachedTo":"f3c28","RelX":0,"anchor":[0.5,1,0,1],"RelY":1},{"x":593,"y":1235}]},{"networkType":"edge","gpmlType":"interaction","@type":["interaction"],"graphicalType":"path","markerEnd":"arrow","points":[{"x":247.6666666666656,"y":1129.6666666666665,"isAttachedTo":"cc942","RelX":0,"anchor":[0.5,1,0,1],"RelY":1},{"x":247,"y":1231}]},{"networkType":"edge","gpmlType":"interaction","@type":["interaction"],"graphicalType":"path","markerEnd":"arrow","points":[{"x":494.125,"y":1355.75,"isAttachedTo":"acb7d","RelX":0,"anchor":[0.5,0,0,-1],"RelY":-1},{"x":494.4375,"y":1253.75,"isAttachedTo":"bb42d","RelX":0.5,"anchor":[0.75,1,0,1],"RelY":1}],"interactionGraph":[{"id":"acb7d","interactsWith":"bb42d"}],"interactionType":"gpml:Arrow"},{"networkType":"edge","gpmlType":"interaction","@type":["interaction"],"graphicalType":"path","markerEnd":"arrow","points":[{"x":604.0345759916738,"y":1314.0511326129488,"isAttachedTo":"d96a3","RelX":-1,"anchor":[0,0.5,-1,0],"RelY":0},{"x":478,"y":1314.75,"isAttachedTo":"b686d","RelX":1,"anchor":[1,0.5,1,0],"RelY":0}],"interactionGraph":[{"id":"d96a3","interactsWith":"b686d"}],"interactionType":"gpml:Arrow"},{"networkType":"edge","gpmlType":"interaction","@type":["interaction"],"graphicalType":"path","markerEnd":"arrow","points":[{"x":503.125,"y":465.75,"isAttachedTo":"f7590","RelX":0,"anchor":[0.5,1,0,1],"RelY":1},{"x":503.6666666666665,"y":523.3333333333331,"isAttachedTo":"c13e2","RelX":0,"anchor":[0.5,0,0,-1],"RelY":-1}],"interactionGraph":[{"id":"f7590","interactsWith":"c13e2"}],"interactionType":"gpml:Arrow"},{"networkType":"edge","gpmlType":"interaction","@type":["interaction"],"graphicalType":"path","points":[{"x":951,"y":348,"isAttachedTo":"b6b38","RelX":0,"anchor":[0.5,1,0,1],"RelY":1},{"x":951.875,"y":376.75,"isAttachedTo":"cb4ac","RelX":0,"anchor":[0.5,0,0,-1],"RelY":-1}]},{"networkType":"edge","gpmlType":"interaction","@type":["interaction"],"graphicalType":"path","markerEnd":"arrow","points":[{"x":620,"y":918,"isAttachedTo":"f8d13","RelX":1,"anchor":[1,0.5,1,0],"RelY":0},{"x":620.3425925925926,"y":1243.3825266639665,"isAttachedTo":"af3c9","RelX":-1,"anchor":[0,0.5,-1,0],"RelY":0}],"interactionGraph":[{"id":"f8d13","interactsWith":"af3c9"}],"interactionType":"gpml:Arrow"},{"networkType":"edge","gpmlType":"interaction","@type":["interaction"],"graphicalType":"path","markerEnd":"tBar","points":[{"x":1182.999999999997,"y":603.4652880354461},{"x":1203.9999999999964,"y":603.4652880354461}]},{"networkType":"edge","gpmlType":"interaction","@type":["interaction"],"graphicalType":"path","points":[{"x":1211.6666666666642,"y":547.79862136878},{"x":1211.6666666666642,"y":537.79862136878}]},{"networkType":"edge","gpmlType":"interaction","@type":["interaction"],"graphicalType":"path","markerEnd":"arrow","points":[{"x":1181.6666666666642,"y":542.79862136878},{"x":1240.6666666666642,"y":542.79862136878}]},{"networkType":"edge","gpmlType":"interaction","@type":["interaction"],"graphicalType":"path","markerEnd":"mimInhibition","points":[{"x":1183.999999999997,"y":887.9999999999945},{"x":1248.9999999999964,"y":887.9999999999945}]},{"networkType":"edge","gpmlType":"interaction","@type":["interaction"],"graphicalType":"path","markerEnd":"arrow","points":[{"x":1183.999999999997,"y":788.9999999999945},{"x":1241.9999999999964,"y":789.5024647292369}]},{"networkType":"edge","gpmlType":"interaction","@type":["interaction"],"graphicalType":"path","markerEnd":"arrow","points":[{"x":1183.999999999997,"y":769.6582084822985},{"x":1241.9999999999964,"y":769.6582084822985}]},{"networkType":"edge","gpmlType":"interaction","@type":["interaction"],"graphicalType":"path","markerEnd":"arrow","points":[{"x":1183.999999999997,"y":729.6593972779065},{"x":1241.9999999999964,"y":729.6593972779065}]},{"networkType":"edge","gpmlType":"interaction","@type":["interaction"],"graphicalType":"path","markerEnd":"arrow","points":[{"x":1184.9999999999968,"y":907.9999999999945},{"x":1242.9999999999964,"y":908.5012759336287}]},{"networkType":"edge","gpmlType":"interaction","@type":["interaction"],"graphicalType":"path","markerEnd":"arrow","points":[{"x":1183.999999999997,"y":709.6593972779065},{"x":1241.9999999999964,"y":709.6593972779065}]},{"networkType":"edge","gpmlType":"interaction","@type":["interaction"],"graphicalType":"path","markerEnd":"arrow","points":[{"x":1183.999999999997,"y":648.9999999999945},{"x":1242.0000017000161,"y":649.6593972779065}]},{"networkType":"edge","gpmlType":"interaction","@type":["interaction"],"graphicalType":"path","points":[{"x":1284.0952380952347,"y":437.04761904761654,"isAttachedTo":"f450c","RelX":0,"anchor":[0.5,1,0,1],"RelY":1},{"x":1284.428571428568,"y":463.6666666666631}]},{"networkType":"edge","gpmlType":"interaction","@type":["interaction"],"graphicalType":"path","markerEnd":"arrow","points":[{"x":1183.999999999997,"y":689.6593972779065},{"x":1241.9999999999964,"y":689.6593972779065}]},{"networkType":"edge","gpmlType":"interaction","@type":["interaction"],"graphicalType":"path","markerEnd":"arrow","points":[{"x":1183.999999999997,"y":669.6593972779065},{"x":1241.9999999999964,"y":669.6593972779065}]},{"networkType":"edge","gpmlType":"interaction","@type":["interaction"],"graphicalType":"path","markerEnd":"arrow","points":[{"x":1182.999999999997,"y":748.9999999999945},{"x":1241.9999999999964,"y":749.5036535248448}]},{"networkType":"edge","gpmlType":"interaction","@type":["interaction"],"graphicalType":"path","markerEnd":"arrow","points":[{"x":1183.999999999997,"y":809.6570196866903},{"x":1241.9999999999964,"y":809.6570196866903}]},{"networkType":"edge","gpmlType":"interaction","@type":["interaction"],"graphicalType":"path","markerEnd":"arrow","points":[{"x":1183.999999999997,"y":829.6570196866903},{"x":1241.9999999999964,"y":829.6570196866903}]},{"networkType":"edge","gpmlType":"interaction","@type":["interaction"],"graphicalType":"path","markerEnd":"arrow","points":[{"x":1183.999999999997,"y":849.6570196866903},{"x":1241.9999999999964,"y":849.6570196866903}]},{"networkType":"edge","gpmlType":"interaction","@type":["interaction"],"graphicalType":"path","markerEnd":"arrow","points":[{"x":1183.999999999997,"y":869.6570196866903},{"x":1241.9999999999964,"y":869.6570196866903}]},{"networkType":"edge","gpmlType":"interaction","@type":["interaction"],"graphicalType":"path","markerEnd":"mimTranscriptionTranslation","points":[{"x":1201.9999999999964,"y":603.4652880354461},{"x":1239.6666666666642,"y":603.79862136878}]},{"networkType":"edge","gpmlType":"interaction","@type":["interaction"],"graphicalType":"path","markerEnd":"mimTranscriptionTranslation","points":[{"x":1182.999999999997,"y":580.9999999999958},{"x":1240.9999999999964,"y":580.9999999999958}]},{"networkType":"edge","gpmlType":"interaction","@type":["interaction"],"graphicalType":"path","markerEnd":"arrow","points":[{"x":1182.999999999997,"y":520.9999999999964},{"x":1240.9999999999964,"y":520.9999999999964}]},{"networkType":"edge","gpmlType":"interaction","@type":["interaction"],"graphicalType":"path","markerEnd":"arrow","points":[{"x":1182.999999999997,"y":562.9999999999961},{"x":1240.9999999999964,"y":562.9999999999961}]},{"networkType":"edge","gpmlType":"interaction","@type":["interaction"],"graphicalType":"path","markerEnd":"arrow","points":[{"x":1230.3333333333298,"y":629.3333333333275},{"x":1236.9999999999964,"y":635.9999999999939}]},{"networkType":"edge","gpmlType":"interaction","@type":["interaction"],"graphicalType":"path","markerEnd":"mimConversion","points":[{"x":1238.4837201898356,"y":1025.0887265873953},{"x":1238.4837201898356,"y":1050.0887265873953}]},{"networkType":"edge","gpmlType":"interaction","@type":["interaction"],"graphicalType":"path","markerEnd":"mimConversion","points":[{"x":1238.4546258735204,"y":1036.8977880629868},{"x":1238.4546258735204,"y":1016.0266446873065}]},{"networkType":"edge","gpmlType":"interaction","@type":["interaction"],"graphicalType":"path","points":[{"x":1209.9999999999977,"y":438.465288035447,"isAttachedTo":"ffadf","RelX":0,"anchor":[0.5,1,0,1],"RelY":1},{"x":1210.6533496707339,"y":456.4288583797635,"isAttachedTo":"f4786","RelX":0,"anchor":[0.5,0,0,-1],"RelY":-1}]},{"networkType":"node","nodeType":"DataNode","dataNodeType":"Protein","@type":["DataNode","Protein","datanode"],"gpmlType":"datanode","graphicalType":"path","datasourceReference":{"database":"Entrez Gene","id":"475108","organism":"Canis familiaris"},"unificationXref":"http://identifiers.org/ensembl/ENSCAFG00000001217"},{"networkType":"node","nodeType":"DataNode","dataNodeType":"Protein","@type":["DataNode","Protein","datanode"],"gpmlType":"datanode","graphicalType":"path","datasourceReference":{"database":"Entrez Gene","id":"403955","organism":"Canis familiaris"},"unificationXref":"http://identifiers.org/ensembl/ENSCAFG00000015716"},{"networkType":"node","nodeType":"DataNode","dataNodeType":"Protein","@type":["DataNode","Protein","datanode"],"gpmlType":"datanode","graphicalType":"path","datasourceReference":{"database":"Entrez Gene","id":"609956","organism":"Canis familiaris"},"unificationXref":"http://identifiers.org/ensembl/ENSCAFG00000014978"},{"networkType":"node","nodeType":"DataNode","dataNodeType":"Protein","@type":["DataNode","Protein","datanode"],"gpmlType":"datanode","graphicalType":"path","datasourceReference":{"database":"Entrez Gene","id":"403588","organism":"Canis familiaris"},"unificationXref":"http://identifiers.org/ensembl/ENSCAFG00000016656"},{"networkType":"node","nodeType":"DataNode","dataNodeType":"Protein","@type":["DataNode","Protein","datanode"],"gpmlType":"datanode","graphicalType":"path","datasourceReference":{"database":"Entrez Gene","id":"403934","organism":"Canis familiaris"},"unificationXref":"http://identifiers.org/ensembl/ENSCAFG00000014707"},{"networkType":"node","nodeType":"DataNode","dataNodeType":"Protein","@type":["DataNode","Protein","datanode"],"gpmlType":"datanode","graphicalType":"path","datasourceReference":{"database":"Entrez Gene","id":"403954","organism":"Canis familiaris"},"unificationXref":"http://identifiers.org/ensembl/ENSCAFG00000023066"},{"networkType":"node","nodeType":"DataNode","dataNodeType":"Protein","@type":["DataNode","Protein","datanode"],"gpmlType":"datanode","graphicalType":"path","datasourceReference":{"database":"Entrez Gene","id":"403670","organism":"Canis familiaris"},"unificationXref":"http://identifiers.org/ensembl/ENSCAFG00000003850"},{"networkType":"node","nodeType":"DataNode","dataNodeType":"Protein","@type":["DataNode","Protein","datanode"],"gpmlType":"datanode","graphicalType":"path","datasourceReference":{"database":"Entrez Gene","id":"480181","organism":"Canis familiaris"},"unificationXref":"http://identifiers.org/ensembl/ENSCAFG00000018282"},{"networkType":"node","nodeType":"DataNode","dataNodeType":"Protein","@type":["DataNode","Protein","datanode"],"gpmlType":"datanode","graphicalType":"path","datasourceReference":{"database":"Entrez Gene","id":"482970","organism":"Canis familiaris"},"unificationXref":"http://identifiers.org/ensembl/ENSCAFG00000003549"},{"networkType":"node","nodeType":"DataNode","dataNodeType":"Protein","@type":["DataNode","Protein","datanode"],"gpmlType":"datanode","graphicalType":"path","datasourceReference":{"database":"Entrez Gene","id":"486363","organism":"Canis familiaris"},"unificationXref":"http://identifiers.org/ensembl/ENSCAFG00000013044"},{"networkType":"node","nodeType":"DataNode","dataNodeType":"Protein","@type":["DataNode","Protein","datanode"],"gpmlType":"datanode","graphicalType":"path","datasourceReference":{"database":"Entrez Gene","id":"477147","organism":"Canis familiaris"},"unificationXref":"http://identifiers.org/ensembl/ENSCAFG00000030619"},{"networkType":"node","nodeType":"DataNode","dataNodeType":"Protein","@type":["DataNode","Protein","datanode"],"gpmlType":"datanode","graphicalType":"path","datasourceReference":{"database":"Entrez Gene","id":"479515","organism":"Canis familiaris"},"unificationXref":"http://identifiers.org/ensembl/ENSCAFG00000018040"},{"networkType":"node","nodeType":"DataNode","dataNodeType":"Protein","@type":["DataNode","Protein","datanode"],"gpmlType":"datanode","graphicalType":"path","datasourceReference":{"database":"Entrez Gene","id":"486242","organism":"Canis familiaris"},"unificationXref":"http://identifiers.org/ensembl/ENSCAFG00000006985"},{"networkType":"node","nodeType":"DataNode","dataNodeType":"Protein","@type":["DataNode","Protein","datanode"],"gpmlType":"datanode","graphicalType":"path","datasourceReference":{"database":"Entrez Gene","id":"607659","organism":"Canis familiaris"},"unificationXref":"http://identifiers.org/ensembl/ENSCAFG00000014931"},{"networkType":"node","nodeType":"DataNode","dataNodeType":"Protein","@type":["DataNode","Protein","datanode"],"gpmlType":"datanode","graphicalType":"path","datasourceReference":{"database":"Entrez Gene","id":"491072","organism":"Canis familiaris"},"unificationXref":"http://identifiers.org/ensembl/ENSCAFG00000016955"},{"networkType":"node","nodeType":"DataNode","dataNodeType":"Protein","@type":["DataNode","Protein","datanode"],"gpmlType":"datanode","graphicalType":"path","datasourceReference":{"database":"Entrez Gene","id":"483696","organism":"Canis familiaris"},"unificationXref":"http://identifiers.org/ensembl/ENSCAFG00000011618"},{"networkType":"node","nodeType":"DataNode","dataNodeType":"Protein","@type":["DataNode","Protein","datanode"],"gpmlType":"datanode","graphicalType":"path","datasourceReference":{"database":"Entrez Gene","id":"100856038","organism":"Canis familiaris"},"unificationXref":"http://identifiers.org/ensembl/ENSCAFG00000008972"},{"networkType":"node","nodeType":"DataNode","dataNodeType":"Protein","@type":["DataNode","Protein","datanode"],"gpmlType":"datanode","graphicalType":"path","datasourceReference":{"database":"Entrez Gene","id":"486365","organism":"Canis familiaris"},"unificationXref":"http://identifiers.org/ensembl/ENSCAFG00000013087"},{"networkType":"node","nodeType":"DataNode","dataNodeType":"Protein","@type":["DataNode","Protein","datanode"],"gpmlType":"datanode","graphicalType":"path","datasourceReference":{"database":"Entrez Gene","id":"483729","organism":"Canis familiaris"},"unificationXref":"http://identifiers.org/ensembl/ENSCAFG00000013334"},{"networkType":"node","nodeType":"DataNode","dataNodeType":"Protein","@type":["DataNode","Protein","datanode"],"gpmlType":"datanode","graphicalType":"path","datasourceReference":{"database":"Entrez Gene","id":"476196","organism":"Canis familiaris"},"unificationXref":"http://identifiers.org/ensembl/ENSCAFG00000000164"},{"networkType":"node","nodeType":"DataNode","dataNodeType":"Protein","@type":["DataNode","Protein","datanode"],"gpmlType":"datanode","graphicalType":"path","datasourceReference":{"database":"Entrez Gene","id":"485915","organism":"Canis familiaris"},"unificationXref":"http://identifiers.org/ensembl/ENSCAFG00000010812"},{"networkType":"node","nodeType":"DataNode","dataNodeType":"Protein","@type":["DataNode","Protein","datanode"],"gpmlType":"datanode","graphicalType":"path","datasourceReference":{"database":"Entrez Gene","id":"484641","organism":"Canis familiaris"},"unificationXref":"http://identifiers.org/ensembl/ENSCAFG00000004535"},{"networkType":"node","nodeType":"DataNode","dataNodeType":"Protein","@type":["DataNode","Protein","datanode"],"gpmlType":"datanode","graphicalType":"path","datasourceReference":{"database":"Entrez Gene","id":"403588","organism":"Canis familiaris"},"unificationXref":"http://identifiers.org/ensembl/ENSCAFG00000016656"},{"networkType":"node","nodeType":"DataNode","dataNodeType":"Protein","@type":["DataNode","Protein","datanode"],"gpmlType":"datanode","graphicalType":"path","datasourceReference":{"database":"Entrez Gene","id":"478350","organism":"Canis familiaris"},"unificationXref":"http://identifiers.org/ensembl/ENSCAFG00000017463"},{"networkType":"node","nodeType":"DataNode","dataNodeType":"Protein","@type":["DataNode","Protein","datanode"],"gpmlType":"datanode","graphicalType":"path","datasourceReference":{"database":"Entrez Gene","id":"610902","organism":"Canis familiaris"},"unificationXref":"http://identifiers.org/ensembl/ENSCAFG00000017388"},{"networkType":"node","nodeType":"DataNode","dataNodeType":"Protein","@type":["DataNode","Protein","datanode"],"gpmlType":"datanode","graphicalType":"path","datasourceReference":{"database":"Entrez Gene","id":"483160","organism":"Canis familiaris"},"unificationXref":"http://identifiers.org/ensembl/ENSCAFG00000011319"},{"networkType":"node","nodeType":"DataNode","dataNodeType":"Rna","@type":["DataNode","Rna","datanode"],"gpmlType":"datanode","graphicalType":"path","datasourceReference":{"database":"Entrez Gene","id":"1026","organism":"Canis familiaris"}},{"networkType":"node","nodeType":"DataNode","dataNodeType":"Protein","@type":["DataNode","Protein","datanode"],"gpmlType":"datanode","graphicalType":"path","datasourceReference":{"database":"Entrez Gene","id":"487309","organism":"Canis familiaris"},"unificationXref":"http://identifiers.org/ensembl/ENSCAFG00000010597"},{"networkType":"node","nodeType":"DataNode","dataNodeType":"Protein","@type":["DataNode","Protein","datanode"],"gpmlType":"datanode","graphicalType":"path","datasourceReference":{"database":"Entrez Gene","id":"486507","organism":"Canis familiaris"},"unificationXref":"http://identifiers.org/ensembl/ENSCAFG00000006950"},{"networkType":"node","nodeType":"DataNode","dataNodeType":"Protein","@type":["DataNode","Protein","datanode"],"gpmlType":"datanode","graphicalType":"path","datasourceReference":{"database":"Entrez Gene","id":"490967","organism":"Canis familiaris"},"unificationXref":"http://identifiers.org/ensembl/ENSCAFG00000015213"},{"networkType":"node","nodeType":"DataNode","dataNodeType":"Protein","@type":["DataNode","Protein","datanode"],"gpmlType":"datanode","graphicalType":"path","datasourceReference":{"database":"Entrez Gene","id":"403693","organism":"Canis familiaris"},"unificationXref":"http://identifiers.org/ensembl/ENSCAFG00000000418"},{"networkType":"node","nodeType":"DataNode","dataNodeType":"Protein","@type":["DataNode","Protein","datanode"],"gpmlType":"datanode","graphicalType":"path","datasourceReference":{"database":"Entrez Gene","id":"474873","organism":"Canis familiaris"},"unificationXref":"http://identifiers.org/ensembl/ENSCAFG00000000981"},{"networkType":"node","nodeType":"DataNode","dataNodeType":"Protein","@type":["DataNode","Protein","datanode"],"gpmlType":"datanode","graphicalType":"path","datasourceReference":{"database":"Entrez Gene","id":"611781","organism":"Canis familiaris"},"unificationXref":"http://identifiers.org/ensembl/ENSCAFG00000001844"},{"networkType":"node","nodeType":"DataNode","dataNodeType":"Protein","@type":["DataNode","Protein","datanode"],"gpmlType":"datanode","graphicalType":"path","datasourceReference":{"database":"Entrez Gene","id":"479892","organism":"Canis familiaris"},"unificationXref":"http://identifiers.org/ensembl/ENSCAFG00000031099"},{"networkType":"node","nodeType":"DataNode","dataNodeType":"Protein","@type":["DataNode","Protein","datanode"],"gpmlType":"datanode","graphicalType":"path","datasourceReference":{"database":"Entrez Gene","id":"476915","organism":"Canis familiaris"},"unificationXref":"http://identifiers.org/ensembl/ENSCAFG00000004436"},{"networkType":"node","nodeType":"DataNode","dataNodeType":"Protein","@type":["DataNode","Protein","datanode"],"gpmlType":"datanode","graphicalType":"path","datasourceReference":{"database":"Entrez Gene","id":"404306","organism":"Canis familiaris"},"unificationXref":"http://identifiers.org/ensembl/ENSCAFG00000003465"},{"networkType":"node","nodeType":"DataNode","dataNodeType":"Protein","@type":["DataNode","Protein","datanode"],"gpmlType":"datanode","graphicalType":"path","datasourceReference":{"database":"Entrez Gene","id":"475375","organism":"Canis familiaris"},"unificationXref":"http://identifiers.org/ensembl/ENSCAFG00000004567"},{"networkType":"node","nodeType":"DataNode","dataNodeType":"Protein","@type":["DataNode","Protein","datanode"],"gpmlType":"datanode","graphicalType":"path","datasourceReference":{"database":"Entrez Gene","id":"489063","organism":"Canis familiaris"},"unificationXref":"http://identifiers.org/ensembl/ENSCAFG00000015669"},{"networkType":"node","nodeType":"DataNode","dataNodeType":"Protein","@type":["DataNode","Protein","datanode"],"gpmlType":"datanode","graphicalType":"path","datasourceReference":{"database":"Entrez Gene","id":"608250","organism":"Canis familiaris"},"unificationXref":"http://identifiers.org/ensembl/ENSCAFG00000016025"},{"networkType":"node","nodeType":"DataNode","dataNodeType":"Protein","@type":["DataNode","Protein","datanode"],"gpmlType":"datanode","graphicalType":"path","datasourceReference":{"database":"Entrez Gene","id":"609493","organism":"Canis familiaris"},"unificationXref":"http://identifiers.org/ensembl/ENSCAFG00000001847"},{"networkType":"node","nodeType":"DataNode","dataNodeType":"Protein","@type":["DataNode","Protein","datanode"],"gpmlType":"datanode","graphicalType":"path","datasourceReference":{"database":"Entrez Gene","id":"478874","organism":"Canis familiaris"},"unificationXref":"http://identifiers.org/ensembl/ENSCAFG00000012431"},{"networkType":"node","nodeType":"DataNode","dataNodeType":"Protein","@type":["DataNode","Protein","datanode"],"gpmlType":"datanode","graphicalType":"path","datasourceReference":{"database":"Entrez Gene","id":"478193","organism":"Canis familiaris"},"unificationXref":"http://identifiers.org/ensembl/ENSCAFG00000013361"},{"networkType":"node","nodeType":"DataNode","dataNodeType":"Protein","@type":["DataNode","Protein","datanode"],"gpmlType":"datanode","graphicalType":"path","datasourceReference":{"database":"Entrez Gene","id":"477726","organism":"Canis familiaris"},"unificationXref":"http://identifiers.org/ensembl/ENSCAFG00000015576"},{"networkType":"node","nodeType":"DataNode","dataNodeType":"Protein","@type":["DataNode","Protein","datanode"],"gpmlType":"datanode","graphicalType":"path","datasourceReference":{"database":"Entrez Gene","id":"607922","organism":"Canis familiaris"},"unificationXref":"http://identifiers.org/ensembl/ENSCAFG00000013510"},{"networkType":"node","nodeType":"DataNode","dataNodeType":"Protein","@type":["DataNode","Protein","datanode"],"gpmlType":"datanode","graphicalType":"path","datasourceReference":{"database":"Entrez Gene","id":"489012","organism":"Canis familiaris"},"unificationXref":"http://identifiers.org/ensembl/ENSCAFG00000013316"},{"networkType":"node","nodeType":"DataNode","dataNodeType":"Protein","@type":["DataNode","Protein","datanode"],"gpmlType":"datanode","graphicalType":"path","datasourceReference":{"database":"Entrez Gene","id":"479010","organism":"Canis familiaris"},"unificationXref":"http://identifiers.org/ensembl/ENSCAFG00000010110"},{"networkType":"node","nodeType":"DataNode","dataNodeType":"Protein","@type":["DataNode","Protein","datanode"],"gpmlType":"datanode","graphicalType":"path","datasourceReference":{"database":"Entrez Gene","id":"479595","organism":"Canis familiaris"},"unificationXref":"http://identifiers.org/ensembl/ENSCAFG00000019674"},{"networkType":"node","nodeType":"DataNode","dataNodeType":"Protein","@type":["DataNode","Protein","datanode"],"gpmlType":"datanode","graphicalType":"path","datasourceReference":{"database":"Entrez Gene","id":"481218","organism":"Canis familiaris"},"unificationXref":"http://identifiers.org/ensembl/ENSCAFG00000000902"},{"networkType":"node","nodeType":"DataNode","dataNodeType":"Protein","@type":["DataNode","Protein","datanode"],"gpmlType":"datanode","graphicalType":"path","datasourceReference":{"database":"Entrez Gene","id":"484947","organism":"Canis familiaris"},"unificationXref":"http://identifiers.org/ensembl/ENSCAFG00000017621"},{"networkType":"node","nodeType":"DataNode","dataNodeType":"Protein","@type":["DataNode","Protein","datanode"],"gpmlType":"datanode","graphicalType":"path","datasourceReference":{"database":"Entrez Gene","id":"477295","organism":"Canis familiaris"},"unificationXref":"http://identifiers.org/ensembl/ENSCAFG00000005965"},{"networkType":"node","nodeType":"DataNode","dataNodeType":"Protein","@type":["DataNode","Protein","datanode"],"gpmlType":"datanode","graphicalType":"path","datasourceReference":{"database":"Entrez Gene","id":"477052","organism":"Canis familiaris"},"unificationXref":"http://identifiers.org/ensembl/ENSCAFG00000005810"},{"networkType":"node","nodeType":"DataNode","dataNodeType":"Rna","@type":["DataNode","Rna","datanode"],"gpmlType":"datanode","graphicalType":"path","datasourceReference":{"database":"Entrez Gene","id":"354","organism":"Canis familiaris"}},{"networkType":"node","nodeType":"DataNode","dataNodeType":"Protein","@type":["DataNode","Protein","datanode"],"gpmlType":"datanode","graphicalType":"path","datasourceReference":{"database":"Entrez Gene","id":"477332","organism":"Canis familiaris"},"unificationXref":"http://identifiers.org/ensembl/ENSCAFG00000006901"},{"networkType":"node","nodeType":"DataNode","dataNodeType":"Rna","@type":["DataNode","Rna","datanode"],"gpmlType":"datanode","graphicalType":"path","datasourceReference":{"database":"Entrez Gene","id":"8611","organism":"Canis familiaris"}},{"networkType":"node","nodeType":"DataNode","dataNodeType":"Rna","@type":["DataNode","Rna","datanode"],"gpmlType":"datanode","graphicalType":"path","datasourceReference":{"database":"Entrez Gene","id":"90427","organism":"Canis familiaris"}},{"networkType":"node","nodeType":"DataNode","dataNodeType":"Protein","@type":["DataNode","Protein","datanode"],"gpmlType":"datanode","graphicalType":"path","datasourceReference":{"database":"Entrez Gene","id":"607474","organism":"Canis familiaris"},"unificationXref":"http://identifiers.org/ensembl/ENSCAFG00000013420"},{"networkType":"node","nodeType":"DataNode","dataNodeType":"Protein","@type":["DataNode","Protein","datanode"],"gpmlType":"datanode","graphicalType":"path","datasourceReference":{"database":"Entrez Gene","id":"612125","organism":"Canis familiaris"},"unificationXref":"http://identifiers.org/ensembl/ENSCAFG00000012261"},{"networkType":"node","nodeType":"DataNode","dataNodeType":"Protein","@type":["DataNode","Protein","datanode"],"gpmlType":"datanode","graphicalType":"path","datasourceReference":{"database":"Entrez Gene","id":"403980","organism":"Canis familiaris"},"unificationXref":"http://identifiers.org/ensembl/ENSCAFG00000003404"},{"networkType":"node","nodeType":"DataNode","dataNodeType":"Protein","@type":["DataNode","Protein","datanode"],"gpmlType":"datanode","graphicalType":"path","datasourceReference":{"database":"Entrez Gene","id":"485864","organism":"Canis familiaris"},"unificationXref":"http://identifiers.org/ensembl/ENSCAFG00000008755"},{"networkType":"node","nodeType":"DataNode","dataNodeType":"Protein","@type":["DataNode","Protein","datanode"],"gpmlType":"datanode","graphicalType":"path","datasourceReference":{"database":"Entrez Gene","id":"475684","organism":"Canis familiaris"},"unificationXref":"http://identifiers.org/ensembl/ENSCAFG00000004075"},{"networkType":"node","nodeType":"DataNode","dataNodeType":"Protein","@type":["DataNode","Protein","datanode"],"gpmlType":"datanode","graphicalType":"path","datasourceReference":{"database":"Entrez Gene","id":"100499482","organism":"Canis familiaris"},"unificationXref":"http://identifiers.org/ensembl/ENSCAFG00000006670"},{"networkType":"node","nodeType":"DataNode","dataNodeType":"Protein","@type":["DataNode","Protein","datanode"],"gpmlType":"datanode","graphicalType":"path","datasourceReference":{"database":"Entrez Gene","id":"478042","organism":"Canis familiaris"},"unificationXref":"http://identifiers.org/ensembl/ENSCAFG00000006241"},{"networkType":"node","nodeType":"DataNode","dataNodeType":"Protein","@type":["DataNode","Protein","datanode"],"gpmlType":"datanode","graphicalType":"path","datasourceReference":{"database":"Entrez Gene","id":"485049","organism":"Canis familiaris"},"unificationXref":"http://identifiers.org/ensembl/ENSCAFG00000019154"},{"networkType":"node","nodeType":"DataNode","dataNodeType":"Protein","@type":["DataNode","Protein","datanode"],"gpmlType":"datanode","graphicalType":"path","datasourceReference":{"database":"Entrez Gene","id":"481084","organism":"Canis familiaris"},"unificationXref":"http://identifiers.org/ensembl/ENSCAFG00000019521"},{"networkType":"node","nodeType":"DataNode","dataNodeType":"Protein","@type":["DataNode","Protein","datanode"],"gpmlType":"datanode","graphicalType":"path","datasourceReference":{"database":"Entrez Gene","id":"100684945","organism":"Canis familiaris"},"unificationXref":"http://identifiers.org/ensembl/ENSCAFG00000001125"},{"networkType":"node","nodeType":"DataNode","dataNodeType":"Protein","@type":["DataNode","Protein","datanode"],"gpmlType":"datanode","graphicalType":"path","datasourceReference":{"database":"Entrez Gene","id":"477032","organism":"Canis familiaris"},"unificationXref":"http://identifiers.org/ensembl/ENSCAFG00000005204"},{"networkType":"node","nodeType":"DataNode","dataNodeType":"Protein","@type":["DataNode","Protein","datanode"],"gpmlType":"datanode","graphicalType":"path","datasourceReference":{"database":"Entrez Gene","id":"476694","organism":"Canis familiaris"},"unificationXref":"http://identifiers.org/ensembl/ENSCAFG00000017093"},{"networkType":"node","nodeType":"DataNode","dataNodeType":"Protein","@type":["DataNode","Protein","datanode"],"gpmlType":"datanode","graphicalType":"path","datasourceReference":{"database":"Entrez Gene","id":"487235","organism":"Canis familiaris"},"unificationXref":"http://identifiers.org/ensembl/ENSCAFG00000007626"},{"networkType":"node","nodeType":"DataNode","dataNodeType":"Protein","@type":["DataNode","Protein","datanode"],"gpmlType":"datanode","graphicalType":"path","datasourceReference":{"database":"Entrez Gene","id":"490878","organism":"Canis familiaris"},"unificationXref":"http://identifiers.org/ensembl/ENSCAFG00000018354"},{"networkType":"node","nodeType":"DataNode","dataNodeType":"Protein","@type":["DataNode","Protein","datanode"],"gpmlType":"datanode","graphicalType":"path","datasourceReference":{"database":"Entrez Gene","id":"403832","organism":"Canis familiaris"},"unificationXref":"http://identifiers.org/ensembl/ENSCAFG00000015670"},{"networkType":"node","nodeType":"DataNode","dataNodeType":"Protein","@type":["DataNode","Protein","datanode"],"gpmlType":"datanode","graphicalType":"path","datasourceReference":{"database":"Entrez Gene","id":"403588","organism":"Canis familiaris"},"unificationXref":"http://identifiers.org/ensembl/ENSCAFG00000016656"},{"networkType":"node","nodeType":"DataNode","dataNodeType":"Protein","@type":["DataNode","Protein","datanode"],"gpmlType":"datanode","graphicalType":"path","datasourceReference":{"database":"Entrez Gene","id":"491332","organism":"Canis familiaris"}},{"networkType":"node","nodeType":"DataNode","dataNodeType":"Protein","@type":["DataNode","Protein","datanode"],"gpmlType":"datanode","graphicalType":"path","datasourceReference":{"database":"Entrez Gene","id":"403588","organism":"Canis familiaris"},"unificationXref":"http://identifiers.org/ensembl/ENSCAFG00000016656"},{"networkType":"node","nodeType":"DataNode","dataNodeType":"Protein","@type":["DataNode","Protein","datanode"],"gpmlType":"datanode","graphicalType":"path","datasourceReference":{"database":"Entrez Gene","id":"403437","organism":"Canis familiaris"},"unificationXref":"http://identifiers.org/ensembl/ENSCAFG00000014600"},{"networkType":"node","nodeType":"DataNode","dataNodeType":"Protein","@type":["DataNode","Protein","datanode"],"gpmlType":"datanode","graphicalType":"path","datasourceReference":{"database":"Entrez Gene","id":"449028","organism":"Canis familiaris"}},{"networkType":"node","nodeType":"DataNode","dataNodeType":"Protein","@type":["DataNode","Protein","datanode"],"gpmlType":"datanode","graphicalType":"path","datasourceReference":{"database":"Entrez Gene","id":"474544","organism":"Canis familiaris"},"unificationXref":"http://identifiers.org/ensembl/ENSCAFG00000002105"},{"networkType":"node","nodeType":"DataNode","dataNodeType":"Protein","@type":["DataNode","Protein","datanode"],"gpmlType":"datanode","graphicalType":"path","datasourceReference":{"database":"Entrez Gene","id":"479866","organism":"Canis familiaris"},"unificationXref":"http://identifiers.org/ensembl/ENSCAFG00000019251"},{"networkType":"node","nodeType":"DataNode","dataNodeType":"Protein","@type":["DataNode","Protein","datanode"],"gpmlType":"datanode","graphicalType":"path","datasourceReference":{"database":"Entrez Gene","id":"477750","organism":"Canis familiaris"},"unificationXref":"http://identifiers.org/ensembl/ENSCAFG00000006809"},{"networkType":"node","nodeType":"DataNode","dataNodeType":"Protein","@type":["DataNode","Protein","datanode"],"gpmlType":"datanode","graphicalType":"path","datasourceReference":{"database":"Entrez Gene","id":"609429","organism":"Canis familiaris"},"unificationXref":"http://identifiers.org/ensembl/ENSCAFG00000018897"},{"networkType":"node","nodeType":"DataNode","dataNodeType":"Protein","@type":["DataNode","Protein","datanode"],"gpmlType":"datanode","graphicalType":"path","datasourceReference":{"database":"Entrez Gene","id":"486989","organism":"Canis familiaris"},"unificationXref":"http://identifiers.org/ensembl/ENSCAFG00000007775"},{"networkType":"node","nodeType":"DataNode","dataNodeType":"Protein","@type":["DataNode","Protein","datanode"],"gpmlType":"datanode","graphicalType":"path","datasourceReference":{"database":"Entrez Gene","id":"478575","organism":"Canis familiaris"},"unificationXref":"http://identifiers.org/ensembl/ENSCAFG00000011122"},{"networkType":"node","nodeType":"DataNode","dataNodeType":"Protein","@type":["DataNode","Protein","datanode"],"gpmlType":"datanode","graphicalType":"path","datasourceReference":{"database":"Entrez Gene","id":"489932","organism":"Canis familiaris"},"unificationXref":"http://identifiers.org/ensembl/ENSCAFG00000016896"},{"networkType":"node","nodeType":"DataNode","dataNodeType":"Protein","@type":["DataNode","Protein","datanode"],"gpmlType":"datanode","graphicalType":"path","datasourceReference":{"database":"Entrez Gene","id":"403588","organism":"Canis familiaris"},"unificationXref":"http://identifiers.org/ensembl/ENSCAFG00000016656"},{"networkType":"node","nodeType":"DataNode","dataNodeType":"Protein","@type":["DataNode","Protein","datanode"],"gpmlType":"datanode","graphicalType":"path","datasourceReference":{"database":"Entrez Gene","id":"403588","organism":"Canis familiaris"},"unificationXref":"http://identifiers.org/ensembl/ENSCAFG00000016656"},{"networkType":"node","nodeType":"DataNode","dataNodeType":"Protein","@type":["DataNode","Protein","datanode"],"gpmlType":"datanode","graphicalType":"path","datasourceReference":{"database":"Entrez Gene","id":"483728","organism":"Canis familiaris"},"unificationXref":"http://identifiers.org/ensembl/ENSCAFG00000013299"},{"networkType":"node","nodeType":"DataNode","dataNodeType":"Protein","@type":["DataNode","Protein","datanode"],"gpmlType":"datanode","graphicalType":"path","datasourceReference":{"database":"Entrez Gene","id":"484610","organism":"Canis familiaris"},"unificationXref":"http://identifiers.org/ensembl/ENSCAFG00000007614"},{"networkType":"edge","gpmlType":"interaction","@type":["interaction"],"graphicalType":"path","markerEnd":"arrow","points":[{"x":503,"y":563,"isAttachedTo":"cc3a2","RelX":0,"anchor":[0.5,1,0,1],"RelY":1},{"x":503.4999999999998,"y":670.0000000000002,"isAttachedTo":"d01f7","RelX":0,"anchor":[0.5,0,0,-1],"RelY":-1}],"interactionGraph":[{"id":"cc3a2","interactsWith":"d01f7"}],"interactionType":"gpml:Arrow"}],"xmlns":"http://pathvisio.org/GPML/2013a","lastModified":"10/17/2013","license":"Freely available under Creative Commons license 2.8","name":"Androgen receptor signaling pathway","organism":"Canis familiaris","image":{"@context":{"@vocab":"http://schema.org/"},"width":1538,"height":1586.25},"publicationXref":[],"id":"wpId:WP1133","revision":"71482"}}