{"@context":{"@vocab":"http://vocabularies.wikipathways.org/gpml#","@base":"wpId:WP1119","pathwayIri":"wpId:WP1119","ChEBI":"http://www.ebi.ac.uk/chebi/searchId.do?chebiId=","dataSource":"gpml:Data-Source","datasourceReference":"wp:DatasourceReference","Group":{"@container":"@list","@id":"gpml:Group"},"interaction":{"@id":"biopax:Interaction","@type":"@id"},"interactionType":{"@id":"biopax:InteractionType","@type":"@id"},"interactionGraph":"@graph","lastModified":"gpml:Last-Modified","pathway":"biopax:Pathway","point":{"@container":"@list","@id":"gpml:Point"},"publicationXref":"biopax:PublicationXref","unificationXref":"biopax:UnificationXref","author":"schema:author","backgroundColor":"css2:colors.html#propdef-background-color","backgroundImage":"css2:colors.html#propdef-background-image","biopax":"http://www.biopax.org/release/biopax-level3.owl#","borderColor":"css2:box.html#propdef-border-color","borderStyle":"css2:box.html#propdef-border-style","borderWidth":"css2:box.html#propdef-border-width","boxSizing":{"@id":"css3Ui:box-sizing","@value":"border-box"},"color":"css2:colors.html#propdef-color","contains":{"@id":"ex:contains","@type":"@id"},"css2":"http://www.w3.org/TR/CSS2/","css3Ui":"http://www.w3.org/TR/css3-ui/#","cssTransform":"http://www.w3.org/TR/css-transforms-1/#","gpmlDataNodeType":"gpml:Type","dcterms":"http://puri.org/dc/terms/","entrezGene":"http://www.ncbi.nlm.nih.gov/gene/","ex":"http://www.example.org/","fontFamily":"css2:fonts.html#font-family-prop","fontSize":"css2:fonts.html#propdef-font-size","fontStyle":"css2:fonts.html#propdef-font-style","fontWeight":"css2:fonts.html#propdef-font-weight","gpml":"http://vocabularies.wikipathways.org/gpml#","gpmlFolder":"file://Users/andersriutta/Sites/pathvisiojs/test/gpml/","hMDB":"http://www.hmdb.ca/metabolites/HMDB","height":"css2:visudet.html#propdef-height","id":"@id","image":"schema:image","interactsWith":{"@id":"ex:interactsWith","@type":"@id"},"isContainedBy":{"@reverse":"ex:contains","@type":"@id"},"media":"http://www.w3.org/TR/mediaont-10/","name":"http://xmlns.com/foaf/0.1/name","organism":"biopax:organism","padding":"css2:box.html#propdef-padding","elements":{"@container":"@list","@id":"ex:pathwayElements/"},"position":"css2:visuren.html#propdef-position","rotate":"cssTransform:funcdef-rotate","schema":"http://schema.org/","shapeLibrary":"http://shapelibrary.example.org/","shape":"shapeLibrary:shape","stroke":"svg:painting.html#StrokeProperty","strokeWidth":"svg:painting.html#StrokeWidthProperty","svg":"http://www.w3.org/TR/SVG11/","textAlign":"css2:text.html#propdef-text-align","verticalAlign":"css2:visudet.html#propdef-vertical-align","width":"css2:visudet.html#propdef-width","wp":"http://vocabularies.wikipathways.org/wp#","wpId":"http://identifiers.org/wikipathways/","x":{"@id":"css2:visuren.html#propdef-left","@type":"xsd:integer"},"xsd":"http://www.w3.org/2001/XMLSchema#","y":"css2:visuren.html#propdef-top","zIndex":{"@id":"css2:z-index","@type":"xsd:integer"}},"wpId:WP1119":{"elements":[{"networkType":"node","nodeType":"DataNode","dataNodeType":"GeneProduct","@type":["DataNode","GeneProduct","datanode"],"gpmlType":"datanode","graphicalType":"path"},{"networkType":"node","nodeType":"DataNode","dataNodeType":"Pathway","@type":["DataNode","Pathway","datanode"],"gpmlType":"datanode","graphicalType":"path","datasourceReference":{"database":"WikiPathways","id":"WP1115","organism":"Canis familiaris"}},{"networkType":"node","nodeType":"DataNode","dataNodeType":"GeneProduct","@type":["DataNode","GeneProduct","datanode"],"gpmlType":"datanode","graphicalType":"path"},{"networkType":"node","nodeType":"DataNode","dataNodeType":"GeneProduct","@type":["DataNode","GeneProduct","datanode"],"gpmlType":"datanode","graphicalType":"path"},{"networkType":"node","nodeType":"DataNode","dataNodeType":"GeneProduct","@type":["DataNode","GeneProduct","datanode"],"gpmlType":"datanode","graphicalType":"path"},{"networkType":"node","nodeType":"DataNode","dataNodeType":"GeneProduct","@type":["DataNode","GeneProduct","datanode"],"gpmlType":"datanode","graphicalType":"path"},{"networkType":"node","nodeType":"DataNode","dataNodeType":"GeneProduct","@type":["DataNode","GeneProduct","datanode"],"gpmlType":"datanode","graphicalType":"path"},{"networkType":"node","nodeType":"DataNode","dataNodeType":"GeneProduct","@type":["DataNode","GeneProduct","datanode"],"gpmlType":"datanode","graphicalType":"path"},{"networkType":"node","nodeType":"DataNode","dataNodeType":"GeneProduct","@type":["DataNode","GeneProduct","datanode"],"gpmlType":"datanode","graphicalType":"path"},{"networkType":"node","nodeType":"DataNode","dataNodeType":"GeneProduct","@type":["DataNode","GeneProduct","datanode"],"gpmlType":"datanode","graphicalType":"path"},{"networkType":"node","nodeType":"DataNode","dataNodeType":"GeneProduct","@type":["DataNode","GeneProduct","datanode"],"gpmlType":"datanode","graphicalType":"path"},{"networkType":"node","nodeType":"DataNode","dataNodeType":"GeneProduct","@type":["DataNode","GeneProduct","datanode"],"gpmlType":"datanode","graphicalType":"path"},{"networkType":"node","nodeType":"DataNode","dataNodeType":"GeneProduct","@type":["DataNode","GeneProduct","datanode"],"gpmlType":"datanode","graphicalType":"path"},{"networkType":"node","nodeType":"DataNode","dataNodeType":"GeneProduct","@type":["DataNode","GeneProduct","datanode"],"gpmlType":"datanode","graphicalType":"path"},{"networkType":"node","nodeType":"DataNode","dataNodeType":"GeneProduct","@type":["DataNode","GeneProduct","datanode"],"gpmlType":"datanode","graphicalType":"path"},{"networkType":"node","nodeType":"DataNode","dataNodeType":"GeneProduct","@type":["DataNode","GeneProduct","datanode"],"gpmlType":"datanode","graphicalType":"path"},{"networkType":"node","nodeType":"DataNode","dataNodeType":"GeneProduct","@type":["DataNode","GeneProduct","datanode"],"gpmlType":"datanode","graphicalType":"path"},{"networkType":"node","nodeType":"DataNode","dataNodeType":"Metabolite","@type":["DataNode","Metabolite","datanode"],"gpmlType":"datanode","graphicalType":"path"},{"networkType":"node","nodeType":"Label","@type":["label"],"gpmlType":"label","graphicalType":"path"},{"networkType":"node","nodeType":"Label","@type":["label"],"gpmlType":"label","graphicalType":"path"},{"networkType":"node","nodeType":"Label","@type":["label"],"gpmlType":"label","graphicalType":"path"},{"networkType":"node","nodeType":"Label","@type":["label"],"gpmlType":"label","graphicalType":"path"},{"networkType":"node","nodeType":"Label","@type":["label"],"gpmlType":"label","graphicalType":"path"},{"networkType":"node","nodeType":"Label","@type":["label"],"gpmlType":"label","graphicalType":"path"},{"networkType":"node","nodeType":"Label","@type":["label"],"gpmlType":"label","graphicalType":"path"},{"networkType":"node","nodeType":"Label","@type":["label"],"gpmlType":"label","graphicalType":"path"},{"networkType":"node","nodeType":"Label","@type":["label"],"gpmlType":"label","graphicalType":"path"},{"networkType":"node","nodeType":"Label","@type":["label"],"gpmlType":"label","graphicalType":"path"},{"networkType":"node","nodeType":"Label","@type":["label"],"gpmlType":"label","graphicalType":"path"},{"networkType":"node","nodeType":"Label","@type":["label"],"gpmlType":"label","graphicalType":"path"},{"networkType":"node","nodeType":"Label","@type":["label"],"gpmlType":"label","graphicalType":"path"},{"networkType":"node","nodeType":"Label","@type":["label"],"gpmlType":"label","graphicalType":"path"},{"networkType":"node","nodeType":"Label","@type":["label"],"gpmlType":"label","graphicalType":"path"},{"networkType":"node","nodeType":"Label","@type":["label"],"gpmlType":"label","graphicalType":"path"},{"networkType":"node","nodeType":"Label","@type":["label"],"gpmlType":"label","graphicalType":"path"},{"networkType":"node","nodeType":"Label","@type":["label"],"gpmlType":"label","graphicalType":"path"},{"networkType":"node","nodeType":"Label","@type":["label"],"gpmlType":"label","graphicalType":"path"},{"networkType":"node","nodeType":"Shape","@type":["shape"],"gpmlType":"shape","graphicalType":"path"},{"networkType":"edge","gpmlType":"interaction","@type":["interaction"],"graphicalType":"path","points":[{"x":6.666666666666667,"y":226.6666666666671},{"x":1406.6666666666667,"y":226.6666666666671}]},{"networkType":"edge","gpmlType":"interaction","@type":["interaction"],"graphicalType":"path","points":[{"x":8,"y":240.0000000000003},{"x":1410.6666666666667,"y":240.0000000000003}]},{"networkType":"edge","gpmlType":"interaction","@type":["interaction"],"graphicalType":"path","markerEnd":"mimConversion","points":[{"x":57.33333333333332,"y":352,"isAttachedTo":"fe495","RelX":1,"anchor":[1,0.5,1,0],"RelY":0},{"x":74.66666666666667,"y":352},{"x":74.66666666666667,"y":293.3333333333333},{"x":57.33333333333332,"y":293.3333333333333,"isAttachedTo":"cb8fe","RelX":1,"anchor":[1,0.5,1,0],"RelY":0}],"interactionGraph":[{"id":"fe495","interactsWith":"cb8fe"}],"interactionType":"mim-conversion"},{"gpmlType":"anchor","zIndex":null,"networkType":"node","@type":["anchor"],"graphicalType":"path","x":null,"y":null},{"gpmlType":"anchor","zIndex":null,"networkType":"node","@type":["anchor"],"graphicalType":"path","x":null,"y":null},{"networkType":"edge","gpmlType":"interaction","@type":["interaction"],"graphicalType":"path","markerEnd":"arrow","points":[{"x":59.333333333333336,"y":418},{"x":38.66666666666666,"y":362,"isAttachedTo":"fe495","RelX":0,"anchor":[0.5,1,0,1],"RelY":1}]},{"networkType":"edge","gpmlType":"interaction","@type":["interaction"],"graphicalType":"path","markerEnd":"mimCatalysis","points":[{"x":122,"y":324.33333333333337,"isAttachedTo":"a582a","RelX":-1,"anchor":[0,0.25,-1,0],"RelY":-0.5},{"x":74.59540677531659,"y":325.039035091958,"isAttachedTo":"b0002","RelX":0,"anchor":[0.5,0.5,0,0],"RelY":0}],"interactionGraph":[{"id":"a582a","interactsWith":"b0002"}],"interactionType":"mim-catalysis"},{"networkType":"edge","gpmlType":"interaction","@type":["interaction"],"graphicalType":"path","markerEnd":"arrow","points":[{"x":74.28485822706962,"y":315.8012264978734,"isAttachedTo":"ac79e","RelX":0,"anchor":[0.5,0.5,0,0],"RelY":0},{"x":74.28485822706962,"y":134.66666666666666},{"x":184,"y":134.66666666666666,"isAttachedTo":"b29c4","RelX":-1,"anchor":[0,0.5,-1,0],"RelY":0}],"interactionGraph":[{"id":"ac79e","interactsWith":"b29c4"}],"interactionType":"gpml:Arrow"},{"networkType":"edge","gpmlType":"interaction","@type":["interaction"],"graphicalType":"path","markerEnd":"arrow","points":[{"x":300,"y":353.3333333333333,"isAttachedTo":"e8583","RelX":0,"anchor":[0.5,0,0,-1],"RelY":-1},{"x":300.66666666666674,"y":76.66666666666667,"isAttachedTo":"e0eb0","RelX":0,"anchor":[0.5,1,0,1],"RelY":1}],"interactionGraph":[{"id":"e8583","interactsWith":"e0eb0"}],"interactionType":"gpml:Arrow"},{"gpmlType":"anchor","zIndex":null,"networkType":"node","@type":["anchor"],"graphicalType":"path","x":null,"y":null},{"networkType":"edge","gpmlType":"interaction","@type":["interaction"],"graphicalType":"path","markerEnd":"arrow","points":[{"x":884.3333333333333,"y":359.6666666666667,"isAttachedTo":"a5e7d","RelX":0,"anchor":[0.5,0,0,-1],"RelY":-1},{"x":884.3333333333333,"y":334.6666666666667},{"x":936.6666748046875,"y":334.6666666666667},{"x":936.6666748046875,"y":360.6666625976562,"isAttachedTo":"ccb20","RelX":0,"anchor":[0.5,0,0,-1],"RelY":-1}],"interactionGraph":[{"id":"a5e7d","interactsWith":"ccb20"}],"interactionType":"gpml:Arrow"},{"gpmlType":"anchor","zIndex":null,"networkType":"node","@type":["anchor"],"graphicalType":"path","x":null,"y":null},{"networkType":"edge","gpmlType":"interaction","@type":["interaction"],"graphicalType":"path","markerEnd":"arrow","points":[{"x":205.33333333333337,"y":134.66666666666666,"isAttachedTo":"b29c4","RelX":1,"anchor":[1,0.5,1,0],"RelY":0},{"x":494.0833333333333,"y":134.66666666666666},{"x":494.0833333333333,"y":223.83333333333334,"isAttachedTo":"ff5","RelX":0,"anchor":[0.5,0,0,-1],"RelY":-1}],"interactionGraph":[{"id":"b29c4","interactsWith":"ff5"}],"interactionType":"gpml:Arrow"},{"networkType":"edge","gpmlType":"interaction","@type":["interaction"],"graphicalType":"path","markerEnd":"arrow","points":[{"x":312.0000000000001,"y":66.66666666666667,"isAttachedTo":"e0eb0","RelX":1,"anchor":[1,0.5,1,0],"RelY":0},{"x":1110.666666666667,"y":66.66666666666667},{"x":1110.666666666667,"y":450.6666666666667,"isAttachedTo":"cabec","RelX":0,"anchor":[0.5,0,0,-1],"RelY":-1}],"interactionGraph":[{"id":"e0eb0","interactsWith":"cabec"}],"interactionType":"gpml:Arrow"},{"networkType":"edge","gpmlType":"interaction","@type":["interaction"],"graphicalType":"path","markerEnd":"arrow","points":[{"x":510.375,"y":223.83333333333334,"isAttachedTo":"ff5","RelX":0.5,"anchor":[0.75,0,0,-1],"RelY":-1},{"x":510.375,"y":134.66666666666666},{"x":786.6666666666666,"y":134.66666666666666,"isAttachedTo":"fc1c2","RelX":-1,"anchor":[0,0.5,-1,0],"RelY":0}],"interactionGraph":[{"id":"ff5","interactsWith":"fc1c2"}],"interactionType":"gpml:Arrow"},{"networkType":"edge","gpmlType":"interaction","@type":["interaction"],"graphicalType":"path","markerEnd":"arrow","points":[{"x":858.6666666666666,"y":134.66666666666666,"isAttachedTo":"fc1c2","RelX":1,"anchor":[1,0.5,1,0],"RelY":0},{"x":915.990477795514,"y":134.66666666666666},{"x":915.990477795514,"y":335.13758507740295,"isAttachedTo":"bcb8f","RelX":0,"anchor":[0.5,0.5,0,0],"RelY":0}],"interactionGraph":[{"id":"fc1c2","interactsWith":"bcb8f"}],"interactionType":"gpml:Arrow"},{"gpmlType":"anchor","zIndex":null,"networkType":"node","@type":["anchor"],"graphicalType":"path","x":null,"y":null},{"networkType":"edge","gpmlType":"interaction","@type":["interaction"],"graphicalType":"path","markerEnd":"mimCatalysis","points":[{"x":271.3333333333333,"y":324.33333333333337,"isAttachedTo":"a582a","RelX":1,"anchor":[1,0.25,1,0],"RelY":-0.5},{"x":300.0645876960872,"y":326.5294394571516,"isAttachedTo":"d3678","RelX":0,"anchor":[0.5,0.5,0,0],"RelY":0}],"interactionGraph":[{"id":"a582a","interactsWith":"d3678"}],"interactionType":"mim-catalysis"},{"networkType":"edge","gpmlType":"interaction","@type":["interaction"],"graphicalType":"path","markerEnd":"arrow","points":[{"x":586,"y":338,"isAttachedTo":"c5b31","RelX":0,"anchor":[0.5,0,0,-1],"RelY":-1},{"x":584,"y":90.66666666666667,"isAttachedTo":"a7810","RelX":0,"anchor":[0.5,1,0,1],"RelY":1}],"interactionGraph":[{"id":"c5b31","interactsWith":"a7810"}],"interactionType":"gpml:Arrow"},{"gpmlType":"anchor","zIndex":null,"networkType":"node","@type":["anchor"],"graphicalType":"path","x":null,"y":null},{"networkType":"edge","gpmlType":"interaction","@type":["interaction"],"graphicalType":"path","markerEnd":"mimCatalysis","points":[{"x":620.6666666666666,"y":313.3333333333333,"isAttachedTo":"c3e7a","RelX":-1,"anchor":[0,0.5,-1,0],"RelY":0},{"x":585.8062369117384,"y":314.03796475165444,"isAttachedTo":"f26fc","RelX":0,"anchor":[0.5,0.5,0,0],"RelY":0}],"interactionGraph":[{"id":"c3e7a","interactsWith":"f26fc"}],"interactionType":"mim-catalysis"},{"networkType":"edge","gpmlType":"interaction","@type":["interaction"],"graphicalType":"path","markerEnd":"arrow","points":[{"x":595.3333333333333,"y":80.66666666666667,"isAttachedTo":"a7810","RelX":1,"anchor":[1,0.5,1,0],"RelY":0},{"x":1110.666666666667,"y":80.66666666666667},{"x":1110.666666666667,"y":450.6666666666667,"isAttachedTo":"cabec","RelX":0,"anchor":[0.5,0,0,-1],"RelY":-1}],"interactionGraph":[{"id":"a7810","interactsWith":"cabec"}],"interactionType":"gpml:Arrow"},{"networkType":"edge","gpmlType":"interaction","@type":["interaction"],"graphicalType":"path","markerEnd":"mimCatalysis","points":[{"x":863.3333333333333,"y":304.33333333333337,"isAttachedTo":"bb64a","RelX":1,"anchor":[1,0.25,1,0],"RelY":-0.5},{"x":898.2033031508229,"y":355.089932012818,"isAttachedTo":"feb6c","RelX":0,"anchor":[0.5,0.5,0,0],"RelY":0}],"interactionGraph":[{"id":"bb64a","interactsWith":"feb6c"}],"interactionType":"mim-catalysis"},{"networkType":"edge","gpmlType":"interaction","@type":["interaction"],"graphicalType":"path","markerEnd":"arrow","points":[{"x":754.6666666666665,"y":328,"isAttachedTo":"bde98","RelX":0,"anchor":[0.5,0,0,-1],"RelY":-1},{"x":755.3333333333333,"y":106,"isAttachedTo":"bc4f2","RelX":0,"anchor":[0.5,1,0,1],"RelY":1}],"interactionGraph":[{"id":"bde98","interactsWith":"bc4f2"}],"interactionType":"gpml:Arrow"},{"gpmlType":"anchor","zIndex":null,"networkType":"node","@type":["anchor"],"graphicalType":"path","x":null,"y":null},{"networkType":"edge","gpmlType":"interaction","@type":["interaction"],"graphicalType":"path","markerEnd":"mimCatalysis","points":[{"x":780.6666666666667,"y":304.33333333333337,"isAttachedTo":"bb64a","RelX":-1,"anchor":[0,0.25,-1,0],"RelY":-0.5},{"x":754.7312543627537,"y":306.49229720296745,"isAttachedTo":"fbb66","RelX":0,"anchor":[0.5,0.5,0,0],"RelY":0}],"interactionGraph":[{"id":"bb64a","interactsWith":"fbb66"}],"interactionType":"mim-catalysis"},{"networkType":"edge","gpmlType":"interaction","@type":["interaction"],"graphicalType":"path","markerEnd":"arrow","points":[{"x":766.6666666666665,"y":96,"isAttachedTo":"bc4f2","RelX":1,"anchor":[1,0.5,1,0],"RelY":0},{"x":1110.666666666667,"y":96},{"x":1110.666666666667,"y":450.6666666666667,"isAttachedTo":"cabec","RelX":0,"anchor":[0.5,0,0,-1],"RelY":-1}],"interactionGraph":[{"id":"bc4f2","interactsWith":"cabec"}],"interactionType":"gpml:Arrow"},{"gpmlType":"anchor","zIndex":null,"networkType":"node","@type":["anchor"],"graphicalType":"path","x":null,"y":null},{"networkType":"edge","gpmlType":"interaction","@type":["interaction"],"graphicalType":"path","markerEnd":"mimCatalysis","points":[{"x":1084,"y":331.83333333333337,"isAttachedTo":"ee9f8","RelX":1,"anchor":[1,0.25,1,0],"RelY":-0.5},{"x":1110.666666666667,"y":334.2357898825128,"isAttachedTo":"d7312","RelX":0,"anchor":[0.5,0.5,0,0],"RelY":0}],"interactionGraph":[{"id":"ee9f8","interactsWith":"d7312"}],"interactionType":"mim-catalysis"},{"networkType":"edge","gpmlType":"interaction","@type":["interaction"],"graphicalType":"path","markerEnd":"arrow","points":[{"x":1110.666666666667,"y":334.2357898825128,"isAttachedTo":"d7312","RelX":0,"anchor":[0.5,0.5,0,0],"RelY":0},{"x":1110.666666666667,"y":314.2357898825128},{"x":1141.6666666666665,"y":314.2357898825128},{"x":1141.6666666666665,"y":397.6666666666667},{"x":1161.6666666666665,"y":397.6666666666667,"isAttachedTo":"a9cb9","RelX":-1,"anchor":[0,0.5,-1,0],"RelY":0}],"interactionGraph":[{"id":"d7312","interactsWith":"a9cb9"}],"interactionType":"gpml:Arrow"},{"networkType":"edge","gpmlType":"interaction","@type":["interaction"],"graphicalType":"path","markerEnd":"arrow","points":[{"x":471.33333333333326,"y":304.6666666666667,"isAttachedTo":"f43a7","RelX":1,"anchor":[1,0.5,1,0],"RelY":0},{"x":494.0833333333333,"y":304.6666666666667},{"x":494.0833333333333,"y":242.83333333333334,"isAttachedTo":"ff5","RelX":0,"anchor":[0.5,1,0,1],"RelY":1}],"interactionGraph":[{"id":"f43a7","interactsWith":"ff5"}],"interactionType":"gpml:Arrow"},{"networkType":"edge","gpmlType":"interaction","@type":["interaction"],"graphicalType":"path","markerEnd":"arrow","points":[{"x":460.66666666666663,"y":386,"isAttachedTo":"c57d6","RelX":0,"anchor":[0.5,1,0,1],"RelY":1},{"x":460.66666666666663,"y":418.6666666666667},{"x":364.6666666666667,"y":418.6666666666667},{"x":364.6666666666667,"y":388.6666666666667,"isAttachedTo":"b7f21","RelX":0,"anchor":[0.5,1,0,1],"RelY":1}],"interactionGraph":[{"id":"c57d6","interactsWith":"b7f21"}],"interactionType":"gpml:Arrow"},{"gpmlType":"anchor","zIndex":null,"networkType":"node","@type":["anchor"],"graphicalType":"path","x":null,"y":null},{"networkType":"edge","gpmlType":"interaction","@type":["interaction"],"graphicalType":"path","markerEnd":"arrow","points":[{"x":364.6666666666667,"y":368.6666666666667,"isAttachedTo":"b7f21","RelX":0,"anchor":[0.5,0,0,-1],"RelY":-1},{"x":364.6666666666667,"y":336},{"x":460.66666666666663,"y":336},{"x":460.66666666666663,"y":366,"isAttachedTo":"c57d6","RelX":0,"anchor":[0.5,0,0,-1],"RelY":-1}],"interactionGraph":[{"id":"b7f21","interactsWith":"c57d6"}],"interactionType":"gpml:Arrow"},{"gpmlType":"anchor","zIndex":null,"networkType":"node","@type":["anchor"],"graphicalType":"path","x":null,"y":null},{"gpmlType":"anchor","zIndex":null,"networkType":"node","@type":["anchor"],"graphicalType":"path","x":null,"y":null},{"networkType":"edge","gpmlType":"interaction","@type":["interaction"],"graphicalType":"path","markerEnd":"arrow","points":[{"x":419.17241742802577,"y":336.20669015346124,"isAttachedTo":"acde6","RelX":0,"anchor":[0.5,0.5,0,0],"RelY":0},{"x":419.17241742802577,"y":304.6666666666667},{"x":450,"y":304.6666666666667,"isAttachedTo":"f43a7","RelX":-1,"anchor":[0,0.5,-1,0],"RelY":0}],"interactionGraph":[{"id":"acde6","interactsWith":"f43a7"}],"interactionType":"gpml:Arrow"},{"networkType":"edge","gpmlType":"interaction","@type":["interaction"],"graphicalType":"path","markerEnd":"mimCatalysis","points":[{"x":365.3333333333333,"y":312.6666666666667,"isAttachedTo":"c4d30","RelX":0,"anchor":[0.5,1,0,1],"RelY":1},{"x":399.07915745353773,"y":337.02710378548767,"isAttachedTo":"f1537","RelX":0,"anchor":[0.5,0.5,0,0],"RelY":0}],"interactionGraph":[{"id":"c4d30","interactsWith":"f1537"}],"interactionType":"mim-catalysis"},{"networkType":"edge","gpmlType":"interaction","@type":["interaction"],"graphicalType":"path","markerEnd":"arrow","points":[{"x":421.33333333333326,"y":438,"isAttachedTo":"fa065","RelX":0,"anchor":[0.5,0,0,-1],"RelY":-1},{"x":421.33333333333326,"y":418},{"x":399.2527334484819,"y":418},{"x":399.2527334484819,"y":417.7543363462339,"isAttachedTo":"ecac3","RelX":0,"anchor":[0.5,0.5,0,0],"RelY":0}],"interactionGraph":[{"id":"fa065","interactsWith":"ecac3"}],"interactionType":"gpml:Arrow"},{"networkType":"edge","gpmlType":"interaction","@type":["interaction"],"graphicalType":"path","markerEnd":"arrow","points":[{"x":467.33333333333337,"y":476.6666666666667,"isAttachedTo":"ac151","RelX":0,"anchor":[0.5,0,0,-1],"RelY":-1},{"x":467.33333333333337,"y":448},{"x":431.9999999999999,"y":448,"isAttachedTo":"fa065","RelX":1,"anchor":[1,0.5,1,0],"RelY":0}],"interactionGraph":[{"id":"ac151","interactsWith":"fa065"}],"interactionType":"gpml:Arrow"},{"networkType":"node","nodeType":"DataNode","dataNodeType":"GeneProduct","@type":["DataNode","GeneProduct","datanode"],"gpmlType":"datanode","graphicalType":"path","datasourceReference":{"database":"Entrez Gene","id":"804477","organism":"Canis familiaris"},"unificationXref":"http://identifiers.org/ensembl/ENSCAFG00000022717"},{"networkType":"node","nodeType":"DataNode","dataNodeType":"GeneProduct","@type":["DataNode","GeneProduct","datanode"],"gpmlType":"datanode","graphicalType":"path","datasourceReference":{"database":"Entrez Gene","id":"804481","organism":"Canis familiaris"},"unificationXref":"http://identifiers.org/ensembl/ENSCAFG00000022732"},{"networkType":"node","nodeType":"DataNode","dataNodeType":"GeneProduct","@type":["DataNode","GeneProduct","datanode"],"gpmlType":"datanode","graphicalType":"path","datasourceReference":{"database":"Entrez Gene","id":"804483","organism":"Canis familiaris"},"unificationXref":"http://identifiers.org/ensembl/ENSCAFG00000022735"},{"networkType":"node","nodeType":"DataNode","dataNodeType":"GeneProduct","@type":["DataNode","GeneProduct","datanode"],"gpmlType":"datanode","graphicalType":"path","datasourceReference":{"database":"Entrez Gene","id":"804484","organism":"Canis familiaris"},"unificationXref":"http://identifiers.org/ensembl/ENSCAFG00000022739"},{"networkType":"node","nodeType":"DataNode","dataNodeType":"GeneProduct","@type":["DataNode","GeneProduct","datanode"],"gpmlType":"datanode","graphicalType":"path","datasourceReference":{"database":"Entrez Gene","id":"804485","organism":"Canis familiaris"},"unificationXref":"http://identifiers.org/ensembl/ENSCAFG00000022740"},{"networkType":"node","nodeType":"DataNode","dataNodeType":"GeneProduct","@type":["DataNode","GeneProduct","datanode"],"gpmlType":"datanode","graphicalType":"path","datasourceReference":{"database":"Entrez Gene","id":"804482","organism":"Canis familiaris"},"unificationXref":"http://identifiers.org/ensembl/ENSCAFG00000022734"},{"networkType":"node","nodeType":"DataNode","dataNodeType":"GeneProduct","@type":["DataNode","GeneProduct","datanode"],"gpmlType":"datanode","graphicalType":"path","datasourceReference":{"database":"Entrez Gene","id":"804479","organism":"Canis familiaris"},"unificationXref":"http://identifiers.org/ensembl/ENSCAFG00000022726"},{"networkType":"node","nodeType":"DataNode","dataNodeType":"GeneProduct","@type":["DataNode","GeneProduct","datanode"],"gpmlType":"datanode","graphicalType":"path","datasourceReference":{"database":"Entrez Gene","id":"804480","organism":"Canis familiaris"},"unificationXref":"http://identifiers.org/ensembl/ENSCAFG00000022730"},{"networkType":"node","nodeType":"DataNode","dataNodeType":"GeneProduct","@type":["DataNode","GeneProduct","datanode"],"gpmlType":"datanode","graphicalType":"path","datasourceReference":{"database":"Entrez Gene","id":"479623","organism":"Canis familiaris"},"unificationXref":"http://identifiers.org/ensembl/ENSCAFG00000019921"},{"networkType":"node","nodeType":"DataNode","dataNodeType":"GeneProduct","@type":["DataNode","GeneProduct","datanode"],"gpmlType":"datanode","graphicalType":"path","datasourceReference":{"database":"Entrez Gene","id":"474567","organism":"Canis familiaris"},"unificationXref":"http://identifiers.org/ensembl/ENSCAFG00000002387"},{"networkType":"node","nodeType":"DataNode","dataNodeType":"GeneProduct","@type":["DataNode","GeneProduct","datanode"],"gpmlType":"datanode","graphicalType":"path","datasourceReference":{"database":"Entrez Gene","id":"479780","organism":"Canis familiaris"},"unificationXref":"http://identifiers.org/ensembl/ENSCAFG00000016887"},{"networkType":"node","nodeType":"DataNode","dataNodeType":"GeneProduct","@type":["DataNode","GeneProduct","datanode"],"gpmlType":"datanode","graphicalType":"path","datasourceReference":{"database":"Entrez Gene","id":"476040","organism":"Canis familiaris"},"unificationXref":"http://identifiers.org/ensembl/ENSCAFG00000014738"},{"networkType":"node","nodeType":"DataNode","dataNodeType":"GeneProduct","@type":["DataNode","GeneProduct","datanode"],"gpmlType":"datanode","graphicalType":"path","datasourceReference":{"database":"Entrez Gene","id":"609990","organism":"Canis familiaris"},"unificationXref":"http://identifiers.org/ensembl/ENSCAFG00000032459"},{"networkType":"node","nodeType":"DataNode","dataNodeType":"GeneProduct","@type":["DataNode","GeneProduct","datanode"],"gpmlType":"datanode","graphicalType":"path","datasourceReference":{"database":"Entrez Gene","id":"612644","organism":"Canis familiaris"},"unificationXref":"http://identifiers.org/ensembl/ENSCAFG00000006913"},{"networkType":"node","nodeType":"DataNode","dataNodeType":"GeneProduct","@type":["DataNode","GeneProduct","datanode"],"gpmlType":"datanode","graphicalType":"path"},{"networkType":"node","nodeType":"DataNode","dataNodeType":"GeneProduct","@type":["DataNode","GeneProduct","datanode"],"gpmlType":"datanode","graphicalType":"path","datasourceReference":{"database":"Entrez Gene","id":"403575","organism":"Canis familiaris"},"unificationXref":"http://identifiers.org/ensembl/ENSCAFG00000005549"},{"networkType":"node","nodeType":"DataNode","dataNodeType":"GeneProduct","@type":["DataNode","GeneProduct","datanode"],"gpmlType":"datanode","graphicalType":"path","datasourceReference":{"database":"Entrez Gene","id":"480830","organism":"Canis familiaris"},"unificationXref":"http://identifiers.org/ensembl/ENSCAFG00000010987"},{"networkType":"node","nodeType":"DataNode","dataNodeType":"GeneProduct","@type":["DataNode","GeneProduct","datanode"],"gpmlType":"datanode","graphicalType":"path","datasourceReference":{"database":"Entrez Gene","id":"492093","organism":"Canis familiaris"},"unificationXref":"http://identifiers.org/ensembl/ENSCAFG00000018384"},{"networkType":"node","nodeType":"DataNode","dataNodeType":"GeneProduct","@type":["DataNode","GeneProduct","datanode"],"gpmlType":"datanode","graphicalType":"path","datasourceReference":{"database":"Entrez Gene","id":"608210","organism":"Canis familiaris"}},{"networkType":"node","nodeType":"DataNode","dataNodeType":"GeneProduct","@type":["DataNode","GeneProduct","datanode"],"gpmlType":"datanode","graphicalType":"path","datasourceReference":{"database":"Entrez Gene","id":"479805","organism":"Canis familiaris"},"unificationXref":"http://identifiers.org/ensembl/ENSCAFG00000017667"},{"networkType":"node","nodeType":"DataNode","dataNodeType":"GeneProduct","@type":["DataNode","GeneProduct","datanode"],"gpmlType":"datanode","graphicalType":"path","datasourceReference":{"database":"Entrez Gene","id":"478869","organism":"Canis familiaris"}},{"networkType":"node","nodeType":"DataNode","dataNodeType":"GeneProduct","@type":["DataNode","GeneProduct","datanode"],"gpmlType":"datanode","graphicalType":"path","datasourceReference":{"database":"Entrez Gene","id":"474483","organism":"Canis familiaris"},"unificationXref":"http://identifiers.org/ensembl/ENSCAFG00000000982"},{"networkType":"node","nodeType":"DataNode","dataNodeType":"GeneProduct","@type":["DataNode","GeneProduct","datanode"],"gpmlType":"datanode","graphicalType":"path","datasourceReference":{"database":"Entrez Gene","id":"478577","organism":"Canis familiaris"},"unificationXref":"http://identifiers.org/ensembl/ENSCAFG00000011204"},{"networkType":"node","nodeType":"DataNode","dataNodeType":"GeneProduct","@type":["DataNode","GeneProduct","datanode"],"gpmlType":"datanode","graphicalType":"path","datasourceReference":{"database":"Entrez Gene","id":"476686","organism":"Canis familiaris"},"unificationXref":"http://identifiers.org/ensembl/ENSCAFG00000016258"},{"networkType":"node","nodeType":"DataNode","dataNodeType":"GeneProduct","@type":["DataNode","GeneProduct","datanode"],"gpmlType":"datanode","graphicalType":"path","datasourceReference":{"database":"Entrez Gene","id":"475094","organism":"Canis familiaris"},"unificationXref":"http://identifiers.org/ensembl/ENSCAFG00000001045"},{"networkType":"node","nodeType":"DataNode","dataNodeType":"GeneProduct","@type":["DataNode","GeneProduct","datanode"],"gpmlType":"datanode","graphicalType":"path","datasourceReference":{"database":"Entrez Gene","id":"478032","organism":"Canis familiaris"},"unificationXref":"http://identifiers.org/ensembl/ENSCAFG00000005861"},{"networkType":"node","nodeType":"DataNode","dataNodeType":"GeneProduct","@type":["DataNode","GeneProduct","datanode"],"gpmlType":"datanode","graphicalType":"path","datasourceReference":{"database":"Entrez Gene","id":"611480","organism":"Canis familiaris"},"unificationXref":"http://identifiers.org/ensembl/ENSCAFG00000002703"},{"networkType":"node","nodeType":"DataNode","dataNodeType":"GeneProduct","@type":["DataNode","GeneProduct","datanode"],"gpmlType":"datanode","graphicalType":"path","datasourceReference":{"database":"Entrez Gene","id":"477798","organism":"Canis familiaris"},"unificationXref":"http://identifiers.org/ensembl/ENSCAFG00000009698"},{"networkType":"node","nodeType":"DataNode","dataNodeType":"GeneProduct","@type":["DataNode","GeneProduct","datanode"],"gpmlType":"datanode","graphicalType":"path","datasourceReference":{"database":"Entrez Gene","id":"479887","organism":"Canis familiaris"},"unificationXref":"http://identifiers.org/ensembl/ENSCAFG00000019476"},{"networkType":"node","nodeType":"DataNode","dataNodeType":"GeneProduct","@type":["DataNode","GeneProduct","datanode"],"gpmlType":"datanode","graphicalType":"path","datasourceReference":{"database":"Entrez Gene","id":"607943","organism":"Canis familiaris"}},{"networkType":"node","nodeType":"DataNode","dataNodeType":"GeneProduct","@type":["DataNode","GeneProduct","datanode"],"gpmlType":"datanode","graphicalType":"path","datasourceReference":{"database":"Entrez Gene","id":"475322","organism":"Canis familiaris"}},{"networkType":"node","nodeType":"DataNode","dataNodeType":"GeneProduct","@type":["DataNode","GeneProduct","datanode"],"gpmlType":"datanode","graphicalType":"path","datasourceReference":{"database":"Entrez Gene","id":"804476","organism":"Canis familiaris"},"unificationXref":"http://identifiers.org/ensembl/ENSCAFG00000022713"},{"networkType":"node","nodeType":"DataNode","dataNodeType":"GeneProduct","@type":["DataNode","GeneProduct","datanode"],"gpmlType":"datanode","graphicalType":"path","datasourceReference":{"database":"Entrez Gene","id":"475214","organism":"Canis familiaris"},"unificationXref":"http://identifiers.org/ensembl/ENSCAFG00000025112"},{"networkType":"node","nodeType":"DataNode","dataNodeType":"GeneProduct","@type":["DataNode","GeneProduct","datanode"],"gpmlType":"datanode","graphicalType":"path","datasourceReference":{"database":"Entrez Gene","id":"476754","organism":"Canis familiaris"},"unificationXref":"http://identifiers.org/ensembl/ENSCAFG00000019529"},{"networkType":"node","nodeType":"DataNode","dataNodeType":"GeneProduct","@type":["DataNode","GeneProduct","datanode"],"gpmlType":"datanode","graphicalType":"path","datasourceReference":{"database":"Entrez Gene","id":"478629","organism":"Canis familiaris"},"unificationXref":"http://identifiers.org/ensembl/ENSCAFG00000030152"},{"networkType":"node","nodeType":"DataNode","dataNodeType":"GeneProduct","@type":["DataNode","GeneProduct","datanode"],"gpmlType":"datanode","graphicalType":"path","datasourceReference":{"database":"Entrez Gene","id":"480741","organism":"Canis familiaris"},"unificationXref":"http://identifiers.org/ensembl/ENSCAFG00000030171"},{"networkType":"node","nodeType":"DataNode","dataNodeType":"GeneProduct","@type":["DataNode","GeneProduct","datanode"],"gpmlType":"datanode","graphicalType":"path","datasourceReference":{"database":"Entrez Gene","id":"479335","organism":"Canis familiaris"},"unificationXref":"http://identifiers.org/ensembl/ENSCAFG00000010200"},{"networkType":"node","nodeType":"DataNode","dataNodeType":"GeneProduct","@type":["DataNode","GeneProduct","datanode"],"gpmlType":"datanode","graphicalType":"path","datasourceReference":{"database":"Entrez Gene","id":"478983","organism":"Canis familiaris"},"unificationXref":"http://identifiers.org/ensembl/ENSCAFG00000012992"},{"networkType":"node","nodeType":"DataNode","dataNodeType":"GeneProduct","@type":["DataNode","GeneProduct","datanode"],"gpmlType":"datanode","graphicalType":"path","datasourceReference":{"database":"Entrez Gene","id":"479438","organism":"Canis familiaris"}},{"networkType":"node","nodeType":"DataNode","dataNodeType":"GeneProduct","@type":["DataNode","GeneProduct","datanode"],"gpmlType":"datanode","graphicalType":"path","datasourceReference":{"database":"Entrez Gene","id":"804486","organism":"Canis familiaris"},"unificationXref":"http://identifiers.org/ensembl/ENSCAFG00000022742"},{"networkType":"node","nodeType":"DataNode","dataNodeType":"GeneProduct","@type":["DataNode","GeneProduct","datanode"],"gpmlType":"datanode","graphicalType":"path","datasourceReference":{"database":"Entrez Gene","id":"608455","organism":"Canis familiaris"},"unificationXref":"http://identifiers.org/ensembl/ENSCAFG00000012329"},{"networkType":"node","nodeType":"DataNode","dataNodeType":"GeneProduct","@type":["DataNode","GeneProduct","datanode"],"gpmlType":"datanode","graphicalType":"path","datasourceReference":{"database":"Entrez Gene","id":"479815","organism":"Canis familiaris"},"unificationXref":"http://identifiers.org/ensembl/ENSCAFG00000017756"},{"networkType":"node","nodeType":"DataNode","dataNodeType":"GeneProduct","@type":["DataNode","GeneProduct","datanode"],"gpmlType":"datanode","graphicalType":"path","datasourceReference":{"database":"Entrez Gene","id":"477944","organism":"Canis familiaris"},"unificationXref":"http://identifiers.org/ensembl/ENSCAFG00000009449"},{"networkType":"node","nodeType":"DataNode","dataNodeType":"GeneProduct","@type":["DataNode","GeneProduct","datanode"],"gpmlType":"datanode","graphicalType":"path","datasourceReference":{"database":"Entrez Gene","id":"608530","organism":"Canis familiaris"},"unificationXref":"http://identifiers.org/ensembl/ENSCAFG00000004260"},{"networkType":"node","nodeType":"DataNode","dataNodeType":"GeneProduct","@type":["DataNode","GeneProduct","datanode"],"gpmlType":"datanode","graphicalType":"path","datasourceReference":{"database":"Entrez Gene","id":"476503","organism":"Canis familiaris"},"unificationXref":"http://identifiers.org/ensembl/ENSCAFG00000007636"},{"networkType":"node","nodeType":"DataNode","dataNodeType":"GeneProduct","@type":["DataNode","GeneProduct","datanode"],"gpmlType":"datanode","graphicalType":"path","datasourceReference":{"database":"Entrez Gene","id":"609744","organism":"Canis familiaris"},"unificationXref":"http://identifiers.org/ensembl/ENSCAFG00000000919"},{"networkType":"node","nodeType":"DataNode","dataNodeType":"GeneProduct","@type":["DataNode","GeneProduct","datanode"],"gpmlType":"datanode","graphicalType":"path","datasourceReference":{"database":"Entrez Gene","id":"486347","organism":"Canis familiaris"},"unificationXref":"http://identifiers.org/ensembl/ENSCAFG00000028837"},{"networkType":"node","nodeType":"DataNode","dataNodeType":"GeneProduct","@type":["DataNode","GeneProduct","datanode"],"gpmlType":"datanode","graphicalType":"path","datasourceReference":{"database":"Entrez Gene","id":"611791","organism":"Canis familiaris"},"unificationXref":"http://identifiers.org/ensembl/ENSCAFG00000019501"},{"networkType":"node","nodeType":"DataNode","dataNodeType":"GeneProduct","@type":["DataNode","GeneProduct","datanode"],"gpmlType":"datanode","graphicalType":"path","datasourceReference":{"database":"Entrez Gene","id":"804478","organism":"Canis familiaris"},"unificationXref":"http://identifiers.org/ensembl/ENSCAFG00000022723"},{"networkType":"node","nodeType":"DataNode","dataNodeType":"GeneProduct","@type":["DataNode","GeneProduct","datanode"],"gpmlType":"datanode","graphicalType":"path","datasourceReference":{"database":"Entrez Gene","id":"612614","organism":"Canis familiaris"},"unificationXref":"http://identifiers.org/ensembl/ENSCAFG00000006578"},{"networkType":"node","nodeType":"DataNode","dataNodeType":"GeneProduct","@type":["DataNode","GeneProduct","datanode"],"gpmlType":"datanode","graphicalType":"path","datasourceReference":{"database":"Entrez Gene","id":"475739","organism":"Canis familiaris"},"unificationXref":"http://identifiers.org/ensembl/ENSCAFG00000032040"},{"networkType":"node","nodeType":"DataNode","dataNodeType":"GeneProduct","@type":["DataNode","GeneProduct","datanode"],"gpmlType":"datanode","graphicalType":"path","datasourceReference":{"database":"Entrez Gene","id":"489505","organism":"Canis familiaris"},"unificationXref":"http://identifiers.org/ensembl/ENSCAFG00000032704"},{"networkType":"node","nodeType":"DataNode","dataNodeType":"GeneProduct","@type":["DataNode","GeneProduct","datanode"],"gpmlType":"datanode","graphicalType":"path","datasourceReference":{"database":"Entrez Gene","id":"609555","organism":"Canis familiaris"},"unificationXref":"http://identifiers.org/ensembl/ENSCAFG00000017347"},{"networkType":"node","nodeType":"DataNode","dataNodeType":"GeneProduct","@type":["DataNode","GeneProduct","datanode"],"gpmlType":"datanode","graphicalType":"path","datasourceReference":{"database":"Entrez Gene","id":"611134","organism":"Canis familiaris"}},{"networkType":"node","nodeType":"DataNode","dataNodeType":"GeneProduct","@type":["DataNode","GeneProduct","datanode"],"gpmlType":"datanode","graphicalType":"path","datasourceReference":{"database":"Entrez Gene","id":"503668","organism":"Canis familiaris"},"unificationXref":"http://identifiers.org/ensembl/ENSCAFG00000011029"},{"networkType":"node","nodeType":"DataNode","dataNodeType":"GeneProduct","@type":["DataNode","GeneProduct","datanode"],"gpmlType":"datanode","graphicalType":"path","datasourceReference":{"database":"Entrez Gene","id":"480681","organism":"Canis familiaris"},"unificationXref":"http://identifiers.org/ensembl/ENSCAFG00000023616"},{"networkType":"node","nodeType":"DataNode","dataNodeType":"GeneProduct","@type":["DataNode","GeneProduct","datanode"],"gpmlType":"datanode","graphicalType":"path","datasourceReference":{"database":"Entrez Gene","id":"491061","organism":"Canis familiaris"},"unificationXref":"http://identifiers.org/ensembl/ENSCAFG00000016880"},{"networkType":"node","nodeType":"DataNode","dataNodeType":"GeneProduct","@type":["DataNode","GeneProduct","datanode"],"gpmlType":"datanode","graphicalType":"path","datasourceReference":{"database":"Entrez Gene","id":"477595","organism":"Canis familiaris"},"unificationXref":"http://identifiers.org/ensembl/ENSCAFG00000001530"},{"networkType":"node","nodeType":"DataNode","dataNodeType":"GeneProduct","@type":["DataNode","GeneProduct","datanode"],"gpmlType":"datanode","graphicalType":"path","datasourceReference":{"database":"Entrez Gene","id":"477792","organism":"Canis familiaris"},"unificationXref":"http://identifiers.org/ensembl/ENSCAFG00000009515"},{"networkType":"node","nodeType":"DataNode","dataNodeType":"GeneProduct","@type":["DataNode","GeneProduct","datanode"],"gpmlType":"datanode","graphicalType":"path","datasourceReference":{"database":"Entrez Gene","id":"478807","organism":"Canis familiaris"},"unificationXref":"http://identifiers.org/ensembl/ENSCAFG00000013366"},{"networkType":"node","nodeType":"DataNode","dataNodeType":"GeneProduct","@type":["DataNode","GeneProduct","datanode"],"gpmlType":"datanode","graphicalType":"path","datasourceReference":{"database":"Entrez Gene","id":"804488","organism":"Canis familiaris"},"unificationXref":"http://identifiers.org/ensembl/ENSCAFG00000022729"},{"networkType":"node","nodeType":"DataNode","dataNodeType":"GeneProduct","@type":["DataNode","GeneProduct","datanode"],"gpmlType":"datanode","graphicalType":"path","datasourceReference":{"database":"Entrez Gene","id":"480149","organism":"Canis familiaris"},"unificationXref":"http://identifiers.org/ensembl/ENSCAFG00000017648"},{"networkType":"node","nodeType":"DataNode","dataNodeType":"GeneProduct","@type":["DataNode","GeneProduct","datanode"],"gpmlType":"datanode","graphicalType":"path","datasourceReference":{"database":"Entrez Gene","id":"403669","organism":"Canis familiaris"},"unificationXref":"http://identifiers.org/ensembl/ENSCAFG00000000136"},{"networkType":"node","nodeType":"DataNode","dataNodeType":"GeneProduct","@type":["DataNode","GeneProduct","datanode"],"gpmlType":"datanode","graphicalType":"path","datasourceReference":{"database":"Entrez Gene","id":"476756","organism":"Canis familiaris"},"unificationXref":"http://identifiers.org/ensembl/ENSCAFG00000019536"},{"networkType":"node","nodeType":"DataNode","dataNodeType":"GeneProduct","@type":["DataNode","GeneProduct","datanode"],"gpmlType":"datanode","graphicalType":"path","datasourceReference":{"database":"Entrez Gene","id":"479901","organism":"Canis familiaris"},"unificationXref":"http://identifiers.org/ensembl/ENSCAFG00000019738"},{"networkType":"node","nodeType":"DataNode","dataNodeType":"GeneProduct","@type":["DataNode","GeneProduct","datanode"],"gpmlType":"datanode","graphicalType":"path","datasourceReference":{"database":"Entrez Gene","id":"478009","organism":"Canis familiaris"}},{"networkType":"node","nodeType":"DataNode","dataNodeType":"GeneProduct","@type":["DataNode","GeneProduct","datanode"],"gpmlType":"datanode","graphicalType":"path","datasourceReference":{"database":"Entrez Gene","id":"490683","organism":"Canis familiaris"},"unificationXref":"http://identifiers.org/ensembl/ENSCAFG00000014285"},{"networkType":"node","nodeType":"DataNode","dataNodeType":"GeneProduct","@type":["DataNode","GeneProduct","datanode"],"gpmlType":"datanode","graphicalType":"path","datasourceReference":{"database":"Entrez Gene","id":"478393","organism":"Canis familiaris"},"unificationXref":"http://identifiers.org/ensembl/ENSCAFG00000024922"},{"networkType":"node","nodeType":"DataNode","dataNodeType":"GeneProduct","@type":["DataNode","GeneProduct","datanode"],"gpmlType":"datanode","graphicalType":"path","datasourceReference":{"database":"Entrez Gene","id":"804487","organism":"Canis familiaris"},"unificationXref":"http://identifiers.org/ensembl/ENSCAFG00000022728"},{"networkType":"node","nodeType":"DataNode","dataNodeType":"GeneProduct","@type":["DataNode","GeneProduct","datanode"],"gpmlType":"datanode","graphicalType":"path","datasourceReference":{"database":"Entrez Gene","id":"403574","organism":"Canis familiaris"},"unificationXref":"http://identifiers.org/ensembl/ENSCAFG00000003684"},{"networkType":"node","nodeType":"DataNode","dataNodeType":"GeneProduct","@type":["DataNode","GeneProduct","datanode"],"gpmlType":"datanode","graphicalType":"path","datasourceReference":{"database":"Entrez Gene","id":"609887","organism":"Canis familiaris"},"unificationXref":"http://identifiers.org/ensembl/ENSCAFG00000002029"},{"networkType":"node","nodeType":"DataNode","dataNodeType":"GeneProduct","@type":["DataNode","GeneProduct","datanode"],"gpmlType":"datanode","graphicalType":"path","datasourceReference":{"database":"Entrez Gene","id":"612910","organism":"Canis familiaris"},"unificationXref":"http://identifiers.org/ensembl/ENSCAFG00000018766"},{"networkType":"node","nodeType":"DataNode","dataNodeType":"GeneProduct","@type":["DataNode","GeneProduct","datanode"],"gpmlType":"datanode","graphicalType":"path","datasourceReference":{"database":"Entrez Gene","id":"478165","organism":"Canis familiaris"},"unificationXref":"http://identifiers.org/ensembl/ENSCAFG00000032458"},{"networkType":"node","nodeType":"DataNode","dataNodeType":"GeneProduct","@type":["DataNode","GeneProduct","datanode"],"gpmlType":"datanode","graphicalType":"path","datasourceReference":{"database":"Entrez Gene","id":"480204","organism":"Canis familiaris"},"unificationXref":"http://identifiers.org/ensembl/ENSCAFG00000018686"},{"networkType":"node","nodeType":"DataNode","dataNodeType":"GeneProduct","@type":["DataNode","GeneProduct","datanode"],"gpmlType":"datanode","graphicalType":"path","datasourceReference":{"database":"Entrez Gene","id":"477718","organism":"Canis familiaris"},"unificationXref":"http://identifiers.org/ensembl/ENSCAFG00000015320"},{"networkType":"node","nodeType":"DataNode","dataNodeType":"GeneProduct","@type":["DataNode","GeneProduct","datanode"],"gpmlType":"datanode","graphicalType":"path","datasourceReference":{"database":"Entrez Gene","id":"608244","organism":"Canis familiaris"},"unificationXref":"http://identifiers.org/ensembl/ENSCAFG00000012591"},{"networkType":"node","nodeType":"DataNode","dataNodeType":"GeneProduct","@type":["DataNode","GeneProduct","datanode"],"gpmlType":"datanode","graphicalType":"path","datasourceReference":{"database":"Entrez Gene","id":"478981","organism":"Canis familiaris"},"unificationXref":"http://identifiers.org/ensembl/ENSCAFG00000012850"},{"networkType":"node","nodeType":"DataNode","dataNodeType":"GeneProduct","@type":["DataNode","GeneProduct","datanode"],"gpmlType":"datanode","graphicalType":"path","datasourceReference":{"database":"Entrez Gene","id":"476004","organism":"Canis familiaris"},"unificationXref":"http://identifiers.org/ensembl/ENSCAFG00000011109"},{"networkType":"node","nodeType":"DataNode","dataNodeType":"GeneProduct","@type":["DataNode","GeneProduct","datanode"],"gpmlType":"datanode","graphicalType":"path","datasourceReference":{"database":"Entrez Gene","id":"478880","organism":"Canis familiaris"},"unificationXref":"http://identifiers.org/ensembl/ENSCAFG00000013333"},{"networkType":"node","nodeType":"DataNode","dataNodeType":"GeneProduct","@type":["DataNode","GeneProduct","datanode"],"gpmlType":"datanode","graphicalType":"path","datasourceReference":{"database":"Entrez Gene","id":"477682","organism":"Canis familiaris"}},{"networkType":"node","nodeType":"DataNode","dataNodeType":"GeneProduct","@type":["DataNode","GeneProduct","datanode"],"gpmlType":"datanode","graphicalType":"path","datasourceReference":{"database":"Entrez Gene","id":"475428","organism":"Canis familiaris"},"unificationXref":"http://identifiers.org/ensembl/ENSCAFG00000006232"},{"networkType":"node","nodeType":"DataNode","dataNodeType":"GeneProduct","@type":["DataNode","GeneProduct","datanode"],"gpmlType":"datanode","graphicalType":"path","datasourceReference":{"database":"Entrez Gene","id":"476722","organism":"Canis familiaris"},"unificationXref":"http://identifiers.org/ensembl/ENSCAFG00000018497"},{"networkType":"node","nodeType":"DataNode","dataNodeType":"GeneProduct","@type":["DataNode","GeneProduct","datanode"],"gpmlType":"datanode","graphicalType":"path","datasourceReference":{"database":"Entrez Gene","id":"476794","organism":"Canis familiaris"},"unificationXref":"http://identifiers.org/ensembl/ENSCAFG00000004842"},{"networkType":"node","nodeType":"DataNode","dataNodeType":"GeneProduct","@type":["DataNode","GeneProduct","datanode"],"gpmlType":"datanode","graphicalType":"path","datasourceReference":{"database":"Entrez Gene","id":"477508","organism":"Canis familiaris"},"unificationXref":"http://identifiers.org/ensembl/ENSCAFG00000031458"},{"networkType":"node","nodeType":"DataNode","dataNodeType":"GeneProduct","@type":["DataNode","GeneProduct","datanode"],"gpmlType":"datanode","graphicalType":"path","datasourceReference":{"database":"Entrez Gene","id":"478634","organism":"Canis familiaris"},"unificationXref":"http://identifiers.org/ensembl/ENSCAFG00000010951"},{"networkType":"node","nodeType":"DataNode","dataNodeType":"GeneProduct","@type":["DataNode","GeneProduct","datanode"],"gpmlType":"datanode","graphicalType":"path","datasourceReference":{"database":"Entrez Gene","id":"475630","organism":"Canis familiaris"},"unificationXref":"http://identifiers.org/ensembl/ENSCAFG00000007596"},{"networkType":"node","nodeType":"DataNode","dataNodeType":"GeneProduct","@type":["DataNode","GeneProduct","datanode"],"gpmlType":"datanode","graphicalType":"path","datasourceReference":{"database":"Entrez Gene","id":"475978","organism":"Canis familiaris"},"unificationXref":"http://identifiers.org/ensembl/ENSCAFG00000008411"},{"networkType":"node","nodeType":"DataNode","dataNodeType":"Metabolite","@type":["DataNode","Metabolite","datanode"],"gpmlType":"datanode","graphicalType":"path","datasourceReference":{"database":"HMDB","id":"HMDB01377","organism":"Canis familiaris"}},{"networkType":"node","nodeType":"DataNode","dataNodeType":"Metabolite","@type":["DataNode","Metabolite","datanode"],"gpmlType":"datanode","graphicalType":"path","datasourceReference":{"database":"HMDB","id":"HMDB02111","organism":"Canis familiaris"}},{"networkType":"node","nodeType":"DataNode","dataNodeType":"Metabolite","@type":["DataNode","Metabolite","datanode"],"gpmlType":"datanode","graphicalType":"path","datasourceReference":{"database":"KEGG Compound","id":"C00524","organism":"Canis familiaris"}},{"networkType":"node","nodeType":"DataNode","dataNodeType":"Metabolite","@type":["DataNode","Metabolite","datanode"],"gpmlType":"datanode","graphicalType":"path","datasourceReference":{"database":"KEGG Compound","id":"C00004","organism":"Canis familiaris"}},{"networkType":"node","nodeType":"DataNode","dataNodeType":"Metabolite","@type":["DataNode","Metabolite","datanode"],"gpmlType":"datanode","graphicalType":"path","datasourceReference":{"database":"KEGG Compound","id":"C00042","organism":"Canis familiaris"}},{"networkType":"node","nodeType":"DataNode","dataNodeType":"Metabolite","@type":["DataNode","Metabolite","datanode"],"gpmlType":"datanode","graphicalType":"path","datasourceReference":{"database":"KEGG Compound","id":"C05359","organism":"Canis familiaris"}},{"networkType":"node","nodeType":"DataNode","dataNodeType":"Metabolite","@type":["DataNode","Metabolite","datanode"],"gpmlType":"datanode","graphicalType":"path","datasourceReference":{"database":"KEGG Compound","id":"C00002","organism":"Canis familiaris"}},{"networkType":"node","nodeType":"DataNode","dataNodeType":"Metabolite","@type":["DataNode","Metabolite","datanode"],"gpmlType":"datanode","graphicalType":"path","datasourceReference":{"database":"HMDB","id":"HMDB01362","organism":"Canis familiaris"}},{"networkType":"node","nodeType":"DataNode","dataNodeType":"Metabolite","@type":["DataNode","Metabolite","datanode"],"gpmlType":"datanode","graphicalType":"path","datasourceReference":{"database":"KEGG Compound","id":"C00003","organism":"Canis familiaris"}},{"networkType":"node","nodeType":"DataNode","dataNodeType":"Metabolite","@type":["DataNode","Metabolite","datanode"],"gpmlType":"datanode","graphicalType":"path","datasourceReference":{"database":"KEGG Compound","id":"C00016","organism":"Canis familiaris"}},{"networkType":"node","nodeType":"DataNode","dataNodeType":"Metabolite","@type":["DataNode","Metabolite","datanode"],"gpmlType":"datanode","graphicalType":"path","datasourceReference":{"database":"KEGG Compound","id":"C01352","organism":"Canis familiaris"}},{"networkType":"node","nodeType":"DataNode","dataNodeType":"Metabolite","@type":["DataNode","Metabolite","datanode"],"gpmlType":"datanode","graphicalType":"path","datasourceReference":{"database":"HMDB","id":"HMDB01362","organism":"Canis familiaris"}},{"networkType":"node","nodeType":"DataNode","dataNodeType":"Metabolite","@type":["DataNode","Metabolite","datanode"],"gpmlType":"datanode","graphicalType":"path","datasourceReference":{"database":"HMDB","id":"HMDB01362","organism":"Canis familiaris"}},{"networkType":"node","nodeType":"DataNode","dataNodeType":"Metabolite","@type":["DataNode","Metabolite","datanode"],"gpmlType":"datanode","graphicalType":"path","datasourceReference":{"database":"HMDB","id":"HMDB01362","organism":"Canis familiaris"}},{"networkType":"node","nodeType":"DataNode","dataNodeType":"Metabolite","@type":["DataNode","Metabolite","datanode"],"gpmlType":"datanode","graphicalType":"path","datasourceReference":{"database":"HMDB","id":"HMDB01362","organism":"Canis familiaris"}},{"networkType":"node","nodeType":"DataNode","dataNodeType":"Metabolite","@type":["DataNode","Metabolite","datanode"],"gpmlType":"datanode","graphicalType":"path","datasourceReference":{"database":"HMDB","id":"HMDB01362","organism":"Canis familiaris"}},{"networkType":"node","nodeType":"DataNode","dataNodeType":"Metabolite","@type":["DataNode","Metabolite","datanode"],"gpmlType":"datanode","graphicalType":"path","datasourceReference":{"database":"HMDB","id":"HMDB01362","organism":"Canis familiaris"}},{"networkType":"node","nodeType":"DataNode","dataNodeType":"Metabolite","@type":["DataNode","Metabolite","datanode"],"gpmlType":"datanode","graphicalType":"path","datasourceReference":{"database":"KEGG Compound","id":"C05359","organism":"Canis familiaris"}},{"networkType":"node","nodeType":"DataNode","dataNodeType":"Metabolite","@type":["DataNode","Metabolite","datanode"],"gpmlType":"datanode","graphicalType":"path","datasourceReference":{"database":"KEGG Compound","id":"C05359","organism":"Canis familiaris"}},{"networkType":"node","nodeType":"DataNode","dataNodeType":"GeneProduct","@type":["DataNode","GeneProduct","datanode"],"gpmlType":"datanode","graphicalType":"path","datasourceReference":{"database":"Entrez Gene","id":"403576","organism":"Canis familiaris"},"unificationXref":"http://identifiers.org/ensembl/ENSCAFG00000005564"}],"xmlns":"http://pathvisio.org/GPML/2013a","lastModified":"10/17/2013","license":"CC BY 2.0","name":"Electron Transport Chain","organism":"Canis familiaris","image":{"@context":{"@vocab":"http://schema.org/"},"width":1440.6666666666667,"height":724.6666666666666},"publicationXref":[],"id":"wpId:WP1119","revision":"71488"}}