{"@context":{"@vocab":"http://vocabularies.wikipathways.org/gpml#","@base":"wpId:WP1285","pathwayIri":"wpId:WP1285","ChEBI":"http://www.ebi.ac.uk/chebi/searchId.do?chebiId=","dataSource":"gpml:Data-Source","datasourceReference":"wp:DatasourceReference","Group":{"@container":"@list","@id":"gpml:Group"},"interaction":{"@id":"biopax:Interaction","@type":"@id"},"interactionType":{"@id":"biopax:InteractionType","@type":"@id"},"interactionGraph":"@graph","lastModified":"gpml:Last-Modified","pathway":"biopax:Pathway","point":{"@container":"@list","@id":"gpml:Point"},"publicationXref":"biopax:PublicationXref","unificationXref":"biopax:UnificationXref","author":"schema:author","backgroundColor":"css2:colors.html#propdef-background-color","backgroundImage":"css2:colors.html#propdef-background-image","biopax":"http://www.biopax.org/release/biopax-level3.owl#","borderColor":"css2:box.html#propdef-border-color","borderStyle":"css2:box.html#propdef-border-style","borderWidth":"css2:box.html#propdef-border-width","boxSizing":{"@id":"css3Ui:box-sizing","@value":"border-box"},"color":"css2:colors.html#propdef-color","contains":{"@id":"ex:contains","@type":"@id"},"css2":"http://www.w3.org/TR/CSS2/","css3Ui":"http://www.w3.org/TR/css3-ui/#","cssTransform":"http://www.w3.org/TR/css-transforms-1/#","gpmlDataNodeType":"gpml:Type","dcterms":"http://puri.org/dc/terms/","entrezGene":"http://www.ncbi.nlm.nih.gov/gene/","ex":"http://www.example.org/","fontFamily":"css2:fonts.html#font-family-prop","fontSize":"css2:fonts.html#propdef-font-size","fontStyle":"css2:fonts.html#propdef-font-style","fontWeight":"css2:fonts.html#propdef-font-weight","gpml":"http://vocabularies.wikipathways.org/gpml#","gpmlFolder":"file://Users/andersriutta/Sites/pathvisiojs/test/gpml/","hMDB":"http://www.hmdb.ca/metabolites/HMDB","height":"css2:visudet.html#propdef-height","id":"@id","image":"schema:image","interactsWith":{"@id":"ex:interactsWith","@type":"@id"},"isContainedBy":{"@reverse":"ex:contains","@type":"@id"},"media":"http://www.w3.org/TR/mediaont-10/","name":"http://xmlns.com/foaf/0.1/name","organism":"biopax:organism","padding":"css2:box.html#propdef-padding","elements":{"@container":"@list","@id":"ex:pathwayElements/"},"position":"css2:visuren.html#propdef-position","rotate":"cssTransform:funcdef-rotate","schema":"http://schema.org/","shapeLibrary":"http://shapelibrary.example.org/","shape":"shapeLibrary:shape","stroke":"svg:painting.html#StrokeProperty","strokeWidth":"svg:painting.html#StrokeWidthProperty","svg":"http://www.w3.org/TR/SVG11/","textAlign":"css2:text.html#propdef-text-align","verticalAlign":"css2:visudet.html#propdef-vertical-align","width":"css2:visudet.html#propdef-width","wp":"http://vocabularies.wikipathways.org/wp#","wpId":"http://identifiers.org/wikipathways/","x":{"@id":"css2:visuren.html#propdef-left","@type":"xsd:integer"},"xsd":"http://www.w3.org/2001/XMLSchema#","y":"css2:visuren.html#propdef-top","zIndex":{"@id":"css2:z-index","@type":"xsd:integer"}},"wpId:WP1285":{"elements":[{"networkType":"node","nodeType":"DataNode","dataNodeType":"GeneProduct","@type":["DataNode","GeneProduct","datanode"],"gpmlType":"datanode","graphicalType":"path"},{"networkType":"node","nodeType":"DataNode","dataNodeType":"GeneProduct","@type":["DataNode","GeneProduct","datanode"],"gpmlType":"datanode","graphicalType":"path","datasourceReference":{"database":"Entrez Gene","id":"171335","organism":"Rattus norvegicus"},"unificationXref":"http://identifiers.org/ensembl/ENSRNOG00000021177"},{"networkType":"node","nodeType":"DataNode","dataNodeType":"Metabolite","@type":["DataNode","Metabolite","datanode"],"gpmlType":"datanode","graphicalType":"path"},{"networkType":"node","nodeType":"DataNode","dataNodeType":"GeneProduct","@type":["DataNode","GeneProduct","datanode"],"gpmlType":"datanode","graphicalType":"path"},{"networkType":"node","nodeType":"DataNode","dataNodeType":"Metabolite","@type":["DataNode","Metabolite","datanode"],"gpmlType":"datanode","graphicalType":"path"},{"networkType":"node","nodeType":"DataNode","dataNodeType":"GeneProduct","@type":["DataNode","GeneProduct","datanode"],"gpmlType":"datanode","graphicalType":"path"},{"networkType":"node","nodeType":"DataNode","dataNodeType":"Metabolite","@type":["DataNode","Metabolite","datanode"],"gpmlType":"datanode","graphicalType":"path"},{"networkType":"node","nodeType":"Label","@type":["label"],"gpmlType":"label","graphicalType":"path"},{"networkType":"node","nodeType":"Label","@type":["label"],"gpmlType":"label","graphicalType":"path"},{"networkType":"edge","gpmlType":"interaction","@type":["interaction"],"graphicalType":"path","markerEnd":"arrow","points":[{"x":420.5,"y":104,"isAttachedTo":"ff9e1","RelX":0,"anchor":[0.5,1,0,1],"RelY":1},{"x":419.125,"y":259,"isAttachedTo":"e8f29","RelX":0,"anchor":[0.5,0,0,-1],"RelY":-1}],"interactionGraph":[{"id":"ff9e1","interactsWith":"e8f29"}],"interactionType":"gpml:Arrow"},{"gpmlType":"anchor","zIndex":null,"networkType":"node","@type":["anchor"],"graphicalType":"path","x":null,"y":null},{"networkType":"edge","gpmlType":"interaction","@type":["interaction"],"graphicalType":"path","points":[{"x":419.95,"y":166,"isAttachedTo":"f25cc","RelX":0,"anchor":[0.5,0.5,0,0],"RelY":0},{"x":463,"y":165.9875,"isAttachedTo":"aa04d","RelX":-1,"anchor":[0,0.5,-1,0],"RelY":0}]},{"networkType":"edge","gpmlType":"interaction","@type":["interaction"],"graphicalType":"path","markerEnd":"arrow","points":[{"x":489.25,"y":267,"isAttachedTo":"d8b30","RelX":0.5,"anchor":[0.75,0,0,-1],"RelY":-1},{"x":624,"y":266,"isAttachedTo":"b5129","RelX":-1,"anchor":[0,0.5,-1,0],"RelY":0}],"interactionGraph":[{"id":"d8b30","interactsWith":"b5129"}],"interactionType":"gpml:Arrow"},{"gpmlType":"anchor","zIndex":null,"networkType":"node","@type":["anchor"],"graphicalType":"path","x":null,"y":null},{"networkType":"edge","gpmlType":"interaction","@type":["interaction"],"graphicalType":"path","points":[{"x":543,"y":275,"isAttachedTo":"c176d","RelX":0,"anchor":[0.5,0,0,-1],"RelY":-1},{"x":543.15,"y":266.6,"isAttachedTo":"c2265","RelX":0,"anchor":[0.5,0.5,0,0],"RelY":0}]},{"networkType":"edge","gpmlType":"interaction","@type":["interaction"],"graphicalType":"path","markerEnd":"arrow","points":[{"x":489,"y":307,"isAttachedTo":"bc1ef","RelX":0.5,"anchor":[0.75,1,0,1],"RelY":1},{"x":626,"y":308,"isAttachedTo":"f01bc","RelX":-1,"anchor":[0,0.5,-1,0],"RelY":0}],"interactionGraph":[{"id":"bc1ef","interactsWith":"f01bc"}],"interactionType":"gpml:Arrow"},{"gpmlType":"anchor","zIndex":null,"networkType":"node","@type":["anchor"],"graphicalType":"path","x":null,"y":null},{"networkType":"edge","gpmlType":"interaction","@type":["interaction"],"graphicalType":"path","points":[{"x":543.75,"y":314.5,"isAttachedTo":"badaa","RelX":0,"anchor":[0.5,0,0,-1],"RelY":-1},{"x":543.8,"y":307.4,"isAttachedTo":"f8574","RelX":0,"anchor":[0.5,0.5,0,0],"RelY":0}]},{"networkType":"edge","gpmlType":"interaction","@type":["interaction"],"graphicalType":"path","markerEnd":"arrow","points":[{"x":348,"y":267,"isAttachedTo":"d8196","RelX":-0.5,"anchor":[0.25,0,0,-1],"RelY":-1},{"x":208,"y":266,"isAttachedTo":"c9b45","RelX":1,"anchor":[1,0.5,1,0],"RelY":0}],"interactionGraph":[{"id":"d8196","interactsWith":"c9b45"}],"interactionType":"gpml:Arrow"},{"gpmlType":"anchor","zIndex":null,"networkType":"node","@type":["anchor"],"graphicalType":"path","x":null,"y":null},{"networkType":"edge","gpmlType":"interaction","@type":["interaction"],"graphicalType":"path","points":[{"x":291.25,"y":274,"isAttachedTo":"dfe44","RelX":0,"anchor":[0.5,0,0,-1],"RelY":-1},{"x":292,"y":266.6,"isAttachedTo":"a185f","RelX":0,"anchor":[0.5,0.5,0,0],"RelY":0}]},{"networkType":"edge","gpmlType":"interaction","@type":["interaction"],"graphicalType":"path","markerEnd":"arrow","points":[{"x":349,"y":307,"isAttachedTo":"d6b43","RelX":-0.5,"anchor":[0.25,1,0,1],"RelY":1},{"x":209,"y":307,"isAttachedTo":"e7065","RelX":1,"anchor":[1,0.5,1,0],"RelY":0}],"interactionGraph":[{"id":"d6b43","interactsWith":"e7065"}],"interactionType":"gpml:Arrow"},{"gpmlType":"anchor","zIndex":null,"networkType":"node","@type":["anchor"],"graphicalType":"path","x":null,"y":null},{"networkType":"edge","gpmlType":"interaction","@type":["interaction"],"graphicalType":"path","points":[{"x":293,"y":314.5,"isAttachedTo":"aa0ff","RelX":0,"anchor":[0.5,0,0,-1],"RelY":-1},{"x":293,"y":307,"isAttachedTo":"fe57f","RelX":0,"anchor":[0.5,0.5,0,0],"RelY":0}]},{"networkType":"edge","gpmlType":"interaction","@type":["interaction"],"graphicalType":"path","markerEnd":"arrow","points":[{"x":348,"y":267,"isAttachedTo":"d8196","RelX":-0.5,"anchor":[0.25,0,0,-1],"RelY":-1},{"x":350,"y":206}]},{"gpmlType":"anchor","zIndex":null,"networkType":"node","@type":["anchor"],"graphicalType":"path","x":null,"y":null},{"networkType":"node","nodeType":"DataNode","dataNodeType":"Metabolite","@type":["DataNode","Metabolite","datanode"],"gpmlType":"datanode","graphicalType":"path"},{"networkType":"edge","gpmlType":"interaction","@type":["interaction"],"graphicalType":"path","markerEnd":"arrow","points":[{"x":419.125,"y":315,"isAttachedTo":"e8f29","RelX":0,"anchor":[0.5,1,0,1],"RelY":1},{"x":362,"y":429,"isAttachedTo":"a1bc4","RelX":0,"anchor":[0.5,0,0,-1],"RelY":-1}],"interactionGraph":[{"id":"e8f29","interactsWith":"a1bc4"}],"interactionType":"gpml:Arrow"},{"gpmlType":"anchor","zIndex":null,"networkType":"node","@type":["anchor"],"graphicalType":"path","x":null,"y":null},{"networkType":"edge","gpmlType":"interaction","@type":["interaction"],"graphicalType":"path","points":[{"x":367.75,"y":360.5,"isAttachedTo":"d2df9","RelX":1,"anchor":[1,0.5,1,0],"RelY":0},{"x":396.275,"y":360.6,"isAttachedTo":"aa96d","RelX":0,"anchor":[0.5,0.5,0,0],"RelY":0}]},{"networkType":"edge","gpmlType":"interaction","@type":["interaction"],"graphicalType":"path","markerEnd":"arrow","points":[{"x":419.125,"y":315,"isAttachedTo":"e8f29","RelX":0,"anchor":[0.5,1,0,1],"RelY":1},{"x":490.75,"y":429,"isAttachedTo":"acb71","RelX":0,"anchor":[0.5,0,0,-1],"RelY":-1}],"interactionGraph":[{"id":"e8f29","interactsWith":"acb71"}],"interactionType":"gpml:Arrow"},{"gpmlType":"anchor","zIndex":null,"networkType":"node","@type":["anchor"],"graphicalType":"path","x":null,"y":null},{"networkType":"edge","gpmlType":"interaction","@type":["interaction"],"graphicalType":"path","points":[{"x":465.25,"y":360.5,"isAttachedTo":"d31e1","RelX":-1,"anchor":[0,0.5,-1,0],"RelY":0},{"x":447.775,"y":360.6,"isAttachedTo":"de843","RelX":0,"anchor":[0.5,0.5,0,0],"RelY":0}]},{"networkType":"edge","gpmlType":"interaction","@type":["interaction"],"graphicalType":"path","markerEnd":"arrow","points":[{"x":168,"y":256,"isAttachedTo":"c9b45","RelX":0,"anchor":[0.5,0,0,-1],"RelY":-1},{"x":167,"y":206,"isAttachedTo":"a945f","RelX":0,"anchor":[0.5,1,0,1],"RelY":1}],"interactionGraph":[{"id":"c9b45","interactsWith":"a945f"}],"interactionType":"gpml:Arrow"},{"gpmlType":"anchor","zIndex":null,"networkType":"node","@type":["anchor"],"graphicalType":"path","x":null,"y":null},{"networkType":"edge","gpmlType":"interaction","@type":["interaction"],"graphicalType":"path","points":[{"x":161.5,"y":236,"isAttachedTo":"d9b22","RelX":1,"anchor":[1,0.5,1,0],"RelY":0},{"x":167.6,"y":236,"isAttachedTo":"fdcfd","RelX":0,"anchor":[0.5,0.5,0,0],"RelY":0}]},{"networkType":"node","nodeType":"DataNode","dataNodeType":"Metabolite","@type":["DataNode","Metabolite","datanode"],"gpmlType":"datanode","graphicalType":"path","datasourceReference":{"database":"HMDB","id":"HMDB01043","organism":"Rattus norvegicus"}},{"networkType":"node","nodeType":"DataNode","dataNodeType":"Metabolite","@type":["DataNode","Metabolite","datanode"],"gpmlType":"datanode","graphicalType":"path","datasourceReference":{"database":"HMDB","id":"HMDB04264","organism":"Rattus norvegicus"}},{"networkType":"node","nodeType":"DataNode","dataNodeType":"GeneProduct","@type":["DataNode","GeneProduct","datanode"],"gpmlType":"datanode","graphicalType":"path","datasourceReference":{"database":"Entrez Gene","id":"29277","organism":"Rattus norvegicus"},"unificationXref":"http://identifiers.org/ensembl/ENSRNOG00000012896"},{"networkType":"node","nodeType":"DataNode","dataNodeType":"Metabolite","@type":["DataNode","Metabolite","datanode"],"gpmlType":"datanode","graphicalType":"path","datasourceReference":{"database":"HMDB","id":"HMDB10409","organism":"Rattus norvegicus"}},{"networkType":"node","nodeType":"DataNode","dataNodeType":"Metabolite","@type":["DataNode","Metabolite","datanode"],"gpmlType":"datanode","graphicalType":"path","datasourceReference":{"database":"HMDB","id":"HMDB02232","organism":"Rattus norvegicus"}},{"networkType":"node","nodeType":"DataNode","dataNodeType":"Metabolite","@type":["DataNode","Metabolite","datanode"],"gpmlType":"datanode","graphicalType":"path","datasourceReference":{"database":"HMDB","id":"HMDB02190","organism":"Rattus norvegicus"}},{"networkType":"node","nodeType":"DataNode","dataNodeType":"Metabolite","@type":["DataNode","Metabolite","datanode"],"gpmlType":"datanode","graphicalType":"path","datasourceReference":{"database":"HMDB","id":"HMDB02314","organism":"Rattus norvegicus"}},{"networkType":"node","nodeType":"DataNode","dataNodeType":"GeneProduct","@type":["DataNode","GeneProduct","datanode"],"gpmlType":"datanode","graphicalType":"path","datasourceReference":{"database":"Entrez Gene","id":"65030","organism":"Rattus norvegicus"},"unificationXref":"http://identifiers.org/ensembl/ENSRNOG00000017286"},{"networkType":"node","nodeType":"DataNode","dataNodeType":"Metabolite","@type":["DataNode","Metabolite","datanode"],"gpmlType":"datanode","graphicalType":"path","datasourceReference":{"database":"HMDB","id":"HMDB02265","organism":"Rattus norvegicus"}},{"networkType":"node","nodeType":"DataNode","dataNodeType":"GeneProduct","@type":["DataNode","GeneProduct","datanode"],"gpmlType":"datanode","graphicalType":"path","datasourceReference":{"database":"Entrez Gene","id":"65030","organism":"Rattus norvegicus"},"unificationXref":"http://identifiers.org/ensembl/ENSRNOG00000017286"},{"networkType":"node","nodeType":"DataNode","dataNodeType":"Metabolite","@type":["DataNode","Metabolite","datanode"],"gpmlType":"datanode","graphicalType":"path","datasourceReference":{"database":"HMDB","id":"HMDB02343","organism":"Rattus norvegicus"}},{"networkType":"node","nodeType":"DataNode","dataNodeType":"GeneProduct","@type":["DataNode","GeneProduct","datanode"],"gpmlType":"datanode","graphicalType":"path","datasourceReference":{"database":"Entrez Gene","id":"65030","organism":"Rattus norvegicus"},"unificationXref":"http://identifiers.org/ensembl/ENSRNOG00000017286"},{"networkType":"node","nodeType":"DataNode","dataNodeType":"Metabolite","@type":["DataNode","Metabolite","datanode"],"gpmlType":"datanode","graphicalType":"path","datasourceReference":{"database":"HMDB","id":"HMDB02311","organism":"Rattus norvegicus"}},{"networkType":"node","nodeType":"DataNode","dataNodeType":"GeneProduct","@type":["DataNode","GeneProduct","datanode"],"gpmlType":"datanode","graphicalType":"path","datasourceReference":{"database":"Entrez Gene","id":"65030","organism":"Rattus norvegicus"},"unificationXref":"http://identifiers.org/ensembl/ENSRNOG00000017286"},{"networkType":"node","nodeType":"DataNode","dataNodeType":"GeneProduct","@type":["DataNode","GeneProduct","datanode"],"gpmlType":"datanode","graphicalType":"path","datasourceReference":{"database":"Entrez Gene","id":"293985","organism":"Rattus norvegicus"},"unificationXref":"http://identifiers.org/ensembl/ENSRNOG00000030661"},{"networkType":"node","nodeType":"DataNode","dataNodeType":"GeneProduct","@type":["DataNode","GeneProduct","datanode"],"gpmlType":"datanode","graphicalType":"path","datasourceReference":{"database":"Entrez Gene","id":"252934","organism":"Rattus norvegicus"},"unificationXref":"http://identifiers.org/ensembl/ENSRNOG00000018816"},{"networkType":"edge","gpmlType":"interaction","@type":["interaction"],"graphicalType":"path","points":[{"x":340.25,"y":243,"isAttachedTo":"b6681","RelX":1,"anchor":[1,0.5,1,0],"RelY":0},{"x":348.8,"y":242.6,"isAttachedTo":"c29e9","RelX":0,"anchor":[0.5,0.5,0,0],"RelY":0}]}],"xmlns":"http://pathvisio.org/GPML/2013a","name":"Arachidonate Epoxygenase   Epoxide Hydrolase","organism":"Rattus norvegicus","image":{"@context":{"@vocab":"http://schema.org/"},"width":736,"height":503},"publicationXref":[],"id":"wpId:WP1285","revision":"69357"}}