{"@context":{"@vocab":"http://vocabularies.wikipathways.org/gpml#","@base":"wpId:WP1278","pathwayIri":"wpId:WP1278","ChEBI":"http://www.ebi.ac.uk/chebi/searchId.do?chebiId=","dataSource":"gpml:Data-Source","datasourceReference":"wp:DatasourceReference","Group":{"@container":"@list","@id":"gpml:Group"},"interaction":{"@id":"biopax:Interaction","@type":"@id"},"interactionType":{"@id":"biopax:InteractionType","@type":"@id"},"interactionGraph":"@graph","lastModified":"gpml:Last-Modified","pathway":"biopax:Pathway","point":{"@container":"@list","@id":"gpml:Point"},"publicationXref":"biopax:PublicationXref","unificationXref":"biopax:UnificationXref","author":"schema:author","backgroundColor":"css2:colors.html#propdef-background-color","backgroundImage":"css2:colors.html#propdef-background-image","biopax":"http://www.biopax.org/release/biopax-level3.owl#","borderColor":"css2:box.html#propdef-border-color","borderStyle":"css2:box.html#propdef-border-style","borderWidth":"css2:box.html#propdef-border-width","boxSizing":{"@id":"css3Ui:box-sizing","@value":"border-box"},"color":"css2:colors.html#propdef-color","contains":{"@id":"ex:contains","@type":"@id"},"css2":"http://www.w3.org/TR/CSS2/","css3Ui":"http://www.w3.org/TR/css3-ui/#","cssTransform":"http://www.w3.org/TR/css-transforms-1/#","gpmlDataNodeType":"gpml:Type","dcterms":"http://puri.org/dc/terms/","entrezGene":"http://www.ncbi.nlm.nih.gov/gene/","ex":"http://www.example.org/","fontFamily":"css2:fonts.html#font-family-prop","fontSize":"css2:fonts.html#propdef-font-size","fontStyle":"css2:fonts.html#propdef-font-style","fontWeight":"css2:fonts.html#propdef-font-weight","gpml":"http://vocabularies.wikipathways.org/gpml#","gpmlFolder":"file://Users/andersriutta/Sites/pathvisiojs/test/gpml/","hMDB":"http://www.hmdb.ca/metabolites/HMDB","height":"css2:visudet.html#propdef-height","id":"@id","image":"schema:image","interactsWith":{"@id":"ex:interactsWith","@type":"@id"},"isContainedBy":{"@reverse":"ex:contains","@type":"@id"},"media":"http://www.w3.org/TR/mediaont-10/","name":"http://xmlns.com/foaf/0.1/name","organism":"biopax:organism","padding":"css2:box.html#propdef-padding","elements":{"@container":"@list","@id":"ex:pathwayElements/"},"position":"css2:visuren.html#propdef-position","rotate":"cssTransform:funcdef-rotate","schema":"http://schema.org/","shapeLibrary":"http://shapelibrary.example.org/","shape":"shapeLibrary:shape","stroke":"svg:painting.html#StrokeProperty","strokeWidth":"svg:painting.html#StrokeWidthProperty","svg":"http://www.w3.org/TR/SVG11/","textAlign":"css2:text.html#propdef-text-align","verticalAlign":"css2:visudet.html#propdef-vertical-align","width":"css2:visudet.html#propdef-width","wp":"http://vocabularies.wikipathways.org/wp#","wpId":"http://identifiers.org/wikipathways/","x":{"@id":"css2:visuren.html#propdef-left","@type":"xsd:integer"},"xsd":"http://www.w3.org/2001/XMLSchema#","y":"css2:visuren.html#propdef-top","zIndex":{"@id":"css2:z-index","@type":"xsd:integer"}},"wpId:WP1278":{"elements":[{"networkType":"node","nodeType":"DataNode","dataNodeType":"GeneProduct","@type":["DataNode","GeneProduct","datanode"],"gpmlType":"datanode","graphicalType":"path"},{"networkType":"node","nodeType":"DataNode","dataNodeType":"GeneProduct","@type":["DataNode","GeneProduct","datanode"],"gpmlType":"datanode","graphicalType":"path","datasourceReference":{"database":"Ensembl","id":"ENSRNOG00000030888","organism":"Rattus norvegicus"},"unificationXref":"http://identifiers.org/ensembl/ENSRNOG00000030888"},{"networkType":"node","nodeType":"DataNode","dataNodeType":"GeneProduct","@type":["DataNode","GeneProduct","datanode"],"gpmlType":"datanode","graphicalType":"path"},{"networkType":"node","nodeType":"DataNode","dataNodeType":"GeneProduct","@type":["DataNode","GeneProduct","datanode"],"gpmlType":"datanode","graphicalType":"path"},{"networkType":"node","nodeType":"DataNode","dataNodeType":"GeneProduct","@type":["DataNode","GeneProduct","datanode"],"gpmlType":"datanode","graphicalType":"path"},{"networkType":"node","nodeType":"Label","@type":["label"],"gpmlType":"label","graphicalType":"path"},{"networkType":"node","nodeType":"Label","@type":["label"],"gpmlType":"label","graphicalType":"path"},{"networkType":"node","nodeType":"Label","@type":["label"],"gpmlType":"label","graphicalType":"path"},{"networkType":"node","nodeType":"Label","@type":["label"],"gpmlType":"label","graphicalType":"path"},{"networkType":"node","nodeType":"Label","@type":["label"],"gpmlType":"label","graphicalType":"path"},{"networkType":"node","nodeType":"Label","@type":["label"],"gpmlType":"label","graphicalType":"path"},{"networkType":"node","nodeType":"Label","@type":["label"],"gpmlType":"label","graphicalType":"path"},{"networkType":"node","nodeType":"Label","@type":["label"],"gpmlType":"label","graphicalType":"path"},{"networkType":"node","nodeType":"Label","@type":["label"],"gpmlType":"label","graphicalType":"path"},{"networkType":"node","nodeType":"Label","@type":["label"],"gpmlType":"label","graphicalType":"path"},{"networkType":"node","nodeType":"Label","@type":["label"],"gpmlType":"label","graphicalType":"path"},{"networkType":"node","nodeType":"Label","@type":["label"],"gpmlType":"label","graphicalType":"path"},{"networkType":"node","nodeType":"Label","@type":["label"],"gpmlType":"label","graphicalType":"path"},{"networkType":"node","nodeType":"Label","@type":["label"],"gpmlType":"label","graphicalType":"path"},{"networkType":"node","nodeType":"Shape","@type":["shape"],"gpmlType":"shape","graphicalType":"path"},{"networkType":"node","nodeType":"Shape","@type":["shape"],"gpmlType":"shape","graphicalType":"path"},{"networkType":"node","nodeType":"Shape","@type":["shape"],"gpmlType":"shape","graphicalType":"path"},{"networkType":"node","nodeType":"Shape","@type":["shape"],"gpmlType":"shape","graphicalType":"path"},{"networkType":"node","nodeType":"Shape","@type":["shape"],"gpmlType":"shape","graphicalType":"path"},{"networkType":"node","nodeType":"Shape","@type":["shape"],"gpmlType":"shape","graphicalType":"path"},{"networkType":"node","nodeType":"Shape","@type":["shape"],"gpmlType":"shape","graphicalType":"path"},{"networkType":"edge","gpmlType":"interaction","@type":["interaction"],"graphicalType":"path","points":[{"x":150,"y":89},{"x":880,"y":89.00000000000009}]},{"networkType":"edge","gpmlType":"interaction","@type":["interaction"],"graphicalType":"path","points":[{"x":150,"y":99},{"x":880,"y":99.00000000000009}]},{"networkType":"edge","gpmlType":"interaction","@type":["interaction"],"graphicalType":"path","markerEnd":"arrow","points":[{"x":581,"y":169,"isAttachedTo":"c5dce","RelX":0,"anchor":[0.5,1,0,1],"RelY":1},{"x":625,"y":194,"isAttachedTo":"a25fb","RelX":0,"anchor":[0.5,0,0,-1],"RelY":-1}],"interactionGraph":[{"id":"c5dce","interactsWith":"a25fb"}],"interactionType":"gpml:Arrow"},{"networkType":"edge","gpmlType":"interaction","@type":["interaction"],"graphicalType":"path","markerEnd":"arrow","points":[{"x":625,"y":240,"isAttachedTo":"a25fb","RelX":0,"anchor":[0.5,1,0,1],"RelY":1},{"x":669.5,"y":269,"isAttachedTo":"be79c","RelX":0,"anchor":[0.5,0,0,-1],"RelY":-1}],"interactionGraph":[{"id":"a25fb","interactsWith":"be79c"}],"interactionType":"gpml:Arrow"},{"networkType":"edge","gpmlType":"interaction","@type":["interaction"],"graphicalType":"path","markerEnd":"arrow","points":[{"x":669.5,"y":335,"isAttachedTo":"be79c","RelX":0,"anchor":[0.5,1,0,1],"RelY":1},{"x":659,"y":547,"isAttachedTo":"bf781","RelX":-0.4375,"anchor":[0.28125,0,0,-1],"RelY":-1.0357142857142858}],"interactionGraph":[{"id":"be79c","interactsWith":"bf781"}],"interactionType":"gpml:Arrow"},{"networkType":"edge","gpmlType":"interaction","@type":["interaction"],"graphicalType":"path","points":[{"x":531,"y":92},{"x":498,"y":267}]},{"networkType":"edge","gpmlType":"interaction","@type":["interaction"],"graphicalType":"path","points":[{"x":464,"y":95},{"x":459,"y":117}]},{"networkType":"edge","gpmlType":"interaction","@type":["interaction"],"graphicalType":"path","markerEnd":"arrow","points":[{"x":416.5,"y":362,"isAttachedTo":"f2f2d","RelX":-0.5,"anchor":[0.25,1,0,1],"RelY":1},{"x":377.5,"y":388,"isAttachedTo":"e4155","RelX":0,"anchor":[0.5,0,0,-1],"RelY":-1}],"interactionGraph":[{"id":"f2f2d","interactsWith":"e4155"}],"interactionType":"gpml:Arrow"},{"networkType":"edge","gpmlType":"interaction","@type":["interaction"],"graphicalType":"path","markerEnd":"arrow","points":[{"x":505,"y":310,"isAttachedTo":"f2f2d","RelX":1,"anchor":[1,0.5,1,0],"RelY":0},{"x":588,"y":563,"isAttachedTo":"f1ada","RelX":0,"anchor":[0.5,0,0,-1],"RelY":-1}],"interactionGraph":[{"id":"f2f2d","interactsWith":"f1ada"}],"interactionType":"gpml:Arrow"},{"networkType":"edge","gpmlType":"interaction","@type":["interaction"],"graphicalType":"path","markerEnd":"arrow","points":[{"x":475.5,"y":362,"isAttachedTo":"f2f2d","RelX":0.5,"anchor":[0.75,1,0,1],"RelY":1},{"x":505,"y":563,"isAttachedTo":"a947d","RelX":0,"anchor":[0.5,0,0,-1],"RelY":-1}],"interactionGraph":[{"id":"f2f2d","interactsWith":"a947d"}],"interactionType":"gpml:Arrow"},{"networkType":"edge","gpmlType":"interaction","@type":["interaction"],"graphicalType":"path","markerEnd":"arrow","points":[{"x":318,"y":440,"isAttachedTo":"e4155","RelX":-1,"anchor":[0,0.5,-1,0],"RelY":0},{"x":265,"y":443,"isAttachedTo":"b4ba6","RelX":1,"anchor":[1,0.5,1,0],"RelY":0}],"interactionGraph":[{"id":"e4155","interactsWith":"b4ba6"}],"interactionType":"gpml:Arrow"},{"networkType":"edge","gpmlType":"interaction","@type":["interaction"],"graphicalType":"path","markerEnd":"arrow","points":[{"x":113,"y":232,"isAttachedTo":"fd21c","RelX":0,"anchor":[0.5,1,0,1],"RelY":1},{"x":113.5,"y":260,"isAttachedTo":"d4480","RelX":0,"anchor":[0.5,0,0,-1],"RelY":-1}],"interactionGraph":[{"id":"fd21c","interactsWith":"d4480"}],"interactionType":"gpml:Arrow"},{"networkType":"edge","gpmlType":"interaction","@type":["interaction"],"graphicalType":"path","markerEnd":"arrow","points":[{"x":187,"y":319.5,"isAttachedTo":"d4480","RelX":1,"anchor":[1,0.5,1,0],"RelY":0},{"x":232.97499999999997,"y":275,"isAttachedTo":"a4af0","RelX":-0.5,"anchor":[0.25,1,0,1],"RelY":1}],"interactionGraph":[{"id":"d4480","interactsWith":"a4af0"}],"interactionType":"gpml:Arrow"},{"networkType":"edge","gpmlType":"interaction","@type":["interaction"],"graphicalType":"path","markerEnd":"arrow","points":[{"x":148,"y":418.5,"isAttachedTo":"b4ba6","RelX":-1,"anchor":[0,0.25,-1,0],"RelY":-0.5},{"x":113.5,"y":379,"isAttachedTo":"d4480","RelX":0,"anchor":[0.5,1,0,1],"RelY":1}],"interactionGraph":[{"id":"b4ba6","interactsWith":"d4480"}],"interactionType":"gpml:Arrow"},{"networkType":"edge","gpmlType":"interaction","@type":["interaction"],"graphicalType":"path","markerEnd":"arrow","points":[{"x":235.75,"y":492,"isAttachedTo":"b4ba6","RelX":0.5,"anchor":[0.75,1,0,1],"RelY":1},{"x":390,"y":628,"isAttachedTo":"b1725","RelX":-1,"anchor":[0,0.5,-1,0],"RelY":0}],"interactionGraph":[{"id":"b4ba6","interactsWith":"b1725"}],"interactionType":"gpml:Arrow"},{"networkType":"node","nodeType":"DataNode","dataNodeType":"GeneProduct","@type":["DataNode","GeneProduct","datanode"],"gpmlType":"datanode","graphicalType":"path"},{"networkType":"edge","gpmlType":"interaction","@type":["interaction"],"graphicalType":"path","points":[{"x":602,"y":718},{"x":602,"y":689}]},{"networkType":"edge","gpmlType":"interaction","@type":["interaction"],"graphicalType":"path","markerEnd":"arrow","points":[{"x":602,"y":689},{"x":653,"y":689}]},{"networkType":"edge","gpmlType":"interaction","@type":["interaction"],"graphicalType":"path","markerEnd":"arrow","points":[{"x":438,"y":656,"isAttachedTo":"b1725","RelX":0,"anchor":[0.5,1,0,1],"RelY":1},{"x":499,"y":680,"isAttachedTo":"a0083","RelX":-0.9583333333333334,"anchor":[0.020833333333333315,0.19642857142857145,0,0],"RelY":-0.6071428571428571}],"interactionGraph":[{"id":"b1725","interactsWith":"a0083"}],"interactionType":"gpml:Arrow"},{"networkType":"edge","gpmlType":"interaction","@type":["interaction"],"graphicalType":"path","markerEnd":"arrow","points":[{"x":658,"y":605,"isAttachedTo":"bf781","RelX":-0.4583333333333333,"anchor":[0.27083333333333337,1,0,1],"RelY":1.0357142857142858},{"x":590,"y":673,"isAttachedTo":"a0083","RelX":0.9375,"anchor":[0.96875,0.07142857142857145,0,0],"RelY":-0.8571428571428571}],"interactionGraph":[{"id":"bf781","interactsWith":"a0083"}],"interactionType":"gpml:Arrow"},{"networkType":"edge","gpmlType":"interaction","@type":["interaction"],"graphicalType":"path","markerEnd":"arrow","points":[{"x":505,"y":583,"isAttachedTo":"a947d","RelX":0,"anchor":[0.5,1,0,1],"RelY":1},{"x":486,"y":614,"isAttachedTo":"b1725","RelX":1,"anchor":[1,0.25,1,0],"RelY":-0.5}],"interactionGraph":[{"id":"a947d","interactsWith":"b1725"}],"interactionType":"gpml:Arrow"},{"networkType":"edge","gpmlType":"interaction","@type":["interaction"],"graphicalType":"path","points":[{"x":494,"y":231,"isAttachedTo":"b424d","RelX":1,"anchor":[1,0.5,1,0],"RelY":0},{"x":502,"y":235,"isAttachedTo":"b7d26","RelX":-1,"anchor":[0,0.5,-1,0],"RelY":0}]},{"networkType":"edge","gpmlType":"interaction","@type":["interaction"],"graphicalType":"path","points":[{"x":522,"y":137,"isAttachedTo":"dfbf8","RelX":1,"anchor":[1,0.5,1,0],"RelY":0},{"x":533,"y":141,"isAttachedTo":"c5dce","RelX":-1,"anchor":[0,0.5,-1,0],"RelY":0}]},{"networkType":"edge","gpmlType":"interaction","@type":["interaction"],"graphicalType":"path","points":[{"x":446,"y":259,"isAttachedTo":"b424d","RelX":0,"anchor":[0.5,1,0,1],"RelY":1},{"x":446,"y":258,"isAttachedTo":"f2f2d","RelX":0,"anchor":[0.5,0,0,-1],"RelY":-1}]},{"networkType":"edge","gpmlType":"interaction","@type":["interaction"],"graphicalType":"path","markerEnd":"arrow","points":[{"x":569,"y":725,"isAttachedTo":"a0083","RelX":0.5,"anchor":[0.75,1,0,1],"RelY":1},{"x":618,"y":729,"isAttachedTo":"e5fd5","RelX":-1,"anchor":[0,0.25,-1,0],"RelY":-0.5}],"interactionGraph":[{"id":"a0083","interactsWith":"e5fd5"}],"interactionType":"gpml:Arrow"},{"networkType":"node","nodeType":"DataNode","dataNodeType":"GeneProduct","@type":["DataNode","GeneProduct","datanode"],"gpmlType":"datanode","graphicalType":"path","datasourceReference":{"database":"Ensembl","id":"ENSRNOG00000013653","organism":"Rattus norvegicus"},"unificationXref":"http://identifiers.org/ensembl/ENSRNOG00000013653"},{"networkType":"node","nodeType":"DataNode","dataNodeType":"GeneProduct","@type":["DataNode","GeneProduct","datanode"],"gpmlType":"datanode","graphicalType":"path","datasourceReference":{"database":"Ensembl","id":"ENSRNOG00000037263","organism":"Rattus norvegicus"},"unificationXref":"http://identifiers.org/ensembl/ENSRNOG00000037263"},{"networkType":"node","nodeType":"DataNode","dataNodeType":"GeneProduct","@type":["DataNode","GeneProduct","datanode"],"gpmlType":"datanode","graphicalType":"path","datasourceReference":{"database":"Ensembl","id":"ENSRNOG00000015179","organism":"Rattus norvegicus"},"unificationXref":"http://identifiers.org/ensembl/ENSRNOG00000015179"},{"networkType":"node","nodeType":"DataNode","dataNodeType":"GeneProduct","@type":["DataNode","GeneProduct","datanode"],"gpmlType":"datanode","graphicalType":"path","datasourceReference":{"database":"Entrez Gene","id":"309361","organism":"Rattus norvegicus"},"unificationXref":"http://identifiers.org/ensembl/ENSRNOG00000022485"},{"networkType":"node","nodeType":"DataNode","dataNodeType":"GeneProduct","@type":["DataNode","GeneProduct","datanode"],"gpmlType":"datanode","graphicalType":"path","datasourceReference":{"database":"Ensembl","id":"ENSRNOG00000003278","organism":"Rattus norvegicus"},"unificationXref":"http://identifiers.org/ensembl/ENSRNOG00000003278"},{"networkType":"node","nodeType":"DataNode","dataNodeType":"GeneProduct","@type":["DataNode","GeneProduct","datanode"],"gpmlType":"datanode","graphicalType":"path","datasourceReference":{"database":"Ensembl","id":"ENSRNOG00000019311","organism":"Rattus norvegicus"},"unificationXref":"http://identifiers.org/ensembl/ENSRNOG00000019311"},{"networkType":"node","nodeType":"DataNode","dataNodeType":"GeneProduct","@type":["DataNode","GeneProduct","datanode"],"gpmlType":"datanode","graphicalType":"path","datasourceReference":{"database":"Ensembl","id":"ENSRNOG00000030888","organism":"Rattus norvegicus"},"unificationXref":"http://identifiers.org/ensembl/ENSRNOG00000030888"},{"networkType":"node","nodeType":"DataNode","dataNodeType":"GeneProduct","@type":["DataNode","GeneProduct","datanode"],"gpmlType":"datanode","graphicalType":"path","datasourceReference":{"database":"Ensembl","id":"ENSRNOG00000019311","organism":"Rattus norvegicus"},"unificationXref":"http://identifiers.org/ensembl/ENSRNOG00000019311"},{"networkType":"node","nodeType":"DataNode","dataNodeType":"GeneProduct","@type":["DataNode","GeneProduct","datanode"],"gpmlType":"datanode","graphicalType":"path","datasourceReference":{"database":"Ensembl","id":"ENSRNOG00000030888","organism":"Rattus norvegicus"},"unificationXref":"http://identifiers.org/ensembl/ENSRNOG00000030888"},{"networkType":"node","nodeType":"DataNode","dataNodeType":"GeneProduct","@type":["DataNode","GeneProduct","datanode"],"gpmlType":"datanode","graphicalType":"path","datasourceReference":{"database":"Ensembl","id":"ENSRNOG00000005724","organism":"Rattus norvegicus"},"unificationXref":"http://identifiers.org/ensembl/ENSRNOG00000005724"},{"networkType":"node","nodeType":"DataNode","dataNodeType":"GeneProduct","@type":["DataNode","GeneProduct","datanode"],"gpmlType":"datanode","graphicalType":"path","datasourceReference":{"database":"Ensembl","id":"ENSRNOG00000005724","organism":"Rattus norvegicus"},"unificationXref":"http://identifiers.org/ensembl/ENSRNOG00000005724"},{"networkType":"node","nodeType":"DataNode","dataNodeType":"GeneProduct","@type":["DataNode","GeneProduct","datanode"],"gpmlType":"datanode","graphicalType":"path","datasourceReference":{"database":"Ensembl","id":"ENSRNOG00000008441","organism":"Rattus norvegicus"},"unificationXref":"http://identifiers.org/ensembl/ENSRNOG00000008441"},{"networkType":"node","nodeType":"DataNode","dataNodeType":"GeneProduct","@type":["DataNode","GeneProduct","datanode"],"gpmlType":"datanode","graphicalType":"path","datasourceReference":{"database":"Ensembl","id":"ENSRNOG00000037237","organism":"Rattus norvegicus"},"unificationXref":"http://identifiers.org/ensembl/ENSRNOG00000037237"},{"networkType":"node","nodeType":"DataNode","dataNodeType":"GeneProduct","@type":["DataNode","GeneProduct","datanode"],"gpmlType":"datanode","graphicalType":"path","datasourceReference":{"database":"Ensembl","id":"ENSRNOG00000004639","organism":"Rattus norvegicus"},"unificationXref":"http://identifiers.org/ensembl/ENSRNOG00000004639"},{"networkType":"node","nodeType":"DataNode","dataNodeType":"GeneProduct","@type":["DataNode","GeneProduct","datanode"],"gpmlType":"datanode","graphicalType":"path","datasourceReference":{"database":"Ensembl","id":"ENSRNOG00000022485","organism":"Rattus norvegicus"},"unificationXref":"http://identifiers.org/ensembl/ENSRNOG00000022485"},{"networkType":"node","nodeType":"DataNode","dataNodeType":"GeneProduct","@type":["DataNode","GeneProduct","datanode"],"gpmlType":"datanode","graphicalType":"path","datasourceReference":{"database":"Ensembl","id":"ENSRNOG00000019073","organism":"Rattus norvegicus"},"unificationXref":"http://identifiers.org/ensembl/ENSRNOG00000019073"},{"networkType":"node","nodeType":"DataNode","dataNodeType":"GeneProduct","@type":["DataNode","GeneProduct","datanode"],"gpmlType":"datanode","graphicalType":"path","datasourceReference":{"database":"Entrez Gene","id":"299331","organism":"Rattus norvegicus"},"unificationXref":"http://identifiers.org/ensembl/ENSRNOG00000007219"},{"networkType":"node","nodeType":"DataNode","dataNodeType":"GeneProduct","@type":["DataNode","GeneProduct","datanode"],"gpmlType":"datanode","graphicalType":"path","datasourceReference":{"database":"Ensembl","id":"ENSRNOG00000001849","organism":"Rattus norvegicus"},"unificationXref":"http://identifiers.org/ensembl/ENSRNOG00000001849"},{"networkType":"node","nodeType":"DataNode","dataNodeType":"GeneProduct","@type":["DataNode","GeneProduct","datanode"],"gpmlType":"datanode","graphicalType":"path","datasourceReference":{"database":"Ensembl","id":"ENSRNOG00000030888","organism":"Rattus norvegicus"},"unificationXref":"http://identifiers.org/ensembl/ENSRNOG00000030888"},{"networkType":"node","nodeType":"DataNode","dataNodeType":"GeneProduct","@type":["DataNode","GeneProduct","datanode"],"gpmlType":"datanode","graphicalType":"path","datasourceReference":{"database":"Ensembl","id":"ENSRNOG00000023258","organism":"Rattus norvegicus"},"unificationXref":"http://identifiers.org/ensembl/ENSRNOG00000023258"},{"networkType":"node","nodeType":"DataNode","dataNodeType":"GeneProduct","@type":["DataNode","GeneProduct","datanode"],"gpmlType":"datanode","graphicalType":"path","datasourceReference":{"database":"Ensembl","id":"ENSRNOG00000020155","organism":"Rattus norvegicus"},"unificationXref":"http://identifiers.org/ensembl/ENSRNOG00000020155"},{"networkType":"node","nodeType":"DataNode","dataNodeType":"GeneProduct","@type":["DataNode","GeneProduct","datanode"],"gpmlType":"datanode","graphicalType":"path","datasourceReference":{"database":"Ensembl","id":"ENSRNOG00000023258","organism":"Rattus norvegicus"},"unificationXref":"http://identifiers.org/ensembl/ENSRNOG00000023258"},{"networkType":"node","nodeType":"DataNode","dataNodeType":"GeneProduct","@type":["DataNode","GeneProduct","datanode"],"gpmlType":"datanode","graphicalType":"path","datasourceReference":{"database":"Ensembl","id":"ENSRNOG00000030888","organism":"Rattus norvegicus"},"unificationXref":"http://identifiers.org/ensembl/ENSRNOG00000030888"},{"networkType":"node","nodeType":"DataNode","dataNodeType":"GeneProduct","@type":["DataNode","GeneProduct","datanode"],"gpmlType":"datanode","graphicalType":"path","datasourceReference":{"database":"Ensembl","id":"ENSRNOG00000030888","organism":"Rattus norvegicus"},"unificationXref":"http://identifiers.org/ensembl/ENSRNOG00000030888"},{"networkType":"node","nodeType":"DataNode","dataNodeType":"GeneProduct","@type":["DataNode","GeneProduct","datanode"],"gpmlType":"datanode","graphicalType":"path","datasourceReference":{"database":"Ensembl","id":"ENSRNOG00000023258","organism":"Rattus norvegicus"},"unificationXref":"http://identifiers.org/ensembl/ENSRNOG00000023258"},{"networkType":"node","nodeType":"DataNode","dataNodeType":"GeneProduct","@type":["DataNode","GeneProduct","datanode"],"gpmlType":"datanode","graphicalType":"path","datasourceReference":{"database":"Ensembl","id":"ENSRNOG00000006268","organism":"Rattus norvegicus"},"unificationXref":"http://identifiers.org/ensembl/ENSRNOG00000006268"},{"networkType":"node","nodeType":"DataNode","dataNodeType":"GeneProduct","@type":["DataNode","GeneProduct","datanode"],"gpmlType":"datanode","graphicalType":"path","datasourceReference":{"database":"Ensembl","id":"ENSRNOG00000015992","organism":"Rattus norvegicus"},"unificationXref":"http://identifiers.org/ensembl/ENSRNOG00000015992"},{"networkType":"node","nodeType":"DataNode","dataNodeType":"GeneProduct","@type":["DataNode","GeneProduct","datanode"],"gpmlType":"datanode","graphicalType":"path","datasourceReference":{"database":"Ensembl","id":"ENSRNOG00000000837","organism":"Rattus norvegicus"},"unificationXref":"http://identifiers.org/ensembl/ENSRNOG00000000837"},{"networkType":"node","nodeType":"DataNode","dataNodeType":"GeneProduct","@type":["DataNode","GeneProduct","datanode"],"gpmlType":"datanode","graphicalType":"path","datasourceReference":{"database":"Ensembl","id":"ENSRNOG00000010906","organism":"Rattus norvegicus"},"unificationXref":"http://identifiers.org/ensembl/ENSRNOG00000010906"},{"networkType":"node","nodeType":"DataNode","dataNodeType":"GeneProduct","@type":["DataNode","GeneProduct","datanode"],"gpmlType":"datanode","graphicalType":"path","datasourceReference":{"database":"Ensembl","id":"ENSRNOG00000023258","organism":"Rattus norvegicus"},"unificationXref":"http://identifiers.org/ensembl/ENSRNOG00000023258"},{"networkType":"edge","gpmlType":"interaction","@type":["interaction"],"graphicalType":"path","points":[{"x":506,"y":719},{"x":819,"y":719}]}],"xmlns":"http://pathvisio.org/GPML/2013a","lastModified":"2/21/2013","name":"EBV LMP1 signaling","organism":"Rattus norvegicus","image":{"@context":{"@vocab":"http://schema.org/"},"width":957,"height":810},"publicationXref":[],"id":"wpId:WP1278","revision":"69373"}}