{"@context":{"@vocab":"http://vocabularies.wikipathways.org/gpml#","@base":"wpId:WP1232","pathwayIri":"wpId:WP1232","ChEBI":"http://www.ebi.ac.uk/chebi/searchId.do?chebiId=","dataSource":"gpml:Data-Source","datasourceReference":"wp:DatasourceReference","Group":{"@container":"@list","@id":"gpml:Group"},"interaction":{"@id":"biopax:Interaction","@type":"@id"},"interactionType":{"@id":"biopax:InteractionType","@type":"@id"},"interactionGraph":"@graph","lastModified":"gpml:Last-Modified","pathway":"biopax:Pathway","point":{"@container":"@list","@id":"gpml:Point"},"publicationXref":"biopax:PublicationXref","unificationXref":"biopax:UnificationXref","author":"schema:author","backgroundColor":"css2:colors.html#propdef-background-color","backgroundImage":"css2:colors.html#propdef-background-image","biopax":"http://www.biopax.org/release/biopax-level3.owl#","borderColor":"css2:box.html#propdef-border-color","borderStyle":"css2:box.html#propdef-border-style","borderWidth":"css2:box.html#propdef-border-width","boxSizing":{"@id":"css3Ui:box-sizing","@value":"border-box"},"color":"css2:colors.html#propdef-color","contains":{"@id":"ex:contains","@type":"@id"},"css2":"http://www.w3.org/TR/CSS2/","css3Ui":"http://www.w3.org/TR/css3-ui/#","cssTransform":"http://www.w3.org/TR/css-transforms-1/#","gpmlDataNodeType":"gpml:Type","dcterms":"http://puri.org/dc/terms/","entrezGene":"http://www.ncbi.nlm.nih.gov/gene/","ex":"http://www.example.org/","fontFamily":"css2:fonts.html#font-family-prop","fontSize":"css2:fonts.html#propdef-font-size","fontStyle":"css2:fonts.html#propdef-font-style","fontWeight":"css2:fonts.html#propdef-font-weight","gpml":"http://vocabularies.wikipathways.org/gpml#","gpmlFolder":"file://Users/andersriutta/Sites/pathvisiojs/test/gpml/","hMDB":"http://www.hmdb.ca/metabolites/HMDB","height":"css2:visudet.html#propdef-height","id":"@id","image":"schema:image","interactsWith":{"@id":"ex:interactsWith","@type":"@id"},"isContainedBy":{"@reverse":"ex:contains","@type":"@id"},"media":"http://www.w3.org/TR/mediaont-10/","name":"http://xmlns.com/foaf/0.1/name","organism":"biopax:organism","padding":"css2:box.html#propdef-padding","elements":{"@container":"@list","@id":"ex:pathwayElements/"},"position":"css2:visuren.html#propdef-position","rotate":"cssTransform:funcdef-rotate","schema":"http://schema.org/","shapeLibrary":"http://shapelibrary.example.org/","shape":"shapeLibrary:shape","stroke":"svg:painting.html#StrokeProperty","strokeWidth":"svg:painting.html#StrokeWidthProperty","svg":"http://www.w3.org/TR/SVG11/","textAlign":"css2:text.html#propdef-text-align","verticalAlign":"css2:visudet.html#propdef-vertical-align","width":"css2:visudet.html#propdef-width","wp":"http://vocabularies.wikipathways.org/wp#","wpId":"http://identifiers.org/wikipathways/","x":{"@id":"css2:visuren.html#propdef-left","@type":"xsd:integer"},"xsd":"http://www.w3.org/2001/XMLSchema#","y":"css2:visuren.html#propdef-top","zIndex":{"@id":"css2:z-index","@type":"xsd:integer"}},"wpId:WP1232":{"elements":[{"networkType":"node","nodeType":"DataNode","dataNodeType":"GeneProduct","@type":["DataNode","GeneProduct","datanode"],"gpmlType":"datanode","graphicalType":"path"},{"networkType":"node","nodeType":"DataNode","dataNodeType":"GeneProduct","@type":["DataNode","GeneProduct","datanode"],"gpmlType":"datanode","graphicalType":"path","datasourceReference":{"database":"Ensembl","id":"AGAP011644","organism":"Anopheles gambiae"},"unificationXref":"http://identifiers.org/ensembl/AGAP011644"},{"networkType":"node","nodeType":"DataNode","dataNodeType":"GeneProduct","@type":["DataNode","GeneProduct","datanode"],"gpmlType":"datanode","graphicalType":"path"},{"networkType":"node","nodeType":"DataNode","dataNodeType":"GeneProduct","@type":["DataNode","GeneProduct","datanode"],"gpmlType":"datanode","graphicalType":"path"},{"networkType":"node","nodeType":"DataNode","dataNodeType":"GeneProduct","@type":["DataNode","GeneProduct","datanode"],"gpmlType":"datanode","graphicalType":"path"},{"networkType":"node","nodeType":"DataNode","dataNodeType":"GeneProduct","@type":["DataNode","GeneProduct","datanode"],"gpmlType":"datanode","graphicalType":"path"},{"networkType":"node","nodeType":"DataNode","dataNodeType":"GeneProduct","@type":["DataNode","GeneProduct","datanode"],"gpmlType":"datanode","graphicalType":"path"},{"networkType":"node","nodeType":"DataNode","dataNodeType":"GeneProduct","@type":["DataNode","GeneProduct","datanode"],"gpmlType":"datanode","graphicalType":"path"},{"networkType":"node","nodeType":"DataNode","dataNodeType":"GeneProduct","@type":["DataNode","GeneProduct","datanode"],"gpmlType":"datanode","graphicalType":"path"},{"networkType":"node","nodeType":"Label","@type":["label"],"gpmlType":"label","graphicalType":"path"},{"networkType":"node","nodeType":"Label","@type":["label"],"gpmlType":"label","graphicalType":"path"},{"networkType":"node","nodeType":"Label","@type":["label"],"gpmlType":"label","graphicalType":"path"},{"networkType":"node","nodeType":"Label","@type":["label"],"gpmlType":"label","graphicalType":"path"},{"networkType":"node","nodeType":"Label","@type":["label"],"gpmlType":"label","graphicalType":"path"},{"networkType":"node","nodeType":"Label","@type":["label"],"gpmlType":"label","graphicalType":"path"},{"networkType":"node","nodeType":"Label","@type":["label"],"gpmlType":"label","graphicalType":"path"},{"networkType":"node","nodeType":"Label","@type":["label"],"gpmlType":"label","graphicalType":"path"},{"networkType":"node","nodeType":"Label","@type":["label"],"gpmlType":"label","graphicalType":"path"},{"networkType":"node","nodeType":"Label","@type":["label"],"gpmlType":"label","graphicalType":"path"},{"networkType":"node","nodeType":"Shape","@type":["shape"],"gpmlType":"shape","graphicalType":"path"},{"networkType":"node","nodeType":"Shape","@type":["shape"],"gpmlType":"shape","graphicalType":"path"},{"networkType":"node","nodeType":"Shape","@type":["shape"],"gpmlType":"shape","graphicalType":"path"},{"networkType":"node","nodeType":"Shape","@type":["shape"],"gpmlType":"shape","graphicalType":"path"},{"networkType":"edge","gpmlType":"interaction","@type":["interaction"],"graphicalType":"path","points":[{"x":46.666666666666664,"y":160},{"x":46.666666666666664,"y":440}]},{"networkType":"edge","gpmlType":"interaction","@type":["interaction"],"graphicalType":"path","points":[{"x":63.333333333333336,"y":160},{"x":63.333333333333336,"y":440}]},{"networkType":"edge","gpmlType":"interaction","@type":["interaction"],"graphicalType":"path","points":[{"x":276.6666666666667,"y":160},{"x":276.6666666666667,"y":440}]},{"networkType":"edge","gpmlType":"interaction","@type":["interaction"],"graphicalType":"path","points":[{"x":293.3333333333333,"y":160},{"x":293.3333333333333,"y":440}]},{"networkType":"edge","gpmlType":"interaction","@type":["interaction"],"graphicalType":"path","markerEnd":"arrow","points":[{"x":190,"y":406.6666666666667,"isAttachedTo":"daf","RelX":0,"anchor":[0.5,0,0,-1],"RelY":-1},{"x":267.6666666666667,"y":318,"isAttachedTo":"c4747","RelX":-0.5,"anchor":[0.25,1,0,1],"RelY":1}],"interactionGraph":[{"id":"daf","interactsWith":"c4747"}],"interactionType":"gpml:Arrow"},{"networkType":"edge","gpmlType":"interaction","@type":["interaction"],"graphicalType":"path","markerEnd":"arrow","points":[{"x":765.6666666666667,"y":174.66666666666666,"isAttachedTo":"fa9f7","RelX":0,"anchor":[0.5,1,0,1],"RelY":1},{"x":829.3333333333334,"y":238.66666666666669,"isAttachedTo":"af561","RelX":-0.5,"anchor":[0.25,0,0,-1],"RelY":-1}],"interactionGraph":[{"id":"fa9f7","interactsWith":"af561"}],"interactionType":"gpml:Arrow"},{"networkType":"edge","gpmlType":"interaction","@type":["interaction"],"graphicalType":"path","markerEnd":"tBar","points":[{"x":405.3333333333333,"y":183.33333333333334,"isAttachedTo":"b8ef6","RelX":-1,"anchor":[0,0.5,-1,0],"RelY":0},{"x":324.6666666666667,"y":246,"isAttachedTo":"c4747","RelX":1,"anchor":[1,0.25,1,0],"RelY":-0.5}],"interactionGraph":[{"id":"b8ef6","interactsWith":"c4747"}],"interactionType":"t-bar"},{"networkType":"edge","gpmlType":"interaction","@type":["interaction"],"graphicalType":"path","markerEnd":"arrow","points":[{"x":334.78272421592646,"y":269.90869984161316,"isAttachedTo":"a42c2","RelX":0,"anchor":[0.5,0.5,0,0],"RelY":0},{"x":334.78272421592646,"y":249.90869984161316},{"x":412.33333333333337,"y":249.90869984161316},{"x":412.33333333333337,"y":522},{"x":432.33333333333337,"y":522,"isAttachedTo":"cf1","RelX":-1,"anchor":[0,0.5,-1,0],"RelY":0}],"interactionGraph":[{"id":"a42c2","interactsWith":"cf1"}],"interactionType":"gpml:Arrow"},{"networkType":"edge","gpmlType":"interaction","@type":["interaction"],"graphicalType":"path","markerEnd":"arrow","points":[{"x":176.66666666666666,"y":208,"isAttachedTo":"e3ded","RelX":0,"anchor":[0.5,1,0,1],"RelY":1},{"x":175.85794756791344,"y":246.63449864138346,"isAttachedTo":"c2862","RelX":0,"anchor":[0.5,0.5,0,0],"RelY":0}],"interactionGraph":[{"id":"e3ded","interactsWith":"c2862"}],"interactionType":"gpml:Arrow"},{"networkType":"edge","gpmlType":"interaction","@type":["interaction"],"graphicalType":"path","markerEnd":"arrow","points":[{"x":324.6666666666667,"y":270,"isAttachedTo":"c4747","RelX":1,"anchor":[1,0.5,1,0],"RelY":0},{"x":694,"y":266.6666666666667,"isAttachedTo":"fe5","RelX":-1,"anchor":[0,0.5,-1,0],"RelY":0}],"interactionGraph":[{"id":"c4747","interactsWith":"fe5"}],"interactionType":"gpml:Arrow"},{"gpmlType":"anchor","zIndex":null,"networkType":"node","@type":["anchor"],"graphicalType":"path","x":null,"y":null},{"networkType":"edge","gpmlType":"interaction","@type":["interaction"],"graphicalType":"path","markerEnd":"arrow","points":[{"x":739.3333333333335,"y":266.6666666666667,"isAttachedTo":"fe5","RelX":1,"anchor":[1,0.5,1,0],"RelY":0},{"x":978.1666666666667,"y":262.6666666666667,"isAttachedTo":"fbf","RelX":-1,"anchor":[0,0.5,-1,0],"RelY":0}],"interactionGraph":[{"id":"fe5","interactsWith":"fbf"}],"interactionType":"gpml:Arrow"},{"networkType":"edge","gpmlType":"interaction","@type":["interaction"],"graphicalType":"path","markerEnd":"arrow","points":[{"x":324.6666666666667,"y":270,"isAttachedTo":"c4747","RelX":1,"anchor":[1,0.5,1,0],"RelY":0},{"x":498.66666666666663,"y":205.66666666666666,"isAttachedTo":"eb0ec","RelX":-1,"anchor":[0,0.75,-1,0],"RelY":0.5}],"interactionGraph":[{"id":"c4747","interactsWith":"eb0ec"}],"interactionType":"gpml:Arrow"},{"networkType":"edge","gpmlType":"interaction","@type":["interaction"],"graphicalType":"path","markerEnd":"arrow","points":[{"x":95.66666666666666,"y":247.33333333333331,"isAttachedTo":"dbcea","RelX":1,"anchor":[1,0.5,1,0],"RelY":0},{"x":248.66666666666669,"y":246,"isAttachedTo":"c4747","RelX":-1,"anchor":[0,0.25,-1,0],"RelY":-0.5}],"interactionGraph":[{"id":"dbcea","interactsWith":"c4747"}],"interactionType":"gpml:Arrow"},{"gpmlType":"anchor","zIndex":null,"networkType":"node","@type":["anchor"],"graphicalType":"path","x":null,"y":null},{"networkType":"edge","gpmlType":"interaction","@type":["interaction"],"graphicalType":"path","points":[{"x":870.6666666666666,"y":238.66666666666669,"isAttachedTo":"af561","RelX":0.5,"anchor":[0.75,0,0,-1],"RelY":-1},{"x":897.6666666666666,"y":223.33333333333334,"isAttachedTo":"ef8","RelX":0,"anchor":[0.5,1,0,1],"RelY":1}]},{"networkType":"edge","gpmlType":"interaction","@type":["interaction"],"graphicalType":"path","markerEnd":"tBar","points":[{"x":94.66666666666666,"y":346.6666666666667,"isAttachedTo":"f73b6","RelX":1,"anchor":[1,0.5,1,0],"RelY":0},{"x":248.66666666666669,"y":294,"isAttachedTo":"c4747","RelX":-1,"anchor":[0,0.75,-1,0],"RelY":0.5}],"interactionGraph":[{"id":"f73b6","interactsWith":"c4747"}],"interactionType":"t-bar"},{"networkType":"edge","gpmlType":"interaction","@type":["interaction"],"graphicalType":"path","markerEnd":"tBar","points":[{"x":370,"y":168,"isAttachedTo":"d05e9","RelX":0,"anchor":[0.5,1,0,1],"RelY":1},{"x":305.6666666666667,"y":222,"isAttachedTo":"c4747","RelX":0.5,"anchor":[0.75,0,0,-1],"RelY":-1}],"interactionGraph":[{"id":"d05e9","interactsWith":"c4747"}],"interactionType":"t-bar"},{"networkType":"node","nodeType":"DataNode","dataNodeType":"GeneProduct","@type":["DataNode","GeneProduct","datanode"],"gpmlType":"datanode","graphicalType":"path"},{"networkType":"edge","gpmlType":"interaction","@type":["interaction"],"graphicalType":"path","markerEnd":"arrow","points":[{"x":1018.5000000000002,"y":262.6666666666667,"isAttachedTo":"fbf","RelX":1,"anchor":[1,0.5,1,0],"RelY":0},{"x":1066.3333333333333,"y":210,"isAttachedTo":"f4b25","RelX":-1,"anchor":[0,0.5,-1,0],"RelY":0}],"interactionGraph":[{"id":"fbf","interactsWith":"f4b25"}],"interactionType":"gpml:Arrow"},{"networkType":"edge","gpmlType":"interaction","@type":["interaction"],"graphicalType":"path","markerEnd":"arrow","points":[{"x":1018.5000000000002,"y":262.6666666666667,"isAttachedTo":"fbf","RelX":1,"anchor":[1,0.5,1,0],"RelY":0},{"x":1076.6666666666665,"y":263.3333333333333,"isAttachedTo":"c78","RelX":-1,"anchor":[0,0.5,-1,0],"RelY":0}],"interactionGraph":[{"id":"fbf","interactsWith":"c78"}],"interactionType":"gpml:Arrow"},{"networkType":"edge","gpmlType":"interaction","@type":["interaction"],"graphicalType":"path","markerEnd":"arrow","points":[{"x":370.6666666666667,"y":335.6666666666667,"isAttachedTo":"a3601","RelX":-1,"anchor":[0,0.25,-1,0],"RelY":-0.5},{"x":305.6666666666667,"y":318,"isAttachedTo":"c4747","RelX":0.5,"anchor":[0.75,1,0,1],"RelY":1}],"interactionGraph":[{"id":"a3601","interactsWith":"c4747"}],"interactionType":"gpml:Arrow"},{"networkType":"node","nodeType":"DataNode","dataNodeType":"GeneProduct","@type":["DataNode","GeneProduct","datanode"],"gpmlType":"datanode","graphicalType":"path","datasourceReference":{"database":"Ensembl","id":"AGAP003893","organism":"Anopheles gambiae"},"unificationXref":"http://identifiers.org/ensembl/AGAP003893"},{"networkType":"node","nodeType":"DataNode","dataNodeType":"GeneProduct","@type":["DataNode","GeneProduct","datanode"],"gpmlType":"datanode","graphicalType":"path","datasourceReference":{"database":"Ensembl","id":"AGAP003893","organism":"Anopheles gambiae"},"unificationXref":"http://identifiers.org/ensembl/AGAP003893"},{"networkType":"node","nodeType":"DataNode","dataNodeType":"GeneProduct","@type":["DataNode","GeneProduct","datanode"],"gpmlType":"datanode","graphicalType":"path","datasourceReference":{"database":"Ensembl","id":"AGAP000029","organism":"Anopheles gambiae"},"unificationXref":"http://identifiers.org/ensembl/AGAP000029"},{"networkType":"node","nodeType":"DataNode","dataNodeType":"GeneProduct","@type":["DataNode","GeneProduct","datanode"],"gpmlType":"datanode","graphicalType":"path","datasourceReference":{"database":"Ensembl","id":"AGAP004434","organism":"Anopheles gambiae"},"unificationXref":"http://identifiers.org/ensembl/AGAP004434"},{"networkType":"node","nodeType":"DataNode","dataNodeType":"GeneProduct","@type":["DataNode","GeneProduct","datanode"],"gpmlType":"datanode","graphicalType":"path","datasourceReference":{"database":"Ensembl","id":"AGAP006511","organism":"Anopheles gambiae"},"unificationXref":"http://identifiers.org/ensembl/AGAP006511"},{"networkType":"node","nodeType":"DataNode","dataNodeType":"GeneProduct","@type":["DataNode","GeneProduct","datanode"],"gpmlType":"datanode","graphicalType":"path","datasourceReference":{"database":"Ensembl","id":"AGAP004434","organism":"Anopheles gambiae"},"unificationXref":"http://identifiers.org/ensembl/AGAP004434"},{"networkType":"node","nodeType":"DataNode","dataNodeType":"GeneProduct","@type":["DataNode","GeneProduct","datanode"],"gpmlType":"datanode","graphicalType":"path","datasourceReference":{"database":"Ensembl","id":"AGAP010265","organism":"Anopheles gambiae"},"unificationXref":"http://identifiers.org/ensembl/AGAP010265"},{"networkType":"node","nodeType":"DataNode","dataNodeType":"GeneProduct","@type":["DataNode","GeneProduct","datanode"],"gpmlType":"datanode","graphicalType":"path","datasourceReference":{"database":"Ensembl","id":"AGAP010265","organism":"Anopheles gambiae"},"unificationXref":"http://identifiers.org/ensembl/AGAP010265"},{"networkType":"node","nodeType":"DataNode","dataNodeType":"GeneProduct","@type":["DataNode","GeneProduct","datanode"],"gpmlType":"datanode","graphicalType":"path","datasourceReference":{"database":"Ensembl","id":"AGAP004154","organism":"Anopheles gambiae"},"unificationXref":"http://identifiers.org/ensembl/AGAP004154"},{"networkType":"node","nodeType":"DataNode","dataNodeType":"GeneProduct","@type":["DataNode","GeneProduct","datanode"],"gpmlType":"datanode","graphicalType":"path","datasourceReference":{"database":"Ensembl","id":"AGAP004154","organism":"Anopheles gambiae"},"unificationXref":"http://identifiers.org/ensembl/AGAP004154"},{"networkType":"node","nodeType":"DataNode","dataNodeType":"GeneProduct","@type":["DataNode","GeneProduct","datanode"],"gpmlType":"datanode","graphicalType":"path","datasourceReference":{"database":"Ensembl","id":"AGAP006439","organism":"Anopheles gambiae"},"unificationXref":"http://identifiers.org/ensembl/AGAP006439"},{"networkType":"node","nodeType":"DataNode","dataNodeType":"GeneProduct","@type":["DataNode","GeneProduct","datanode"],"gpmlType":"datanode","graphicalType":"path","datasourceReference":{"database":"Ensembl","id":"AGAP006439","organism":"Anopheles gambiae"},"unificationXref":"http://identifiers.org/ensembl/AGAP006439"},{"networkType":"node","nodeType":"DataNode","dataNodeType":"GeneProduct","@type":["DataNode","GeneProduct","datanode"],"gpmlType":"datanode","graphicalType":"path","datasourceReference":{"database":"Ensembl","id":"AGAP006439","organism":"Anopheles gambiae"},"unificationXref":"http://identifiers.org/ensembl/AGAP006439"},{"networkType":"node","nodeType":"DataNode","dataNodeType":"GeneProduct","@type":["DataNode","GeneProduct","datanode"],"gpmlType":"datanode","graphicalType":"path","datasourceReference":{"database":"Ensembl","id":"AGAP001015","organism":"Anopheles gambiae"},"unificationXref":"http://identifiers.org/ensembl/AGAP001015"},{"networkType":"node","nodeType":"DataNode","dataNodeType":"GeneProduct","@type":["DataNode","GeneProduct","datanode"],"gpmlType":"datanode","graphicalType":"path","datasourceReference":{"database":"Ensembl","id":"AGAP001015","organism":"Anopheles gambiae"},"unificationXref":"http://identifiers.org/ensembl/AGAP001015"},{"networkType":"node","nodeType":"DataNode","dataNodeType":"GeneProduct","@type":["DataNode","GeneProduct","datanode"],"gpmlType":"datanode","graphicalType":"path","datasourceReference":{"database":"Ensembl","id":"AGAP003873","organism":"Anopheles gambiae"},"unificationXref":"http://identifiers.org/ensembl/AGAP003873"},{"networkType":"node","nodeType":"DataNode","dataNodeType":"GeneProduct","@type":["DataNode","GeneProduct","datanode"],"gpmlType":"datanode","graphicalType":"path","datasourceReference":{"database":"Ensembl","id":"AGAP002381","organism":"Anopheles gambiae"},"unificationXref":"http://identifiers.org/ensembl/AGAP002381"},{"networkType":"node","nodeType":"DataNode","dataNodeType":"GeneProduct","@type":["DataNode","GeneProduct","datanode"],"gpmlType":"datanode","graphicalType":"path","datasourceReference":{"database":"Ensembl","id":"AGAP009816","organism":"Anopheles gambiae"},"unificationXref":"http://identifiers.org/ensembl/AGAP009816"},{"networkType":"node","nodeType":"DataNode","dataNodeType":"GeneProduct","@type":["DataNode","GeneProduct","datanode"],"gpmlType":"datanode","graphicalType":"path","datasourceReference":{"database":"Ensembl","id":"AGAP009816","organism":"Anopheles gambiae"},"unificationXref":"http://identifiers.org/ensembl/AGAP009816"},{"networkType":"node","nodeType":"DataNode","dataNodeType":"GeneProduct","@type":["DataNode","GeneProduct","datanode"],"gpmlType":"datanode","graphicalType":"path","datasourceReference":{"database":"Ensembl","id":"AGAP002957","organism":"Anopheles gambiae"},"unificationXref":"http://identifiers.org/ensembl/AGAP002957"},{"networkType":"node","nodeType":"DataNode","dataNodeType":"GeneProduct","@type":["DataNode","GeneProduct","datanode"],"gpmlType":"datanode","graphicalType":"path","datasourceReference":{"database":"Ensembl","id":"AGAP002957","organism":"Anopheles gambiae"},"unificationXref":"http://identifiers.org/ensembl/AGAP002957"},{"networkType":"node","nodeType":"DataNode","dataNodeType":"GeneProduct","@type":["DataNode","GeneProduct","datanode"],"gpmlType":"datanode","graphicalType":"path","datasourceReference":{"database":"Ensembl","id":"AGAP001734","organism":"Anopheles gambiae"},"unificationXref":"http://identifiers.org/ensembl/AGAP001734"},{"networkType":"node","nodeType":"DataNode","dataNodeType":"GeneProduct","@type":["DataNode","GeneProduct","datanode"],"gpmlType":"datanode","graphicalType":"path","datasourceReference":{"database":"Ensembl","id":"AGAP004448","organism":"Anopheles gambiae"},"unificationXref":"http://identifiers.org/ensembl/AGAP004448"},{"networkType":"node","nodeType":"DataNode","dataNodeType":"GeneProduct","@type":["DataNode","GeneProduct","datanode"],"gpmlType":"datanode","graphicalType":"path","datasourceReference":{"database":"Ensembl","id":"AGAP004448","organism":"Anopheles gambiae"},"unificationXref":"http://identifiers.org/ensembl/AGAP004448"},{"networkType":"node","nodeType":"DataNode","dataNodeType":"GeneProduct","@type":["DataNode","GeneProduct","datanode"],"gpmlType":"datanode","graphicalType":"path","datasourceReference":{"database":"Ensembl","id":"AGAP004448","organism":"Anopheles gambiae"},"unificationXref":"http://identifiers.org/ensembl/AGAP004448"},{"networkType":"node","nodeType":"DataNode","dataNodeType":"GeneProduct","@type":["DataNode","GeneProduct","datanode"],"gpmlType":"datanode","graphicalType":"path","datasourceReference":{"database":"Ensembl","id":"AGAP010167","organism":"Anopheles gambiae"},"unificationXref":"http://identifiers.org/ensembl/AGAP010167"},{"networkType":"node","nodeType":"DataNode","dataNodeType":"GeneProduct","@type":["DataNode","GeneProduct","datanode"],"gpmlType":"datanode","graphicalType":"path","datasourceReference":{"database":"Ensembl","id":"AGAP010167","organism":"Anopheles gambiae"},"unificationXref":"http://identifiers.org/ensembl/AGAP010167"},{"networkType":"node","nodeType":"DataNode","dataNodeType":"GeneProduct","@type":["DataNode","GeneProduct","datanode"],"gpmlType":"datanode","graphicalType":"path","datasourceReference":{"database":"Ensembl","id":"AGAP000903","organism":"Anopheles gambiae"},"unificationXref":"http://identifiers.org/ensembl/AGAP000903"},{"networkType":"node","nodeType":"DataNode","dataNodeType":"GeneProduct","@type":["DataNode","GeneProduct","datanode"],"gpmlType":"datanode","graphicalType":"path","datasourceReference":{"database":"Ensembl","id":"AGAP000903","organism":"Anopheles gambiae"},"unificationXref":"http://identifiers.org/ensembl/AGAP000903"},{"networkType":"node","nodeType":"DataNode","dataNodeType":"GeneProduct","@type":["DataNode","GeneProduct","datanode"],"gpmlType":"datanode","graphicalType":"path","datasourceReference":{"database":"Ensembl","id":"AGAP000903","organism":"Anopheles gambiae"},"unificationXref":"http://identifiers.org/ensembl/AGAP000903"},{"networkType":"node","nodeType":"DataNode","dataNodeType":"GeneProduct","@type":["DataNode","GeneProduct","datanode"],"gpmlType":"datanode","graphicalType":"path","datasourceReference":{"database":"Ensembl","id":"AGAP000903","organism":"Anopheles gambiae"},"unificationXref":"http://identifiers.org/ensembl/AGAP000903"},{"networkType":"node","nodeType":"DataNode","dataNodeType":"GeneProduct","@type":["DataNode","GeneProduct","datanode"],"gpmlType":"datanode","graphicalType":"path","datasourceReference":{"database":"Ensembl","id":"AGAP000903","organism":"Anopheles gambiae"},"unificationXref":"http://identifiers.org/ensembl/AGAP000903"},{"networkType":"node","nodeType":"DataNode","dataNodeType":"GeneProduct","@type":["DataNode","GeneProduct","datanode"],"gpmlType":"datanode","graphicalType":"path","datasourceReference":{"database":"Entrez Gene","id":"1279906","organism":"Anopheles gambiae"},"unificationXref":"http://identifiers.org/ensembl/AGAP008935"},{"networkType":"node","nodeType":"DataNode","dataNodeType":"GeneProduct","@type":["DataNode","GeneProduct","datanode"],"gpmlType":"datanode","graphicalType":"path","datasourceReference":{"database":"Ensembl","id":"AGAP001015","organism":"Anopheles gambiae"},"unificationXref":"http://identifiers.org/ensembl/AGAP001015"},{"networkType":"node","nodeType":"DataNode","dataNodeType":"GeneProduct","@type":["DataNode","GeneProduct","datanode"],"gpmlType":"datanode","graphicalType":"path","datasourceReference":{"database":"Ensembl","id":"AGAP006511","organism":"Anopheles gambiae"},"unificationXref":"http://identifiers.org/ensembl/AGAP006511"},{"networkType":"node","nodeType":"DataNode","dataNodeType":"GeneProduct","@type":["DataNode","GeneProduct","datanode"],"gpmlType":"datanode","graphicalType":"path","datasourceReference":{"database":"Entrez Gene","id":"1281896","organism":"Anopheles gambiae"},"unificationXref":"http://identifiers.org/ensembl/AGAP001283"},{"networkType":"edge","gpmlType":"interaction","@type":["interaction"],"graphicalType":"path","markerEnd":"arrow","points":[{"x":595.6666666666666,"y":522,"isAttachedTo":"cf1","RelX":1,"anchor":[1,0.5,1,0],"RelY":0},{"x":684.8333333333333,"y":522,"isAttachedTo":"b77","RelX":-1,"anchor":[0,0.5,-1,0],"RelY":0}],"interactionGraph":[{"id":"cf1","interactsWith":"b77"}],"interactionType":"gpml:Arrow"}],"xmlns":"http://pathvisio.org/GPML/2013a","lastModified":"2/20/2013","name":"Notch Signaling Pathway","organism":"Anopheles gambiae","image":{"@context":{"@vocab":"http://schema.org/"},"width":1164.3333333333333,"height":568},"publicationXref":[],"id":"wpId:WP1232","revision":"68448"}}