{"@context":{"@vocab":"http://vocabularies.wikipathways.org/gpml#","@base":"wpId:WP1290","pathwayIri":"wpId:WP1290","ChEBI":"http://www.ebi.ac.uk/chebi/searchId.do?chebiId=","dataSource":"gpml:Data-Source","datasourceReference":"wp:DatasourceReference","Group":{"@container":"@list","@id":"gpml:Group"},"interaction":{"@id":"biopax:Interaction","@type":"@id"},"interactionType":{"@id":"biopax:InteractionType","@type":"@id"},"interactionGraph":"@graph","lastModified":"gpml:Last-Modified","pathway":"biopax:Pathway","point":{"@container":"@list","@id":"gpml:Point"},"publicationXref":"biopax:PublicationXref","unificationXref":"biopax:UnificationXref","author":"schema:author","backgroundColor":"css2:colors.html#propdef-background-color","backgroundImage":"css2:colors.html#propdef-background-image","biopax":"http://www.biopax.org/release/biopax-level3.owl#","borderColor":"css2:box.html#propdef-border-color","borderStyle":"css2:box.html#propdef-border-style","borderWidth":"css2:box.html#propdef-border-width","boxSizing":{"@id":"css3Ui:box-sizing","@value":"border-box"},"color":"css2:colors.html#propdef-color","contains":{"@id":"ex:contains","@type":"@id"},"css2":"http://www.w3.org/TR/CSS2/","css3Ui":"http://www.w3.org/TR/css3-ui/#","cssTransform":"http://www.w3.org/TR/css-transforms-1/#","gpmlDataNodeType":"gpml:Type","dcterms":"http://puri.org/dc/terms/","entrezGene":"http://www.ncbi.nlm.nih.gov/gene/","ex":"http://www.example.org/","fontFamily":"css2:fonts.html#font-family-prop","fontSize":"css2:fonts.html#propdef-font-size","fontStyle":"css2:fonts.html#propdef-font-style","fontWeight":"css2:fonts.html#propdef-font-weight","gpml":"http://vocabularies.wikipathways.org/gpml#","gpmlFolder":"file://Users/andersriutta/Sites/pathvisiojs/test/gpml/","hMDB":"http://www.hmdb.ca/metabolites/HMDB","height":"css2:visudet.html#propdef-height","id":"@id","image":"schema:image","interactsWith":{"@id":"ex:interactsWith","@type":"@id"},"isContainedBy":{"@reverse":"ex:contains","@type":"@id"},"media":"http://www.w3.org/TR/mediaont-10/","name":"http://xmlns.com/foaf/0.1/name","organism":"biopax:organism","padding":"css2:box.html#propdef-padding","elements":{"@container":"@list","@id":"ex:pathwayElements/"},"position":"css2:visuren.html#propdef-position","rotate":"cssTransform:funcdef-rotate","schema":"http://schema.org/","shapeLibrary":"http://shapelibrary.example.org/","shape":"shapeLibrary:shape","stroke":"svg:painting.html#StrokeProperty","strokeWidth":"svg:painting.html#StrokeWidthProperty","svg":"http://www.w3.org/TR/SVG11/","textAlign":"css2:text.html#propdef-text-align","verticalAlign":"css2:visudet.html#propdef-vertical-align","width":"css2:visudet.html#propdef-width","wp":"http://vocabularies.wikipathways.org/wp#","wpId":"http://identifiers.org/wikipathways/","x":{"@id":"css2:visuren.html#propdef-left","@type":"xsd:integer"},"xsd":"http://www.w3.org/2001/XMLSchema#","y":"css2:visuren.html#propdef-top","zIndex":{"@id":"css2:z-index","@type":"xsd:integer"}},"wpId:WP1290":{"elements":[{"networkType":"node","nodeType":"DataNode","dataNodeType":"GeneProduct","@type":["DataNode","GeneProduct","datanode"],"gpmlType":"datanode","graphicalType":"path"},{"networkType":"node","nodeType":"DataNode","dataNodeType":"GeneProduct","@type":["DataNode","GeneProduct","datanode"],"gpmlType":"datanode","graphicalType":"path","datasourceReference":{"database":"Entrez Gene","id":"362675","organism":"Rattus norvegicus"},"unificationXref":"http://identifiers.org/ensembl/ENSRNOG00000024707"},{"networkType":"node","nodeType":"DataNode","dataNodeType":"GeneProduct","@type":["DataNode","GeneProduct","datanode"],"gpmlType":"datanode","graphicalType":"path"},{"networkType":"node","nodeType":"Label","@type":["label"],"gpmlType":"label","graphicalType":"path"},{"networkType":"node","nodeType":"Label","@type":["label"],"gpmlType":"label","graphicalType":"path"},{"networkType":"node","nodeType":"Label","@type":["label"],"gpmlType":"label","graphicalType":"path"},{"networkType":"node","nodeType":"Label","@type":["label"],"gpmlType":"label","graphicalType":"path"},{"networkType":"node","nodeType":"Label","@type":["label"],"gpmlType":"label","graphicalType":"path"},{"networkType":"node","nodeType":"Label","@type":["label"],"gpmlType":"label","graphicalType":"path"},{"networkType":"node","nodeType":"Label","@type":["label"],"gpmlType":"label","graphicalType":"path"},{"networkType":"node","nodeType":"Label","@type":["label"],"gpmlType":"label","graphicalType":"path"},{"networkType":"node","nodeType":"Label","@type":["label"],"gpmlType":"label","graphicalType":"path"},{"networkType":"node","nodeType":"Label","@type":["label"],"gpmlType":"label","graphicalType":"path"},{"networkType":"node","nodeType":"Label","@type":["label"],"gpmlType":"label","graphicalType":"path"},{"networkType":"node","nodeType":"Label","@type":["label"],"gpmlType":"label","graphicalType":"path"},{"networkType":"node","nodeType":"Label","@type":["label"],"gpmlType":"label","graphicalType":"path"},{"networkType":"node","nodeType":"Label","@type":["label"],"gpmlType":"label","graphicalType":"path"},{"networkType":"node","nodeType":"Label","@type":["label"],"gpmlType":"label","graphicalType":"path"},{"networkType":"node","nodeType":"Label","@type":["label"],"gpmlType":"label","graphicalType":"path"},{"networkType":"node","nodeType":"Label","@type":["label"],"gpmlType":"label","graphicalType":"path"},{"networkType":"node","nodeType":"Label","@type":["label"],"gpmlType":"label","graphicalType":"path"},{"networkType":"node","nodeType":"Shape","@type":["shape"],"gpmlType":"shape","graphicalType":"path"},{"networkType":"node","nodeType":"Shape","@type":["shape"],"gpmlType":"shape","graphicalType":"path"},{"networkType":"node","nodeType":"Shape","@type":["shape"],"gpmlType":"shape","graphicalType":"path"},{"networkType":"node","nodeType":"Shape","@type":["shape"],"gpmlType":"shape","graphicalType":"path"},{"networkType":"edge","gpmlType":"interaction","@type":["interaction"],"graphicalType":"path","markerEnd":"arrow","points":[{"x":230.33333333333334,"y":298.66666666666663,"isAttachedTo":"b4dc4","RelX":1,"anchor":[1,0.5,1,0],"RelY":0},{"x":273.3333333333333,"y":313.3333333333333,"isAttachedTo":"cec","RelX":-1,"anchor":[0,0.5,-1,0],"RelY":0}],"interactionGraph":[{"id":"b4dc4","interactsWith":"cec"}],"interactionType":"gpml:Arrow"},{"networkType":"edge","gpmlType":"interaction","@type":["interaction"],"graphicalType":"path","markerEnd":"arrow","points":[{"x":550,"y":445.3333333333333,"isAttachedTo":"a995e","RelX":0,"anchor":[0.5,0,0,-1],"RelY":-1},{"x":696.6666666666666,"y":326.6666666666667,"isAttachedTo":"aa8","RelX":0,"anchor":[0.5,1,0,1],"RelY":1}],"interactionGraph":[{"id":"a995e","interactsWith":"aa8"}],"interactionType":"gpml:Arrow"},{"networkType":"edge","gpmlType":"interaction","@type":["interaction"],"graphicalType":"path","markerEnd":"tBar","points":[{"x":434.6666666666667,"y":372.3333333333333,"isAttachedTo":"f3348","RelX":1,"anchor":[1,0.5,1,0],"RelY":0},{"x":560,"y":403.33333333333337,"isAttachedTo":"ce7","RelX":0,"anchor":[0.5,0,0,-1],"RelY":-1}],"interactionGraph":[{"id":"f3348","interactsWith":"ce7"}],"interactionType":"t-bar"},{"networkType":"edge","gpmlType":"interaction","@type":["interaction"],"graphicalType":"path","markerEnd":"tBar","points":[{"x":385,"y":580,"isAttachedTo":"f68","RelX":0.5,"anchor":[0.75,1,0,1],"RelY":1},{"x":415,"y":616.6666666666666,"isAttachedTo":"cbf","RelX":-0.5,"anchor":[0.25,0,0,-1],"RelY":-1}],"interactionGraph":[{"id":"f68","interactsWith":"cbf"}],"interactionType":"t-bar"},{"networkType":"edge","gpmlType":"interaction","@type":["interaction"],"graphicalType":"path","markerEnd":"arrow","points":[{"x":620,"y":682.6666666666666,"isAttachedTo":"a5f","RelX":1,"anchor":[1,0.5,1,0],"RelY":0},{"x":681.3333333333333,"y":683.6666666666666,"isAttachedTo":"f78","RelX":-1,"anchor":[0,0.5,-1,0],"RelY":0}],"interactionGraph":[{"id":"a5f","interactsWith":"f78"}],"interactionType":"gpml:Arrow"},{"networkType":"edge","gpmlType":"interaction","@type":["interaction"],"graphicalType":"path","markerEnd":"arrow","points":[{"x":443.3333333333333,"y":433.3333333333333,"isAttachedTo":"fac","RelX":1,"anchor":[1,0.5,1,0],"RelY":0},{"x":560,"y":403.33333333333337,"isAttachedTo":"ce7","RelX":0,"anchor":[0.5,0,0,-1],"RelY":-1}],"interactionGraph":[{"id":"fac","interactsWith":"ce7"}],"interactionType":"gpml:Arrow"},{"networkType":"edge","gpmlType":"interaction","@type":["interaction"],"graphicalType":"path","markerEnd":"arrow","points":[{"x":720,"y":76.66666666666667,"isAttachedTo":"ff0","RelX":0,"anchor":[0.5,1,0,1],"RelY":1},{"x":720,"y":116.66666666666669,"isAttachedTo":"d44","RelX":0,"anchor":[0.5,0,0,-1],"RelY":-1}],"interactionGraph":[{"id":"ff0","interactsWith":"d44"}],"interactionType":"gpml:Arrow"},{"networkType":"edge","gpmlType":"interaction","@type":["interaction"],"graphicalType":"path","points":[{"x":186.66666666666666,"y":780},{"x":230,"y":780}]},{"networkType":"edge","gpmlType":"interaction","@type":["interaction"],"graphicalType":"path","points":[{"x":186.66666666666666,"y":806.6666666666666},{"x":230,"y":806.6666666666666}]},{"networkType":"edge","gpmlType":"interaction","@type":["interaction"],"graphicalType":"path","markerEnd":"arrow","points":[{"x":720,"y":136.66666666666669,"isAttachedTo":"d44","RelX":0,"anchor":[0.5,1,0,1],"RelY":1},{"x":765,"y":270,"isAttachedTo":"a45","RelX":-0.5,"anchor":[0.25,0,0,-1],"RelY":-1}],"interactionGraph":[{"id":"d44","interactsWith":"a45"}],"interactionType":"gpml:Arrow"},{"networkType":"edge","gpmlType":"interaction","@type":["interaction"],"graphicalType":"path","markerEnd":"tBar","points":[{"x":590.6666666666666,"y":725.3333333333334,"isAttachedTo":"bdb","RelX":0,"anchor":[0.5,0,0,-1],"RelY":-1},{"x":590,"y":692.6666666666666,"isAttachedTo":"a5f","RelX":0,"anchor":[0.5,1,0,1],"RelY":1}],"interactionGraph":[{"id":"bdb","interactsWith":"a5f"}],"interactionType":"t-bar"},{"networkType":"edge","gpmlType":"interaction","@type":["interaction"],"graphicalType":"path","markerEnd":"arrow","points":[{"x":430,"y":616.6666666666666,"isAttachedTo":"cbf","RelX":0,"anchor":[0.5,0,0,-1],"RelY":-1},{"x":398.3333333333333,"y":443.3333333333333,"isAttachedTo":"fac","RelX":-0.5,"anchor":[0.25,1,0,1],"RelY":1}],"interactionGraph":[{"id":"cbf","interactsWith":"fac"}],"interactionType":"gpml:Arrow"},{"networkType":"edge","gpmlType":"interaction","@type":["interaction"],"graphicalType":"path","markerEnd":"arrow","points":[{"x":471.6666666666667,"y":666.6666666666666,"isAttachedTo":"a21","RelX":0.5,"anchor":[0.75,0,0,-1],"RelY":-1},{"x":428.3333333333333,"y":443.3333333333333,"isAttachedTo":"fac","RelX":0.5,"anchor":[0.75,1,0,1],"RelY":1}],"interactionGraph":[{"id":"a21","interactsWith":"fac"}],"interactionType":"gpml:Arrow"},{"networkType":"edge","gpmlType":"interaction","@type":["interaction"],"graphicalType":"path","markerEnd":"arrow","points":[{"x":303.3333333333333,"y":323.3333333333333,"isAttachedTo":"cec","RelX":0,"anchor":[0.5,1,0,1],"RelY":1},{"x":302.6666666666667,"y":359.3333333333333,"isAttachedTo":"e16","RelX":0,"anchor":[0.5,0,0,-1],"RelY":-1}],"interactionGraph":[{"id":"cec","interactsWith":"e16"}],"interactionType":"gpml:Arrow"},{"networkType":"edge","gpmlType":"interaction","@type":["interaction"],"graphicalType":"path","markerEnd":"arrow","points":[{"x":302.6666666666667,"y":379.3333333333333,"isAttachedTo":"e16","RelX":0,"anchor":[0.5,1,0,1],"RelY":1},{"x":302,"y":415.3333333333333,"isAttachedTo":"d43","RelX":0,"anchor":[0.5,0,0,-1],"RelY":-1}],"interactionGraph":[{"id":"e16","interactsWith":"d43"}],"interactionType":"gpml:Arrow"},{"networkType":"edge","gpmlType":"interaction","@type":["interaction"],"graphicalType":"path","markerEnd":"arrow","points":[{"x":302,"y":435.3333333333333,"isAttachedTo":"d43","RelX":0,"anchor":[0.5,1,0,1],"RelY":1},{"x":355,"y":700,"isAttachedTo":"a9e","RelX":-0.5,"anchor":[0.25,0,0,-1],"RelY":-1}],"interactionGraph":[{"id":"d43","interactsWith":"a9e"}],"interactionType":"gpml:Arrow"},{"networkType":"edge","gpmlType":"interaction","@type":["interaction"],"graphicalType":"path","markerEnd":"arrow","points":[{"x":456.6666666666667,"y":666.6666666666666,"isAttachedTo":"a21","RelX":0,"anchor":[0.5,0,0,-1],"RelY":-1},{"x":430,"y":636.6666666666666,"isAttachedTo":"cbf","RelX":0,"anchor":[0.5,1,0,1],"RelY":1}],"interactionGraph":[{"id":"a21","interactsWith":"cbf"}],"interactionType":"gpml:Arrow"},{"networkType":"edge","gpmlType":"interaction","@type":["interaction"],"graphicalType":"path","markerEnd":"arrow","points":[{"x":190,"y":113.33333333333333,"isAttachedTo":"a9b","RelX":0,"anchor":[0.5,1,0,1],"RelY":1},{"x":191.55174999999997,"y":149.66666666666666,"isAttachedTo":"e0f51","RelX":0,"anchor":[0.5,0,0,-1],"RelY":-1}],"interactionGraph":[{"id":"a9b","interactsWith":"e0f51"}],"interactionType":"gpml:Arrow"},{"networkType":"edge","gpmlType":"interaction","@type":["interaction"],"graphicalType":"path","markerEnd":"arrow","points":[{"x":286.6666666666667,"y":113.33333333333333,"isAttachedTo":"ac5","RelX":0,"anchor":[0.5,1,0,1],"RelY":1},{"x":266.99429166666664,"y":149.66666666666666,"isAttachedTo":"e0f51","RelX":0.5,"anchor":[0.75,0,0,-1],"RelY":-1}],"interactionGraph":[{"id":"ac5","interactsWith":"e0f51"}],"interactionType":"gpml:Arrow"},{"networkType":"edge","gpmlType":"interaction","@type":["interaction"],"graphicalType":"path","markerEnd":"arrow","points":[{"x":933.3333333333334,"y":226.66666666666666,"isAttachedTo":"f2e","RelX":0,"anchor":[0.5,1,0,1],"RelY":1},{"x":975,"y":303.3333333333333,"isAttachedTo":"cd5","RelX":-0.5,"anchor":[0.25,0,0,-1],"RelY":-1}],"interactionGraph":[{"id":"f2e","interactsWith":"cd5"}],"interactionType":"gpml:Arrow"},{"networkType":"edge","gpmlType":"interaction","@type":["interaction"],"graphicalType":"path","markerEnd":"arrow","points":[{"x":1003.3333333333335,"y":200,"isAttachedTo":"cc5","RelX":0,"anchor":[0.5,1,0,1],"RelY":1},{"x":990,"y":303.3333333333333,"isAttachedTo":"cd5","RelX":0,"anchor":[0.5,0,0,-1],"RelY":-1}],"interactionGraph":[{"id":"cc5","interactsWith":"cd5"}],"interactionType":"gpml:Arrow"},{"networkType":"edge","gpmlType":"interaction","@type":["interaction"],"graphicalType":"path","markerEnd":"arrow","points":[{"x":1059,"y":226,"isAttachedTo":"cbb","RelX":-0.5,"anchor":[0.25,1,0,1],"RelY":1},{"x":1005,"y":303.3333333333333,"isAttachedTo":"cd5","RelX":0.5,"anchor":[0.75,0,0,-1],"RelY":-1}],"interactionGraph":[{"id":"cbb","interactsWith":"cd5"}],"interactionType":"gpml:Arrow"},{"networkType":"edge","gpmlType":"interaction","@type":["interaction"],"graphicalType":"path","markerEnd":"arrow","points":[{"x":856.6666666666666,"y":256.6666666666667,"isAttachedTo":"eed","RelX":1,"anchor":[1,0.5,1,0],"RelY":0},{"x":1080.6666666666667,"y":260,"isAttachedTo":"ac6","RelX":-1,"anchor":[0,0.5,-1,0],"RelY":0}],"interactionGraph":[{"id":"eed","interactsWith":"ac6"}],"interactionType":"gpml:Arrow"},{"networkType":"edge","gpmlType":"interaction","@type":["interaction"],"graphicalType":"path","markerEnd":"arrow","points":[{"x":810,"y":280,"isAttachedTo":"a45","RelX":1,"anchor":[1,0.5,1,0],"RelY":0},{"x":960,"y":313.3333333333333,"isAttachedTo":"cd5","RelX":-1,"anchor":[0,0.5,-1,0],"RelY":0}],"interactionGraph":[{"id":"a45","interactsWith":"cd5"}],"interactionType":"gpml:Arrow"},{"networkType":"edge","gpmlType":"interaction","@type":["interaction"],"graphicalType":"path","markerEnd":"arrow","points":[{"x":810,"y":280,"isAttachedTo":"a45","RelX":1,"anchor":[1,0.5,1,0],"RelY":0},{"x":960,"y":336.6666666666667,"isAttachedTo":"ba6","RelX":-1,"anchor":[0,0.5,-1,0],"RelY":0}],"interactionGraph":[{"id":"a45","interactsWith":"ba6"}],"interactionType":"gpml:Arrow"},{"networkType":"edge","gpmlType":"interaction","@type":["interaction"],"graphicalType":"path","markerEnd":"arrow","points":[{"x":810,"y":280,"isAttachedTo":"a45","RelX":1,"anchor":[1,0.5,1,0],"RelY":0},{"x":960,"y":360,"isAttachedTo":"c90","RelX":-1,"anchor":[0,0.5,-1,0],"RelY":0}],"interactionGraph":[{"id":"a45","interactsWith":"c90"}],"interactionType":"gpml:Arrow"},{"networkType":"edge","gpmlType":"interaction","@type":["interaction"],"graphicalType":"path","markerEnd":"arrow","points":[{"x":963.3333333333334,"y":216.66666666666666,"isAttachedTo":"f2e","RelX":1,"anchor":[1,0.5,1,0],"RelY":0},{"x":1044,"y":216,"isAttachedTo":"cbb","RelX":-1,"anchor":[0,0.5,-1,0],"RelY":0}],"interactionGraph":[{"id":"f2e","interactsWith":"cbb"}],"interactionType":"gpml:Arrow"},{"networkType":"edge","gpmlType":"interaction","@type":["interaction"],"graphicalType":"path","markerEnd":"arrow","points":[{"x":726.6666666666666,"y":316.6666666666667,"isAttachedTo":"aa8","RelX":1,"anchor":[1,0.5,1,0],"RelY":0},{"x":786.6666666666666,"y":316.6666666666667},{"x":786.6666666666666,"y":333.3333333333333,"isAttachedTo":"d80","RelX":0,"anchor":[0.5,0,0,-1],"RelY":-1}],"interactionGraph":[{"id":"aa8","interactsWith":"d80"}],"interactionType":"gpml:Arrow"},{"networkType":"edge","gpmlType":"interaction","@type":["interaction"],"graphicalType":"path","markerEnd":"arrow","points":[{"x":816.6666666666666,"y":343.3333333333333,"isAttachedTo":"d80","RelX":1,"anchor":[1,0.5,1,0],"RelY":0},{"x":960,"y":313.3333333333333,"isAttachedTo":"cd5","RelX":-1,"anchor":[0,0.5,-1,0],"RelY":0}],"interactionGraph":[{"id":"d80","interactsWith":"cd5"}],"interactionType":"gpml:Arrow"},{"networkType":"edge","gpmlType":"interaction","@type":["interaction"],"graphicalType":"path","markerEnd":"arrow","points":[{"x":816.6666666666666,"y":343.3333333333333,"isAttachedTo":"d80","RelX":1,"anchor":[1,0.5,1,0],"RelY":0},{"x":960,"y":360,"isAttachedTo":"c90","RelX":-1,"anchor":[0,0.5,-1,0],"RelY":0}],"interactionGraph":[{"id":"d80","interactsWith":"c90"}],"interactionType":"gpml:Arrow"},{"networkType":"edge","gpmlType":"interaction","@type":["interaction"],"graphicalType":"path","points":[{"x":126.33333333333333,"y":279.3333333333333,"isAttachedTo":"f02c5","RelX":1,"anchor":[1,0.25,1,0],"RelY":-0.5},{"x":154.33333333333334,"y":279.3333333333333,"isAttachedTo":"b4dc4","RelX":-1,"anchor":[0,0.25,-1,0],"RelY":-0.5}]},{"networkType":"edge","gpmlType":"interaction","@type":["interaction"],"graphicalType":"path","markerEnd":"tBar","points":[{"x":843.3333333333334,"y":382,"isAttachedTo":"dce7b","RelX":0,"anchor":[0.5,0,0,-1],"RelY":-1},{"x":843.3333333333334,"y":374.6666666666667},{"x":786.6666666666666,"y":374.6666666666667},{"x":786.6666666666666,"y":353.3333333333333,"isAttachedTo":"d80","RelX":0,"anchor":[0.5,1,0,1],"RelY":1}],"interactionGraph":[{"id":"dce7b","interactsWith":"d80"}],"interactionType":"t-bar"},{"networkType":"edge","gpmlType":"interaction","@type":["interaction"],"graphicalType":"path","markerEnd":"arrow","points":[{"x":540,"y":80,"isAttachedTo":"d0c","RelX":0,"anchor":[0.5,1,0,1],"RelY":1},{"x":975,"y":303.3333333333333,"isAttachedTo":"cd5","RelX":-0.5,"anchor":[0.25,0,0,-1],"RelY":-1}],"interactionGraph":[{"id":"d0c","interactsWith":"cd5"}],"interactionType":"gpml:Arrow"},{"gpmlType":"anchor","zIndex":null,"networkType":"node","@type":["anchor"],"graphicalType":"path","x":null,"y":null},{"networkType":"edge","gpmlType":"interaction","@type":["interaction"],"graphicalType":"path","markerEnd":"arrow","points":[{"x":545.3333333333333,"y":163.66666666666666,"isAttachedTo":"ef1a2","RelX":1,"anchor":[1,0.25,1,0],"RelY":-0.5},{"x":796.6666666666666,"y":256.6666666666667,"isAttachedTo":"eed","RelX":-1,"anchor":[0,0.5,-1,0],"RelY":0}],"interactionGraph":[{"id":"ef1a2","interactsWith":"eed"}],"interactionType":"gpml:Arrow"},{"networkType":"edge","gpmlType":"interaction","@type":["interaction"],"graphicalType":"path","markerEnd":"arrow","points":[{"x":545.3333333333333,"y":201.66666666666666,"isAttachedTo":"ef1a2","RelX":1,"anchor":[1,0.75,1,0],"RelY":0.5},{"x":750,"y":280,"isAttachedTo":"a45","RelX":-1,"anchor":[0,0.5,-1,0],"RelY":0}],"interactionGraph":[{"id":"ef1a2","interactsWith":"a45"}],"interactionType":"gpml:Arrow"},{"networkType":"edge","gpmlType":"interaction","@type":["interaction"],"graphicalType":"path","markerEnd":"tBar","points":[{"x":283.3333333333333,"y":660.6666666666666,"isAttachedTo":"d45","RelX":0,"anchor":[0.5,1,0,1],"RelY":1},{"x":283.3333333333333,"y":707.1666666666666,"isAttachedTo":"fff","RelX":0,"anchor":[0.5,0,0,-1],"RelY":-1}],"interactionGraph":[{"id":"d45","interactsWith":"fff"}],"interactionType":"t-bar"},{"networkType":"edge","gpmlType":"interaction","@type":["interaction"],"graphicalType":"path","markerEnd":"arrow","points":[{"x":110,"y":113.33333333333333,"isAttachedTo":"b09","RelX":0,"anchor":[0.5,1,0,1],"RelY":1},{"x":116.10920833333331,"y":149.66666666666666,"isAttachedTo":"e0f51","RelX":-0.5,"anchor":[0.25,0,0,-1],"RelY":-1}],"interactionGraph":[{"id":"b09","interactsWith":"e0f51"}],"interactionType":"gpml:Arrow"},{"networkType":"edge","gpmlType":"interaction","@type":["interaction"],"graphicalType":"path","markerEnd":"arrow","points":[{"x":342.4368333333333,"y":174.08333333333331,"isAttachedTo":"e0f51","RelX":1,"anchor":[1,0.25,1,0],"RelY":-0.5},{"x":469.33333333333326,"y":182.66666666666666,"isAttachedTo":"ef1a2","RelX":-1,"anchor":[0,0.5,-1,0],"RelY":0}],"interactionGraph":[{"id":"e0f51","interactsWith":"ef1a2"}],"interactionType":"gpml:Arrow"},{"gpmlType":"anchor","zIndex":null,"networkType":"node","@type":["anchor"],"graphicalType":"path","x":null,"y":null},{"networkType":"edge","gpmlType":"interaction","@type":["interaction"],"graphicalType":"path","markerEnd":"tBar","points":[{"x":191.33333333333334,"y":658.6666666666666,"isAttachedTo":"f33ed","RelX":1,"anchor":[1,0.25,1,0],"RelY":-0.5},{"x":262.5,"y":707.1666666666666,"isAttachedTo":"fff","RelX":-0.5,"anchor":[0.25,0,0,-1],"RelY":-1}],"interactionGraph":[{"id":"f33ed","interactsWith":"fff"}],"interactionType":"t-bar"},{"networkType":"edge","gpmlType":"interaction","@type":["interaction"],"graphicalType":"path","markerEnd":"arrow","points":[{"x":191.33333333333334,"y":686.6666666666666,"isAttachedTo":"f33ed","RelX":1,"anchor":[1,0.75,1,0],"RelY":0.5},{"x":241.66666666666663,"y":716.6666666666666,"isAttachedTo":"fff","RelX":-1,"anchor":[0,0.5,-1,0],"RelY":0}],"interactionGraph":[{"id":"f33ed","interactsWith":"fff"}],"interactionType":"gpml:Arrow"},{"networkType":"edge","gpmlType":"interaction","@type":["interaction"],"graphicalType":"path","markerEnd":"arrow","points":[{"x":102.33333333333331,"y":421.3333333333333,"isAttachedTo":"e9cdc","RelX":0,"anchor":[0.5,1,0,1],"RelY":1},{"x":117.33333333333331,"y":462,"isAttachedTo":"c5179","RelX":0,"anchor":[0.5,0,0,-1],"RelY":-1}],"interactionGraph":[{"id":"e9cdc","interactsWith":"c5179"}],"interactionType":"gpml:Arrow"},{"networkType":"edge","gpmlType":"interaction","@type":["interaction"],"graphicalType":"path","markerEnd":"arrow","points":[{"x":193.33333333333334,"y":222,"isAttachedTo":"bfaa1","RelX":0,"anchor":[0.5,1,0,1],"RelY":1},{"x":192.33333333333334,"y":260,"isAttachedTo":"b4dc4","RelX":0,"anchor":[0.5,0,0,-1],"RelY":-1}],"interactionGraph":[{"id":"bfaa1","interactsWith":"b4dc4"}],"interactionType":"gpml:Arrow"},{"networkType":"edge","gpmlType":"interaction","@type":["interaction"],"graphicalType":"path","points":[{"x":236,"y":494.66666666666663,"isAttachedTo":"fa658","RelX":0,"anchor":[0.5,0,0,-1],"RelY":-1},{"x":250,"y":473.3333333333333}]},{"networkType":"edge","gpmlType":"interaction","@type":["interaction"],"graphicalType":"path","markerEnd":"arrow","points":[{"x":117.33333333333331,"y":578,"isAttachedTo":"c5179","RelX":0,"anchor":[0.5,1,0,1],"RelY":1},{"x":153.33333333333334,"y":644.6666666666666,"isAttachedTo":"f33ed","RelX":0,"anchor":[0.5,0,0,-1],"RelY":-1}],"interactionGraph":[{"id":"c5179","interactsWith":"f33ed"}],"interactionType":"gpml:Arrow"},{"networkType":"edge","gpmlType":"interaction","@type":["interaction"],"graphicalType":"path","markerEnd":"arrow","points":[{"x":155.33333333333331,"y":520,"isAttachedTo":"c5179","RelX":1,"anchor":[1,0.5,1,0],"RelY":0},{"x":179.33333333333331,"y":518.7083333333333,"isAttachedTo":"fa658","RelX":-1,"anchor":[0,0.25,-1,0],"RelY":-0.5}],"interactionGraph":[{"id":"c5179","interactsWith":"fa658"}],"interactionType":"gpml:Arrow"},{"networkType":"edge","gpmlType":"interaction","@type":["interaction"],"graphicalType":"path","markerEnd":"arrow","points":[{"x":750,"y":280,"isAttachedTo":"a45","RelX":-1,"anchor":[0,0.5,-1,0],"RelY":0},{"x":616,"y":293.3333333333333,"isAttachedTo":"dde","RelX":1,"anchor":[1,0.5,1,0],"RelY":0}],"interactionGraph":[{"id":"a45","interactsWith":"dde"}],"interactionType":"gpml:Arrow"},{"networkType":"edge","gpmlType":"interaction","@type":["interaction"],"graphicalType":"path","markerEnd":"arrow","points":[{"x":586,"y":303.3333333333333,"isAttachedTo":"dde","RelX":0,"anchor":[0.5,1,0,1],"RelY":1},{"x":560,"y":403.33333333333337,"isAttachedTo":"ce7","RelX":0,"anchor":[0.5,0,0,-1],"RelY":-1}],"interactionGraph":[{"id":"dde","interactsWith":"ce7"}],"interactionType":"gpml:Arrow"},{"networkType":"edge","gpmlType":"interaction","@type":["interaction"],"graphicalType":"path","points":[{"x":126.33333333333333,"y":307.3333333333333,"isAttachedTo":"f02c5","RelX":1,"anchor":[1,0.75,1,0],"RelY":0.5},{"x":200.6843513611335,"y":371.530287854122,"isAttachedTo":"cb0","RelX":-0.5,"anchor":[0.25,0,0,-1],"RelY":-1}]},{"networkType":"edge","gpmlType":"interaction","@type":["interaction"],"graphicalType":"path","markerEnd":"arrow","points":[{"x":546,"y":332,"isAttachedTo":"a93","RelX":0,"anchor":[0.5,1,0,1],"RelY":1},{"x":560,"y":403.33333333333337,"isAttachedTo":"ce7","RelX":0,"anchor":[0.5,0,0,-1],"RelY":-1}],"interactionGraph":[{"id":"a93","interactsWith":"ce7"}],"interactionType":"gpml:Arrow"},{"networkType":"edge","gpmlType":"interaction","@type":["interaction"],"graphicalType":"path","markerEnd":"arrow","points":[{"x":486.66666666666674,"y":302.6666666666667,"isAttachedTo":"cb6","RelX":0,"anchor":[0.5,1,0,1],"RelY":1},{"x":560,"y":403.33333333333337,"isAttachedTo":"ce7","RelX":0,"anchor":[0.5,0,0,-1],"RelY":-1}],"interactionGraph":[{"id":"cb6","interactsWith":"ce7"}],"interactionType":"gpml:Arrow"},{"networkType":"edge","gpmlType":"interaction","@type":["interaction"],"graphicalType":"path","markerEnd":"arrow","points":[{"x":615.3333333333334,"y":344,"isAttachedTo":"c3d","RelX":0,"anchor":[0.5,1,0,1],"RelY":1},{"x":560,"y":403.33333333333337,"isAttachedTo":"ce7","RelX":0,"anchor":[0.5,0,0,-1],"RelY":-1}],"interactionGraph":[{"id":"c3d","interactsWith":"ce7"}],"interactionType":"gpml:Arrow"},{"networkType":"edge","gpmlType":"interaction","@type":["interaction"],"graphicalType":"path","markerEnd":"arrow","points":[{"x":460.6666666666667,"y":334.6666666666667,"isAttachedTo":"d71","RelX":0,"anchor":[0.5,1,0,1],"RelY":1},{"x":560,"y":403.33333333333337,"isAttachedTo":"ce7","RelX":0,"anchor":[0.5,0,0,-1],"RelY":-1}],"interactionGraph":[{"id":"d71","interactsWith":"ce7"}],"interactionType":"gpml:Arrow"},{"networkType":"edge","gpmlType":"interaction","@type":["interaction"],"graphicalType":"path","markerEnd":"tBar","points":[{"x":862.3333333333334,"y":382,"isAttachedTo":"dce7b","RelX":0.5,"anchor":[0.75,0,0,-1],"RelY":-1},{"x":960,"y":336.6666666666667,"isAttachedTo":"ba6","RelX":-1,"anchor":[0,0.5,-1,0],"RelY":0}],"interactionGraph":[{"id":"dce7b","interactsWith":"ba6"}],"interactionType":"t-bar"},{"networkType":"edge","gpmlType":"interaction","@type":["interaction"],"graphicalType":"path","markerEnd":"tBar","points":[{"x":396.6666666666667,"y":273.3333333333333,"isAttachedTo":"c02","RelX":0,"anchor":[0.5,1,0,1],"RelY":1},{"x":396.6666666666667,"y":324.3333333333333,"isAttachedTo":"f3348","RelX":0,"anchor":[0.5,0,0,-1],"RelY":-1}],"interactionGraph":[{"id":"c02","interactsWith":"f3348"}],"interactionType":"t-bar"},{"networkType":"edge","gpmlType":"interaction","@type":["interaction"],"graphicalType":"path","markerEnd":"arrow","points":[{"x":93.33333333333334,"y":239.33333333333334,"isAttachedTo":"b4533","RelX":0,"anchor":[0.5,1,0,1],"RelY":1},{"x":93.33333333333334,"y":219.33333333333334},{"x":29.333333333333336,"y":219.33333333333334},{"x":29.333333333333332,"y":383.3333333333333,"isAttachedTo":"d64","RelX":0,"anchor":[0.5,0,0,-1],"RelY":-1}],"interactionGraph":[{"id":"b4533","interactsWith":"d64"}],"interactionType":"gpml:Arrow"},{"networkType":"edge","gpmlType":"interaction","@type":["interaction"],"graphicalType":"path","markerEnd":"arrow","points":[{"x":29.333333333333332,"y":403.3333333333333,"isAttachedTo":"d64","RelX":0,"anchor":[0.5,1,0,1],"RelY":1},{"x":29.333333333333332,"y":625.3333333333334},{"x":134.33333333333334,"y":625.3333333333334},{"x":134.33333333333334,"y":644.6666666666666,"isAttachedTo":"f33ed","RelX":-0.5,"anchor":[0.25,0,0,-1],"RelY":-1}],"interactionGraph":[{"id":"d64","interactsWith":"f33ed"}],"interactionType":"gpml:Arrow"},{"networkType":"edge","gpmlType":"interaction","@type":["interaction"],"graphicalType":"path","markerEnd":"tBar","points":[{"x":457.3333333333333,"y":122,"isAttachedTo":"ecf","RelX":0.5,"anchor":[0.75,1,0,1],"RelY":1},{"x":488.33333333333326,"y":144.66666666666666,"isAttachedTo":"ef1a2","RelX":-0.5,"anchor":[0.25,0,0,-1],"RelY":-1}],"interactionGraph":[{"id":"ecf","interactsWith":"ef1a2"}],"interactionType":"t-bar"},{"networkType":"edge","gpmlType":"interaction","@type":["interaction"],"graphicalType":"path","markerEnd":"arrow","points":[{"x":426.6666666666667,"y":676.6666666666666,"isAttachedTo":"a21","RelX":-1,"anchor":[0,0.5,-1,0],"RelY":0},{"x":390,"y":676.6666666666666},{"x":390,"y":666.6666666666666,"isAttachedTo":"b98","RelX":0,"anchor":[0.5,1,0,1],"RelY":1}],"interactionGraph":[{"id":"a21","interactsWith":"b98"}],"interactionType":"gpml:Arrow"},{"networkType":"edge","gpmlType":"interaction","@type":["interaction"],"graphicalType":"path","markerEnd":"tBar","points":[{"x":375,"y":646.6666666666666,"isAttachedTo":"b98","RelX":-0.5,"anchor":[0.25,0,0,-1],"RelY":-1},{"x":370,"y":580,"isAttachedTo":"f68","RelX":0,"anchor":[0.5,1,0,1],"RelY":1}],"interactionGraph":[{"id":"b98","interactsWith":"f68"}],"interactionType":"t-bar"},{"networkType":"edge","gpmlType":"interaction","@type":["interaction"],"graphicalType":"path","markerEnd":"arrow","points":[{"x":460,"y":626.6666666666666,"isAttachedTo":"cbf","RelX":1,"anchor":[1,0.5,1,0],"RelY":0},{"x":488.66666666666674,"y":627.6666666666667,"isAttachedTo":"ce6a7","RelX":-1,"anchor":[0,0.5,-1,0],"RelY":0}],"interactionGraph":[{"id":"cbf","interactsWith":"ce6a7"}],"interactionType":"gpml:Arrow"},{"networkType":"edge","gpmlType":"interaction","@type":["interaction"],"graphicalType":"path","markerEnd":"arrow","points":[{"x":523.3333333333334,"y":590,"isAttachedTo":"ce6a7","RelX":0,"anchor":[0.5,0,0,-1],"RelY":-1},{"x":556.6666666666666,"y":512.8333333333333,"isAttachedTo":"d81","RelX":0,"anchor":[0.5,1,0,1],"RelY":1}],"interactionGraph":[{"id":"ce6a7","interactsWith":"d81"}],"interactionType":"gpml:Arrow"},{"networkType":"edge","gpmlType":"interaction","@type":["interaction"],"graphicalType":"path","markerEnd":"tBar","points":[{"x":653.3333333333335,"y":456.6666666666667,"isAttachedTo":"a6b","RelX":1,"anchor":[1,0.5,1,0],"RelY":0},{"x":778,"y":456.6666666666667},{"x":778,"y":410},{"x":805.3333333333334,"y":410,"isAttachedTo":"dce7b","RelX":-1,"anchor":[0,0.5,-1,0],"RelY":0}],"interactionGraph":[{"id":"a6b","interactsWith":"dce7b"}],"interactionType":"t-bar"},{"networkType":"edge","gpmlType":"interaction","@type":["interaction"],"graphicalType":"path","points":[{"x":1183.3333333333333,"y":206.66666666666666},{"x":1316.6666666666667,"y":206.66666666666666}]},{"networkType":"edge","gpmlType":"interaction","@type":["interaction"],"graphicalType":"path","markerEnd":"arrow","points":[{"x":1253.3333333333335,"y":226.66666666666666,"isAttachedTo":"d2c","RelX":0,"anchor":[0.5,1,0,1],"RelY":1},{"x":1253.333333333333,"y":266.6666666666667,"isAttachedTo":"f13","RelX":0,"anchor":[0.5,0,0,-1],"RelY":-1}],"interactionGraph":[{"id":"d2c","interactsWith":"f13"}],"interactionType":"gpml:Arrow"},{"networkType":"edge","gpmlType":"interaction","@type":["interaction"],"graphicalType":"path","markerEnd":"arrow","points":[{"x":1253.333333333333,"y":286.6666666666667,"isAttachedTo":"f13","RelX":0,"anchor":[0.5,1,0,1],"RelY":1},{"x":1253.3333333333333,"y":316.6666666666667,"isAttachedTo":"d5d","RelX":0,"anchor":[0.5,0,0,-1],"RelY":-1}],"interactionGraph":[{"id":"f13","interactsWith":"d5d"}],"interactionType":"gpml:Arrow"},{"networkType":"edge","gpmlType":"interaction","@type":["interaction"],"graphicalType":"path","markerEnd":"arrow","points":[{"x":1253.3333333333333,"y":336.6666666666667,"isAttachedTo":"d5d","RelX":0,"anchor":[0.5,1,0,1],"RelY":1},{"x":1253.3333333333333,"y":366.6666666666667,"isAttachedTo":"bd8","RelX":0,"anchor":[0.5,0,0,-1],"RelY":-1}],"interactionGraph":[{"id":"d5d","interactsWith":"bd8"}],"interactionType":"gpml:Arrow"},{"networkType":"node","nodeType":"DataNode","dataNodeType":"GeneProduct","@type":["DataNode","GeneProduct","datanode"],"gpmlType":"datanode","graphicalType":"path"},{"networkType":"edge","gpmlType":"interaction","@type":["interaction"],"graphicalType":"path","markerEnd":"mimStimulation","points":[{"x":605.3333333333334,"y":153.33333333333334,"isAttachedTo":"e23","RelX":0,"anchor":[0.5,1,0,1],"RelY":1},{"x":605.3333333333334,"y":133.33333333333334},{"x":714,"y":133.33333333333334},{"x":714,"y":169.33333333333331,"isAttachedTo":"d5f68","RelX":0,"anchor":[0.5,0.5,0,0],"RelY":0}],"interactionGraph":[{"id":"e23","interactsWith":"d5f68"}],"interactionType":"mim-stimulation"},{"networkType":"node","nodeType":"DataNode","dataNodeType":"GeneProduct","@type":["DataNode","GeneProduct","datanode"],"gpmlType":"datanode","graphicalType":"path","datasourceReference":{"database":"Entrez Gene","id":"246756","organism":"Rattus norvegicus"},"unificationXref":"http://identifiers.org/ensembl/ENSRNOG00000015179"},{"networkType":"node","nodeType":"DataNode","dataNodeType":"GeneProduct","@type":["DataNode","GeneProduct","datanode"],"gpmlType":"datanode","graphicalType":"path","datasourceReference":{"database":"Entrez Gene","id":"24835","organism":"Rattus norvegicus"},"unificationXref":"http://identifiers.org/ensembl/ENSRNOG00000000837"},{"networkType":"node","nodeType":"DataNode","dataNodeType":"GeneProduct","@type":["DataNode","GeneProduct","datanode"],"gpmlType":"datanode","graphicalType":"path","datasourceReference":{"database":"Entrez Gene","id":"156767","organism":"Rattus norvegicus"},"unificationXref":"http://identifiers.org/ensembl/ENSRNOG00000016575"},{"networkType":"node","nodeType":"DataNode","dataNodeType":"GeneProduct","@type":["DataNode","GeneProduct","datanode"],"gpmlType":"datanode","graphicalType":"path","datasourceReference":{"database":"Entrez Gene","id":"25625","organism":"Rattus norvegicus"},"unificationXref":"http://identifiers.org/ensembl/ENSRNOG00000031312"},{"networkType":"node","nodeType":"DataNode","dataNodeType":"GeneProduct","@type":["DataNode","GeneProduct","datanode"],"gpmlType":"datanode","graphicalType":"path","datasourceReference":{"database":"Entrez Gene","id":"246775","organism":"Rattus norvegicus"},"unificationXref":"http://identifiers.org/ensembl/ENSRNOG00000013269"},{"networkType":"node","nodeType":"DataNode","dataNodeType":"GeneProduct","@type":["DataNode","GeneProduct","datanode"],"gpmlType":"datanode","graphicalType":"path","datasourceReference":{"database":"Entrez Gene","id":"311786","organism":"Rattus norvegicus"},"unificationXref":"http://identifiers.org/ensembl/ENSRNOG00000006238"},{"networkType":"node","nodeType":"DataNode","dataNodeType":"GeneProduct","@type":["DataNode","GeneProduct","datanode"],"gpmlType":"datanode","graphicalType":"path","datasourceReference":{"database":"Entrez Gene","id":"116667","organism":"Rattus norvegicus"},"unificationXref":"http://identifiers.org/ensembl/ENSRNOG00000013177"},{"networkType":"node","nodeType":"DataNode","dataNodeType":"GeneProduct","@type":["DataNode","GeneProduct","datanode"],"gpmlType":"datanode","graphicalType":"path","datasourceReference":{"database":"Entrez Gene","id":"287398","organism":"Rattus norvegicus"},"unificationXref":"http://identifiers.org/ensembl/ENSRNOG00000003834"},{"networkType":"node","nodeType":"DataNode","dataNodeType":"GeneProduct","@type":["DataNode","GeneProduct","datanode"],"gpmlType":"datanode","graphicalType":"path","datasourceReference":{"database":"Entrez Gene","id":"25272","organism":"Rattus norvegicus"},"unificationXref":"http://identifiers.org/ensembl/ENSRNOG00000002079"},{"networkType":"node","nodeType":"DataNode","dataNodeType":"GeneProduct","@type":["DataNode","GeneProduct","datanode"],"gpmlType":"datanode","graphicalType":"path","datasourceReference":{"database":"Entrez Gene","id":"266610","organism":"Rattus norvegicus"},"unificationXref":"http://identifiers.org/ensembl/ENSRNOG00000047035"},{"networkType":"node","nodeType":"DataNode","dataNodeType":"GeneProduct","@type":["DataNode","GeneProduct","datanode"],"gpmlType":"datanode","graphicalType":"path","datasourceReference":{"database":"Entrez Gene","id":"306886","organism":"Rattus norvegicus"},"unificationXref":"http://identifiers.org/ensembl/ENSRNOG00000017787"},{"networkType":"node","nodeType":"DataNode","dataNodeType":"GeneProduct","@type":["DataNode","GeneProduct","datanode"],"gpmlType":"datanode","graphicalType":"path","datasourceReference":{"database":"Entrez Gene","id":"78971","organism":"Rattus norvegicus"},"unificationXref":"http://identifiers.org/ensembl/ENSRNOG00000005731"},{"networkType":"node","nodeType":"DataNode","dataNodeType":"GeneProduct","@type":["DataNode","GeneProduct","datanode"],"gpmlType":"datanode","graphicalType":"path","datasourceReference":{"database":"Entrez Gene","id":"60371","organism":"Rattus norvegicus"},"unificationXref":"http://identifiers.org/ensembl/ENSRNOG00000010602"},{"networkType":"node","nodeType":"DataNode","dataNodeType":"GeneProduct","@type":["DataNode","GeneProduct","datanode"],"gpmlType":"datanode","graphicalType":"path","datasourceReference":{"database":"Entrez Gene","id":"63879","organism":"Rattus norvegicus"},"unificationXref":"http://identifiers.org/ensembl/ENSRNOG00000006967"},{"networkType":"node","nodeType":"DataNode","dataNodeType":"GeneProduct","@type":["DataNode","GeneProduct","datanode"],"gpmlType":"datanode","graphicalType":"path","datasourceReference":{"database":"Entrez Gene","id":"83584","organism":"Rattus norvegicus"},"unificationXref":"http://identifiers.org/ensembl/ENSRNOG00000009508"},{"networkType":"node","nodeType":"DataNode","dataNodeType":"GeneProduct","@type":["DataNode","GeneProduct","datanode"],"gpmlType":"datanode","graphicalType":"path","datasourceReference":{"database":"Entrez Gene","id":"64026","organism":"Rattus norvegicus"},"unificationXref":"http://identifiers.org/ensembl/ENSRNOG00000016836"},{"networkType":"node","nodeType":"DataNode","dataNodeType":"GeneProduct","@type":["DataNode","GeneProduct","datanode"],"gpmlType":"datanode","graphicalType":"path","datasourceReference":{"database":"Entrez Gene","id":"25402","organism":"Rattus norvegicus"},"unificationXref":"http://identifiers.org/ensembl/ENSRNOG00000010475"},{"networkType":"node","nodeType":"DataNode","dataNodeType":"GeneProduct","@type":["DataNode","GeneProduct","datanode"],"gpmlType":"datanode","graphicalType":"path","datasourceReference":{"database":"Entrez Gene","id":"64314","organism":"Rattus norvegicus"},"unificationXref":"http://identifiers.org/ensembl/ENSRNOG00000016707"},{"networkType":"node","nodeType":"DataNode","dataNodeType":"GeneProduct","@type":["DataNode","GeneProduct","datanode"],"gpmlType":"datanode","graphicalType":"path","datasourceReference":{"database":"Entrez Gene","id":"24224","organism":"Rattus norvegicus"},"unificationXref":"http://identifiers.org/ensembl/ENSRNOG00000002791"},{"networkType":"node","nodeType":"DataNode","dataNodeType":"GeneProduct","@type":["DataNode","GeneProduct","datanode"],"gpmlType":"datanode","graphicalType":"path","datasourceReference":{"database":"Entrez Gene","id":"309295","organism":"Rattus norvegicus"},"unificationXref":"http://identifiers.org/ensembl/ENSRNOG00000037237"},{"networkType":"node","nodeType":"DataNode","dataNodeType":"GeneProduct","@type":["DataNode","GeneProduct","datanode"],"gpmlType":"datanode","graphicalType":"path","datasourceReference":{"database":"Entrez Gene","id":"246097","organism":"Rattus norvegicus"},"unificationXref":"http://identifiers.org/ensembl/ENSRNOG00000019142"},{"networkType":"node","nodeType":"DataNode","dataNodeType":"GeneProduct","@type":["DataNode","GeneProduct","datanode"],"gpmlType":"datanode","graphicalType":"path","datasourceReference":{"database":"Entrez Gene","id":"24888","organism":"Rattus norvegicus"},"unificationXref":"http://identifiers.org/ensembl/ENSRNOG00000007946"},{"networkType":"node","nodeType":"DataNode","dataNodeType":"GeneProduct","@type":["DataNode","GeneProduct","datanode"],"gpmlType":"datanode","graphicalType":"path","datasourceReference":{"database":"Entrez Gene","id":"171528","organism":"Rattus norvegicus"},"unificationXref":"http://identifiers.org/ensembl/ENSRNOG00000045973"},{"networkType":"node","nodeType":"DataNode","dataNodeType":"GeneProduct","@type":["DataNode","GeneProduct","datanode"],"gpmlType":"datanode","graphicalType":"path","datasourceReference":{"database":"Entrez Gene","id":"50669","organism":"Rattus norvegicus"},"unificationXref":"http://identifiers.org/ensembl/ENSRNOG00000000562"},{"networkType":"node","nodeType":"DataNode","dataNodeType":"GeneProduct","@type":["DataNode","GeneProduct","datanode"],"gpmlType":"datanode","graphicalType":"path","datasourceReference":{"database":"Entrez Gene","id":"25385","organism":"Rattus norvegicus"},"unificationXref":"http://identifiers.org/ensembl/ENSRNOG00000002978"},{"networkType":"node","nodeType":"DataNode","dataNodeType":"GeneProduct","@type":["DataNode","GeneProduct","datanode"],"gpmlType":"datanode","graphicalType":"path","datasourceReference":{"database":"Entrez Gene","id":"116502","organism":"Rattus norvegicus"},"unificationXref":"http://identifiers.org/ensembl/ENSRNOG00000000485"},{"networkType":"node","nodeType":"DataNode","dataNodeType":"GeneProduct","@type":["DataNode","GeneProduct","datanode"],"gpmlType":"datanode","graphicalType":"path","datasourceReference":{"database":"Entrez Gene","id":"64625","organism":"Rattus norvegicus"},"unificationXref":"http://identifiers.org/ensembl/ENSRNOG00000012439"},{"networkType":"node","nodeType":"DataNode","dataNodeType":"GeneProduct","@type":["DataNode","GeneProduct","datanode"],"gpmlType":"datanode","graphicalType":"path","datasourceReference":{"database":"Entrez Gene","id":"24887","organism":"Rattus norvegicus"},"unificationXref":"http://identifiers.org/ensembl/ENSRNOG00000020876"},{"networkType":"node","nodeType":"DataNode","dataNodeType":"GeneProduct","@type":["DataNode","GeneProduct","datanode"],"gpmlType":"datanode","graphicalType":"path","datasourceReference":{"database":"Entrez Gene","id":"24577","organism":"Rattus norvegicus"},"unificationXref":"http://identifiers.org/ensembl/ENSRNOG00000004500"},{"networkType":"node","nodeType":"DataNode","dataNodeType":"GeneProduct","@type":["DataNode","GeneProduct","datanode"],"gpmlType":"datanode","graphicalType":"path","datasourceReference":{"database":"Entrez Gene","id":"24842","organism":"Rattus norvegicus"},"unificationXref":"http://identifiers.org/ensembl/ENSRNOG00000010756"},{"networkType":"node","nodeType":"DataNode","dataNodeType":"GeneProduct","@type":["DataNode","GeneProduct","datanode"],"gpmlType":"datanode","graphicalType":"path","datasourceReference":{"database":"Entrez Gene","id":"314856","organism":"Rattus norvegicus"},"unificationXref":"http://identifiers.org/ensembl/ENSRNOG00000006304"},{"networkType":"node","nodeType":"DataNode","dataNodeType":"GeneProduct","@type":["DataNode","GeneProduct","datanode"],"gpmlType":"datanode","graphicalType":"path","datasourceReference":{"database":"Entrez Gene","id":"309165","organism":"Rattus norvegicus"},"unificationXref":"http://identifiers.org/ensembl/ENSRNOG00000030888"},{"networkType":"node","nodeType":"DataNode","dataNodeType":"GeneProduct","@type":["DataNode","GeneProduct","datanode"],"gpmlType":"datanode","graphicalType":"path","datasourceReference":{"database":"Entrez Gene","id":"81736","organism":"Rattus norvegicus"},"unificationXref":"http://identifiers.org/ensembl/ENSRNOG00000023258"},{"networkType":"node","nodeType":"DataNode","dataNodeType":"GeneProduct","@type":["DataNode","GeneProduct","datanode"],"gpmlType":"datanode","graphicalType":"path","datasourceReference":{"database":"Entrez Gene","id":"78963","organism":"Rattus norvegicus"}},{"networkType":"node","nodeType":"DataNode","dataNodeType":"GeneProduct","@type":["DataNode","GeneProduct","datanode"],"gpmlType":"datanode","graphicalType":"path","datasourceReference":{"database":"Entrez Gene","id":"58918","organism":"Rattus norvegicus"},"unificationXref":"http://identifiers.org/ensembl/ENSRNOG00000012944"},{"networkType":"node","nodeType":"DataNode","dataNodeType":"GeneProduct","@type":["DataNode","GeneProduct","datanode"],"gpmlType":"datanode","graphicalType":"path","datasourceReference":{"database":"Entrez Gene","id":"25493","organism":"Rattus norvegicus"},"unificationXref":"http://identifiers.org/ensembl/ENSRNOG00000007390"},{"networkType":"node","nodeType":"DataNode","dataNodeType":"GeneProduct","@type":["DataNode","GeneProduct","datanode"],"gpmlType":"datanode","graphicalType":"path","datasourceReference":{"database":"Entrez Gene","id":"24516","organism":"Rattus norvegicus"},"unificationXref":"http://identifiers.org/ensembl/ENSRNOG00000026293"},{"networkType":"node","nodeType":"DataNode","dataNodeType":"GeneProduct","@type":["DataNode","GeneProduct","datanode"],"gpmlType":"datanode","graphicalType":"path","datasourceReference":{"database":"Entrez Gene","id":"64547","organism":"Rattus norvegicus"},"unificationXref":"http://identifiers.org/ensembl/ENSRNOG00000016551"},{"networkType":"node","nodeType":"DataNode","dataNodeType":"GeneProduct","@type":["DataNode","GeneProduct","datanode"],"gpmlType":"datanode","graphicalType":"path","datasourceReference":{"database":"Entrez Gene","id":"117271","organism":"Rattus norvegicus"}},{"networkType":"node","nodeType":"DataNode","dataNodeType":"GeneProduct","@type":["DataNode","GeneProduct","datanode"],"gpmlType":"datanode","graphicalType":"path","datasourceReference":{"database":"Entrez Gene","id":"140923","organism":"Rattus norvegicus"},"unificationXref":"http://identifiers.org/ensembl/ENSRNOG00000009820"},{"networkType":"node","nodeType":"DataNode","dataNodeType":"GeneProduct","@type":["DataNode","GeneProduct","datanode"],"gpmlType":"datanode","graphicalType":"path","datasourceReference":{"database":"Entrez Gene","id":"84359","organism":"Rattus norvegicus"},"unificationXref":"http://identifiers.org/ensembl/ENSRNOG00000025030"},{"networkType":"node","nodeType":"DataNode","dataNodeType":"GeneProduct","@type":["DataNode","GeneProduct","datanode"],"gpmlType":"datanode","graphicalType":"path","datasourceReference":{"database":"Entrez Gene","id":"114214","organism":"Rattus norvegicus"},"unificationXref":"http://identifiers.org/ensembl/ENSRNOG00000013603"},{"networkType":"node","nodeType":"DataNode","dataNodeType":"GeneProduct","@type":["DataNode","GeneProduct","datanode"],"gpmlType":"datanode","graphicalType":"path","datasourceReference":{"database":"Entrez Gene","id":"294071","organism":"Rattus norvegicus"},"unificationXref":"http://identifiers.org/ensembl/ENSRNOG00000047104"},{"networkType":"node","nodeType":"DataNode","dataNodeType":"GeneProduct","@type":["DataNode","GeneProduct","datanode"],"gpmlType":"datanode","graphicalType":"path","datasourceReference":{"database":"Entrez Gene","id":"64639","organism":"Rattus norvegicus"},"unificationXref":"http://identifiers.org/ensembl/ENSRNOG00000021147"},{"networkType":"node","nodeType":"DataNode","dataNodeType":"GeneProduct","@type":["DataNode","GeneProduct","datanode"],"gpmlType":"datanode","graphicalType":"path","datasourceReference":{"database":"Entrez Gene","id":"25166","organism":"Rattus norvegicus"},"unificationXref":"http://identifiers.org/ensembl/ENSRNOG00000007372"},{"networkType":"node","nodeType":"DataNode","dataNodeType":"GeneProduct","@type":["DataNode","GeneProduct","datanode"],"gpmlType":"datanode","graphicalType":"path","datasourceReference":{"database":"Entrez Gene","id":"114555","organism":"Rattus norvegicus"},"unificationXref":"http://identifiers.org/ensembl/ENSRNOG00000033697"},{"networkType":"node","nodeType":"DataNode","dataNodeType":"GeneProduct","@type":["DataNode","GeneProduct","datanode"],"gpmlType":"datanode","graphicalType":"path","datasourceReference":{"database":"Entrez Gene","id":"64044","organism":"Rattus norvegicus"},"unificationXref":"http://identifiers.org/ensembl/ENSRNOG00000012331"},{"networkType":"node","nodeType":"DataNode","dataNodeType":"GeneProduct","@type":["DataNode","GeneProduct","datanode"],"gpmlType":"datanode","graphicalType":"path","datasourceReference":{"database":"Entrez Gene","id":"362788","organism":"Rattus norvegicus"},"unificationXref":"http://identifiers.org/ensembl/ENSRNOG00000008145"},{"networkType":"node","nodeType":"DataNode","dataNodeType":"GeneProduct","@type":["DataNode","GeneProduct","datanode"],"gpmlType":"datanode","graphicalType":"path","datasourceReference":{"database":"Entrez Gene","id":"500592","organism":"Rattus norvegicus"},"unificationXref":"http://identifiers.org/ensembl/ENSRNOG00000021814"},{"networkType":"node","nodeType":"DataNode","dataNodeType":"GeneProduct","@type":["DataNode","GeneProduct","datanode"],"gpmlType":"datanode","graphicalType":"path","datasourceReference":{"database":"Entrez Gene","id":"25008","organism":"Rattus norvegicus"},"unificationXref":"http://identifiers.org/ensembl/ENSRNOG00000000838"},{"networkType":"node","nodeType":"DataNode","dataNodeType":"GeneProduct","@type":["DataNode","GeneProduct","datanode"],"gpmlType":"datanode","graphicalType":"path","datasourceReference":{"database":"Entrez Gene","id":"364420","organism":"Rattus norvegicus"}},{"networkType":"node","nodeType":"DataNode","dataNodeType":"GeneProduct","@type":["DataNode","GeneProduct","datanode"],"gpmlType":"datanode","graphicalType":"path","datasourceReference":{"database":"Entrez Gene","id":"316256","organism":"Rattus norvegicus"},"unificationXref":"http://identifiers.org/ensembl/ENSRNOG00000011517"},{"networkType":"node","nodeType":"DataNode","dataNodeType":"GeneProduct","@type":["DataNode","GeneProduct","datanode"],"gpmlType":"datanode","graphicalType":"path","datasourceReference":{"database":"Entrez Gene","id":"84351","organism":"Rattus norvegicus"},"unificationXref":"http://identifiers.org/ensembl/ENSRNOG00000019073"},{"networkType":"node","nodeType":"DataNode","dataNodeType":"GeneProduct","@type":["DataNode","GeneProduct","datanode"],"gpmlType":"datanode","graphicalType":"path","datasourceReference":{"database":"Entrez Gene","id":"309361","organism":"Rattus norvegicus"},"unificationXref":"http://identifiers.org/ensembl/ENSRNOG00000022485"},{"networkType":"node","nodeType":"DataNode","dataNodeType":"GeneProduct","@type":["DataNode","GeneProduct","datanode"],"gpmlType":"datanode","graphicalType":"path","datasourceReference":{"database":"Entrez Gene","id":"81525","organism":"Rattus norvegicus"},"unificationXref":"http://identifiers.org/ensembl/ENSRNOG00000020063"},{"networkType":"node","nodeType":"DataNode","dataNodeType":"GeneProduct","@type":["DataNode","GeneProduct","datanode"],"gpmlType":"datanode","graphicalType":"path","datasourceReference":{"database":"Entrez Gene","id":"316241","organism":"Rattus norvegicus"},"unificationXref":"http://identifiers.org/ensembl/ENSRNOG00000019907"},{"networkType":"node","nodeType":"DataNode","dataNodeType":"GeneProduct","@type":["DataNode","GeneProduct","datanode"],"gpmlType":"datanode","graphicalType":"path","datasourceReference":{"database":"Entrez Gene","id":"25493","organism":"Rattus norvegicus"},"unificationXref":"http://identifiers.org/ensembl/ENSRNOG00000007390"},{"networkType":"node","nodeType":"DataNode","dataNodeType":"GeneProduct","@type":["DataNode","GeneProduct","datanode"],"gpmlType":"datanode","graphicalType":"path","datasourceReference":{"database":"Entrez Gene","id":"81525","organism":"Rattus norvegicus"},"unificationXref":"http://identifiers.org/ensembl/ENSRNOG00000020063"},{"networkType":"node","nodeType":"DataNode","dataNodeType":"GeneProduct","@type":["DataNode","GeneProduct","datanode"],"gpmlType":"datanode","graphicalType":"path","datasourceReference":{"database":"Entrez Gene","id":"316241","organism":"Rattus norvegicus"},"unificationXref":"http://identifiers.org/ensembl/ENSRNOG00000019907"},{"networkType":"node","nodeType":"DataNode","dataNodeType":"GeneProduct","@type":["DataNode","GeneProduct","datanode"],"gpmlType":"datanode","graphicalType":"path","datasourceReference":{"database":"Entrez Gene","id":"81736","organism":"Rattus norvegicus"},"unificationXref":"http://identifiers.org/ensembl/ENSRNOG00000023258"},{"networkType":"node","nodeType":"DataNode","dataNodeType":"GeneProduct","@type":["DataNode","GeneProduct","datanode"],"gpmlType":"datanode","graphicalType":"path","datasourceReference":{"database":"Entrez Gene","id":"309165","organism":"Rattus norvegicus"},"unificationXref":"http://identifiers.org/ensembl/ENSRNOG00000030888"},{"networkType":"node","nodeType":"DataNode","dataNodeType":"GeneProduct","@type":["DataNode","GeneProduct","datanode"],"gpmlType":"datanode","graphicalType":"path","datasourceReference":{"database":"Entrez Gene","id":"64041","organism":"Rattus norvegicus"},"unificationXref":"http://identifiers.org/ensembl/ENSRNOG00000050819"},{"networkType":"node","nodeType":"DataNode","dataNodeType":"GeneProduct","@type":["DataNode","GeneProduct","datanode"],"gpmlType":"datanode","graphicalType":"path","datasourceReference":{"database":"Entrez Gene","id":"24508","organism":"Rattus norvegicus"},"unificationXref":"http://identifiers.org/ensembl/ENSRNOG00000008144"},{"networkType":"node","nodeType":"DataNode","dataNodeType":"GeneProduct","@type":["DataNode","GeneProduct","datanode"],"gpmlType":"datanode","graphicalType":"path","datasourceReference":{"database":"Entrez Gene","id":"290749","organism":"Rattus norvegicus"},"unificationXref":"http://identifiers.org/ensembl/ENSRNOG00000009824"},{"networkType":"node","nodeType":"DataNode","dataNodeType":"GeneProduct","@type":["DataNode","GeneProduct","datanode"],"gpmlType":"datanode","graphicalType":"path","datasourceReference":{"database":"Entrez Gene","id":"292892","organism":"Rattus norvegicus"},"unificationXref":"http://identifiers.org/ensembl/ENSRNOG00000043388"},{"networkType":"node","nodeType":"DataNode","dataNodeType":"GeneProduct","@type":["DataNode","GeneProduct","datanode"],"gpmlType":"datanode","graphicalType":"path","datasourceReference":{"database":"Entrez Gene","id":"291100","organism":"Rattus norvegicus"},"unificationXref":"http://identifiers.org/ensembl/ENSRNOG00000018108"},{"networkType":"node","nodeType":"DataNode","dataNodeType":"GeneProduct","@type":["DataNode","GeneProduct","datanode"],"gpmlType":"datanode","graphicalType":"path","datasourceReference":{"database":"Entrez Gene","id":"296953","organism":"Rattus norvegicus"},"unificationXref":"http://identifiers.org/ensembl/ENSRNOG00000007437"},{"networkType":"node","nodeType":"DataNode","dataNodeType":"GeneProduct","@type":["DataNode","GeneProduct","datanode"],"gpmlType":"datanode","graphicalType":"path","datasourceReference":{"database":"Entrez Gene","id":"364081","organism":"Rattus norvegicus"},"unificationXref":"http://identifiers.org/ensembl/ENSRNOG00000005082"},{"networkType":"node","nodeType":"DataNode","dataNodeType":"GeneProduct","@type":["DataNode","GeneProduct","datanode"],"gpmlType":"datanode","graphicalType":"path","datasourceReference":{"database":"Entrez Gene","id":"293624","organism":"Rattus norvegicus"},"unificationXref":"http://identifiers.org/ensembl/ENSRNOG00000017414"},{"networkType":"node","nodeType":"DataNode","dataNodeType":"GeneProduct","@type":["DataNode","GeneProduct","datanode"],"gpmlType":"datanode","graphicalType":"path","datasourceReference":{"database":"Entrez Gene","id":"25625","organism":"Rattus norvegicus"},"unificationXref":"http://identifiers.org/ensembl/ENSRNOG00000031312"},{"networkType":"node","nodeType":"DataNode","dataNodeType":"GeneProduct","@type":["DataNode","GeneProduct","datanode"],"gpmlType":"datanode","graphicalType":"path","datasourceReference":{"database":"Entrez Gene","id":"314756","organism":"Rattus norvegicus"},"unificationXref":"http://identifiers.org/ensembl/ENSRNOG00000008507"},{"networkType":"node","nodeType":"DataNode","dataNodeType":"GeneProduct","@type":["DataNode","GeneProduct","datanode"],"gpmlType":"datanode","graphicalType":"path","datasourceReference":{"database":"Entrez Gene","id":"306886","organism":"Rattus norvegicus"},"unificationXref":"http://identifiers.org/ensembl/ENSRNOG00000017787"},{"networkType":"node","nodeType":"DataNode","dataNodeType":"GeneProduct","@type":["DataNode","GeneProduct","datanode"],"gpmlType":"datanode","graphicalType":"path","datasourceReference":{"database":"Entrez Gene","id":"246756","organism":"Rattus norvegicus"},"unificationXref":"http://identifiers.org/ensembl/ENSRNOG00000015179"},{"networkType":"node","nodeType":"DataNode","dataNodeType":"GeneProduct","@type":["DataNode","GeneProduct","datanode"],"gpmlType":"datanode","graphicalType":"path","datasourceReference":{"database":"Entrez Gene","id":"117279","organism":"Rattus norvegicus"},"unificationXref":"http://identifiers.org/ensembl/ENSRNOG00000012473"},{"networkType":"node","nodeType":"DataNode","dataNodeType":"GeneProduct","@type":["DataNode","GeneProduct","datanode"],"gpmlType":"datanode","graphicalType":"path","datasourceReference":{"database":"Entrez Gene","id":"25163","organism":"Rattus norvegicus"},"unificationXref":"http://identifiers.org/ensembl/ENSRNOG00000006664"},{"networkType":"node","nodeType":"DataNode","dataNodeType":"GeneProduct","@type":["DataNode","GeneProduct","datanode"],"gpmlType":"datanode","graphicalType":"path","datasourceReference":{"database":"Entrez Gene","id":"492821","organism":"Rattus norvegicus"},"unificationXref":"http://identifiers.org/ensembl/ENSRNOG00000018770"},{"networkType":"node","nodeType":"DataNode","dataNodeType":"GeneProduct","@type":["DataNode","GeneProduct","datanode"],"gpmlType":"datanode","graphicalType":"path","datasourceReference":{"database":"Entrez Gene","id":"317673","organism":"Rattus norvegicus"},"unificationXref":"http://identifiers.org/ensembl/ENSRNOG00000048217"},{"networkType":"node","nodeType":"DataNode","dataNodeType":"GeneProduct","@type":["DataNode","GeneProduct","datanode"],"gpmlType":"datanode","graphicalType":"path","datasourceReference":{"database":"Entrez Gene","id":"29884","organism":"Rattus norvegicus"},"unificationXref":"http://identifiers.org/ensembl/ENSRNOG00000018214"},{"networkType":"node","nodeType":"DataNode","dataNodeType":"GeneProduct","@type":["DataNode","GeneProduct","datanode"],"gpmlType":"datanode","graphicalType":"path","datasourceReference":{"database":"Entrez Gene","id":"288753","organism":"Rattus norvegicus"},"unificationXref":"http://identifiers.org/ensembl/ENSRNOG00000029197"},{"networkType":"node","nodeType":"DataNode","dataNodeType":"GeneProduct","@type":["DataNode","GeneProduct","datanode"],"gpmlType":"datanode","graphicalType":"path","datasourceReference":{"database":"Entrez Gene","id":"60430","organism":"Rattus norvegicus"}},{"networkType":"node","nodeType":"DataNode","dataNodeType":"GeneProduct","@type":["DataNode","GeneProduct","datanode"],"gpmlType":"datanode","graphicalType":"path","datasourceReference":{"database":"Entrez Gene","id":"60434","organism":"Rattus norvegicus"},"unificationXref":"http://identifiers.org/ensembl/ENSRNOG00000015732"},{"networkType":"node","nodeType":"DataNode","dataNodeType":"GeneProduct","@type":["DataNode","GeneProduct","datanode"],"gpmlType":"datanode","graphicalType":"path","datasourceReference":{"database":"Entrez Gene","id":"24482","organism":"Rattus norvegicus"},"unificationXref":"http://identifiers.org/ensembl/ENSRNOG00000004517"},{"networkType":"node","nodeType":"DataNode","dataNodeType":"GeneProduct","@type":["DataNode","GeneProduct","datanode"],"gpmlType":"datanode","graphicalType":"path","datasourceReference":{"database":"Entrez Gene","id":"24483","organism":"Rattus norvegicus"},"unificationXref":"http://identifiers.org/ensembl/ENSRNOG00000020369"},{"networkType":"node","nodeType":"DataNode","dataNodeType":"GeneProduct","@type":["DataNode","GeneProduct","datanode"],"gpmlType":"datanode","graphicalType":"path","datasourceReference":{"database":"Entrez Gene","id":"25718","organism":"Rattus norvegicus"},"unificationXref":"http://identifiers.org/ensembl/ENSRNOG00000014187"},{"networkType":"node","nodeType":"DataNode","dataNodeType":"GeneProduct","@type":["DataNode","GeneProduct","datanode"],"gpmlType":"datanode","graphicalType":"path","datasourceReference":{"database":"Entrez Gene","id":"25513","organism":"Rattus norvegicus"},"unificationXref":"http://identifiers.org/ensembl/ENSRNOG00000018903"},{"networkType":"node","nodeType":"DataNode","dataNodeType":"GeneProduct","@type":["DataNode","GeneProduct","datanode"],"gpmlType":"datanode","graphicalType":"path","datasourceReference":{"database":"Entrez Gene","id":"24185","organism":"Rattus norvegicus"},"unificationXref":"http://identifiers.org/ensembl/ENSRNOG00000028629"},{"networkType":"node","nodeType":"DataNode","dataNodeType":"GeneProduct","@type":["DataNode","GeneProduct","datanode"],"gpmlType":"datanode","graphicalType":"path","datasourceReference":{"database":"Entrez Gene","id":"64639","organism":"Rattus norvegicus"},"unificationXref":"http://identifiers.org/ensembl/ENSRNOG00000021147"},{"networkType":"node","nodeType":"DataNode","dataNodeType":"GeneProduct","@type":["DataNode","GeneProduct","datanode"],"gpmlType":"datanode","graphicalType":"path","datasourceReference":{"database":"Entrez Gene","id":"25310","organism":"Rattus norvegicus"},"unificationXref":"http://identifiers.org/ensembl/ENSRNOG00000024457"},{"networkType":"node","nodeType":"DataNode","dataNodeType":"GeneProduct","@type":["DataNode","GeneProduct","datanode"],"gpmlType":"datanode","graphicalType":"path","datasourceReference":{"database":"Entrez Gene","id":"25309","organism":"Rattus norvegicus"},"unificationXref":"http://identifiers.org/ensembl/ENSRNOG00000010452"},{"networkType":"node","nodeType":"DataNode","dataNodeType":"GeneProduct","@type":["DataNode","GeneProduct","datanode"],"gpmlType":"datanode","graphicalType":"path","datasourceReference":{"database":"Entrez Gene","id":"246334","organism":"Rattus norvegicus"},"unificationXref":"http://identifiers.org/ensembl/ENSRNOG00000001924"},{"networkType":"edge","gpmlType":"interaction","@type":["interaction"],"graphicalType":"path","markerEnd":"mimStimulation","points":[{"x":391.33333333333326,"y":190,"isAttachedTo":"dc2d0","RelX":0,"anchor":[0.5,0,0,-1],"RelY":-1},{"x":393.1954333333333,"y":177.51666666666665,"isAttachedTo":"cac70","RelX":0,"anchor":[0.5,0.5,0,0],"RelY":0}],"interactionGraph":[{"id":"dc2d0","interactsWith":"cac70"}],"interactionType":"mim-stimulation"}],"xmlns":"http://pathvisio.org/GPML/2013a","lastModified":"10/17/2013","name":"Apoptosis","organism":"Rattus norvegicus","image":{"@context":{"@vocab":"http://schema.org/"},"width":1358.3333333333333,"height":846.1666666666666},"publicationXref":[],"id":"wpId:WP1290","revision":"71796"}}