{"@context":{"@vocab":"http://vocabularies.wikipathways.org/gpml#","@base":"wpId:WP1212","pathwayIri":"wpId:WP1212","ChEBI":"http://www.ebi.ac.uk/chebi/searchId.do?chebiId=","dataSource":"gpml:Data-Source","datasourceReference":"wp:DatasourceReference","Group":{"@container":"@list","@id":"gpml:Group"},"interaction":{"@id":"biopax:Interaction","@type":"@id"},"interactionType":{"@id":"biopax:InteractionType","@type":"@id"},"interactionGraph":"@graph","lastModified":"gpml:Last-Modified","pathway":"biopax:Pathway","point":{"@container":"@list","@id":"gpml:Point"},"publicationXref":"biopax:PublicationXref","unificationXref":"biopax:UnificationXref","author":"schema:author","backgroundColor":"css2:colors.html#propdef-background-color","backgroundImage":"css2:colors.html#propdef-background-image","biopax":"http://www.biopax.org/release/biopax-level3.owl#","borderColor":"css2:box.html#propdef-border-color","borderStyle":"css2:box.html#propdef-border-style","borderWidth":"css2:box.html#propdef-border-width","boxSizing":{"@id":"css3Ui:box-sizing","@value":"border-box"},"color":"css2:colors.html#propdef-color","contains":{"@id":"ex:contains","@type":"@id"},"css2":"http://www.w3.org/TR/CSS2/","css3Ui":"http://www.w3.org/TR/css3-ui/#","cssTransform":"http://www.w3.org/TR/css-transforms-1/#","gpmlDataNodeType":"gpml:Type","dcterms":"http://puri.org/dc/terms/","entrezGene":"http://www.ncbi.nlm.nih.gov/gene/","ex":"http://www.example.org/","fontFamily":"css2:fonts.html#font-family-prop","fontSize":"css2:fonts.html#propdef-font-size","fontStyle":"css2:fonts.html#propdef-font-style","fontWeight":"css2:fonts.html#propdef-font-weight","gpml":"http://vocabularies.wikipathways.org/gpml#","gpmlFolder":"file://Users/andersriutta/Sites/pathvisiojs/test/gpml/","hMDB":"http://www.hmdb.ca/metabolites/HMDB","height":"css2:visudet.html#propdef-height","id":"@id","image":"schema:image","interactsWith":{"@id":"ex:interactsWith","@type":"@id"},"isContainedBy":{"@reverse":"ex:contains","@type":"@id"},"media":"http://www.w3.org/TR/mediaont-10/","name":"http://xmlns.com/foaf/0.1/name","organism":"biopax:organism","padding":"css2:box.html#propdef-padding","elements":{"@container":"@list","@id":"ex:pathwayElements/"},"position":"css2:visuren.html#propdef-position","rotate":"cssTransform:funcdef-rotate","schema":"http://schema.org/","shapeLibrary":"http://shapelibrary.example.org/","shape":"shapeLibrary:shape","stroke":"svg:painting.html#StrokeProperty","strokeWidth":"svg:painting.html#StrokeWidthProperty","svg":"http://www.w3.org/TR/SVG11/","textAlign":"css2:text.html#propdef-text-align","verticalAlign":"css2:visudet.html#propdef-vertical-align","width":"css2:visudet.html#propdef-width","wp":"http://vocabularies.wikipathways.org/wp#","wpId":"http://identifiers.org/wikipathways/","x":{"@id":"css2:visuren.html#propdef-left","@type":"xsd:integer"},"xsd":"http://www.w3.org/2001/XMLSchema#","y":"css2:visuren.html#propdef-top","zIndex":{"@id":"css2:z-index","@type":"xsd:integer"}},"wpId:WP1212":{"elements":[{"networkType":"node","nodeType":"DataNode","dataNodeType":"GeneProduct","@type":["DataNode","GeneProduct","datanode"],"gpmlType":"datanode","graphicalType":"path"},{"networkType":"node","nodeType":"DataNode","dataNodeType":"GeneProduct","@type":["DataNode","GeneProduct","datanode"],"gpmlType":"datanode","graphicalType":"path","datasourceReference":{"database":"Ensembl","id":"ENSECAG00000006770","organism":"Equus caballus"},"unificationXref":"http://identifiers.org/ensembl/ENSECAG00000006770"},{"networkType":"node","nodeType":"DataNode","dataNodeType":"GeneProduct","@type":["DataNode","GeneProduct","datanode"],"gpmlType":"datanode","graphicalType":"path"},{"networkType":"node","nodeType":"DataNode","dataNodeType":"GeneProduct","@type":["DataNode","GeneProduct","datanode"],"gpmlType":"datanode","graphicalType":"path"},{"networkType":"node","nodeType":"DataNode","dataNodeType":"GeneProduct","@type":["DataNode","GeneProduct","datanode"],"gpmlType":"datanode","graphicalType":"path"},{"networkType":"node","nodeType":"DataNode","dataNodeType":"GeneProduct","@type":["DataNode","GeneProduct","datanode"],"gpmlType":"datanode","graphicalType":"path"},{"networkType":"node","nodeType":"DataNode","dataNodeType":"GeneProduct","@type":["DataNode","GeneProduct","datanode"],"gpmlType":"datanode","graphicalType":"path"},{"networkType":"node","nodeType":"DataNode","dataNodeType":"GeneProduct","@type":["DataNode","GeneProduct","datanode"],"gpmlType":"datanode","graphicalType":"path"},{"networkType":"node","nodeType":"DataNode","dataNodeType":"GeneProduct","@type":["DataNode","GeneProduct","datanode"],"gpmlType":"datanode","graphicalType":"path"},{"networkType":"node","nodeType":"DataNode","dataNodeType":"GeneProduct","@type":["DataNode","GeneProduct","datanode"],"gpmlType":"datanode","graphicalType":"path"},{"networkType":"node","nodeType":"DataNode","dataNodeType":"GeneProduct","@type":["DataNode","GeneProduct","datanode"],"gpmlType":"datanode","graphicalType":"path"},{"networkType":"node","nodeType":"DataNode","dataNodeType":"GeneProduct","@type":["DataNode","GeneProduct","datanode"],"gpmlType":"datanode","graphicalType":"path"},{"networkType":"node","nodeType":"DataNode","dataNodeType":"GeneProduct","@type":["DataNode","GeneProduct","datanode"],"gpmlType":"datanode","graphicalType":"path"},{"networkType":"node","nodeType":"DataNode","dataNodeType":"GeneProduct","@type":["DataNode","GeneProduct","datanode"],"gpmlType":"datanode","graphicalType":"path"},{"networkType":"node","nodeType":"DataNode","dataNodeType":"GeneProduct","@type":["DataNode","GeneProduct","datanode"],"gpmlType":"datanode","graphicalType":"path"},{"networkType":"node","nodeType":"DataNode","dataNodeType":"GeneProduct","@type":["DataNode","GeneProduct","datanode"],"gpmlType":"datanode","graphicalType":"path"},{"networkType":"node","nodeType":"DataNode","dataNodeType":"GeneProduct","@type":["DataNode","GeneProduct","datanode"],"gpmlType":"datanode","graphicalType":"path"},{"networkType":"node","nodeType":"DataNode","dataNodeType":"GeneProduct","@type":["DataNode","GeneProduct","datanode"],"gpmlType":"datanode","graphicalType":"path"},{"networkType":"node","nodeType":"DataNode","dataNodeType":"GeneProduct","@type":["DataNode","GeneProduct","datanode"],"gpmlType":"datanode","graphicalType":"path"},{"networkType":"node","nodeType":"DataNode","dataNodeType":"GeneProduct","@type":["DataNode","GeneProduct","datanode"],"gpmlType":"datanode","graphicalType":"path"},{"networkType":"node","nodeType":"DataNode","dataNodeType":"GeneProduct","@type":["DataNode","GeneProduct","datanode"],"gpmlType":"datanode","graphicalType":"path"},{"networkType":"node","nodeType":"DataNode","dataNodeType":"GeneProduct","@type":["DataNode","GeneProduct","datanode"],"gpmlType":"datanode","graphicalType":"path"},{"networkType":"node","nodeType":"DataNode","dataNodeType":"GeneProduct","@type":["DataNode","GeneProduct","datanode"],"gpmlType":"datanode","graphicalType":"path"},{"networkType":"node","nodeType":"DataNode","dataNodeType":"GeneProduct","@type":["DataNode","GeneProduct","datanode"],"gpmlType":"datanode","graphicalType":"path"},{"networkType":"node","nodeType":"DataNode","dataNodeType":"GeneProduct","@type":["DataNode","GeneProduct","datanode"],"gpmlType":"datanode","graphicalType":"path"},{"networkType":"node","nodeType":"DataNode","dataNodeType":"GeneProduct","@type":["DataNode","GeneProduct","datanode"],"gpmlType":"datanode","graphicalType":"path"},{"networkType":"node","nodeType":"DataNode","dataNodeType":"GeneProduct","@type":["DataNode","GeneProduct","datanode"],"gpmlType":"datanode","graphicalType":"path"},{"networkType":"node","nodeType":"DataNode","dataNodeType":"GeneProduct","@type":["DataNode","GeneProduct","datanode"],"gpmlType":"datanode","graphicalType":"path"},{"networkType":"node","nodeType":"DataNode","dataNodeType":"GeneProduct","@type":["DataNode","GeneProduct","datanode"],"gpmlType":"datanode","graphicalType":"path"},{"networkType":"node","nodeType":"DataNode","dataNodeType":"GeneProduct","@type":["DataNode","GeneProduct","datanode"],"gpmlType":"datanode","graphicalType":"path"},{"networkType":"node","nodeType":"DataNode","dataNodeType":"GeneProduct","@type":["DataNode","GeneProduct","datanode"],"gpmlType":"datanode","graphicalType":"path"},{"networkType":"node","nodeType":"DataNode","dataNodeType":"GeneProduct","@type":["DataNode","GeneProduct","datanode"],"gpmlType":"datanode","graphicalType":"path"},{"networkType":"node","nodeType":"DataNode","dataNodeType":"GeneProduct","@type":["DataNode","GeneProduct","datanode"],"gpmlType":"datanode","graphicalType":"path"},{"networkType":"node","nodeType":"DataNode","dataNodeType":"GeneProduct","@type":["DataNode","GeneProduct","datanode"],"gpmlType":"datanode","graphicalType":"path"},{"networkType":"node","nodeType":"DataNode","dataNodeType":"GeneProduct","@type":["DataNode","GeneProduct","datanode"],"gpmlType":"datanode","graphicalType":"path"},{"networkType":"node","nodeType":"DataNode","dataNodeType":"Metabolite","@type":["DataNode","Metabolite","datanode"],"gpmlType":"datanode","graphicalType":"path"},{"networkType":"node","nodeType":"DataNode","dataNodeType":"Metabolite","@type":["DataNode","Metabolite","datanode"],"gpmlType":"datanode","graphicalType":"path"},{"networkType":"node","nodeType":"DataNode","dataNodeType":"Metabolite","@type":["DataNode","Metabolite","datanode"],"gpmlType":"datanode","graphicalType":"path"},{"networkType":"node","nodeType":"DataNode","dataNodeType":"Metabolite","@type":["DataNode","Metabolite","datanode"],"gpmlType":"datanode","graphicalType":"path"},{"networkType":"node","nodeType":"DataNode","dataNodeType":"Metabolite","@type":["DataNode","Metabolite","datanode"],"gpmlType":"datanode","graphicalType":"path"},{"networkType":"node","nodeType":"DataNode","dataNodeType":"Metabolite","@type":["DataNode","Metabolite","datanode"],"gpmlType":"datanode","graphicalType":"path"},{"networkType":"node","nodeType":"DataNode","dataNodeType":"Metabolite","@type":["DataNode","Metabolite","datanode"],"gpmlType":"datanode","graphicalType":"path"},{"networkType":"node","nodeType":"DataNode","dataNodeType":"Metabolite","@type":["DataNode","Metabolite","datanode"],"gpmlType":"datanode","graphicalType":"path"},{"networkType":"node","nodeType":"DataNode","dataNodeType":"Metabolite","@type":["DataNode","Metabolite","datanode"],"gpmlType":"datanode","graphicalType":"path"},{"networkType":"node","nodeType":"DataNode","dataNodeType":"Metabolite","@type":["DataNode","Metabolite","datanode"],"gpmlType":"datanode","graphicalType":"path"},{"networkType":"node","nodeType":"DataNode","dataNodeType":"GeneProduct","@type":["DataNode","GeneProduct","datanode"],"gpmlType":"datanode","graphicalType":"path"},{"networkType":"node","nodeType":"DataNode","dataNodeType":"GeneProduct","@type":["DataNode","GeneProduct","datanode"],"gpmlType":"datanode","graphicalType":"path"},{"networkType":"node","nodeType":"DataNode","dataNodeType":"GeneProduct","@type":["DataNode","GeneProduct","datanode"],"gpmlType":"datanode","graphicalType":"path"},{"networkType":"node","nodeType":"DataNode","dataNodeType":"GeneProduct","@type":["DataNode","GeneProduct","datanode"],"gpmlType":"datanode","graphicalType":"path"},{"networkType":"node","nodeType":"DataNode","dataNodeType":"GeneProduct","@type":["DataNode","GeneProduct","datanode"],"gpmlType":"datanode","graphicalType":"path"},{"networkType":"node","nodeType":"DataNode","dataNodeType":"GeneProduct","@type":["DataNode","GeneProduct","datanode"],"gpmlType":"datanode","graphicalType":"path"},{"networkType":"node","nodeType":"DataNode","dataNodeType":"GeneProduct","@type":["DataNode","GeneProduct","datanode"],"gpmlType":"datanode","graphicalType":"path"},{"networkType":"node","nodeType":"DataNode","dataNodeType":"GeneProduct","@type":["DataNode","GeneProduct","datanode"],"gpmlType":"datanode","graphicalType":"path"},{"networkType":"node","nodeType":"DataNode","dataNodeType":"GeneProduct","@type":["DataNode","GeneProduct","datanode"],"gpmlType":"datanode","graphicalType":"path"},{"networkType":"node","nodeType":"DataNode","dataNodeType":"Metabolite","@type":["DataNode","Metabolite","datanode"],"gpmlType":"datanode","graphicalType":"path"},{"networkType":"node","nodeType":"DataNode","dataNodeType":"GeneProduct","@type":["DataNode","GeneProduct","datanode"],"gpmlType":"datanode","graphicalType":"path"},{"networkType":"node","nodeType":"DataNode","dataNodeType":"GeneProduct","@type":["DataNode","GeneProduct","datanode"],"gpmlType":"datanode","graphicalType":"path"},{"networkType":"node","nodeType":"DataNode","dataNodeType":"GeneProduct","@type":["DataNode","GeneProduct","datanode"],"gpmlType":"datanode","graphicalType":"path"},{"networkType":"node","nodeType":"DataNode","dataNodeType":"GeneProduct","@type":["DataNode","GeneProduct","datanode"],"gpmlType":"datanode","graphicalType":"path"},{"networkType":"node","nodeType":"DataNode","dataNodeType":"GeneProduct","@type":["DataNode","GeneProduct","datanode"],"gpmlType":"datanode","graphicalType":"path"},{"networkType":"node","nodeType":"DataNode","dataNodeType":"GeneProduct","@type":["DataNode","GeneProduct","datanode"],"gpmlType":"datanode","graphicalType":"path"},{"networkType":"node","nodeType":"DataNode","dataNodeType":"GeneProduct","@type":["DataNode","GeneProduct","datanode"],"gpmlType":"datanode","graphicalType":"path"},{"networkType":"node","nodeType":"DataNode","dataNodeType":"GeneProduct","@type":["DataNode","GeneProduct","datanode"],"gpmlType":"datanode","graphicalType":"path"},{"networkType":"node","nodeType":"DataNode","dataNodeType":"GeneProduct","@type":["DataNode","GeneProduct","datanode"],"gpmlType":"datanode","graphicalType":"path"},{"networkType":"node","nodeType":"DataNode","dataNodeType":"GeneProduct","@type":["DataNode","GeneProduct","datanode"],"gpmlType":"datanode","graphicalType":"path"},{"networkType":"node","nodeType":"DataNode","dataNodeType":"GeneProduct","@type":["DataNode","GeneProduct","datanode"],"gpmlType":"datanode","graphicalType":"path"},{"networkType":"node","nodeType":"DataNode","dataNodeType":"GeneProduct","@type":["DataNode","GeneProduct","datanode"],"gpmlType":"datanode","graphicalType":"path"},{"networkType":"node","nodeType":"DataNode","dataNodeType":"GeneProduct","@type":["DataNode","GeneProduct","datanode"],"gpmlType":"datanode","graphicalType":"path"},{"networkType":"node","nodeType":"DataNode","dataNodeType":"GeneProduct","@type":["DataNode","GeneProduct","datanode"],"gpmlType":"datanode","graphicalType":"path"},{"networkType":"node","nodeType":"DataNode","dataNodeType":"GeneProduct","@type":["DataNode","GeneProduct","datanode"],"gpmlType":"datanode","graphicalType":"path"},{"networkType":"node","nodeType":"DataNode","dataNodeType":"GeneProduct","@type":["DataNode","GeneProduct","datanode"],"gpmlType":"datanode","graphicalType":"path"},{"networkType":"node","nodeType":"DataNode","dataNodeType":"GeneProduct","@type":["DataNode","GeneProduct","datanode"],"gpmlType":"datanode","graphicalType":"path"},{"networkType":"node","nodeType":"DataNode","dataNodeType":"GeneProduct","@type":["DataNode","GeneProduct","datanode"],"gpmlType":"datanode","graphicalType":"path"},{"networkType":"node","nodeType":"DataNode","dataNodeType":"GeneProduct","@type":["DataNode","GeneProduct","datanode"],"gpmlType":"datanode","graphicalType":"path"},{"networkType":"node","nodeType":"DataNode","dataNodeType":"GeneProduct","@type":["DataNode","GeneProduct","datanode"],"gpmlType":"datanode","graphicalType":"path"},{"networkType":"node","nodeType":"DataNode","dataNodeType":"GeneProduct","@type":["DataNode","GeneProduct","datanode"],"gpmlType":"datanode","graphicalType":"path"},{"networkType":"node","nodeType":"DataNode","dataNodeType":"GeneProduct","@type":["DataNode","GeneProduct","datanode"],"gpmlType":"datanode","graphicalType":"path"},{"networkType":"node","nodeType":"DataNode","dataNodeType":"GeneProduct","@type":["DataNode","GeneProduct","datanode"],"gpmlType":"datanode","graphicalType":"path"},{"networkType":"node","nodeType":"DataNode","dataNodeType":"GeneProduct","@type":["DataNode","GeneProduct","datanode"],"gpmlType":"datanode","graphicalType":"path"},{"networkType":"node","nodeType":"DataNode","dataNodeType":"GeneProduct","@type":["DataNode","GeneProduct","datanode"],"gpmlType":"datanode","graphicalType":"path"},{"networkType":"node","nodeType":"DataNode","dataNodeType":"GeneProduct","@type":["DataNode","GeneProduct","datanode"],"gpmlType":"datanode","graphicalType":"path"},{"networkType":"node","nodeType":"DataNode","dataNodeType":"GeneProduct","@type":["DataNode","GeneProduct","datanode"],"gpmlType":"datanode","graphicalType":"path"},{"networkType":"node","nodeType":"DataNode","dataNodeType":"GeneProduct","@type":["DataNode","GeneProduct","datanode"],"gpmlType":"datanode","graphicalType":"path"},{"networkType":"node","nodeType":"DataNode","dataNodeType":"GeneProduct","@type":["DataNode","GeneProduct","datanode"],"gpmlType":"datanode","graphicalType":"path"},{"networkType":"node","nodeType":"DataNode","dataNodeType":"GeneProduct","@type":["DataNode","GeneProduct","datanode"],"gpmlType":"datanode","graphicalType":"path"},{"networkType":"node","nodeType":"DataNode","dataNodeType":"GeneProduct","@type":["DataNode","GeneProduct","datanode"],"gpmlType":"datanode","graphicalType":"path"},{"networkType":"node","nodeType":"DataNode","dataNodeType":"GeneProduct","@type":["DataNode","GeneProduct","datanode"],"gpmlType":"datanode","graphicalType":"path"},{"networkType":"node","nodeType":"DataNode","dataNodeType":"GeneProduct","@type":["DataNode","GeneProduct","datanode"],"gpmlType":"datanode","graphicalType":"path"},{"networkType":"node","nodeType":"DataNode","dataNodeType":"GeneProduct","@type":["DataNode","GeneProduct","datanode"],"gpmlType":"datanode","graphicalType":"path"},{"networkType":"node","nodeType":"DataNode","dataNodeType":"GeneProduct","@type":["DataNode","GeneProduct","datanode"],"gpmlType":"datanode","graphicalType":"path"},{"networkType":"node","nodeType":"DataNode","dataNodeType":"GeneProduct","@type":["DataNode","GeneProduct","datanode"],"gpmlType":"datanode","graphicalType":"path"},{"networkType":"node","nodeType":"DataNode","dataNodeType":"GeneProduct","@type":["DataNode","GeneProduct","datanode"],"gpmlType":"datanode","graphicalType":"path"},{"networkType":"node","nodeType":"DataNode","dataNodeType":"Metabolite","@type":["DataNode","Metabolite","datanode"],"gpmlType":"datanode","graphicalType":"path"},{"networkType":"node","nodeType":"DataNode","dataNodeType":"GeneProduct","@type":["DataNode","GeneProduct","datanode"],"gpmlType":"datanode","graphicalType":"path"},{"networkType":"node","nodeType":"DataNode","dataNodeType":"GeneProduct","@type":["DataNode","GeneProduct","datanode"],"gpmlType":"datanode","graphicalType":"path"},{"networkType":"node","nodeType":"DataNode","dataNodeType":"GeneProduct","@type":["DataNode","GeneProduct","datanode"],"gpmlType":"datanode","graphicalType":"path"},{"networkType":"node","nodeType":"Label","@type":["label"],"gpmlType":"label","graphicalType":"path"},{"networkType":"node","nodeType":"Label","@type":["label"],"gpmlType":"label","graphicalType":"path"},{"networkType":"node","nodeType":"Label","@type":["label"],"gpmlType":"label","graphicalType":"path"},{"networkType":"node","nodeType":"Label","@type":["label"],"gpmlType":"label","graphicalType":"path"},{"networkType":"node","nodeType":"Label","@type":["label"],"gpmlType":"label","graphicalType":"path"},{"networkType":"node","nodeType":"Label","@type":["label"],"gpmlType":"label","graphicalType":"path"},{"networkType":"node","nodeType":"Label","@type":["label"],"gpmlType":"label","graphicalType":"path"},{"networkType":"node","nodeType":"Label","@type":["label"],"gpmlType":"label","graphicalType":"path"},{"networkType":"node","nodeType":"Label","@type":["label"],"gpmlType":"label","graphicalType":"path"},{"networkType":"node","nodeType":"Label","@type":["label"],"gpmlType":"label","graphicalType":"path"},{"networkType":"node","nodeType":"Label","@type":["label"],"gpmlType":"label","graphicalType":"path"},{"networkType":"node","nodeType":"Label","@type":["label"],"gpmlType":"label","graphicalType":"path"},{"networkType":"node","nodeType":"Label","@type":["label"],"gpmlType":"label","graphicalType":"path"},{"networkType":"node","nodeType":"Label","@type":["label"],"gpmlType":"label","graphicalType":"path"},{"networkType":"node","nodeType":"Label","@type":["label"],"gpmlType":"label","graphicalType":"path"},{"networkType":"node","nodeType":"Label","@type":["label"],"gpmlType":"label","graphicalType":"path"},{"networkType":"node","nodeType":"Label","@type":["label"],"gpmlType":"label","graphicalType":"path"},{"networkType":"node","nodeType":"Label","@type":["label"],"gpmlType":"label","graphicalType":"path"},{"networkType":"node","nodeType":"Label","@type":["label"],"gpmlType":"label","graphicalType":"path"},{"networkType":"node","nodeType":"Label","@type":["label"],"gpmlType":"label","graphicalType":"path"},{"networkType":"node","nodeType":"Label","@type":["label"],"gpmlType":"label","graphicalType":"path"},{"networkType":"node","nodeType":"Label","@type":["label"],"gpmlType":"label","graphicalType":"path"},{"networkType":"node","nodeType":"Label","@type":["label"],"gpmlType":"label","graphicalType":"path"},{"networkType":"node","nodeType":"Shape","@type":["shape"],"gpmlType":"shape","graphicalType":"path"},{"networkType":"node","nodeType":"Shape","@type":["shape"],"gpmlType":"shape","graphicalType":"path"},{"networkType":"node","nodeType":"Shape","@type":["shape"],"gpmlType":"shape","graphicalType":"path"},{"networkType":"node","nodeType":"Shape","@type":["shape"],"gpmlType":"shape","graphicalType":"path"},{"networkType":"node","nodeType":"Shape","@type":["shape"],"gpmlType":"shape","graphicalType":"path"},{"networkType":"node","nodeType":"Shape","@type":["shape"],"gpmlType":"shape","graphicalType":"path"},{"networkType":"node","nodeType":"Shape","@type":["shape"],"gpmlType":"shape","graphicalType":"path"},{"networkType":"node","nodeType":"Shape","@type":["shape"],"gpmlType":"shape","graphicalType":"path"},{"networkType":"node","nodeType":"Shape","@type":["shape"],"gpmlType":"shape","graphicalType":"path"},{"networkType":"node","nodeType":"Shape","@type":["shape"],"gpmlType":"shape","graphicalType":"path"},{"networkType":"edge","gpmlType":"interaction","@type":["interaction"],"graphicalType":"path","markerEnd":"arrow","points":[{"x":119,"y":867,"isAttachedTo":"f7f9c","RelX":1,"anchor":[1,0.5,1,0],"RelY":0},{"x":130,"y":867},{"x":130,"y":755},{"x":226,"y":755,"isAttachedTo":"d5432","RelX":-1,"anchor":[0,0.5,-1,0],"RelY":0}],"interactionGraph":[{"id":"f7f9c","interactsWith":"d5432"}],"interactionType":"gpml:Arrow"},{"gpmlType":"anchor","zIndex":null,"networkType":"node","@type":["anchor"],"graphicalType":"path","x":null,"y":null},{"networkType":"edge","gpmlType":"interaction","@type":["interaction"],"graphicalType":"path","markerEnd":"arrow","points":[{"x":119,"y":867,"isAttachedTo":"f7f9c","RelX":1,"anchor":[1,0.5,1,0],"RelY":0},{"x":130,"y":867},{"x":130,"y":977},{"x":213,"y":977,"isAttachedTo":"eef3b","RelX":-1,"anchor":[0,0.5,-1,0],"RelY":0}],"interactionGraph":[{"id":"f7f9c","interactsWith":"eef3b"}],"interactionType":"gpml:Arrow"},{"gpmlType":"anchor","zIndex":null,"networkType":"node","@type":["anchor"],"graphicalType":"path","x":null,"y":null},{"networkType":"edge","gpmlType":"interaction","@type":["interaction"],"graphicalType":"path","markerEnd":"arrow","points":[{"x":317,"y":977,"isAttachedTo":"eef3b","RelX":1,"anchor":[1,0.5,1,0],"RelY":0},{"x":412,"y":977},{"x":412,"y":908},{"x":554,"y":908,"isAttachedTo":"e8313","RelX":-1,"anchor":[0,0.5,-1,0],"RelY":0}],"interactionGraph":[{"id":"eef3b","interactsWith":"e8313"}],"interactionType":"gpml:Arrow"},{"gpmlType":"anchor","zIndex":null,"networkType":"node","@type":["anchor"],"graphicalType":"path","x":null,"y":null},{"networkType":"node","nodeType":"DataNode","dataNodeType":"GeneProduct","@type":["DataNode","GeneProduct","datanode"],"gpmlType":"datanode","graphicalType":"path"},{"gpmlType":"anchor","zIndex":null,"networkType":"node","@type":["anchor"],"graphicalType":"path","x":null,"y":null},{"networkType":"edge","gpmlType":"interaction","@type":["interaction"],"graphicalType":"path","markerEnd":"arrow","points":[{"x":317,"y":977,"isAttachedTo":"eef3b","RelX":1,"anchor":[1,0.5,1,0],"RelY":0},{"x":553,"y":977,"isAttachedTo":"dad5e","RelX":-1,"anchor":[0,0.5,-1,0],"RelY":0}],"interactionGraph":[{"id":"eef3b","interactsWith":"dad5e"}],"interactionType":"gpml:Arrow"},{"gpmlType":"anchor","zIndex":null,"networkType":"node","@type":["anchor"],"graphicalType":"path","x":null,"y":null},{"networkType":"edge","gpmlType":"interaction","@type":["interaction"],"graphicalType":"path","markerEnd":"arrow","points":[{"x":411,"y":755,"isAttachedTo":"be8c4","RelX":1,"anchor":[1,0.5,1,0],"RelY":0},{"x":554,"y":755,"isAttachedTo":"f7f74","RelX":-1,"anchor":[0,0.5,-1,0],"RelY":0}],"interactionGraph":[{"id":"be8c4","interactsWith":"f7f74"}],"interactionType":"gpml:Arrow"},{"gpmlType":"anchor","zIndex":null,"networkType":"node","@type":["anchor"],"graphicalType":"path","x":null,"y":null},{"networkType":"edge","gpmlType":"interaction","@type":["interaction"],"graphicalType":"path","markerEnd":"arrow","points":[{"x":306,"y":755,"isAttachedTo":"d5432","RelX":1,"anchor":[1,0.5,1,0],"RelY":0},{"x":331,"y":755,"isAttachedTo":"be8c4","RelX":-1,"anchor":[0,0.5,-1,0],"RelY":0}],"interactionGraph":[{"id":"d5432","interactsWith":"be8c4"}],"interactionType":"gpml:Arrow"},{"gpmlType":"anchor","zIndex":null,"networkType":"node","@type":["anchor"],"graphicalType":"path","x":null,"y":null},{"networkType":"edge","gpmlType":"interaction","@type":["interaction"],"graphicalType":"path","markerEnd":"arrow","points":[{"x":316,"y":696,"isAttachedTo":"d09ef","RelX":0,"anchor":[0.5,1,0,1],"RelY":1},{"x":316,"y":755,"isAttachedTo":"f29b6","RelX":0,"anchor":[0.5,0.5,0,0],"RelY":0}],"interactionGraph":[{"id":"d09ef","interactsWith":"f29b6"}],"interactionType":"gpml:Arrow"},{"networkType":"edge","gpmlType":"interaction","@type":["interaction"],"graphicalType":"path","markerEnd":"arrow","points":[{"x":491,"y":878,"isAttachedTo":"a0c55","RelX":0,"anchor":[0.5,1,0,1],"RelY":1},{"x":491.81833805416755,"y":908,"isAttachedTo":"f7954","RelX":0,"anchor":[0.5,0.5,0,0],"RelY":0}],"interactionGraph":[{"id":"a0c55","interactsWith":"f7954"}],"interactionType":"gpml:Arrow"},{"networkType":"edge","gpmlType":"interaction","@type":["interaction"],"graphicalType":"path","markerEnd":"arrow","points":[{"x":492,"y":950,"isAttachedTo":"b435b","RelX":0,"anchor":[0.5,1,0,1],"RelY":1},{"x":493.01666666666665,"y":977,"isAttachedTo":"f7f12","RelX":0,"anchor":[0.5,0.5,0,0],"RelY":0}],"interactionGraph":[{"id":"b435b","interactsWith":"f7f12"}],"interactionType":"gpml:Arrow"},{"networkType":"edge","gpmlType":"interaction","@type":["interaction"],"graphicalType":"path","markerEnd":"arrow","points":[{"x":492.5,"y":1039,"isAttachedTo":"da3c4","RelX":0,"anchor":[0.5,1,0,1],"RelY":1},{"x":493.66252315783186,"y":1063,"isAttachedTo":"d676d","RelX":0,"anchor":[0.5,0.5,0,0],"RelY":0}],"interactionGraph":[{"id":"da3c4","interactsWith":"d676d"}],"interactionType":"gpml:Arrow"},{"networkType":"edge","gpmlType":"interaction","@type":["interaction"],"graphicalType":"path","markerEnd":"arrow","points":[{"x":185,"y":871,"isAttachedTo":"aba70","RelX":0,"anchor":[0.5,1,0,1],"RelY":1},{"x":181.68190195355695,"y":977,"isAttachedTo":"c2304","RelX":0,"anchor":[0.5,0.5,0,0],"RelY":0}],"interactionGraph":[{"id":"aba70","interactsWith":"c2304"}],"interactionType":"gpml:Arrow"},{"networkType":"edge","gpmlType":"interaction","@type":["interaction"],"graphicalType":"path","markerEnd":"arrow","points":[{"x":185,"y":851,"isAttachedTo":"aba70","RelX":0,"anchor":[0.5,0,0,-1],"RelY":-1},{"x":185.95694577585124,"y":755,"isAttachedTo":"e15aa","RelX":0,"anchor":[0.5,0.5,0,0],"RelY":0}],"interactionGraph":[{"id":"aba70","interactsWith":"e15aa"}],"interactionType":"gpml:Arrow"},{"networkType":"edge","gpmlType":"interaction","@type":["interaction"],"graphicalType":"path","markerEnd":"arrow","points":[{"x":490.5,"y":695,"isAttachedTo":"e866f","RelX":0,"anchor":[0.5,1,0,1],"RelY":1},{"x":490,"y":755,"isAttachedTo":"b69a4","RelX":0,"anchor":[0.5,0.5,0,0],"RelY":0}],"interactionGraph":[{"id":"e866f","interactsWith":"b69a4"}],"interactionType":"gpml:Arrow"},{"networkType":"edge","gpmlType":"interaction","@type":["interaction"],"graphicalType":"path","markerEnd":"arrow","points":[{"x":185,"y":695,"isAttachedTo":"a388e","RelX":0,"anchor":[0.5,1,0,1],"RelY":1},{"x":185.95694577585124,"y":755,"isAttachedTo":"e15aa","RelX":0,"anchor":[0.5,0.5,0,0],"RelY":0}],"interactionGraph":[{"id":"a388e","interactsWith":"e15aa"}],"interactionType":"gpml:Arrow"},{"networkType":"edge","gpmlType":"interaction","@type":["interaction"],"graphicalType":"path","markerEnd":"arrow","points":[{"x":317,"y":977,"isAttachedTo":"eef3b","RelX":1,"anchor":[1,0.5,1,0],"RelY":0},{"x":412,"y":977},{"x":412,"y":1129},{"x":565,"y":1129,"isAttachedTo":"c1c2a","RelX":-1,"anchor":[0,0.5,-1,0],"RelY":0}],"interactionGraph":[{"id":"eef3b","interactsWith":"c1c2a"}],"interactionType":"gpml:Arrow"},{"gpmlType":"anchor","zIndex":null,"networkType":"node","@type":["anchor"],"graphicalType":"path","x":null,"y":null},{"networkType":"edge","gpmlType":"interaction","@type":["interaction"],"graphicalType":"path","markerEnd":"arrow","points":[{"x":490.5,"y":1105,"isAttachedTo":"d0c80","RelX":0,"anchor":[0.5,1,0,1],"RelY":1},{"x":491.67651949011645,"y":1129,"isAttachedTo":"a4898","RelX":0,"anchor":[0.5,0.5,0,0],"RelY":0}],"interactionGraph":[{"id":"d0c80","interactsWith":"a4898"}],"interactionType":"gpml:Arrow"},{"networkType":"edge","gpmlType":"interaction","@type":["interaction"],"graphicalType":"path","markerEnd":"arrow","points":[{"x":317,"y":977,"isAttachedTo":"eef3b","RelX":1,"anchor":[1,0.5,1,0],"RelY":0},{"x":412,"y":977},{"x":412,"y":833},{"x":557,"y":833,"isAttachedTo":"c140c","RelX":-1,"anchor":[0,0.5,-1,0],"RelY":0}],"interactionGraph":[{"id":"eef3b","interactsWith":"c140c"}],"interactionType":"gpml:Arrow"},{"gpmlType":"anchor","zIndex":null,"networkType":"node","@type":["anchor"],"graphicalType":"path","x":null,"y":null},{"networkType":"edge","gpmlType":"interaction","@type":["interaction"],"graphicalType":"path","markerEnd":"arrow","points":[{"x":489.5,"y":804,"isAttachedTo":"b271f","RelX":0,"anchor":[0.5,1,0,1],"RelY":1},{"x":490.65915885987636,"y":833,"isAttachedTo":"ad181","RelX":0,"anchor":[0.5,0.5,0,0],"RelY":0}],"interactionGraph":[{"id":"b271f","interactsWith":"ad181"}],"interactionType":"gpml:Arrow"},{"networkType":"node","nodeType":"DataNode","dataNodeType":"GeneProduct","@type":["DataNode","GeneProduct","datanode"],"gpmlType":"datanode","graphicalType":"path","datasourceReference":{"database":"Ensembl","id":"ENSECAG00000013817","organism":"Equus caballus"},"unificationXref":"http://identifiers.org/ensembl/ENSECAG00000013817"},{"networkType":"node","nodeType":"DataNode","dataNodeType":"GeneProduct","@type":["DataNode","GeneProduct","datanode"],"gpmlType":"datanode","graphicalType":"path","datasourceReference":{"database":"Ensembl","id":"ENSECAG00000019088","organism":"Equus caballus"},"unificationXref":"http://identifiers.org/ensembl/ENSECAG00000019088"},{"networkType":"node","nodeType":"DataNode","dataNodeType":"GeneProduct","@type":["DataNode","GeneProduct","datanode"],"gpmlType":"datanode","graphicalType":"path","datasourceReference":{"database":"Ensembl","id":"ENSECAG00000019442","organism":"Equus caballus"},"unificationXref":"http://identifiers.org/ensembl/ENSECAG00000019442"},{"networkType":"node","nodeType":"DataNode","dataNodeType":"GeneProduct","@type":["DataNode","GeneProduct","datanode"],"gpmlType":"datanode","graphicalType":"path","datasourceReference":{"database":"Ensembl","id":"ENSECAG00000006012","organism":"Equus caballus"},"unificationXref":"http://identifiers.org/ensembl/ENSECAG00000006012"},{"networkType":"node","nodeType":"DataNode","dataNodeType":"GeneProduct","@type":["DataNode","GeneProduct","datanode"],"gpmlType":"datanode","graphicalType":"path","datasourceReference":{"database":"Ensembl","id":"ENSECAG00000008153","organism":"Equus caballus"},"unificationXref":"http://identifiers.org/ensembl/ENSECAG00000008153"},{"networkType":"node","nodeType":"DataNode","dataNodeType":"GeneProduct","@type":["DataNode","GeneProduct","datanode"],"gpmlType":"datanode","graphicalType":"path","datasourceReference":{"database":"Ensembl","id":"ENSECAG00000020768","organism":"Equus caballus"},"unificationXref":"http://identifiers.org/ensembl/ENSECAG00000020768"},{"networkType":"node","nodeType":"DataNode","dataNodeType":"GeneProduct","@type":["DataNode","GeneProduct","datanode"],"gpmlType":"datanode","graphicalType":"path","datasourceReference":{"database":"Ensembl","id":"ENSECAG00000012649","organism":"Equus caballus"},"unificationXref":"http://identifiers.org/ensembl/ENSECAG00000012649"},{"networkType":"node","nodeType":"DataNode","dataNodeType":"GeneProduct","@type":["DataNode","GeneProduct","datanode"],"gpmlType":"datanode","graphicalType":"path","datasourceReference":{"database":"Ensembl","id":"ENSECAG00000013478","organism":"Equus caballus"},"unificationXref":"http://identifiers.org/ensembl/ENSECAG00000013478"},{"networkType":"node","nodeType":"DataNode","dataNodeType":"GeneProduct","@type":["DataNode","GeneProduct","datanode"],"gpmlType":"datanode","graphicalType":"path","datasourceReference":{"database":"Ensembl","id":"ENSECAG00000019741","organism":"Equus caballus"},"unificationXref":"http://identifiers.org/ensembl/ENSECAG00000019741"},{"networkType":"node","nodeType":"DataNode","dataNodeType":"GeneProduct","@type":["DataNode","GeneProduct","datanode"],"gpmlType":"datanode","graphicalType":"path","datasourceReference":{"database":"Ensembl","id":"ENSECAG00000000223","organism":"Equus caballus"},"unificationXref":"http://identifiers.org/ensembl/ENSECAG00000000223"},{"networkType":"node","nodeType":"DataNode","dataNodeType":"GeneProduct","@type":["DataNode","GeneProduct","datanode"],"gpmlType":"datanode","graphicalType":"path","datasourceReference":{"database":"Ensembl","id":"ENSECAG00000006082","organism":"Equus caballus"},"unificationXref":"http://identifiers.org/ensembl/ENSECAG00000006082"},{"networkType":"node","nodeType":"DataNode","dataNodeType":"GeneProduct","@type":["DataNode","GeneProduct","datanode"],"gpmlType":"datanode","graphicalType":"path","datasourceReference":{"database":"Ensembl","id":"ENSECAG00000021518","organism":"Equus caballus"},"unificationXref":"http://identifiers.org/ensembl/ENSECAG00000021518"},{"networkType":"node","nodeType":"DataNode","dataNodeType":"GeneProduct","@type":["DataNode","GeneProduct","datanode"],"gpmlType":"datanode","graphicalType":"path","datasourceReference":{"database":"Ensembl","id":"ENSECAG00000021518","organism":"Equus caballus"},"unificationXref":"http://identifiers.org/ensembl/ENSECAG00000021518"},{"networkType":"node","nodeType":"DataNode","dataNodeType":"GeneProduct","@type":["DataNode","GeneProduct","datanode"],"gpmlType":"datanode","graphicalType":"path","datasourceReference":{"database":"Ensembl","id":"ENSECAG00000021518","organism":"Equus caballus"},"unificationXref":"http://identifiers.org/ensembl/ENSECAG00000021518"},{"networkType":"node","nodeType":"DataNode","dataNodeType":"GeneProduct","@type":["DataNode","GeneProduct","datanode"],"gpmlType":"datanode","graphicalType":"path","datasourceReference":{"database":"Ensembl","id":"ENSECAG00000021518","organism":"Equus caballus"},"unificationXref":"http://identifiers.org/ensembl/ENSECAG00000021518"},{"networkType":"node","nodeType":"DataNode","dataNodeType":"GeneProduct","@type":["DataNode","GeneProduct","datanode"],"gpmlType":"datanode","graphicalType":"path","datasourceReference":{"database":"Ensembl","id":"ENSECAG00000017089","organism":"Equus caballus"},"unificationXref":"http://identifiers.org/ensembl/ENSECAG00000017089"},{"networkType":"node","nodeType":"DataNode","dataNodeType":"GeneProduct","@type":["DataNode","GeneProduct","datanode"],"gpmlType":"datanode","graphicalType":"path","datasourceReference":{"database":"Ensembl","id":"ENSECAG00000008834","organism":"Equus caballus"},"unificationXref":"http://identifiers.org/ensembl/ENSECAG00000008834"},{"networkType":"node","nodeType":"DataNode","dataNodeType":"GeneProduct","@type":["DataNode","GeneProduct","datanode"],"gpmlType":"datanode","graphicalType":"path","datasourceReference":{"database":"Ensembl","id":"ENSECAG00000020703","organism":"Equus caballus"},"unificationXref":"http://identifiers.org/ensembl/ENSECAG00000020703"},{"networkType":"node","nodeType":"DataNode","dataNodeType":"GeneProduct","@type":["DataNode","GeneProduct","datanode"],"gpmlType":"datanode","graphicalType":"path","datasourceReference":{"database":"Ensembl","id":"ENSECAG00000015059","organism":"Equus caballus"},"unificationXref":"http://identifiers.org/ensembl/ENSECAG00000015059"},{"networkType":"node","nodeType":"DataNode","dataNodeType":"GeneProduct","@type":["DataNode","GeneProduct","datanode"],"gpmlType":"datanode","graphicalType":"path","datasourceReference":{"database":"Ensembl","id":"ENSECAG00000013205","organism":"Equus caballus"},"unificationXref":"http://identifiers.org/ensembl/ENSECAG00000013205"},{"networkType":"node","nodeType":"DataNode","dataNodeType":"GeneProduct","@type":["DataNode","GeneProduct","datanode"],"gpmlType":"datanode","graphicalType":"path","datasourceReference":{"database":"Ensembl","id":"ENSECAG00000009434","organism":"Equus caballus"},"unificationXref":"http://identifiers.org/ensembl/ENSECAG00000009434"},{"networkType":"node","nodeType":"DataNode","dataNodeType":"GeneProduct","@type":["DataNode","GeneProduct","datanode"],"gpmlType":"datanode","graphicalType":"path","datasourceReference":{"database":"Ensembl","id":"ENSECAG00000023519","organism":"Equus caballus"},"unificationXref":"http://identifiers.org/ensembl/ENSECAG00000023519"},{"networkType":"node","nodeType":"DataNode","dataNodeType":"GeneProduct","@type":["DataNode","GeneProduct","datanode"],"gpmlType":"datanode","graphicalType":"path","datasourceReference":{"database":"Ensembl","id":"ENSECAG00000014362","organism":"Equus caballus"},"unificationXref":"http://identifiers.org/ensembl/ENSECAG00000014362"},{"networkType":"node","nodeType":"DataNode","dataNodeType":"GeneProduct","@type":["DataNode","GeneProduct","datanode"],"gpmlType":"datanode","graphicalType":"path","datasourceReference":{"database":"Ensembl","id":"ENSECAG00000002652","organism":"Equus caballus"},"unificationXref":"http://identifiers.org/ensembl/ENSECAG00000002652"},{"networkType":"node","nodeType":"DataNode","dataNodeType":"GeneProduct","@type":["DataNode","GeneProduct","datanode"],"gpmlType":"datanode","graphicalType":"path","datasourceReference":{"database":"Ensembl","id":"ENSECAG00000002652","organism":"Equus caballus"},"unificationXref":"http://identifiers.org/ensembl/ENSECAG00000002652"},{"networkType":"node","nodeType":"DataNode","dataNodeType":"GeneProduct","@type":["DataNode","GeneProduct","datanode"],"gpmlType":"datanode","graphicalType":"path","datasourceReference":{"database":"Ensembl","id":"ENSECAG00000019677","organism":"Equus caballus"},"unificationXref":"http://identifiers.org/ensembl/ENSECAG00000019677"},{"networkType":"node","nodeType":"DataNode","dataNodeType":"GeneProduct","@type":["DataNode","GeneProduct","datanode"],"gpmlType":"datanode","graphicalType":"path","datasourceReference":{"database":"Ensembl","id":"ENSECAG00000002100","organism":"Equus caballus"},"unificationXref":"http://identifiers.org/ensembl/ENSECAG00000002100"},{"networkType":"node","nodeType":"DataNode","dataNodeType":"GeneProduct","@type":["DataNode","GeneProduct","datanode"],"gpmlType":"datanode","graphicalType":"path","datasourceReference":{"database":"Ensembl","id":"ENSECAG00000011592","organism":"Equus caballus"},"unificationXref":"http://identifiers.org/ensembl/ENSECAG00000011592"},{"networkType":"node","nodeType":"DataNode","dataNodeType":"GeneProduct","@type":["DataNode","GeneProduct","datanode"],"gpmlType":"datanode","graphicalType":"path","datasourceReference":{"database":"Ensembl","id":"ENSECAG00000014579","organism":"Equus caballus"},"unificationXref":"http://identifiers.org/ensembl/ENSECAG00000014579"},{"networkType":"node","nodeType":"DataNode","dataNodeType":"GeneProduct","@type":["DataNode","GeneProduct","datanode"],"gpmlType":"datanode","graphicalType":"path","datasourceReference":{"database":"Ensembl","id":"ENSECAG00000013653","organism":"Equus caballus"},"unificationXref":"http://identifiers.org/ensembl/ENSECAG00000013653"},{"networkType":"node","nodeType":"DataNode","dataNodeType":"GeneProduct","@type":["DataNode","GeneProduct","datanode"],"gpmlType":"datanode","graphicalType":"path","datasourceReference":{"database":"Ensembl","id":"ENSECAG00000017494","organism":"Equus caballus"},"unificationXref":"http://identifiers.org/ensembl/ENSECAG00000017494"},{"networkType":"node","nodeType":"DataNode","dataNodeType":"GeneProduct","@type":["DataNode","GeneProduct","datanode"],"gpmlType":"datanode","graphicalType":"path","datasourceReference":{"database":"Ensembl","id":"ENSECAG00000007597","organism":"Equus caballus"},"unificationXref":"http://identifiers.org/ensembl/ENSECAG00000007597"},{"networkType":"node","nodeType":"DataNode","dataNodeType":"GeneProduct","@type":["DataNode","GeneProduct","datanode"],"gpmlType":"datanode","graphicalType":"path","datasourceReference":{"database":"Ensembl","id":"ENSECAG00000007161","organism":"Equus caballus"},"unificationXref":"http://identifiers.org/ensembl/ENSECAG00000007161"},{"networkType":"node","nodeType":"DataNode","dataNodeType":"GeneProduct","@type":["DataNode","GeneProduct","datanode"],"gpmlType":"datanode","graphicalType":"path","datasourceReference":{"database":"Ensembl","id":"ENSECAG00000023905","organism":"Equus caballus"},"unificationXref":"http://identifiers.org/ensembl/ENSECAG00000023905"},{"networkType":"node","nodeType":"DataNode","dataNodeType":"GeneProduct","@type":["DataNode","GeneProduct","datanode"],"gpmlType":"datanode","graphicalType":"path","datasourceReference":{"database":"Ensembl","id":"ENSECAG00000009026","organism":"Equus caballus"},"unificationXref":"http://identifiers.org/ensembl/ENSECAG00000009026"},{"networkType":"node","nodeType":"DataNode","dataNodeType":"GeneProduct","@type":["DataNode","GeneProduct","datanode"],"gpmlType":"datanode","graphicalType":"path","datasourceReference":{"database":"Ensembl","id":"ENSECAG00000021232","organism":"Equus caballus"},"unificationXref":"http://identifiers.org/ensembl/ENSECAG00000021232"},{"networkType":"node","nodeType":"DataNode","dataNodeType":"GeneProduct","@type":["DataNode","GeneProduct","datanode"],"gpmlType":"datanode","graphicalType":"path","datasourceReference":{"database":"Ensembl","id":"ENSECAG00000022978","organism":"Equus caballus"},"unificationXref":"http://identifiers.org/ensembl/ENSECAG00000022978"},{"networkType":"node","nodeType":"DataNode","dataNodeType":"GeneProduct","@type":["DataNode","GeneProduct","datanode"],"gpmlType":"datanode","graphicalType":"path","datasourceReference":{"database":"Ensembl","id":"ENSECAG00000012358","organism":"Equus caballus"},"unificationXref":"http://identifiers.org/ensembl/ENSECAG00000012358"},{"networkType":"node","nodeType":"DataNode","dataNodeType":"GeneProduct","@type":["DataNode","GeneProduct","datanode"],"gpmlType":"datanode","graphicalType":"path","datasourceReference":{"database":"Ensembl","id":"ENSECAG00000016889","organism":"Equus caballus"},"unificationXref":"http://identifiers.org/ensembl/ENSECAG00000016889"},{"networkType":"node","nodeType":"DataNode","dataNodeType":"GeneProduct","@type":["DataNode","GeneProduct","datanode"],"gpmlType":"datanode","graphicalType":"path","datasourceReference":{"database":"Ensembl","id":"ENSECAG00000020100","organism":"Equus caballus"},"unificationXref":"http://identifiers.org/ensembl/ENSECAG00000020100"},{"networkType":"node","nodeType":"DataNode","dataNodeType":"GeneProduct","@type":["DataNode","GeneProduct","datanode"],"gpmlType":"datanode","graphicalType":"path","datasourceReference":{"database":"Ensembl","id":"ENSECAG00000007407","organism":"Equus caballus"},"unificationXref":"http://identifiers.org/ensembl/ENSECAG00000007407"},{"networkType":"node","nodeType":"DataNode","dataNodeType":"GeneProduct","@type":["DataNode","GeneProduct","datanode"],"gpmlType":"datanode","graphicalType":"path","datasourceReference":{"database":"Ensembl","id":"ENSECAG00000012946","organism":"Equus caballus"},"unificationXref":"http://identifiers.org/ensembl/ENSECAG00000012946"},{"networkType":"node","nodeType":"DataNode","dataNodeType":"GeneProduct","@type":["DataNode","GeneProduct","datanode"],"gpmlType":"datanode","graphicalType":"path","datasourceReference":{"database":"Ensembl","id":"ENSECAG00000007540","organism":"Equus caballus"},"unificationXref":"http://identifiers.org/ensembl/ENSECAG00000007540"},{"networkType":"node","nodeType":"DataNode","dataNodeType":"GeneProduct","@type":["DataNode","GeneProduct","datanode"],"gpmlType":"datanode","graphicalType":"path","datasourceReference":{"database":"Ensembl","id":"ENSECAG00000003415","organism":"Equus caballus"},"unificationXref":"http://identifiers.org/ensembl/ENSECAG00000003415"},{"networkType":"node","nodeType":"DataNode","dataNodeType":"GeneProduct","@type":["DataNode","GeneProduct","datanode"],"gpmlType":"datanode","graphicalType":"path","datasourceReference":{"database":"Ensembl","id":"ENSECAG00000010022","organism":"Equus caballus"},"unificationXref":"http://identifiers.org/ensembl/ENSECAG00000010022"},{"networkType":"node","nodeType":"DataNode","dataNodeType":"GeneProduct","@type":["DataNode","GeneProduct","datanode"],"gpmlType":"datanode","graphicalType":"path","datasourceReference":{"database":"Ensembl","id":"ENSECAG00000020474","organism":"Equus caballus"},"unificationXref":"http://identifiers.org/ensembl/ENSECAG00000020474"},{"networkType":"node","nodeType":"DataNode","dataNodeType":"GeneProduct","@type":["DataNode","GeneProduct","datanode"],"gpmlType":"datanode","graphicalType":"path","datasourceReference":{"database":"Ensembl","id":"ENSECAG00000010884","organism":"Equus caballus"},"unificationXref":"http://identifiers.org/ensembl/ENSECAG00000010884"},{"networkType":"node","nodeType":"DataNode","dataNodeType":"GeneProduct","@type":["DataNode","GeneProduct","datanode"],"gpmlType":"datanode","graphicalType":"path","datasourceReference":{"database":"Ensembl","id":"ENSECAG00000016322","organism":"Equus caballus"},"unificationXref":"http://identifiers.org/ensembl/ENSECAG00000016322"},{"networkType":"node","nodeType":"DataNode","dataNodeType":"GeneProduct","@type":["DataNode","GeneProduct","datanode"],"gpmlType":"datanode","graphicalType":"path","datasourceReference":{"database":"Ensembl","id":"ENSECAG00000022244","organism":"Equus caballus"},"unificationXref":"http://identifiers.org/ensembl/ENSECAG00000022244"},{"networkType":"node","nodeType":"DataNode","dataNodeType":"GeneProduct","@type":["DataNode","GeneProduct","datanode"],"gpmlType":"datanode","graphicalType":"path","datasourceReference":{"database":"Ensembl","id":"ENSECAG00000022724","organism":"Equus caballus"},"unificationXref":"http://identifiers.org/ensembl/ENSECAG00000022724"},{"networkType":"node","nodeType":"DataNode","dataNodeType":"GeneProduct","@type":["DataNode","GeneProduct","datanode"],"gpmlType":"datanode","graphicalType":"path","datasourceReference":{"database":"Ensembl","id":"ENSECAG00000023734","organism":"Equus caballus"},"unificationXref":"http://identifiers.org/ensembl/ENSECAG00000023734"},{"networkType":"node","nodeType":"DataNode","dataNodeType":"GeneProduct","@type":["DataNode","GeneProduct","datanode"],"gpmlType":"datanode","graphicalType":"path","datasourceReference":{"database":"Ensembl","id":"ENSECAG00000019737","organism":"Equus caballus"},"unificationXref":"http://identifiers.org/ensembl/ENSECAG00000019737"},{"networkType":"node","nodeType":"DataNode","dataNodeType":"GeneProduct","@type":["DataNode","GeneProduct","datanode"],"gpmlType":"datanode","graphicalType":"path","datasourceReference":{"database":"Ensembl","id":"ENSECAG00000025143","organism":"Equus caballus"},"unificationXref":"http://identifiers.org/ensembl/ENSECAG00000025143"},{"networkType":"node","nodeType":"DataNode","dataNodeType":"GeneProduct","@type":["DataNode","GeneProduct","datanode"],"gpmlType":"datanode","graphicalType":"path","datasourceReference":{"database":"Ensembl","id":"ENSECAG00000017379","organism":"Equus caballus"},"unificationXref":"http://identifiers.org/ensembl/ENSECAG00000017379"},{"networkType":"node","nodeType":"DataNode","dataNodeType":"GeneProduct","@type":["DataNode","GeneProduct","datanode"],"gpmlType":"datanode","graphicalType":"path","datasourceReference":{"database":"Ensembl","id":"ENSECAG00000019834","organism":"Equus caballus"},"unificationXref":"http://identifiers.org/ensembl/ENSECAG00000019834"},{"networkType":"node","nodeType":"DataNode","dataNodeType":"GeneProduct","@type":["DataNode","GeneProduct","datanode"],"gpmlType":"datanode","graphicalType":"path","datasourceReference":{"database":"Ensembl","id":"ENSECAG00000006455","organism":"Equus caballus"},"unificationXref":"http://identifiers.org/ensembl/ENSECAG00000006455"},{"networkType":"node","nodeType":"DataNode","dataNodeType":"GeneProduct","@type":["DataNode","GeneProduct","datanode"],"gpmlType":"datanode","graphicalType":"path","datasourceReference":{"database":"Ensembl","id":"ENSECAG00000023444","organism":"Equus caballus"},"unificationXref":"http://identifiers.org/ensembl/ENSECAG00000023444"},{"networkType":"node","nodeType":"DataNode","dataNodeType":"GeneProduct","@type":["DataNode","GeneProduct","datanode"],"gpmlType":"datanode","graphicalType":"path","datasourceReference":{"database":"Ensembl","id":"ENSECAG00000011289","organism":"Equus caballus"},"unificationXref":"http://identifiers.org/ensembl/ENSECAG00000011289"},{"networkType":"node","nodeType":"DataNode","dataNodeType":"GeneProduct","@type":["DataNode","GeneProduct","datanode"],"gpmlType":"datanode","graphicalType":"path","datasourceReference":{"database":"Ensembl","id":"ENSECAG00000014271","organism":"Equus caballus"},"unificationXref":"http://identifiers.org/ensembl/ENSECAG00000014271"},{"networkType":"node","nodeType":"DataNode","dataNodeType":"GeneProduct","@type":["DataNode","GeneProduct","datanode"],"gpmlType":"datanode","graphicalType":"path","datasourceReference":{"database":"Ensembl","id":"ENSECAG00000006802","organism":"Equus caballus"},"unificationXref":"http://identifiers.org/ensembl/ENSECAG00000006802"},{"networkType":"node","nodeType":"DataNode","dataNodeType":"GeneProduct","@type":["DataNode","GeneProduct","datanode"],"gpmlType":"datanode","graphicalType":"path","datasourceReference":{"database":"Ensembl","id":"ENSECAG00000011806","organism":"Equus caballus"},"unificationXref":"http://identifiers.org/ensembl/ENSECAG00000011806"},{"networkType":"node","nodeType":"DataNode","dataNodeType":"GeneProduct","@type":["DataNode","GeneProduct","datanode"],"gpmlType":"datanode","graphicalType":"path","datasourceReference":{"database":"Ensembl","id":"ENSECAG00000011019","organism":"Equus caballus"},"unificationXref":"http://identifiers.org/ensembl/ENSECAG00000011019"},{"networkType":"node","nodeType":"DataNode","dataNodeType":"GeneProduct","@type":["DataNode","GeneProduct","datanode"],"gpmlType":"datanode","graphicalType":"path","datasourceReference":{"database":"Ensembl","id":"ENSECAG00000018442","organism":"Equus caballus"},"unificationXref":"http://identifiers.org/ensembl/ENSECAG00000018442"},{"networkType":"node","nodeType":"DataNode","dataNodeType":"GeneProduct","@type":["DataNode","GeneProduct","datanode"],"gpmlType":"datanode","graphicalType":"path","datasourceReference":{"database":"Ensembl","id":"ENSECAG00000000745","organism":"Equus caballus"},"unificationXref":"http://identifiers.org/ensembl/ENSECAG00000000745"},{"networkType":"node","nodeType":"DataNode","dataNodeType":"GeneProduct","@type":["DataNode","GeneProduct","datanode"],"gpmlType":"datanode","graphicalType":"path","datasourceReference":{"database":"Ensembl","id":"ENSECAG00000009019","organism":"Equus caballus"},"unificationXref":"http://identifiers.org/ensembl/ENSECAG00000009019"},{"networkType":"node","nodeType":"DataNode","dataNodeType":"GeneProduct","@type":["DataNode","GeneProduct","datanode"],"gpmlType":"datanode","graphicalType":"path","datasourceReference":{"database":"Ensembl","id":"ENSECAG00000009590","organism":"Equus caballus"},"unificationXref":"http://identifiers.org/ensembl/ENSECAG00000009590"},{"networkType":"node","nodeType":"DataNode","dataNodeType":"GeneProduct","@type":["DataNode","GeneProduct","datanode"],"gpmlType":"datanode","graphicalType":"path","datasourceReference":{"database":"Ensembl","id":"ENSECAG00000019037","organism":"Equus caballus"},"unificationXref":"http://identifiers.org/ensembl/ENSECAG00000019037"},{"networkType":"node","nodeType":"DataNode","dataNodeType":"GeneProduct","@type":["DataNode","GeneProduct","datanode"],"gpmlType":"datanode","graphicalType":"path","datasourceReference":{"database":"Ensembl","id":"ENSECAG00000022803","organism":"Equus caballus"},"unificationXref":"http://identifiers.org/ensembl/ENSECAG00000022803"},{"networkType":"node","nodeType":"DataNode","dataNodeType":"GeneProduct","@type":["DataNode","GeneProduct","datanode"],"gpmlType":"datanode","graphicalType":"path","datasourceReference":{"database":"Ensembl","id":"ENSECAG00000018832","organism":"Equus caballus"},"unificationXref":"http://identifiers.org/ensembl/ENSECAG00000018832"},{"networkType":"node","nodeType":"DataNode","dataNodeType":"GeneProduct","@type":["DataNode","GeneProduct","datanode"],"gpmlType":"datanode","graphicalType":"path","datasourceReference":{"database":"Ensembl","id":"ENSECAG00000024971","organism":"Equus caballus"},"unificationXref":"http://identifiers.org/ensembl/ENSECAG00000024971"},{"networkType":"node","nodeType":"DataNode","dataNodeType":"GeneProduct","@type":["DataNode","GeneProduct","datanode"],"gpmlType":"datanode","graphicalType":"path","datasourceReference":{"database":"Ensembl","id":"ENSECAG00000011560","organism":"Equus caballus"},"unificationXref":"http://identifiers.org/ensembl/ENSECAG00000011560"},{"networkType":"node","nodeType":"DataNode","dataNodeType":"GeneProduct","@type":["DataNode","GeneProduct","datanode"],"gpmlType":"datanode","graphicalType":"path","datasourceReference":{"database":"Ensembl","id":"ENSECAG00000010116","organism":"Equus caballus"},"unificationXref":"http://identifiers.org/ensembl/ENSECAG00000010116"},{"networkType":"node","nodeType":"DataNode","dataNodeType":"GeneProduct","@type":["DataNode","GeneProduct","datanode"],"gpmlType":"datanode","graphicalType":"path","datasourceReference":{"database":"Ensembl","id":"ENSECAG00000011265","organism":"Equus caballus"},"unificationXref":"http://identifiers.org/ensembl/ENSECAG00000011265"},{"networkType":"node","nodeType":"DataNode","dataNodeType":"GeneProduct","@type":["DataNode","GeneProduct","datanode"],"gpmlType":"datanode","graphicalType":"path","datasourceReference":{"database":"Ensembl","id":"ENSECAG00000020763","organism":"Equus caballus"},"unificationXref":"http://identifiers.org/ensembl/ENSECAG00000020763"},{"networkType":"node","nodeType":"DataNode","dataNodeType":"GeneProduct","@type":["DataNode","GeneProduct","datanode"],"gpmlType":"datanode","graphicalType":"path","datasourceReference":{"database":"Ensembl","id":"ENSECAG00000019195","organism":"Equus caballus"},"unificationXref":"http://identifiers.org/ensembl/ENSECAG00000019195"},{"networkType":"node","nodeType":"DataNode","dataNodeType":"GeneProduct","@type":["DataNode","GeneProduct","datanode"],"gpmlType":"datanode","graphicalType":"path","datasourceReference":{"database":"Ensembl","id":"ENSECAG00000022320","organism":"Equus caballus"},"unificationXref":"http://identifiers.org/ensembl/ENSECAG00000022320"},{"networkType":"node","nodeType":"DataNode","dataNodeType":"GeneProduct","@type":["DataNode","GeneProduct","datanode"],"gpmlType":"datanode","graphicalType":"path","datasourceReference":{"database":"Ensembl","id":"ENSECAG00000014178","organism":"Equus caballus"},"unificationXref":"http://identifiers.org/ensembl/ENSECAG00000014178"},{"networkType":"node","nodeType":"DataNode","dataNodeType":"GeneProduct","@type":["DataNode","GeneProduct","datanode"],"gpmlType":"datanode","graphicalType":"path","datasourceReference":{"database":"Ensembl","id":"ENSECAG00000021620","organism":"Equus caballus"},"unificationXref":"http://identifiers.org/ensembl/ENSECAG00000021620"},{"networkType":"node","nodeType":"DataNode","dataNodeType":"GeneProduct","@type":["DataNode","GeneProduct","datanode"],"gpmlType":"datanode","graphicalType":"path","datasourceReference":{"database":"Ensembl","id":"ENSECAG00000012609","organism":"Equus caballus"},"unificationXref":"http://identifiers.org/ensembl/ENSECAG00000012609"},{"networkType":"node","nodeType":"DataNode","dataNodeType":"GeneProduct","@type":["DataNode","GeneProduct","datanode"],"gpmlType":"datanode","graphicalType":"path","datasourceReference":{"database":"Ensembl","id":"ENSECAG00000013059","organism":"Equus caballus"},"unificationXref":"http://identifiers.org/ensembl/ENSECAG00000013059"},{"networkType":"node","nodeType":"DataNode","dataNodeType":"GeneProduct","@type":["DataNode","GeneProduct","datanode"],"gpmlType":"datanode","graphicalType":"path","datasourceReference":{"database":"Ensembl","id":"ENSECAG00000011621","organism":"Equus caballus"},"unificationXref":"http://identifiers.org/ensembl/ENSECAG00000011621"},{"networkType":"node","nodeType":"DataNode","dataNodeType":"GeneProduct","@type":["DataNode","GeneProduct","datanode"],"gpmlType":"datanode","graphicalType":"path","datasourceReference":{"database":"Ensembl","id":"ENSECAG00000009867","organism":"Equus caballus"},"unificationXref":"http://identifiers.org/ensembl/ENSECAG00000009867"},{"networkType":"node","nodeType":"DataNode","dataNodeType":"GeneProduct","@type":["DataNode","GeneProduct","datanode"],"gpmlType":"datanode","graphicalType":"path","datasourceReference":{"database":"Ensembl","id":"ENSECAG00000000898","organism":"Equus caballus"},"unificationXref":"http://identifiers.org/ensembl/ENSECAG00000000898"},{"networkType":"node","nodeType":"DataNode","dataNodeType":"GeneProduct","@type":["DataNode","GeneProduct","datanode"],"gpmlType":"datanode","graphicalType":"path","datasourceReference":{"database":"Ensembl","id":"ENSECAG00000012925","organism":"Equus caballus"},"unificationXref":"http://identifiers.org/ensembl/ENSECAG00000012925"},{"networkType":"node","nodeType":"DataNode","dataNodeType":"GeneProduct","@type":["DataNode","GeneProduct","datanode"],"gpmlType":"datanode","graphicalType":"path","datasourceReference":{"database":"Ensembl","id":"ENSECAG00000023208","organism":"Equus caballus"},"unificationXref":"http://identifiers.org/ensembl/ENSECAG00000023208"},{"networkType":"node","nodeType":"DataNode","dataNodeType":"GeneProduct","@type":["DataNode","GeneProduct","datanode"],"gpmlType":"datanode","graphicalType":"path","datasourceReference":{"database":"Ensembl","id":"ENSECAG00000018711","organism":"Equus caballus"},"unificationXref":"http://identifiers.org/ensembl/ENSECAG00000018711"},{"networkType":"node","nodeType":"DataNode","dataNodeType":"GeneProduct","@type":["DataNode","GeneProduct","datanode"],"gpmlType":"datanode","graphicalType":"path","datasourceReference":{"database":"Ensembl","id":"ENSECAG00000000982","organism":"Equus caballus"},"unificationXref":"http://identifiers.org/ensembl/ENSECAG00000000982"},{"networkType":"node","nodeType":"DataNode","dataNodeType":"GeneProduct","@type":["DataNode","GeneProduct","datanode"],"gpmlType":"datanode","graphicalType":"path","datasourceReference":{"database":"Ensembl","id":"ENSECAG00000008012","organism":"Equus caballus"},"unificationXref":"http://identifiers.org/ensembl/ENSECAG00000008012"},{"networkType":"node","nodeType":"DataNode","dataNodeType":"GeneProduct","@type":["DataNode","GeneProduct","datanode"],"gpmlType":"datanode","graphicalType":"path","datasourceReference":{"database":"Ensembl","id":"ENSECAG00000006553","organism":"Equus caballus"},"unificationXref":"http://identifiers.org/ensembl/ENSECAG00000006553"},{"networkType":"node","nodeType":"DataNode","dataNodeType":"GeneProduct","@type":["DataNode","GeneProduct","datanode"],"gpmlType":"datanode","graphicalType":"path","datasourceReference":{"database":"Ensembl","id":"ENSECAG00000023425","organism":"Equus caballus"},"unificationXref":"http://identifiers.org/ensembl/ENSECAG00000023425"},{"networkType":"node","nodeType":"DataNode","dataNodeType":"GeneProduct","@type":["DataNode","GeneProduct","datanode"],"gpmlType":"datanode","graphicalType":"path","datasourceReference":{"database":"Ensembl","id":"ENSECAG00000023425","organism":"Equus caballus"},"unificationXref":"http://identifiers.org/ensembl/ENSECAG00000023425"},{"networkType":"node","nodeType":"DataNode","dataNodeType":"GeneProduct","@type":["DataNode","GeneProduct","datanode"],"gpmlType":"datanode","graphicalType":"path","datasourceReference":{"database":"Ensembl","id":"ENSECAG00000008591","organism":"Equus caballus"},"unificationXref":"http://identifiers.org/ensembl/ENSECAG00000008591"},{"networkType":"node","nodeType":"DataNode","dataNodeType":"GeneProduct","@type":["DataNode","GeneProduct","datanode"],"gpmlType":"datanode","graphicalType":"path","datasourceReference":{"database":"Ensembl","id":"ENSECAG00000017766","organism":"Equus caballus"},"unificationXref":"http://identifiers.org/ensembl/ENSECAG00000017766"},{"networkType":"node","nodeType":"DataNode","dataNodeType":"GeneProduct","@type":["DataNode","GeneProduct","datanode"],"gpmlType":"datanode","graphicalType":"path","datasourceReference":{"database":"Ensembl","id":"ENSECAG00000019904","organism":"Equus caballus"},"unificationXref":"http://identifiers.org/ensembl/ENSECAG00000019904"},{"networkType":"node","nodeType":"DataNode","dataNodeType":"GeneProduct","@type":["DataNode","GeneProduct","datanode"],"gpmlType":"datanode","graphicalType":"path","datasourceReference":{"database":"Ensembl","id":"ENSECAG00000001066","organism":"Equus caballus"},"unificationXref":"http://identifiers.org/ensembl/ENSECAG00000001066"},{"networkType":"node","nodeType":"DataNode","dataNodeType":"GeneProduct","@type":["DataNode","GeneProduct","datanode"],"gpmlType":"datanode","graphicalType":"path","datasourceReference":{"database":"Ensembl","id":"ENSECAG00000018909","organism":"Equus caballus"},"unificationXref":"http://identifiers.org/ensembl/ENSECAG00000018909"},{"networkType":"node","nodeType":"DataNode","dataNodeType":"GeneProduct","@type":["DataNode","GeneProduct","datanode"],"gpmlType":"datanode","graphicalType":"path","datasourceReference":{"database":"Ensembl","id":"ENSECAG00000021338","organism":"Equus caballus"},"unificationXref":"http://identifiers.org/ensembl/ENSECAG00000021338"},{"networkType":"node","nodeType":"DataNode","dataNodeType":"GeneProduct","@type":["DataNode","GeneProduct","datanode"],"gpmlType":"datanode","graphicalType":"path","datasourceReference":{"database":"Ensembl","id":"ENSECAG00000024451","organism":"Equus caballus"},"unificationXref":"http://identifiers.org/ensembl/ENSECAG00000024451"},{"networkType":"node","nodeType":"DataNode","dataNodeType":"GeneProduct","@type":["DataNode","GeneProduct","datanode"],"gpmlType":"datanode","graphicalType":"path","datasourceReference":{"database":"Ensembl","id":"ENSECAG00000004503","organism":"Equus caballus"},"unificationXref":"http://identifiers.org/ensembl/ENSECAG00000004503"},{"networkType":"node","nodeType":"DataNode","dataNodeType":"GeneProduct","@type":["DataNode","GeneProduct","datanode"],"gpmlType":"datanode","graphicalType":"path","datasourceReference":{"database":"Ensembl","id":"ENSECAG00000000800","organism":"Equus caballus"},"unificationXref":"http://identifiers.org/ensembl/ENSECAG00000000800"},{"networkType":"node","nodeType":"DataNode","dataNodeType":"GeneProduct","@type":["DataNode","GeneProduct","datanode"],"gpmlType":"datanode","graphicalType":"path","datasourceReference":{"database":"Ensembl","id":"ENSECAG00000002570","organism":"Equus caballus"},"unificationXref":"http://identifiers.org/ensembl/ENSECAG00000002570"},{"networkType":"node","nodeType":"DataNode","dataNodeType":"GeneProduct","@type":["DataNode","GeneProduct","datanode"],"gpmlType":"datanode","graphicalType":"path","datasourceReference":{"database":"Ensembl","id":"ENSECAG00000007127","organism":"Equus caballus"},"unificationXref":"http://identifiers.org/ensembl/ENSECAG00000007127"},{"networkType":"node","nodeType":"DataNode","dataNodeType":"GeneProduct","@type":["DataNode","GeneProduct","datanode"],"gpmlType":"datanode","graphicalType":"path","datasourceReference":{"database":"Ensembl","id":"ENSECAG00000018033","organism":"Equus caballus"},"unificationXref":"http://identifiers.org/ensembl/ENSECAG00000018033"},{"networkType":"node","nodeType":"DataNode","dataNodeType":"GeneProduct","@type":["DataNode","GeneProduct","datanode"],"gpmlType":"datanode","graphicalType":"path","datasourceReference":{"database":"Ensembl","id":"ENSECAG00000000862","organism":"Equus caballus"},"unificationXref":"http://identifiers.org/ensembl/ENSECAG00000000862"},{"networkType":"node","nodeType":"DataNode","dataNodeType":"GeneProduct","@type":["DataNode","GeneProduct","datanode"],"gpmlType":"datanode","graphicalType":"path","datasourceReference":{"database":"Ensembl","id":"ENSECAG00000001117","organism":"Equus caballus"},"unificationXref":"http://identifiers.org/ensembl/ENSECAG00000001117"},{"networkType":"node","nodeType":"DataNode","dataNodeType":"GeneProduct","@type":["DataNode","GeneProduct","datanode"],"gpmlType":"datanode","graphicalType":"path","datasourceReference":{"database":"Ensembl","id":"ENSECAG00000024375","organism":"Equus caballus"},"unificationXref":"http://identifiers.org/ensembl/ENSECAG00000024375"},{"networkType":"node","nodeType":"DataNode","dataNodeType":"GeneProduct","@type":["DataNode","GeneProduct","datanode"],"gpmlType":"datanode","graphicalType":"path","datasourceReference":{"database":"Ensembl","id":"ENSECAG00000003050","organism":"Equus caballus"},"unificationXref":"http://identifiers.org/ensembl/ENSECAG00000003050"},{"networkType":"node","nodeType":"DataNode","dataNodeType":"GeneProduct","@type":["DataNode","GeneProduct","datanode"],"gpmlType":"datanode","graphicalType":"path","datasourceReference":{"database":"Ensembl","id":"ENSECAG00000017361","organism":"Equus caballus"},"unificationXref":"http://identifiers.org/ensembl/ENSECAG00000017361"},{"networkType":"node","nodeType":"DataNode","dataNodeType":"GeneProduct","@type":["DataNode","GeneProduct","datanode"],"gpmlType":"datanode","graphicalType":"path","datasourceReference":{"database":"Ensembl","id":"ENSECAG00000018379","organism":"Equus caballus"},"unificationXref":"http://identifiers.org/ensembl/ENSECAG00000018379"},{"networkType":"node","nodeType":"DataNode","dataNodeType":"GeneProduct","@type":["DataNode","GeneProduct","datanode"],"gpmlType":"datanode","graphicalType":"path","datasourceReference":{"database":"Ensembl","id":"ENSECAG00000022398","organism":"Equus caballus"},"unificationXref":"http://identifiers.org/ensembl/ENSECAG00000022398"},{"networkType":"node","nodeType":"DataNode","dataNodeType":"GeneProduct","@type":["DataNode","GeneProduct","datanode"],"gpmlType":"datanode","graphicalType":"path","datasourceReference":{"database":"Ensembl","id":"ENSECAG00000023013","organism":"Equus caballus"},"unificationXref":"http://identifiers.org/ensembl/ENSECAG00000023013"},{"networkType":"node","nodeType":"DataNode","dataNodeType":"GeneProduct","@type":["DataNode","GeneProduct","datanode"],"gpmlType":"datanode","graphicalType":"path","datasourceReference":{"database":"Ensembl","id":"ENSECAG00000015421","organism":"Equus caballus"},"unificationXref":"http://identifiers.org/ensembl/ENSECAG00000015421"},{"networkType":"edge","gpmlType":"interaction","@type":["interaction"],"graphicalType":"path","markerEnd":"arrow","points":[{"x":317,"y":977,"isAttachedTo":"eef3b","RelX":1,"anchor":[1,0.5,1,0],"RelY":0},{"x":412,"y":977},{"x":412,"y":1063},{"x":557,"y":1063,"isAttachedTo":"dd65e","RelX":-1,"anchor":[0,0.5,-1,0],"RelY":0}],"interactionGraph":[{"id":"eef3b","interactsWith":"dd65e"}],"interactionType":"gpml:Arrow"}],"xmlns":"http://pathvisio.org/GPML/2013a","lastModified":"2/20/2013","name":"metapathway biotransformation","organism":"Equus caballus","image":{"@context":{"@vocab":"http://schema.org/"},"width":1034,"height":1178},"id":"wpId:WP1212","revision":"68745"}}