{"@context":{"@vocab":"http://vocabularies.wikipathways.org/gpml#","@base":"wpId:WP1343","pathwayIri":"wpId:WP1343","ChEBI":"http://www.ebi.ac.uk/chebi/searchId.do?chebiId=","dataSource":"gpml:Data-Source","datasourceReference":"wp:DatasourceReference","Group":{"@container":"@list","@id":"gpml:Group"},"interaction":{"@id":"biopax:Interaction","@type":"@id"},"interactionType":{"@id":"biopax:InteractionType","@type":"@id"},"interactionGraph":"@graph","lastModified":"gpml:Last-Modified","pathway":"biopax:Pathway","point":{"@container":"@list","@id":"gpml:Point"},"publicationXref":"biopax:PublicationXref","unificationXref":"biopax:UnificationXref","author":"schema:author","backgroundColor":"css2:colors.html#propdef-background-color","backgroundImage":"css2:colors.html#propdef-background-image","biopax":"http://www.biopax.org/release/biopax-level3.owl#","borderColor":"css2:box.html#propdef-border-color","borderStyle":"css2:box.html#propdef-border-style","borderWidth":"css2:box.html#propdef-border-width","boxSizing":{"@id":"css3Ui:box-sizing","@value":"border-box"},"color":"css2:colors.html#propdef-color","contains":{"@id":"ex:contains","@type":"@id"},"css2":"http://www.w3.org/TR/CSS2/","css3Ui":"http://www.w3.org/TR/css3-ui/#","cssTransform":"http://www.w3.org/TR/css-transforms-1/#","gpmlDataNodeType":"gpml:Type","dcterms":"http://puri.org/dc/terms/","entrezGene":"http://www.ncbi.nlm.nih.gov/gene/","ex":"http://www.example.org/","fontFamily":"css2:fonts.html#font-family-prop","fontSize":"css2:fonts.html#propdef-font-size","fontStyle":"css2:fonts.html#propdef-font-style","fontWeight":"css2:fonts.html#propdef-font-weight","gpml":"http://vocabularies.wikipathways.org/gpml#","gpmlFolder":"file://Users/andersriutta/Sites/pathvisiojs/test/gpml/","hMDB":"http://www.hmdb.ca/metabolites/HMDB","height":"css2:visudet.html#propdef-height","id":"@id","image":"schema:image","interactsWith":{"@id":"ex:interactsWith","@type":"@id"},"isContainedBy":{"@reverse":"ex:contains","@type":"@id"},"media":"http://www.w3.org/TR/mediaont-10/","name":"http://xmlns.com/foaf/0.1/name","organism":"biopax:organism","padding":"css2:box.html#propdef-padding","elements":{"@container":"@list","@id":"ex:pathwayElements/"},"position":"css2:visuren.html#propdef-position","rotate":"cssTransform:funcdef-rotate","schema":"http://schema.org/","shapeLibrary":"http://shapelibrary.example.org/","shape":"shapeLibrary:shape","stroke":"svg:painting.html#StrokeProperty","strokeWidth":"svg:painting.html#StrokeWidthProperty","svg":"http://www.w3.org/TR/SVG11/","textAlign":"css2:text.html#propdef-text-align","verticalAlign":"css2:visudet.html#propdef-vertical-align","width":"css2:visudet.html#propdef-width","wp":"http://vocabularies.wikipathways.org/wp#","wpId":"http://identifiers.org/wikipathways/","x":{"@id":"css2:visuren.html#propdef-left","@type":"xsd:integer"},"xsd":"http://www.w3.org/2001/XMLSchema#","y":"css2:visuren.html#propdef-top","zIndex":{"@id":"css2:z-index","@type":"xsd:integer"}},"wpId:WP1343":{"elements":[{"networkType":"node","nodeType":"DataNode","dataNodeType":"GeneProduct","@type":["DataNode","GeneProduct","datanode"],"gpmlType":"datanode","graphicalType":"path"},{"networkType":"node","nodeType":"DataNode","dataNodeType":"GeneProduct","@type":["DataNode","GeneProduct","datanode"],"gpmlType":"datanode","graphicalType":"path","datasourceReference":{"database":"Entrez Gene","id":"30681","organism":"Danio rerio"},"unificationXref":"http://identifiers.org/ensembl/ENSDARG00000042021"},{"networkType":"node","nodeType":"DataNode","dataNodeType":"GeneProduct","@type":["DataNode","GeneProduct","datanode"],"gpmlType":"datanode","graphicalType":"path"},{"networkType":"node","nodeType":"DataNode","dataNodeType":"Metabolite","@type":["DataNode","Metabolite","datanode"],"gpmlType":"datanode","graphicalType":"path"},{"networkType":"node","nodeType":"DataNode","dataNodeType":"Metabolite","@type":["DataNode","Metabolite","datanode"],"gpmlType":"datanode","graphicalType":"path"},{"networkType":"node","nodeType":"Label","@type":["label"],"gpmlType":"label","graphicalType":"path"},{"networkType":"node","nodeType":"Label","@type":["label"],"gpmlType":"label","graphicalType":"path"},{"networkType":"node","nodeType":"Label","@type":["label"],"gpmlType":"label","graphicalType":"path"},{"networkType":"node","nodeType":"Label","@type":["label"],"gpmlType":"label","graphicalType":"path"},{"networkType":"node","nodeType":"Label","@type":["label"],"gpmlType":"label","graphicalType":"path"},{"networkType":"node","nodeType":"Label","@type":["label"],"gpmlType":"label","graphicalType":"path"},{"networkType":"node","nodeType":"Label","@type":["label"],"gpmlType":"label","graphicalType":"path"},{"networkType":"node","nodeType":"Label","@type":["label"],"gpmlType":"label","graphicalType":"path"},{"networkType":"node","nodeType":"Label","@type":["label"],"gpmlType":"label","graphicalType":"path"},{"networkType":"node","nodeType":"Shape","@type":["shape"],"gpmlType":"shape","graphicalType":"path"},{"networkType":"node","nodeType":"Shape","@type":["shape"],"gpmlType":"shape","graphicalType":"path"},{"networkType":"node","nodeType":"Shape","@type":["shape"],"gpmlType":"shape","graphicalType":"path"},{"networkType":"edge","gpmlType":"interaction","@type":["interaction"],"graphicalType":"path","markerEnd":"arrow","points":[{"x":93,"y":65.5,"isAttachedTo":"a0d","RelX":0,"anchor":[0.5,1,0,1],"RelY":1},{"x":93.33333333333331,"y":103.33333333333333,"isAttachedTo":"ea4","RelX":0,"anchor":[0.5,0,0,-1],"RelY":-1}],"interactionGraph":[{"id":"a0d","interactsWith":"ea4"}],"interactionType":"gpml:Arrow"},{"networkType":"edge","gpmlType":"interaction","@type":["interaction"],"graphicalType":"path","points":[{"x":66.66666666666667,"y":70},{"x":116.66666666666667,"y":70}]},{"networkType":"edge","gpmlType":"interaction","@type":["interaction"],"graphicalType":"path","points":[{"x":73.33333333333333,"y":73.33333333333333},{"x":113.33333333333333,"y":73.33333333333333}]},{"networkType":"edge","gpmlType":"interaction","@type":["interaction"],"graphicalType":"path","markerEnd":"arrow","points":[{"x":357.33333333333326,"y":65.5,"isAttachedTo":"c9e","RelX":0,"anchor":[0.5,1,0,1],"RelY":1},{"x":357,"y":103.33333333333333,"isAttachedTo":"fe4","RelX":0,"anchor":[0.5,0,0,-1],"RelY":-1}],"interactionGraph":[{"id":"c9e","interactsWith":"fe4"}],"interactionType":"gpml:Arrow"},{"networkType":"edge","gpmlType":"interaction","@type":["interaction"],"graphicalType":"path","points":[{"x":330,"y":70},{"x":380,"y":70}]},{"networkType":"edge","gpmlType":"interaction","@type":["interaction"],"graphicalType":"path","points":[{"x":336.6666666666667,"y":73.33333333333333},{"x":376.6666666666667,"y":73.33333333333333}]},{"networkType":"edge","gpmlType":"interaction","@type":["interaction"],"graphicalType":"path","markerEnd":"arrow","points":[{"x":416.6666666666667,"y":660,"isAttachedTo":"a80","RelX":0,"anchor":[0.5,1,0,1],"RelY":1},{"x":416.66666666666663,"y":687.1666666666666,"isAttachedTo":"dfb","RelX":0,"anchor":[0.5,0,0,-1],"RelY":-1}],"interactionGraph":[{"id":"a80","interactsWith":"dfb"}],"interactionType":"gpml:Arrow"},{"networkType":"edge","gpmlType":"interaction","@type":["interaction"],"graphicalType":"path","points":[{"x":60,"y":580},{"x":790,"y":580}]},{"networkType":"edge","gpmlType":"interaction","@type":["interaction"],"graphicalType":"path","points":[{"x":56.666666666666664,"y":586.6666666666666},{"x":790,"y":586.6666666666666}]},{"networkType":"edge","gpmlType":"interaction","@type":["interaction"],"graphicalType":"path","markerEnd":"arrow","points":[{"x":293.33333333333337,"y":421.3333333333333,"isAttachedTo":"c80d0","RelX":0,"anchor":[0.5,1,0,1],"RelY":1},{"x":293.33333333333337,"y":439,"isAttachedTo":"a7602","RelX":0,"anchor":[0.5,0,0,-1],"RelY":-1}],"interactionGraph":[{"id":"c80d0","interactsWith":"a7602"}],"interactionType":"gpml:Arrow"},{"networkType":"edge","gpmlType":"interaction","@type":["interaction"],"graphicalType":"path","markerEnd":"arrow","points":[{"x":104.7443728783833,"y":222.833298254734,"isAttachedTo":"c3585","RelX":0,"anchor":[0.5,0.5,0,0],"RelY":0},{"x":140.33333333333334,"y":244,"isAttachedTo":"d8a","RelX":-0.5,"anchor":[0.25,0,0,-1],"RelY":-1}],"interactionGraph":[{"id":"c3585","interactsWith":"d8a"}],"interactionType":"gpml:Arrow"},{"networkType":"edge","gpmlType":"interaction","@type":["interaction"],"graphicalType":"path","markerEnd":"arrow","points":[{"x":293.33333333333337,"y":495,"isAttachedTo":"a7602","RelX":0,"anchor":[0.5,1,0,1],"RelY":1},{"x":293.33333333333337,"y":505.33333333333337,"isAttachedTo":"bf25f","RelX":0,"anchor":[0.5,0,0,-1],"RelY":-1}],"interactionGraph":[{"id":"a7602","interactsWith":"bf25f"}],"interactionType":"gpml:Arrow"},{"networkType":"edge","gpmlType":"interaction","@type":["interaction"],"graphicalType":"path","markerEnd":"arrow","points":[{"x":154.66666666666666,"y":209.99999999999994,"isAttachedTo":"f18","RelX":0,"anchor":[0.5,1,0,1],"RelY":1},{"x":154.66666666666666,"y":223},{"x":33.333333333333336,"y":223},{"x":33.333333333333336,"y":200,"isAttachedTo":"e79","RelX":-0.2857142857142857,"anchor":[0.35714285714285715,1,0,1],"RelY":1.3333333333333333}],"interactionGraph":[{"id":"f18","interactsWith":"e79"}],"interactionType":"gpml:Arrow"},{"gpmlType":"anchor","zIndex":null,"networkType":"node","@type":["anchor"],"graphicalType":"path","x":null,"y":null},{"networkType":"edge","gpmlType":"interaction","@type":["interaction"],"graphicalType":"path","markerEnd":"arrow","points":[{"x":463,"y":504.3333333333333,"isAttachedTo":"fca","RelX":0,"anchor":[0.5,1,0,1],"RelY":1},{"x":463,"y":534.3333333333334,"isAttachedTo":"d09","RelX":0,"anchor":[0.5,0,0,-1],"RelY":-1}],"interactionGraph":[{"id":"fca","interactsWith":"d09"}],"interactionType":"gpml:Arrow"},{"networkType":"edge","gpmlType":"interaction","@type":["interaction"],"graphicalType":"path","markerEnd":"arrow","points":[{"x":40,"y":176.66666666666666,"isAttachedTo":"e79","RelX":0,"anchor":[0.5,0,0,-1],"RelY":-1},{"x":40,"y":156.66666666666666},{"x":154.66666666666666,"y":156.66666666666666},{"x":154.66666666666666,"y":185.33333333333331,"isAttachedTo":"f18","RelX":0,"anchor":[0.5,0,0,-1],"RelY":-1}],"interactionGraph":[{"id":"e79","interactsWith":"f18"}],"interactionType":"gpml:Arrow"},{"gpmlType":"anchor","zIndex":null,"networkType":"node","@type":["anchor"],"graphicalType":"path","x":null,"y":null},{"networkType":"edge","gpmlType":"interaction","@type":["interaction"],"graphicalType":"path","markerEnd":"arrow","points":[{"x":416.66666666666663,"y":317.6666666666667,"isAttachedTo":"ec993","RelX":-1,"anchor":[0,0.5,-1,0],"RelY":0},{"x":314.00000000000006,"y":365.3333333333333,"isAttachedTo":"c80d0","RelX":0.5,"anchor":[0.75,0,0,-1],"RelY":-1}],"interactionGraph":[{"id":"ec993","interactsWith":"c80d0"}],"interactionType":"gpml:Arrow"},{"networkType":"edge","gpmlType":"interaction","@type":["interaction"],"graphicalType":"path","markerEnd":"arrow","points":[{"x":244.91666666666666,"y":81.16666666666667,"isAttachedTo":"be0","RelX":0,"anchor":[0.5,1,0,1],"RelY":1},{"x":293.33333333333337,"y":161,"isAttachedTo":"fc1c0","RelX":0,"anchor":[0.5,0,0,-1],"RelY":-1}],"interactionGraph":[{"id":"be0","interactsWith":"fc1c0"}],"interactionType":"gpml:Arrow"},{"networkType":"edge","gpmlType":"interaction","@type":["interaction"],"graphicalType":"path","markerEnd":"arrow","points":[{"x":613,"y":457.66666666666663,"isAttachedTo":"e5d","RelX":0,"anchor":[0.5,1,0,1],"RelY":1.3333333333333333},{"x":613,"y":476.33333333333337,"isAttachedTo":"f9d2b","RelX":0,"anchor":[0.5,0,0,-1],"RelY":-1}],"interactionGraph":[{"id":"e5d","interactsWith":"f9d2b"}],"interactionType":"gpml:Arrow"},{"networkType":"edge","gpmlType":"interaction","@type":["interaction"],"graphicalType":"path","markerEnd":"arrow","points":[{"x":293.33333333333337,"y":581.3333333333334,"isAttachedTo":"bf25f","RelX":0,"anchor":[0.5,1,0,1],"RelY":1},{"x":293.3333333333333,"y":608.6666666666666,"isAttachedTo":"eb5","RelX":0,"anchor":[0.5,0,0,-1],"RelY":-1}],"interactionGraph":[{"id":"bf25f","interactsWith":"eb5"}],"interactionType":"gpml:Arrow"},{"networkType":"edge","gpmlType":"interaction","@type":["interaction"],"graphicalType":"path","markerEnd":"arrow","points":[{"x":463,"y":454.3333333333333,"isAttachedTo":"b61","RelX":0,"anchor":[0.5,1,0,1],"RelY":1},{"x":463,"y":484.3333333333333,"isAttachedTo":"fca","RelX":0,"anchor":[0.5,0,0,-1],"RelY":-1}],"interactionGraph":[{"id":"b61","interactsWith":"fca"}],"interactionType":"gpml:Arrow"},{"networkType":"node","nodeType":"DataNode","dataNodeType":"GeneProduct","@type":["DataNode","GeneProduct","datanode"],"gpmlType":"datanode","graphicalType":"path"},{"networkType":"edge","gpmlType":"interaction","@type":["interaction"],"graphicalType":"path","markerEnd":"arrow","points":[{"x":463,"y":554.3333333333334,"isAttachedTo":"d09","RelX":0,"anchor":[0.5,1,0,1],"RelY":1},{"x":416.6666666666667,"y":640,"isAttachedTo":"a80","RelX":0,"anchor":[0.5,0,0,-1],"RelY":-1}],"interactionGraph":[{"id":"d09","interactsWith":"a80"}],"interactionType":"gpml:Arrow"},{"networkType":"edge","gpmlType":"interaction","@type":["interaction"],"graphicalType":"path","markerEnd":"arrow","points":[{"x":293.33333333333337,"y":346.6666666666667,"isAttachedTo":"f19ad","RelX":0,"anchor":[0.5,1,0,1],"RelY":1},{"x":293.33333333333337,"y":365.3333333333333,"isAttachedTo":"c80d0","RelX":0,"anchor":[0.5,0,0,-1],"RelY":-1}],"interactionGraph":[{"id":"f19ad","interactsWith":"c80d0"}],"interactionType":"gpml:Arrow"},{"networkType":"edge","gpmlType":"interaction","@type":["interaction"],"graphicalType":"path","markerEnd":"arrow","points":[{"x":293.33333333333337,"y":257,"isAttachedTo":"fc1c0","RelX":0,"anchor":[0.5,1,0,1],"RelY":1},{"x":293.33333333333337,"y":270.6666666666667,"isAttachedTo":"f19ad","RelX":0,"anchor":[0.5,0,0,-1],"RelY":-1}],"interactionGraph":[{"id":"fc1c0","interactsWith":"f19ad"}],"interactionType":"gpml:Arrow"},{"networkType":"edge","gpmlType":"interaction","@type":["interaction"],"graphicalType":"path","markerEnd":"arrow","points":[{"x":430,"y":173.33333333333334,"isAttachedTo":"ead","RelX":-1,"anchor":[0,0.5,-1,0],"RelY":0},{"x":334.66666666666674,"y":185,"isAttachedTo":"fc1c0","RelX":1,"anchor":[1,0.25,1,0],"RelY":-0.5}],"interactionGraph":[{"id":"ead","interactsWith":"fc1c0"}],"interactionType":"gpml:Arrow"},{"networkType":"edge","gpmlType":"interaction","@type":["interaction"],"graphicalType":"path","markerEnd":"arrow","points":[{"x":334.66666666666674,"y":233,"isAttachedTo":"fc1c0","RelX":1,"anchor":[1,0.75,1,0],"RelY":0.5},{"x":458,"y":269.6666666666667,"isAttachedTo":"ec993","RelX":0,"anchor":[0.5,0,0,-1],"RelY":-1}],"interactionGraph":[{"id":"fc1c0","interactsWith":"ec993"}],"interactionType":"gpml:Arrow"},{"networkType":"edge","gpmlType":"interaction","@type":["interaction"],"graphicalType":"path","points":[{"x":52.83333333333332,"y":133.33333333333334,"isAttachedTo":"b92","RelX":1,"anchor":[1,0.5,1,0],"RelY":0},{"x":70.87868512573053,"y":158.52151919569965,"isAttachedTo":"c1dc2","RelX":0,"anchor":[0.5,0.5,0,0],"RelY":0}]},{"networkType":"edge","gpmlType":"interaction","@type":["interaction"],"graphicalType":"path","markerEnd":"arrow","points":[{"x":702.3333333333334,"y":552.3333333333334,"isAttachedTo":"c0c20","RelX":-1,"anchor":[0,0.5,-1,0],"RelY":0},{"x":651,"y":518.3333333333334,"isAttachedTo":"f9d2b","RelX":1,"anchor":[1,0.75,1,0],"RelY":0.5}],"interactionGraph":[{"id":"c0c20","interactsWith":"f9d2b"}],"interactionType":"gpml:Arrow"},{"networkType":"edge","gpmlType":"interaction","@type":["interaction"],"graphicalType":"path","markerEnd":"arrow","points":[{"x":613,"y":532.3333333333334,"isAttachedTo":"f9d2b","RelX":0,"anchor":[0.5,1,0,1],"RelY":1},{"x":437.49999999999994,"y":687.1666666666666,"isAttachedTo":"dfb","RelX":0.5,"anchor":[0.75,0,0,-1],"RelY":-1}],"interactionGraph":[{"id":"f9d2b","interactsWith":"dfb"}],"interactionType":"gpml:Arrow"},{"networkType":"edge","gpmlType":"interaction","@type":["interaction"],"graphicalType":"path","markerEnd":"arrow","points":[{"x":357,"y":130,"isAttachedTo":"fe4","RelX":0,"anchor":[0.5,1,0,1],"RelY":1.6666666666666667},{"x":314.00000000000006,"y":161,"isAttachedTo":"fc1c0","RelX":0.5,"anchor":[0.75,0,0,-1],"RelY":-1}],"interactionGraph":[{"id":"fe4","interactsWith":"fc1c0"}],"interactionType":"gpml:Arrow"},{"networkType":"edge","gpmlType":"interaction","@type":["interaction"],"graphicalType":"path","markerEnd":"tBar","points":[{"x":194.66666666666663,"y":187.38888888888886,"isAttachedTo":"f18","RelX":1.2244897959183674,"anchor":[1,0.08333333333333331,1,0],"RelY":-0.8333333333333334},{"x":252.00000000000003,"y":185,"isAttachedTo":"fc1c0","RelX":-1,"anchor":[0,0.25,-1,0],"RelY":-0.5}],"interactionGraph":[{"id":"f18","interactsWith":"fc1c0"}],"interactionType":"t-bar"},{"networkType":"node","nodeType":"DataNode","dataNodeType":"GeneProduct","@type":["DataNode","GeneProduct","datanode"],"gpmlType":"datanode","graphicalType":"path","datasourceReference":{"database":"Entrez Gene","id":"100001532","organism":"Danio rerio"},"unificationXref":"http://identifiers.org/ensembl/ENSDARG00000068246"},{"networkType":"node","nodeType":"DataNode","dataNodeType":"GeneProduct","@type":["DataNode","GeneProduct","datanode"],"gpmlType":"datanode","graphicalType":"path","datasourceReference":{"database":"Entrez Gene","id":"556983","organism":"Danio rerio"}},{"networkType":"node","nodeType":"DataNode","dataNodeType":"GeneProduct","@type":["DataNode","GeneProduct","datanode"],"gpmlType":"datanode","graphicalType":"path","datasourceReference":{"database":"Entrez Gene","id":"550286","organism":"Danio rerio"},"unificationXref":"http://identifiers.org/ensembl/ENSDARG00000070530"},{"networkType":"node","nodeType":"DataNode","dataNodeType":"GeneProduct","@type":["DataNode","GeneProduct","datanode"],"gpmlType":"datanode","graphicalType":"path","datasourceReference":{"database":"Entrez Gene","id":"30380","organism":"Danio rerio"},"unificationXref":"http://identifiers.org/ensembl/ENSDARG00000038225"},{"networkType":"node","nodeType":"DataNode","dataNodeType":"GeneProduct","@type":["DataNode","GeneProduct","datanode"],"gpmlType":"datanode","graphicalType":"path","datasourceReference":{"database":"Entrez Gene","id":"449660","organism":"Danio rerio"},"unificationXref":"http://identifiers.org/ensembl/ENSDARG00000006553"},{"networkType":"node","nodeType":"DataNode","dataNodeType":"GeneProduct","@type":["DataNode","GeneProduct","datanode"],"gpmlType":"datanode","graphicalType":"path","datasourceReference":{"database":"Entrez Gene","id":"445289","organism":"Danio rerio"},"unificationXref":"http://identifiers.org/ensembl/ENSDARG00000010844"},{"networkType":"node","nodeType":"DataNode","dataNodeType":"GeneProduct","@type":["DataNode","GeneProduct","datanode"],"gpmlType":"datanode","graphicalType":"path","datasourceReference":{"database":"Entrez Gene","id":"30716","organism":"Danio rerio"},"unificationXref":"http://identifiers.org/ensembl/ENSDARG00000009875"},{"networkType":"node","nodeType":"DataNode","dataNodeType":"GeneProduct","@type":["DataNode","GeneProduct","datanode"],"gpmlType":"datanode","graphicalType":"path","datasourceReference":{"database":"Entrez Gene","id":"403063","organism":"Danio rerio"},"unificationXref":"http://identifiers.org/ensembl/ENSDARG00000054533"},{"networkType":"node","nodeType":"DataNode","dataNodeType":"GeneProduct","@type":["DataNode","GeneProduct","datanode"],"gpmlType":"datanode","graphicalType":"path","datasourceReference":{"database":"Entrez Gene","id":"403065","organism":"Danio rerio"},"unificationXref":"http://identifiers.org/ensembl/ENSDARG00000017661"},{"networkType":"node","nodeType":"DataNode","dataNodeType":"GeneProduct","@type":["DataNode","GeneProduct","datanode"],"gpmlType":"datanode","graphicalType":"path","datasourceReference":{"database":"Entrez Gene","id":"564899","organism":"Danio rerio"}},{"networkType":"node","nodeType":"DataNode","dataNodeType":"GeneProduct","@type":["DataNode","GeneProduct","datanode"],"gpmlType":"datanode","graphicalType":"path","datasourceReference":{"database":"Entrez Gene","id":"558321","organism":"Danio rerio"},"unificationXref":"http://identifiers.org/ensembl/ENSDARG00000062884"},{"networkType":"node","nodeType":"DataNode","dataNodeType":"GeneProduct","@type":["DataNode","GeneProduct","datanode"],"gpmlType":"datanode","graphicalType":"path","datasourceReference":{"database":"Entrez Gene","id":"560211","organism":"Danio rerio"},"unificationXref":"http://identifiers.org/ensembl/ENSDARG00000060348"},{"networkType":"node","nodeType":"DataNode","dataNodeType":"GeneProduct","@type":["DataNode","GeneProduct","datanode"],"gpmlType":"datanode","graphicalType":"path","datasourceReference":{"database":"Entrez Gene","id":"406728","organism":"Danio rerio"},"unificationXref":"http://identifiers.org/ensembl/ENSDARG00000007825"},{"networkType":"node","nodeType":"DataNode","dataNodeType":"GeneProduct","@type":["DataNode","GeneProduct","datanode"],"gpmlType":"datanode","graphicalType":"path","datasourceReference":{"database":"Entrez Gene","id":"100002225","organism":"Danio rerio"},"unificationXref":"http://identifiers.org/ensembl/ENSDARG00000068918"},{"networkType":"node","nodeType":"DataNode","dataNodeType":"GeneProduct","@type":["DataNode","GeneProduct","datanode"],"gpmlType":"datanode","graphicalType":"path","datasourceReference":{"database":"Entrez Gene","id":"399480","organism":"Danio rerio"},"unificationXref":"http://identifiers.org/ensembl/ENSDARG00000070573"},{"networkType":"node","nodeType":"DataNode","dataNodeType":"GeneProduct","@type":["DataNode","GeneProduct","datanode"],"gpmlType":"datanode","graphicalType":"path","datasourceReference":{"database":"Entrez Gene","id":"360144","organism":"Danio rerio"},"unificationXref":"http://identifiers.org/ensembl/ENSDARG00000027552"},{"networkType":"node","nodeType":"DataNode","dataNodeType":"GeneProduct","@type":["DataNode","GeneProduct","datanode"],"gpmlType":"datanode","graphicalType":"path","datasourceReference":{"database":"Entrez Gene","id":"368319","organism":"Danio rerio"},"unificationXref":"http://identifiers.org/ensembl/ENSDARG00000089413"},{"networkType":"node","nodeType":"DataNode","dataNodeType":"GeneProduct","@type":["DataNode","GeneProduct","datanode"],"gpmlType":"datanode","graphicalType":"path","datasourceReference":{"database":"Entrez Gene","id":"555420","organism":"Danio rerio"}},{"networkType":"node","nodeType":"DataNode","dataNodeType":"GeneProduct","@type":["DataNode","GeneProduct","datanode"],"gpmlType":"datanode","graphicalType":"path","datasourceReference":{"database":"Entrez Gene","id":"567895","organism":"Danio rerio"},"unificationXref":"http://identifiers.org/ensembl/ENSDARG00000078066"},{"networkType":"node","nodeType":"DataNode","dataNodeType":"GeneProduct","@type":["DataNode","GeneProduct","datanode"],"gpmlType":"datanode","graphicalType":"path","datasourceReference":{"database":"Entrez Gene","id":"560913","organism":"Danio rerio"},"unificationXref":"http://identifiers.org/ensembl/ENSDARG00000008279"},{"networkType":"node","nodeType":"DataNode","dataNodeType":"GeneProduct","@type":["DataNode","GeneProduct","datanode"],"gpmlType":"datanode","graphicalType":"path","datasourceReference":{"database":"Entrez Gene","id":"568951","organism":"Danio rerio"},"unificationXref":"http://identifiers.org/ensembl/ENSDARG00000077177"},{"networkType":"node","nodeType":"DataNode","dataNodeType":"GeneProduct","@type":["DataNode","GeneProduct","datanode"],"gpmlType":"datanode","graphicalType":"path","datasourceReference":{"database":"Entrez Gene","id":"569698","organism":"Danio rerio"},"unificationXref":"http://identifiers.org/ensembl/ENSDARG00000025747"},{"networkType":"node","nodeType":"DataNode","dataNodeType":"GeneProduct","@type":["DataNode","GeneProduct","datanode"],"gpmlType":"datanode","graphicalType":"path","datasourceReference":{"database":"Entrez Gene","id":"65239","organism":"Danio rerio"},"unificationXref":"http://identifiers.org/ensembl/ENSDARG00000005567"},{"networkType":"node","nodeType":"DataNode","dataNodeType":"GeneProduct","@type":["DataNode","GeneProduct","datanode"],"gpmlType":"datanode","graphicalType":"path","datasourceReference":{"database":"Entrez Gene","id":"65237","organism":"Danio rerio"},"unificationXref":"http://identifiers.org/ensembl/ENSDARG00000000857"},{"networkType":"node","nodeType":"DataNode","dataNodeType":"GeneProduct","@type":["DataNode","GeneProduct","datanode"],"gpmlType":"datanode","graphicalType":"path","datasourceReference":{"database":"Entrez Gene","id":"568951","organism":"Danio rerio"},"unificationXref":"http://identifiers.org/ensembl/ENSDARG00000077177"},{"networkType":"node","nodeType":"DataNode","dataNodeType":"GeneProduct","@type":["DataNode","GeneProduct","datanode"],"gpmlType":"datanode","graphicalType":"path","datasourceReference":{"database":"Entrez Gene","id":"335916","organism":"Danio rerio"},"unificationXref":"http://identifiers.org/ensembl/ENSDARG00000043531"},{"networkType":"node","nodeType":"DataNode","dataNodeType":"GeneProduct","@type":["DataNode","GeneProduct","datanode"],"gpmlType":"datanode","graphicalType":"path","datasourceReference":{"database":"Entrez Gene","id":"404626","organism":"Danio rerio"},"unificationXref":"http://identifiers.org/ensembl/ENSDARG00000042565"},{"networkType":"edge","gpmlType":"interaction","@type":["interaction"],"graphicalType":"path","markerEnd":"arrow","points":[{"x":458,"y":365.6666666666667,"isAttachedTo":"ec993","RelX":0,"anchor":[0.5,1,0,1],"RelY":1},{"x":482.9583333333333,"y":390.99999999999994,"isAttachedTo":"cb24c","RelX":-0.5,"anchor":[0.25,0,0,-1],"RelY":-1}],"interactionGraph":[{"id":"ec993","interactsWith":"cb24c"}],"interactionType":"gpml:Arrow"}],"xmlns":"http://pathvisio.org/GPML/2013a","lastModified":"5/2/2013","name":"MAPK Cascade","organism":"Danio rerio","image":{"@context":{"@vocab":"http://schema.org/"},"width":820,"height":736.1666666666666},"id":"wpId:WP1343","revision":"68640"}}