{"@context":{"@vocab":"http://vocabularies.wikipathways.org/gpml#","@base":"wpId:WP1391","pathwayIri":"wpId:WP1391","ChEBI":"http://www.ebi.ac.uk/chebi/searchId.do?chebiId=","dataSource":"gpml:Data-Source","datasourceReference":"wp:DatasourceReference","Group":{"@container":"@list","@id":"gpml:Group"},"interaction":{"@id":"biopax:Interaction","@type":"@id"},"interactionType":{"@id":"biopax:InteractionType","@type":"@id"},"interactionGraph":"@graph","lastModified":"gpml:Last-Modified","pathway":"biopax:Pathway","point":{"@container":"@list","@id":"gpml:Point"},"publicationXref":"biopax:PublicationXref","unificationXref":"biopax:UnificationXref","author":"schema:author","backgroundColor":"css2:colors.html#propdef-background-color","backgroundImage":"css2:colors.html#propdef-background-image","biopax":"http://www.biopax.org/release/biopax-level3.owl#","borderColor":"css2:box.html#propdef-border-color","borderStyle":"css2:box.html#propdef-border-style","borderWidth":"css2:box.html#propdef-border-width","boxSizing":{"@id":"css3Ui:box-sizing","@value":"border-box"},"color":"css2:colors.html#propdef-color","contains":{"@id":"ex:contains","@type":"@id"},"css2":"http://www.w3.org/TR/CSS2/","css3Ui":"http://www.w3.org/TR/css3-ui/#","cssTransform":"http://www.w3.org/TR/css-transforms-1/#","gpmlDataNodeType":"gpml:Type","dcterms":"http://puri.org/dc/terms/","entrezGene":"http://www.ncbi.nlm.nih.gov/gene/","ex":"http://www.example.org/","fontFamily":"css2:fonts.html#font-family-prop","fontSize":"css2:fonts.html#propdef-font-size","fontStyle":"css2:fonts.html#propdef-font-style","fontWeight":"css2:fonts.html#propdef-font-weight","gpml":"http://vocabularies.wikipathways.org/gpml#","gpmlFolder":"file://Users/andersriutta/Sites/pathvisiojs/test/gpml/","hMDB":"http://www.hmdb.ca/metabolites/HMDB","height":"css2:visudet.html#propdef-height","id":"@id","image":"schema:image","interactsWith":{"@id":"ex:interactsWith","@type":"@id"},"isContainedBy":{"@reverse":"ex:contains","@type":"@id"},"media":"http://www.w3.org/TR/mediaont-10/","name":"http://xmlns.com/foaf/0.1/name","organism":"biopax:organism","padding":"css2:box.html#propdef-padding","elements":{"@container":"@list","@id":"ex:pathwayElements/"},"position":"css2:visuren.html#propdef-position","rotate":"cssTransform:funcdef-rotate","schema":"http://schema.org/","shapeLibrary":"http://shapelibrary.example.org/","shape":"shapeLibrary:shape","stroke":"svg:painting.html#StrokeProperty","strokeWidth":"svg:painting.html#StrokeWidthProperty","svg":"http://www.w3.org/TR/SVG11/","textAlign":"css2:text.html#propdef-text-align","verticalAlign":"css2:visudet.html#propdef-vertical-align","width":"css2:visudet.html#propdef-width","wp":"http://vocabularies.wikipathways.org/wp#","wpId":"http://identifiers.org/wikipathways/","x":{"@id":"css2:visuren.html#propdef-left","@type":"xsd:integer"},"xsd":"http://www.w3.org/2001/XMLSchema#","y":"css2:visuren.html#propdef-top","zIndex":{"@id":"css2:z-index","@type":"xsd:integer"}},"wpId:WP1391":{"elements":[{"networkType":"node","nodeType":"DataNode","dataNodeType":"GeneProduct","@type":["DataNode","GeneProduct","datanode"],"gpmlType":"datanode","graphicalType":"path"},{"networkType":"node","nodeType":"DataNode","dataNodeType":"GeneProduct","@type":["DataNode","GeneProduct","datanode"],"gpmlType":"datanode","graphicalType":"path","datasourceReference":{"database":"Entrez Gene","id":"323197","organism":"Danio rerio"},"unificationXref":"http://identifiers.org/ensembl/ENSDARG00000015460"},{"networkType":"node","nodeType":"DataNode","dataNodeType":"GeneProduct","@type":["DataNode","GeneProduct","datanode"],"gpmlType":"datanode","graphicalType":"path"},{"networkType":"node","nodeType":"DataNode","dataNodeType":"GeneProduct","@type":["DataNode","GeneProduct","datanode"],"gpmlType":"datanode","graphicalType":"path"},{"networkType":"node","nodeType":"DataNode","dataNodeType":"GeneProduct","@type":["DataNode","GeneProduct","datanode"],"gpmlType":"datanode","graphicalType":"path"},{"networkType":"node","nodeType":"DataNode","dataNodeType":"GeneProduct","@type":["DataNode","GeneProduct","datanode"],"gpmlType":"datanode","graphicalType":"path"},{"networkType":"node","nodeType":"Label","@type":["label"],"gpmlType":"label","graphicalType":"path"},{"networkType":"edge","gpmlType":"interaction","@type":["interaction"],"graphicalType":"path","markerEnd":"ligandRound","points":[{"x":336.6666666666667,"y":333.3333333333333},{"x":336.6666666666667,"y":240}]},{"networkType":"edge","gpmlType":"interaction","@type":["interaction"],"graphicalType":"path","markerEnd":"ligandRound","points":[{"x":370,"y":333.3333333333333},{"x":370,"y":243.33333333333334}]},{"networkType":"edge","gpmlType":"interaction","@type":["interaction"],"graphicalType":"path","markerEnd":"ligandRound","points":[{"x":446.6666666666667,"y":333.3333333333333},{"x":450,"y":246.66666666666666}]},{"networkType":"edge","gpmlType":"interaction","@type":["interaction"],"graphicalType":"path","markerEnd":"ligandRound","points":[{"x":483.3333333333333,"y":336.6666666666667},{"x":483.3333333333333,"y":243.33333333333334}]},{"networkType":"edge","gpmlType":"interaction","@type":["interaction"],"graphicalType":"path","markerEnd":"ligandRound","points":[{"x":526.6666666666666,"y":340},{"x":523.3333333333334,"y":243.33333333333334}]},{"networkType":"edge","gpmlType":"interaction","@type":["interaction"],"graphicalType":"path","markerEnd":"ligandRound","points":[{"x":563.3333333333334,"y":333.3333333333333},{"x":563.3333333333334,"y":246.66666666666666}]},{"networkType":"edge","gpmlType":"interaction","@type":["interaction"],"graphicalType":"path","markerEnd":"ligandRound","points":[{"x":303.3333333333333,"y":330},{"x":303.3333333333333,"y":240}]},{"networkType":"edge","gpmlType":"interaction","@type":["interaction"],"graphicalType":"path","markerEnd":"ligandRound","points":[{"x":263.3333333333333,"y":326.6666666666667},{"x":263.3333333333333,"y":243.33333333333334}]},{"networkType":"edge","gpmlType":"interaction","@type":["interaction"],"graphicalType":"path","markerEnd":"ligandRound","points":[{"x":223.33333333333334,"y":326.6666666666667},{"x":230,"y":243.33333333333334}]},{"networkType":"edge","gpmlType":"interaction","@type":["interaction"],"graphicalType":"path","markerEnd":"ligandRound","points":[{"x":563.3333333333334,"y":340},{"x":563.3333333333334,"y":413.3333333333333}]},{"networkType":"edge","gpmlType":"interaction","@type":["interaction"],"graphicalType":"path","markerEnd":"ligandRound","points":[{"x":523.3333333333334,"y":340},{"x":523.3333333333334,"y":416.6666666666667}]},{"networkType":"edge","gpmlType":"interaction","@type":["interaction"],"graphicalType":"path","markerEnd":"ligandRound","points":[{"x":480,"y":333.3333333333333},{"x":483.3333333333333,"y":413.3333333333333}]},{"networkType":"edge","gpmlType":"interaction","@type":["interaction"],"graphicalType":"path","markerEnd":"ligandRound","points":[{"x":446.6666666666667,"y":326.6666666666667},{"x":446.6666666666667,"y":406.6666666666667}]},{"networkType":"edge","gpmlType":"interaction","@type":["interaction"],"graphicalType":"path","markerEnd":"ligandRound","points":[{"x":366.6666666666667,"y":323.3333333333333},{"x":366.6666666666667,"y":406.6666666666667}]},{"networkType":"edge","gpmlType":"interaction","@type":["interaction"],"graphicalType":"path","markerEnd":"ligandRound","points":[{"x":333.3333333333333,"y":326.6666666666667},{"x":336.6666666666667,"y":410}]},{"networkType":"edge","gpmlType":"interaction","@type":["interaction"],"graphicalType":"path","markerEnd":"ligandRound","points":[{"x":300,"y":323.3333333333333},{"x":300,"y":416.6666666666667}]},{"networkType":"edge","gpmlType":"interaction","@type":["interaction"],"graphicalType":"path","markerEnd":"ligandRound","points":[{"x":260,"y":323.3333333333333},{"x":263.3333333333333,"y":413.3333333333333}]},{"networkType":"edge","gpmlType":"interaction","@type":["interaction"],"graphicalType":"path","markerEnd":"ligandRound","points":[{"x":230,"y":323.3333333333333},{"x":233.33333333333334,"y":406.6666666666667}]},{"networkType":"edge","gpmlType":"interaction","@type":["interaction"],"graphicalType":"path","markerEnd":"ligandRound","points":[{"x":600,"y":336.6666666666667},{"x":596.6666666666666,"y":246.66666666666666}]},{"networkType":"edge","gpmlType":"interaction","@type":["interaction"],"graphicalType":"path","markerEnd":"ligandRound","points":[{"x":600,"y":336.6666666666667},{"x":600,"y":413.3333333333333}]},{"networkType":"edge","gpmlType":"interaction","@type":["interaction"],"graphicalType":"path","markerEnd":"receptorSquare","points":[{"x":406.6666666666667,"y":349.6666666666667,"isAttachedTo":"c95","RelX":0,"anchor":[0.5,0,0,-1],"RelY":-1},{"x":406.6666666666667,"y":220}]},{"networkType":"edge","gpmlType":"interaction","@type":["interaction"],"graphicalType":"path","markerEnd":"ligandRound","points":[{"x":640,"y":336.6666666666667},{"x":636.6666666666666,"y":243.33333333333334}]},{"networkType":"node","nodeType":"DataNode","dataNodeType":"GeneProduct","@type":["DataNode","GeneProduct","datanode"],"gpmlType":"datanode","graphicalType":"path"},{"networkType":"edge","gpmlType":"interaction","@type":["interaction"],"graphicalType":"path","markerEnd":"ligandRound","points":[{"x":190,"y":326.6666666666667},{"x":190,"y":243.33333333333334}]},{"networkType":"edge","gpmlType":"interaction","@type":["interaction"],"graphicalType":"path","markerEnd":"ligandRound","points":[{"x":190,"y":320},{"x":193.33333333333334,"y":403.3333333333333}]},{"networkType":"edge","gpmlType":"interaction","@type":["interaction"],"graphicalType":"path","markerEnd":"arrow","points":[{"x":406.6666666666667,"y":369.6666666666667,"isAttachedTo":"c95","RelX":0,"anchor":[0.5,1,0,1],"RelY":1},{"x":406,"y":495.33333333333337,"isAttachedTo":"db92c","RelX":0,"anchor":[0.5,0,0,-1],"RelY":-1}],"interactionGraph":[{"id":"c95","interactsWith":"db92c"}],"interactionType":"gpml:Arrow"},{"networkType":"edge","gpmlType":"interaction","@type":["interaction"],"graphicalType":"path","markerEnd":"arrow","points":[{"x":445.33333333333326,"y":421,"isAttachedTo":"dbd","RelX":-1,"anchor":[0,0.25,-1,0],"RelY":-0.5},{"x":421.6666666666667,"y":369.6666666666667,"isAttachedTo":"c95","RelX":0.5,"anchor":[0.75,1,0,1],"RelY":1}],"interactionGraph":[{"id":"dbd","interactsWith":"c95"}],"interactionType":"gpml:Arrow"},{"networkType":"edge","gpmlType":"interaction","@type":["interaction"],"graphicalType":"path","markerEnd":"arrow","points":[{"x":421.6666666666667,"y":369.6666666666667,"isAttachedTo":"c95","RelX":0.5,"anchor":[0.75,1,0,1],"RelY":1},{"x":421.6666666666667,"y":491.6666666666667},{"x":570.6666666666667,"y":491.6666666666667,"isAttachedTo":"e2b","RelX":-1,"anchor":[0,0.5,-1,0],"RelY":0}],"interactionGraph":[{"id":"c95","interactsWith":"e2b"}],"interactionType":"gpml:Arrow"},{"networkType":"edge","gpmlType":"interaction","@type":["interaction"],"graphicalType":"path","markerEnd":"arrow","points":[{"x":318,"y":153.33333333333334,"isAttachedTo":"d14fe","RelX":1,"anchor":[1,0.5,1,0],"RelY":0},{"x":407,"y":214}]},{"networkType":"edge","gpmlType":"interaction","@type":["interaction"],"graphicalType":"path","markerEnd":"arrow","points":[{"x":444,"y":533.3333333333334,"isAttachedTo":"db92c","RelX":1,"anchor":[1,0.5,1,0],"RelY":0},{"x":630,"y":436.6666666666667,"isAttachedTo":"d65","RelX":0,"anchor":[0.5,1,0,1],"RelY":1}],"interactionGraph":[{"id":"db92c","interactsWith":"d65"}],"interactionType":"gpml:Arrow"},{"networkType":"edge","gpmlType":"interaction","@type":["interaction"],"graphicalType":"path","markerEnd":"arrow","points":[{"x":600,"y":426.6666666666667,"isAttachedTo":"d65","RelX":-1,"anchor":[0,0.5,-1,0],"RelY":0},{"x":521.3333333333333,"y":440,"isAttachedTo":"dbd","RelX":1,"anchor":[1,0.5,1,0],"RelY":0}],"interactionGraph":[{"id":"d65","interactsWith":"dbd"}],"interactionType":"gpml:Arrow"},{"networkType":"edge","gpmlType":"interaction","@type":["interaction"],"graphicalType":"path","markerEnd":"arrow","points":[{"x":368,"y":514.3333333333334,"isAttachedTo":"db92c","RelX":-1,"anchor":[0,0.25,-1,0],"RelY":-0.5},{"x":221.33333333333334,"y":450,"isAttachedTo":"c7f","RelX":1,"anchor":[1,0.5,1,0],"RelY":0}],"interactionGraph":[{"id":"db92c","interactsWith":"c7f"}],"interactionType":"gpml:Arrow"},{"networkType":"edge","gpmlType":"interaction","@type":["interaction"],"graphicalType":"path","markerEnd":"arrow","points":[{"x":368,"y":533.3333333333334,"isAttachedTo":"db92c","RelX":-1,"anchor":[0,0.5,-1,0],"RelY":0},{"x":208,"y":593.3333333333334,"isAttachedTo":"eda","RelX":1,"anchor":[1,0.5,1,0],"RelY":0}],"interactionGraph":[{"id":"db92c","interactsWith":"eda"}],"interactionType":"gpml:Arrow"},{"networkType":"node","nodeType":"DataNode","dataNodeType":"GeneProduct","@type":["DataNode","GeneProduct","datanode"],"gpmlType":"datanode","graphicalType":"path","datasourceReference":{"database":"Entrez Gene","id":"100150773","organism":"Danio rerio"}},{"networkType":"node","nodeType":"DataNode","dataNodeType":"GeneProduct","@type":["DataNode","GeneProduct","datanode"],"gpmlType":"datanode","graphicalType":"path","datasourceReference":{"database":"Entrez Gene","id":"64617","organism":"Danio rerio"},"unificationXref":"http://identifiers.org/ensembl/ENSDARG00000042690"},{"networkType":"node","nodeType":"DataNode","dataNodeType":"GeneProduct","@type":["DataNode","GeneProduct","datanode"],"gpmlType":"datanode","graphicalType":"path","datasourceReference":{"database":"Entrez Gene","id":"170457","organism":"Danio rerio"},"unificationXref":"http://identifiers.org/ensembl/ENSDARG00000036548"},{"networkType":"node","nodeType":"DataNode","dataNodeType":"GeneProduct","@type":["DataNode","GeneProduct","datanode"],"gpmlType":"datanode","graphicalType":"path","datasourceReference":{"database":"Entrez Gene","id":"100001532","organism":"Danio rerio"},"unificationXref":"http://identifiers.org/ensembl/ENSDARG00000068246"},{"networkType":"node","nodeType":"DataNode","dataNodeType":"GeneProduct","@type":["DataNode","GeneProduct","datanode"],"gpmlType":"datanode","graphicalType":"path","datasourceReference":{"database":"Entrez Gene","id":"100007211","organism":"Danio rerio"}},{"networkType":"node","nodeType":"DataNode","dataNodeType":"GeneProduct","@type":["DataNode","GeneProduct","datanode"],"gpmlType":"datanode","graphicalType":"path","datasourceReference":{"database":"Entrez Gene","id":"399480","organism":"Danio rerio"},"unificationXref":"http://identifiers.org/ensembl/ENSDARG00000070573"},{"networkType":"node","nodeType":"DataNode","dataNodeType":"GeneProduct","@type":["DataNode","GeneProduct","datanode"],"gpmlType":"datanode","graphicalType":"path","datasourceReference":{"database":"Entrez Gene","id":"360144","organism":"Danio rerio"},"unificationXref":"http://identifiers.org/ensembl/ENSDARG00000027552"},{"networkType":"node","nodeType":"DataNode","dataNodeType":"GeneProduct","@type":["DataNode","GeneProduct","datanode"],"gpmlType":"datanode","graphicalType":"path","datasourceReference":{"database":"Entrez Gene","id":"565830","organism":"Danio rerio"},"unificationXref":"http://identifiers.org/ensembl/ENSDARG00000032103"},{"networkType":"node","nodeType":"DataNode","dataNodeType":"GeneProduct","@type":["DataNode","GeneProduct","datanode"],"gpmlType":"datanode","graphicalType":"path","datasourceReference":{"database":"Entrez Gene","id":"406782","organism":"Danio rerio"},"unificationXref":"http://identifiers.org/ensembl/ENSDARG00000017681"},{"networkType":"node","nodeType":"DataNode","dataNodeType":"GeneProduct","@type":["DataNode","GeneProduct","datanode"],"gpmlType":"datanode","graphicalType":"path","datasourceReference":{"database":"Entrez Gene","id":"541323","organism":"Danio rerio"},"unificationXref":"http://identifiers.org/ensembl/ENSDARG00000023110"},{"networkType":"node","nodeType":"DataNode","dataNodeType":"GeneProduct","@type":["DataNode","GeneProduct","datanode"],"gpmlType":"datanode","graphicalType":"path","datasourceReference":{"database":"Entrez Gene","id":"30681","organism":"Danio rerio"},"unificationXref":"http://identifiers.org/ensembl/ENSDARG00000042021"},{"networkType":"node","nodeType":"DataNode","dataNodeType":"GeneProduct","@type":["DataNode","GeneProduct","datanode"],"gpmlType":"datanode","graphicalType":"path","datasourceReference":{"database":"Entrez Gene","id":"393946","organism":"Danio rerio"},"unificationXref":"http://identifiers.org/ensembl/ENSDARG00000021647"},{"networkType":"node","nodeType":"DataNode","dataNodeType":"GeneProduct","@type":["DataNode","GeneProduct","datanode"],"gpmlType":"datanode","graphicalType":"path","datasourceReference":{"database":"Entrez Gene","id":"327650","organism":"Danio rerio"},"unificationXref":"http://identifiers.org/ensembl/ENSDARG00000017294"},{"networkType":"node","nodeType":"DataNode","dataNodeType":"GeneProduct","@type":["DataNode","GeneProduct","datanode"],"gpmlType":"datanode","graphicalType":"path","datasourceReference":{"database":"Entrez Gene","id":"100006888","organism":"Danio rerio"},"unificationXref":"http://identifiers.org/ensembl/ENSDARG00000030644"},{"networkType":"node","nodeType":"DataNode","dataNodeType":"GeneProduct","@type":["DataNode","GeneProduct","datanode"],"gpmlType":"datanode","graphicalType":"path","datasourceReference":{"database":"Entrez Gene","id":"792354","organism":"Danio rerio"}},{"networkType":"node","nodeType":"DataNode","dataNodeType":"GeneProduct","@type":["DataNode","GeneProduct","datanode"],"gpmlType":"datanode","graphicalType":"path","datasourceReference":{"database":"Entrez Gene","id":"378972","organism":"Danio rerio"},"unificationXref":"http://identifiers.org/ensembl/ENSDARG00000011219"},{"networkType":"node","nodeType":"DataNode","dataNodeType":"GeneProduct","@type":["DataNode","GeneProduct","datanode"],"gpmlType":"datanode","graphicalType":"path","datasourceReference":{"database":"Entrez Gene","id":"560549","organism":"Danio rerio"},"unificationXref":"http://identifiers.org/ensembl/ENSDARG00000063400"},{"networkType":"node","nodeType":"DataNode","dataNodeType":"GeneProduct","@type":["DataNode","GeneProduct","datanode"],"gpmlType":"datanode","graphicalType":"path","datasourceReference":{"database":"Entrez Gene","id":"567938","organism":"Danio rerio"},"unificationXref":"http://identifiers.org/ensembl/ENSDARG00000086927"},{"networkType":"edge","gpmlType":"interaction","@type":["interaction"],"graphicalType":"path","markerEnd":"ligandRound","points":[{"x":640,"y":333.3333333333333},{"x":640,"y":410}]}],"xmlns":"http://pathvisio.org/GPML/2013a","name":"Signal Transduction of S1P","organism":"Danio rerio","image":{"@context":{"@vocab":"http://schema.org/"},"width":861.3333333333334,"height":683.3333333333334},"id":"wpId:WP1391","revision":"68691"}}