{"@context":{"@vocab":"http://vocabularies.wikipathways.org/gpml#","@base":"wpId:WP1384","pathwayIri":"wpId:WP1384","ChEBI":"http://www.ebi.ac.uk/chebi/searchId.do?chebiId=","dataSource":"gpml:Data-Source","datasourceReference":"wp:DatasourceReference","Group":{"@container":"@list","@id":"gpml:Group"},"interaction":{"@id":"biopax:Interaction","@type":"@id"},"interactionType":{"@id":"biopax:InteractionType","@type":"@id"},"interactionGraph":"@graph","lastModified":"gpml:Last-Modified","pathway":"biopax:Pathway","point":{"@container":"@list","@id":"gpml:Point"},"publicationXref":"biopax:PublicationXref","unificationXref":"biopax:UnificationXref","author":"schema:author","backgroundColor":"css2:colors.html#propdef-background-color","backgroundImage":"css2:colors.html#propdef-background-image","biopax":"http://www.biopax.org/release/biopax-level3.owl#","borderColor":"css2:box.html#propdef-border-color","borderStyle":"css2:box.html#propdef-border-style","borderWidth":"css2:box.html#propdef-border-width","boxSizing":{"@id":"css3Ui:box-sizing","@value":"border-box"},"color":"css2:colors.html#propdef-color","contains":{"@id":"ex:contains","@type":"@id"},"css2":"http://www.w3.org/TR/CSS2/","css3Ui":"http://www.w3.org/TR/css3-ui/#","cssTransform":"http://www.w3.org/TR/css-transforms-1/#","gpmlDataNodeType":"gpml:Type","dcterms":"http://puri.org/dc/terms/","entrezGene":"http://www.ncbi.nlm.nih.gov/gene/","ex":"http://www.example.org/","fontFamily":"css2:fonts.html#font-family-prop","fontSize":"css2:fonts.html#propdef-font-size","fontStyle":"css2:fonts.html#propdef-font-style","fontWeight":"css2:fonts.html#propdef-font-weight","gpml":"http://vocabularies.wikipathways.org/gpml#","gpmlFolder":"file://Users/andersriutta/Sites/pathvisiojs/test/gpml/","hMDB":"http://www.hmdb.ca/metabolites/HMDB","height":"css2:visudet.html#propdef-height","id":"@id","image":"schema:image","interactsWith":{"@id":"ex:interactsWith","@type":"@id"},"isContainedBy":{"@reverse":"ex:contains","@type":"@id"},"media":"http://www.w3.org/TR/mediaont-10/","name":"http://xmlns.com/foaf/0.1/name","organism":"biopax:organism","padding":"css2:box.html#propdef-padding","elements":{"@container":"@list","@id":"ex:pathwayElements/"},"position":"css2:visuren.html#propdef-position","rotate":"cssTransform:funcdef-rotate","schema":"http://schema.org/","shapeLibrary":"http://shapelibrary.example.org/","shape":"shapeLibrary:shape","stroke":"svg:painting.html#StrokeProperty","strokeWidth":"svg:painting.html#StrokeWidthProperty","svg":"http://www.w3.org/TR/SVG11/","textAlign":"css2:text.html#propdef-text-align","verticalAlign":"css2:visudet.html#propdef-vertical-align","width":"css2:visudet.html#propdef-width","wp":"http://vocabularies.wikipathways.org/wp#","wpId":"http://identifiers.org/wikipathways/","x":{"@id":"css2:visuren.html#propdef-left","@type":"xsd:integer"},"xsd":"http://www.w3.org/2001/XMLSchema#","y":"css2:visuren.html#propdef-top","zIndex":{"@id":"css2:z-index","@type":"xsd:integer"}},"wpId:WP1384":{"elements":[{"networkType":"node","nodeType":"DataNode","dataNodeType":"GeneProduct","@type":["DataNode","GeneProduct","datanode"],"gpmlType":"datanode","graphicalType":"path"},{"networkType":"node","nodeType":"DataNode","dataNodeType":"GeneProduct","@type":["DataNode","GeneProduct","datanode"],"gpmlType":"datanode","graphicalType":"path","datasourceReference":{"database":"Entrez Gene","id":"58022","organism":"Danio rerio"},"unificationXref":"http://identifiers.org/ensembl/ENSDARG00000058325"},{"networkType":"node","nodeType":"DataNode","dataNodeType":"GeneProduct","@type":["DataNode","GeneProduct","datanode"],"gpmlType":"datanode","graphicalType":"path"},{"networkType":"node","nodeType":"DataNode","dataNodeType":"GeneProduct","@type":["DataNode","GeneProduct","datanode"],"gpmlType":"datanode","graphicalType":"path"},{"networkType":"node","nodeType":"DataNode","dataNodeType":"GeneProduct","@type":["DataNode","GeneProduct","datanode"],"gpmlType":"datanode","graphicalType":"path"},{"networkType":"node","nodeType":"DataNode","dataNodeType":"GeneProduct","@type":["DataNode","GeneProduct","datanode"],"gpmlType":"datanode","graphicalType":"path"},{"networkType":"node","nodeType":"DataNode","dataNodeType":"GeneProduct","@type":["DataNode","GeneProduct","datanode"],"gpmlType":"datanode","graphicalType":"path"},{"networkType":"node","nodeType":"DataNode","dataNodeType":"GeneProduct","@type":["DataNode","GeneProduct","datanode"],"gpmlType":"datanode","graphicalType":"path"},{"networkType":"node","nodeType":"DataNode","dataNodeType":"GeneProduct","@type":["DataNode","GeneProduct","datanode"],"gpmlType":"datanode","graphicalType":"path"},{"networkType":"node","nodeType":"DataNode","dataNodeType":"GeneProduct","@type":["DataNode","GeneProduct","datanode"],"gpmlType":"datanode","graphicalType":"path"},{"networkType":"node","nodeType":"DataNode","dataNodeType":"GeneProduct","@type":["DataNode","GeneProduct","datanode"],"gpmlType":"datanode","graphicalType":"path"},{"networkType":"node","nodeType":"DataNode","dataNodeType":"GeneProduct","@type":["DataNode","GeneProduct","datanode"],"gpmlType":"datanode","graphicalType":"path"},{"networkType":"node","nodeType":"DataNode","dataNodeType":"GeneProduct","@type":["DataNode","GeneProduct","datanode"],"gpmlType":"datanode","graphicalType":"path"},{"networkType":"node","nodeType":"DataNode","dataNodeType":"GeneProduct","@type":["DataNode","GeneProduct","datanode"],"gpmlType":"datanode","graphicalType":"path"},{"networkType":"node","nodeType":"DataNode","dataNodeType":"GeneProduct","@type":["DataNode","GeneProduct","datanode"],"gpmlType":"datanode","graphicalType":"path"},{"networkType":"node","nodeType":"DataNode","dataNodeType":"GeneProduct","@type":["DataNode","GeneProduct","datanode"],"gpmlType":"datanode","graphicalType":"path"},{"networkType":"node","nodeType":"DataNode","dataNodeType":"GeneProduct","@type":["DataNode","GeneProduct","datanode"],"gpmlType":"datanode","graphicalType":"path"},{"networkType":"node","nodeType":"DataNode","dataNodeType":"GeneProduct","@type":["DataNode","GeneProduct","datanode"],"gpmlType":"datanode","graphicalType":"path"},{"networkType":"node","nodeType":"DataNode","dataNodeType":"GeneProduct","@type":["DataNode","GeneProduct","datanode"],"gpmlType":"datanode","graphicalType":"path"},{"networkType":"node","nodeType":"DataNode","dataNodeType":"GeneProduct","@type":["DataNode","GeneProduct","datanode"],"gpmlType":"datanode","graphicalType":"path"},{"networkType":"node","nodeType":"DataNode","dataNodeType":"GeneProduct","@type":["DataNode","GeneProduct","datanode"],"gpmlType":"datanode","graphicalType":"path"},{"networkType":"node","nodeType":"DataNode","dataNodeType":"GeneProduct","@type":["DataNode","GeneProduct","datanode"],"gpmlType":"datanode","graphicalType":"path"},{"networkType":"node","nodeType":"DataNode","dataNodeType":"GeneProduct","@type":["DataNode","GeneProduct","datanode"],"gpmlType":"datanode","graphicalType":"path"},{"networkType":"node","nodeType":"DataNode","dataNodeType":"GeneProduct","@type":["DataNode","GeneProduct","datanode"],"gpmlType":"datanode","graphicalType":"path"},{"networkType":"node","nodeType":"DataNode","dataNodeType":"GeneProduct","@type":["DataNode","GeneProduct","datanode"],"gpmlType":"datanode","graphicalType":"path"},{"networkType":"node","nodeType":"DataNode","dataNodeType":"GeneProduct","@type":["DataNode","GeneProduct","datanode"],"gpmlType":"datanode","graphicalType":"path"},{"networkType":"node","nodeType":"DataNode","dataNodeType":"GeneProduct","@type":["DataNode","GeneProduct","datanode"],"gpmlType":"datanode","graphicalType":"path"},{"networkType":"node","nodeType":"DataNode","dataNodeType":"GeneProduct","@type":["DataNode","GeneProduct","datanode"],"gpmlType":"datanode","graphicalType":"path"},{"networkType":"node","nodeType":"DataNode","dataNodeType":"GeneProduct","@type":["DataNode","GeneProduct","datanode"],"gpmlType":"datanode","graphicalType":"path"},{"networkType":"node","nodeType":"DataNode","dataNodeType":"GeneProduct","@type":["DataNode","GeneProduct","datanode"],"gpmlType":"datanode","graphicalType":"path"},{"networkType":"node","nodeType":"DataNode","dataNodeType":"GeneProduct","@type":["DataNode","GeneProduct","datanode"],"gpmlType":"datanode","graphicalType":"path"},{"networkType":"node","nodeType":"DataNode","dataNodeType":"GeneProduct","@type":["DataNode","GeneProduct","datanode"],"gpmlType":"datanode","graphicalType":"path"},{"networkType":"node","nodeType":"DataNode","dataNodeType":"GeneProduct","@type":["DataNode","GeneProduct","datanode"],"gpmlType":"datanode","graphicalType":"path"},{"networkType":"node","nodeType":"DataNode","dataNodeType":"GeneProduct","@type":["DataNode","GeneProduct","datanode"],"gpmlType":"datanode","graphicalType":"path"},{"networkType":"node","nodeType":"DataNode","dataNodeType":"GeneProduct","@type":["DataNode","GeneProduct","datanode"],"gpmlType":"datanode","graphicalType":"path"},{"networkType":"node","nodeType":"DataNode","dataNodeType":"GeneProduct","@type":["DataNode","GeneProduct","datanode"],"gpmlType":"datanode","graphicalType":"path"},{"networkType":"node","nodeType":"DataNode","dataNodeType":"GeneProduct","@type":["DataNode","GeneProduct","datanode"],"gpmlType":"datanode","graphicalType":"path"},{"networkType":"node","nodeType":"DataNode","dataNodeType":"GeneProduct","@type":["DataNode","GeneProduct","datanode"],"gpmlType":"datanode","graphicalType":"path"},{"networkType":"node","nodeType":"DataNode","dataNodeType":"GeneProduct","@type":["DataNode","GeneProduct","datanode"],"gpmlType":"datanode","graphicalType":"path"},{"networkType":"node","nodeType":"DataNode","dataNodeType":"GeneProduct","@type":["DataNode","GeneProduct","datanode"],"gpmlType":"datanode","graphicalType":"path"},{"networkType":"node","nodeType":"Label","@type":["label"],"gpmlType":"label","graphicalType":"path"},{"networkType":"node","nodeType":"Label","@type":["label"],"gpmlType":"label","graphicalType":"path"},{"networkType":"node","nodeType":"Label","@type":["label"],"gpmlType":"label","graphicalType":"path"},{"networkType":"node","nodeType":"Label","@type":["label"],"gpmlType":"label","graphicalType":"path"},{"networkType":"node","nodeType":"Label","@type":["label"],"gpmlType":"label","graphicalType":"path"},{"networkType":"node","nodeType":"Label","@type":["label"],"gpmlType":"label","graphicalType":"path"},{"networkType":"node","nodeType":"Label","@type":["label"],"gpmlType":"label","graphicalType":"path"},{"networkType":"node","nodeType":"Label","@type":["label"],"gpmlType":"label","graphicalType":"path"},{"networkType":"node","nodeType":"Label","@type":["label"],"gpmlType":"label","graphicalType":"path"},{"networkType":"node","nodeType":"Label","@type":["label"],"gpmlType":"label","graphicalType":"path"},{"networkType":"node","nodeType":"Label","@type":["label"],"gpmlType":"label","graphicalType":"path"},{"networkType":"node","nodeType":"Label","@type":["label"],"gpmlType":"label","graphicalType":"path"},{"networkType":"node","nodeType":"Label","@type":["label"],"gpmlType":"label","graphicalType":"path"},{"networkType":"node","nodeType":"Label","@type":["label"],"gpmlType":"label","graphicalType":"path"},{"networkType":"node","nodeType":"Label","@type":["label"],"gpmlType":"label","graphicalType":"path"},{"networkType":"node","nodeType":"Label","@type":["label"],"gpmlType":"label","graphicalType":"path"},{"networkType":"node","nodeType":"Label","@type":["label"],"gpmlType":"label","graphicalType":"path"},{"networkType":"node","nodeType":"Label","@type":["label"],"gpmlType":"label","graphicalType":"path"},{"networkType":"node","nodeType":"Label","@type":["label"],"gpmlType":"label","graphicalType":"path"},{"networkType":"node","nodeType":"Label","@type":["label"],"gpmlType":"label","graphicalType":"path"},{"networkType":"node","nodeType":"Label","@type":["label"],"gpmlType":"label","graphicalType":"path"},{"networkType":"node","nodeType":"Label","@type":["label"],"gpmlType":"label","graphicalType":"path"},{"networkType":"node","nodeType":"Label","@type":["label"],"gpmlType":"label","graphicalType":"path"},{"networkType":"node","nodeType":"Label","@type":["label"],"gpmlType":"label","graphicalType":"path"},{"networkType":"node","nodeType":"Label","@type":["label"],"gpmlType":"label","graphicalType":"path"},{"networkType":"node","nodeType":"Label","@type":["label"],"gpmlType":"label","graphicalType":"path"},{"networkType":"node","nodeType":"Label","@type":["label"],"gpmlType":"label","graphicalType":"path"},{"networkType":"node","nodeType":"Label","@type":["label"],"gpmlType":"label","graphicalType":"path"},{"networkType":"node","nodeType":"Label","@type":["label"],"gpmlType":"label","graphicalType":"path"},{"networkType":"node","nodeType":"Label","@type":["label"],"gpmlType":"label","graphicalType":"path"},{"networkType":"node","nodeType":"Label","@type":["label"],"gpmlType":"label","graphicalType":"path"},{"networkType":"node","nodeType":"Label","@type":["label"],"gpmlType":"label","graphicalType":"path"},{"networkType":"node","nodeType":"Label","@type":["label"],"gpmlType":"label","graphicalType":"path"},{"networkType":"node","nodeType":"Label","@type":["label"],"gpmlType":"label","graphicalType":"path"},{"networkType":"node","nodeType":"Label","@type":["label"],"gpmlType":"label","graphicalType":"path"},{"networkType":"node","nodeType":"Label","@type":["label"],"gpmlType":"label","graphicalType":"path"},{"networkType":"node","nodeType":"Label","@type":["label"],"gpmlType":"label","graphicalType":"path"},{"networkType":"node","nodeType":"Label","@type":["label"],"gpmlType":"label","graphicalType":"path"},{"networkType":"node","nodeType":"Label","@type":["label"],"gpmlType":"label","graphicalType":"path"},{"networkType":"node","nodeType":"Label","@type":["label"],"gpmlType":"label","graphicalType":"path"},{"networkType":"node","nodeType":"Label","@type":["label"],"gpmlType":"label","graphicalType":"path"},{"networkType":"node","nodeType":"Label","@type":["label"],"gpmlType":"label","graphicalType":"path"},{"networkType":"node","nodeType":"Label","@type":["label"],"gpmlType":"label","graphicalType":"path"},{"networkType":"node","nodeType":"Label","@type":["label"],"gpmlType":"label","graphicalType":"path"},{"networkType":"node","nodeType":"Label","@type":["label"],"gpmlType":"label","graphicalType":"path"},{"networkType":"node","nodeType":"Label","@type":["label"],"gpmlType":"label","graphicalType":"path"},{"networkType":"node","nodeType":"Label","@type":["label"],"gpmlType":"label","graphicalType":"path"},{"networkType":"node","nodeType":"Label","@type":["label"],"gpmlType":"label","graphicalType":"path"},{"networkType":"node","nodeType":"Label","@type":["label"],"gpmlType":"label","graphicalType":"path"},{"networkType":"node","nodeType":"Label","@type":["label"],"gpmlType":"label","graphicalType":"path"},{"networkType":"node","nodeType":"Label","@type":["label"],"gpmlType":"label","graphicalType":"path"},{"networkType":"node","nodeType":"Label","@type":["label"],"gpmlType":"label","graphicalType":"path"},{"networkType":"node","nodeType":"Label","@type":["label"],"gpmlType":"label","graphicalType":"path"},{"networkType":"node","nodeType":"Label","@type":["label"],"gpmlType":"label","graphicalType":"path"},{"networkType":"node","nodeType":"Label","@type":["label"],"gpmlType":"label","graphicalType":"path"},{"networkType":"node","nodeType":"Label","@type":["label"],"gpmlType":"label","graphicalType":"path"},{"networkType":"node","nodeType":"Label","@type":["label"],"gpmlType":"label","graphicalType":"path"},{"networkType":"node","nodeType":"Label","@type":["label"],"gpmlType":"label","graphicalType":"path"},{"networkType":"node","nodeType":"Label","@type":["label"],"gpmlType":"label","graphicalType":"path"},{"networkType":"node","nodeType":"Label","@type":["label"],"gpmlType":"label","graphicalType":"path"},{"networkType":"node","nodeType":"Label","@type":["label"],"gpmlType":"label","graphicalType":"path"},{"networkType":"node","nodeType":"Label","@type":["label"],"gpmlType":"label","graphicalType":"path"},{"networkType":"node","nodeType":"Label","@type":["label"],"gpmlType":"label","graphicalType":"path"},{"networkType":"node","nodeType":"Label","@type":["label"],"gpmlType":"label","graphicalType":"path"},{"networkType":"node","nodeType":"Shape","@type":["shape"],"gpmlType":"shape","graphicalType":"path"},{"networkType":"node","nodeType":"Shape","@type":["shape"],"gpmlType":"shape","graphicalType":"path"},{"networkType":"node","nodeType":"Shape","@type":["shape"],"gpmlType":"shape","graphicalType":"path"},{"networkType":"node","nodeType":"Shape","@type":["shape"],"gpmlType":"shape","graphicalType":"path"},{"networkType":"node","nodeType":"Shape","@type":["shape"],"gpmlType":"shape","graphicalType":"path"},{"networkType":"node","nodeType":"Shape","@type":["shape"],"gpmlType":"shape","graphicalType":"path"},{"networkType":"node","nodeType":"Shape","@type":["shape"],"gpmlType":"shape","graphicalType":"path"},{"networkType":"edge","gpmlType":"interaction","@type":["interaction"],"graphicalType":"path","markerEnd":"arrow","points":[{"x":1706,"y":1113.3166666666666,"isAttachedTo":"dffc2","RelX":1,"anchor":[1,0.5,1,0],"RelY":0},{"x":1788,"y":1176}]},{"networkType":"edge","gpmlType":"interaction","@type":["interaction"],"graphicalType":"path","markerEnd":"arrow","points":[{"x":459.5248754422702,"y":200.4958240065468,"isAttachedTo":"f660a","RelX":1,"anchor":[1,0.5,1,0],"RelY":0},{"x":512.6271451609022,"y":200.4958240065468,"isAttachedTo":"f61a5","RelX":-1,"anchor":[0,0.5,-1,0],"RelY":0}],"interactionGraph":[{"id":"f660a","interactsWith":"f61a5"}],"interactionType":"gpml:Arrow"},{"networkType":"edge","gpmlType":"interaction","@type":["interaction"],"graphicalType":"path","markerEnd":"arrow","points":[{"x":592.6271451609022,"y":200.4958240065468,"isAttachedTo":"f61a5","RelX":1,"anchor":[1,0.5,1,0],"RelY":0},{"x":674.6666666666666,"y":200}]},{"networkType":"edge","gpmlType":"interaction","@type":["interaction"],"graphicalType":"path","markerEnd":"arrow","points":[{"x":592.6271451609022,"y":306.6406720100128,"isAttachedTo":"f54c8","RelX":1,"anchor":[1,0.5,1,0],"RelY":0},{"x":682.7958697378872,"y":306.6406720100128,"isAttachedTo":"eee9a","RelX":-1,"anchor":[0,0.5,-1,0],"RelY":0}],"interactionGraph":[{"id":"f54c8","interactsWith":"eee9a"}],"interactionType":"gpml:Arrow"},{"networkType":"edge","gpmlType":"interaction","@type":["interaction"],"graphicalType":"path","markerEnd":"arrow","points":[{"x":762.7958697378872,"y":306.6406720100128,"isAttachedTo":"eee9a","RelX":1,"anchor":[1,0.5,1,0],"RelY":0},{"x":810.8436228849255,"y":306.6406720100128,"isAttachedTo":"bf42d","RelX":-1,"anchor":[0,0.5,-1,0],"RelY":0}],"interactionGraph":[{"id":"eee9a","interactsWith":"bf42d"}],"interactionType":"gpml:Arrow"},{"networkType":"edge","gpmlType":"interaction","@type":["interaction"],"graphicalType":"path","markerEnd":"arrow","points":[{"x":419.5248754422702,"y":431.2097142994681,"isAttachedTo":"dfa90","RelX":0,"anchor":[0.5,1,0,1],"RelY":1},{"x":419.5248754422702,"y":490.3971405877681,"isAttachedTo":"c465a","RelX":0,"anchor":[0.5,0,0,-1],"RelY":-1}],"interactionGraph":[{"id":"dfa90","interactsWith":"c465a"}],"interactionType":"gpml:Arrow"},{"networkType":"edge","gpmlType":"interaction","@type":["interaction"],"graphicalType":"path","markerEnd":"arrow","points":[{"x":459.5248754422702,"y":500.3971405877681,"isAttachedTo":"c465a","RelX":1,"anchor":[1,0.5,1,0],"RelY":0},{"x":512.6271451609022,"y":500.3971405877681,"isAttachedTo":"e45db","RelX":-1,"anchor":[0,0.5,-1,0],"RelY":0}],"interactionGraph":[{"id":"c465a","interactsWith":"e45db"}],"interactionType":"gpml:Arrow"},{"networkType":"edge","gpmlType":"interaction","@type":["interaction"],"graphicalType":"path","markerEnd":"arrow","points":[{"x":890.8436228849255,"y":500.3971405877681,"isAttachedTo":"acdbd","RelX":1,"anchor":[1,0.5,1,0],"RelY":0},{"x":946.9640647940887,"y":500.3971405877681,"isAttachedTo":"d293f","RelX":-1,"anchor":[0,0.5,-1,0],"RelY":0}],"interactionGraph":[{"id":"acdbd","interactsWith":"d293f"}],"interactionType":"gpml:Arrow"},{"networkType":"edge","gpmlType":"interaction","@type":["interaction"],"graphicalType":"path","markerEnd":"arrow","points":[{"x":850.8436228849255,"y":510.3971405877681,"isAttachedTo":"acdbd","RelX":0,"anchor":[0.5,1,0,1],"RelY":1},{"x":850.8436228849255,"y":749.6079139288036},{"x":1368.5252846174212,"y":749.6079139288036,"isAttachedTo":"e8599","RelX":-1,"anchor":[0,0.5,-1,0],"RelY":0}],"interactionGraph":[{"id":"acdbd","interactsWith":"e8599"}],"interactionType":"gpml:Arrow"},{"networkType":"edge","gpmlType":"interaction","@type":["interaction"],"graphicalType":"path","markerEnd":"arrow","points":[{"x":419.5248754422702,"y":510.3971405877681,"isAttachedTo":"c465a","RelX":0,"anchor":[0.5,1,0,1],"RelY":1},{"x":512.6271451609022,"y":593.063277733651,"isAttachedTo":"d5b10","RelX":-1,"anchor":[0,0.5,-1,0],"RelY":0}],"interactionGraph":[{"id":"c465a","interactsWith":"d5b10"}],"interactionType":"gpml:Arrow"},{"networkType":"edge","gpmlType":"interaction","@type":["interaction"],"graphicalType":"path","markerEnd":"arrow","points":[{"x":592.6271451609022,"y":593.063277733651,"isAttachedTo":"d5b10","RelX":1,"anchor":[1,0.5,1,0],"RelY":0},{"x":646.6666666666666,"y":593.063277733651},{"x":646.6666666666666,"y":965.4126651743808},{"x":691.2200640238766,"y":965.4126651743808,"isAttachedTo":"aa89e","RelX":-1,"anchor":[0,0.5,-1,0],"RelY":0}],"interactionGraph":[{"id":"d5b10","interactsWith":"aa89e"}],"interactionType":"gpml:Arrow"},{"networkType":"edge","gpmlType":"interaction","@type":["interaction"],"graphicalType":"path","markerEnd":"arrow","points":[{"x":459.5248754422702,"y":680.3779093556695,"isAttachedTo":"a9caf","RelX":1,"anchor":[1,0.5,1,0],"RelY":0},{"x":512.6271451609022,"y":680.3597371651382,"isAttachedTo":"e6d2a","RelX":-1,"anchor":[0,0.5,-1,0],"RelY":0}],"interactionGraph":[{"id":"a9caf","interactsWith":"e6d2a"}],"interactionType":"gpml:Arrow"},{"networkType":"edge","gpmlType":"interaction","@type":["interaction"],"graphicalType":"path","markerEnd":"arrow","points":[{"x":722.7958697378871,"y":809.534695645895,"isAttachedTo":"d13f9","RelX":0,"anchor":[0.5,0,0,-1],"RelY":-1},{"x":722.7958697378871,"y":829.534695645895},{"x":722.7958697378872,"y":829.534695645895},{"x":722.7958697378872,"y":518.5425181120177,"isAttachedTo":"d1b8c","RelX":0,"anchor":[0.5,1,0,1],"RelY":1}],"interactionGraph":[{"id":"d13f9","interactsWith":"d1b8c"}],"interactionType":"gpml:Arrow"},{"networkType":"edge","gpmlType":"interaction","@type":["interaction"],"graphicalType":"path","markerEnd":"arrow","points":[{"x":635,"y":819},{"x":682.7958697378871,"y":819.534695645895,"isAttachedTo":"d13f9","RelX":-1,"anchor":[0,0.5,-1,0],"RelY":0}]},{"networkType":"edge","gpmlType":"interaction","@type":["interaction"],"graphicalType":"path","markerEnd":"arrow","points":[{"x":626.3239223048596,"y":965.4126651743808,"isAttachedTo":"f9805","RelX":1,"anchor":[1,0.5,1,0],"RelY":0},{"x":691.2200640238766,"y":965.4126651743808,"isAttachedTo":"aa89e","RelX":-1,"anchor":[0,0.5,-1,0],"RelY":0}],"interactionGraph":[{"id":"f9805","interactsWith":"aa89e"}],"interactionType":"gpml:Arrow"},{"networkType":"edge","gpmlType":"interaction","@type":["interaction"],"graphicalType":"path","markerEnd":"arrow","points":[{"x":771.2200640238766,"y":965.4126651743808,"isAttachedTo":"aa89e","RelX":1,"anchor":[1,0.5,1,0],"RelY":0},{"x":836.1162057428936,"y":965.4126651743808,"isAttachedTo":"b2e6a","RelX":-1,"anchor":[0,0.5,-1,0],"RelY":0}],"interactionGraph":[{"id":"aa89e","interactsWith":"b2e6a"}],"interactionType":"gpml:Arrow"},{"networkType":"edge","gpmlType":"interaction","@type":["interaction"],"graphicalType":"path","markerEnd":"arrow","points":[{"x":300.4651840084723,"y":1114.3814956555225,"isAttachedTo":"e2991","RelX":1,"anchor":[1,0.5,1,0],"RelY":0},{"x":371.5248754422702,"y":1113.5694514646063,"isAttachedTo":"e2e23","RelX":-1,"anchor":[0,0.5,-1,0],"RelY":0}],"interactionGraph":[{"id":"e2991","interactsWith":"e2e23"}],"interactionType":"gpml:Arrow"},{"networkType":"edge","gpmlType":"interaction","@type":["interaction"],"graphicalType":"path","markerEnd":"arrow","points":[{"x":467.5248754422702,"y":1113.5694514646063,"isAttachedTo":"e2e23","RelX":1,"anchor":[1,0.5,1,0],"RelY":0},{"x":447.5248754422702,"y":1113.5694514646063},{"x":447.5248754422702,"y":1113.0481623221892},{"x":1370.2101234746192,"y":1113.0481623221892,"isAttachedTo":"a95d5","RelX":-1,"anchor":[0,0.5,-1,0],"RelY":0}],"interactionGraph":[{"id":"e2e23","interactsWith":"a95d5"}],"interactionType":"gpml:Arrow"},{"networkType":"edge","gpmlType":"interaction","@type":["interaction"],"graphicalType":"path","markerEnd":"arrow","points":[{"x":1239.605266324885,"y":397.6219702986979,"isAttachedTo":"fe1c6","RelX":1,"anchor":[1,0.5,1,0],"RelY":0},{"x":1368.5252846174212,"y":417.34315353695814,"isAttachedTo":"ba563","RelX":-1,"anchor":[0,0.5,-1,0],"RelY":0}],"interactionGraph":[{"id":"fe1c6","interactsWith":"ba563"}],"interactionType":"gpml:Arrow"},{"networkType":"edge","gpmlType":"interaction","@type":["interaction"],"graphicalType":"path","markerEnd":"arrow","points":[{"x":1026.9640647940887,"y":500.3971405877681,"isAttachedTo":"d293f","RelX":1,"anchor":[1,0.5,1,0],"RelY":0},{"x":1126.332683466917,"y":624.9661828772234,"isAttachedTo":"fd274","RelX":-1,"anchor":[0,0.5,-1,0],"RelY":0}],"interactionGraph":[{"id":"d293f","interactsWith":"fd274"}],"interactionType":"gpml:Arrow"},{"networkType":"edge","gpmlType":"interaction","@type":["interaction"],"graphicalType":"path","markerEnd":"arrow","points":[{"x":1026.9640647940887,"y":500.3971405877681,"isAttachedTo":"d293f","RelX":1,"anchor":[1,0.5,1,0],"RelY":0},{"x":1125.3333333333333,"y":697.3333333333334}]},{"networkType":"edge","gpmlType":"interaction","@type":["interaction"],"graphicalType":"path","markerEnd":"arrow","points":[{"x":1222.332683466917,"y":624.9661828772234,"isAttachedTo":"fd274","RelX":1,"anchor":[1,0.5,1,0],"RelY":0},{"x":1242.332683466917,"y":624.9661828772234},{"x":1242.332683466917,"y":604},{"x":1358,"y":604},{"x":1358,"y":624}]},{"networkType":"edge","gpmlType":"interaction","@type":["interaction"],"graphicalType":"path","markerEnd":"arrow","points":[{"x":1222.332683466917,"y":695.1598430692951,"isAttachedTo":"a5adc","RelX":1,"anchor":[1,0.5,1,0],"RelY":0},{"x":1242.332683466917,"y":695.1598430692951},{"x":1242.332683466917,"y":675},{"x":1354,"y":675},{"x":1354,"y":695}]},{"networkType":"edge","gpmlType":"interaction","@type":["interaction"],"graphicalType":"path","markerEnd":"arrow","points":[{"x":1456.5252846174212,"y":514.7486461116326,"isAttachedTo":"ecb2b","RelX":1,"anchor":[1,0.5,1,0],"RelY":0},{"x":1549.3333333333333,"y":580}]},{"networkType":"edge","gpmlType":"interaction","@type":["interaction"],"graphicalType":"path","markerEnd":"arrow","points":[{"x":1456.5252846174212,"y":604.1177943052446,"isAttachedTo":"caa4d","RelX":1,"anchor":[1,0.5,1,0],"RelY":0},{"x":1550.912075480781,"y":584.5300503044746,"isAttachedTo":"ae163","RelX":-1,"anchor":[0,0.5,-1,0],"RelY":0}],"interactionGraph":[{"id":"caa4d","interactsWith":"ae163"}],"interactionType":"gpml:Arrow"},{"networkType":"edge","gpmlType":"interaction","@type":["interaction"],"graphicalType":"path","markerEnd":"arrow","points":[{"x":1456.5252846174212,"y":694.4931764026284,"isAttachedTo":"e17a2","RelX":1,"anchor":[1,0.5,1,0],"RelY":0},{"x":1544,"y":596}]},{"networkType":"edge","gpmlType":"interaction","@type":["interaction"],"graphicalType":"path","markerEnd":"arrow","points":[{"x":1158.7330011793872,"y":771.6561965966255,"isAttachedTo":"bcadb","RelX":1,"anchor":[1,0.5,1,0],"RelY":0},{"x":1368.5252846174212,"y":749.6079139288036,"isAttachedTo":"e8599","RelX":-1,"anchor":[0,0.5,-1,0],"RelY":0}],"interactionGraph":[{"id":"bcadb","interactsWith":"e8599"}],"interactionType":"gpml:Arrow"},{"networkType":"edge","gpmlType":"interaction","@type":["interaction"],"graphicalType":"path","markerEnd":"arrow","points":[{"x":1158.7330011793872,"y":771.6561965966255,"isAttachedTo":"bcadb","RelX":1,"anchor":[1,0.5,1,0],"RelY":0},{"x":1368.5252846174212,"y":820.5165234553639,"isAttachedTo":"cd0f6","RelX":-1,"anchor":[0,0.5,-1,0],"RelY":0}],"interactionGraph":[{"id":"bcadb","interactsWith":"cd0f6"}],"interactionType":"gpml:Arrow"},{"networkType":"node","nodeType":"DataNode","dataNodeType":"GeneProduct","@type":["DataNode","GeneProduct","datanode"],"gpmlType":"datanode","graphicalType":"path"},{"networkType":"edge","gpmlType":"interaction","@type":["interaction"],"graphicalType":"path","markerEnd":"arrow","points":[{"x":1020.5762148891616,"y":820.5165234553639,"isAttachedTo":"a9625","RelX":1,"anchor":[1,0.5,1,0],"RelY":0},{"x":1077.0481623221892,"y":820.5165234553639,"isAttachedTo":"a1908","RelX":-1,"anchor":[0,0.5,-1,0],"RelY":0}],"interactionGraph":[{"id":"a9625","interactsWith":"a1908"}],"interactionType":"gpml:Arrow"},{"networkType":"edge","gpmlType":"interaction","@type":["interaction"],"graphicalType":"path","markerEnd":"arrow","points":[{"x":1157.0481623221892,"y":820.5165234553639,"isAttachedTo":"a1908","RelX":1,"anchor":[1,0.5,1,0],"RelY":0},{"x":1368.5252846174212,"y":820.5165234553639,"isAttachedTo":"cd0f6","RelX":-1,"anchor":[0,0.5,-1,0],"RelY":0}],"interactionGraph":[{"id":"a1908","interactsWith":"cd0f6"}],"interactionType":"gpml:Arrow"},{"networkType":"edge","gpmlType":"interaction","@type":["interaction"],"graphicalType":"path","markerEnd":"arrow","points":[{"x":770.7958697378872,"y":205.91431390954813,"isAttachedTo":"bbf95","RelX":1,"anchor":[1,0.5,1,0],"RelY":0},{"x":802.8436228849255,"y":207.0171131489638,"isAttachedTo":"b6815","RelX":-1,"anchor":[0,0.5,-1,0],"RelY":0}],"interactionGraph":[{"id":"bbf95","interactsWith":"b6815"}],"interactionType":"gpml:Arrow"},{"networkType":"edge","gpmlType":"interaction","@type":["interaction"],"graphicalType":"path","markerEnd":"arrow","points":[{"x":898.8436228849255,"y":207.0171131489638,"isAttachedTo":"b6815","RelX":1,"anchor":[1,0.5,1,0],"RelY":0},{"x":1408.5252846174212,"y":318.9677714395745,"isAttachedTo":"e2f4c","RelX":0,"anchor":[0.5,0,0,-1],"RelY":-1}],"interactionGraph":[{"id":"b6815","interactsWith":"e2f4c"}],"interactionType":"gpml:Arrow"},{"networkType":"edge","gpmlType":"interaction","@type":["interaction"],"graphicalType":"path","markerEnd":"arrow","points":[{"x":1204.2236503237298,"y":515.5606903025489,"isAttachedTo":"f5c8d","RelX":1,"anchor":[1,0.5,1,0],"RelY":0},{"x":1232,"y":514.6666666666666}]},{"networkType":"edge","gpmlType":"interaction","@type":["interaction"],"graphicalType":"path","markerEnd":"arrow","points":[{"x":1321.3333333333333,"y":514.6666666666666},{"x":1360.5252846174212,"y":514.7486461116326,"isAttachedTo":"ecb2b","RelX":-1,"anchor":[0,0.5,-1,0],"RelY":0}]},{"networkType":"edge","gpmlType":"interaction","@type":["interaction"],"graphicalType":"path","markerEnd":"arrow","points":[{"x":592.6271451609022,"y":500.3971405877681,"isAttachedTo":"e45db","RelX":1,"anchor":[1,0.5,1,0],"RelY":0},{"x":682.7958697378872,"y":306.6406720100128,"isAttachedTo":"eee9a","RelX":-1,"anchor":[0,0.5,-1,0],"RelY":0}],"interactionGraph":[{"id":"e45db","interactsWith":"eee9a"}],"interactionType":"gpml:Arrow"},{"networkType":"edge","gpmlType":"interaction","@type":["interaction"],"graphicalType":"path","markerEnd":"arrow","points":[{"x":1695.9833333333333,"y":962.6666666666666,"isAttachedTo":"ac91b","RelX":0,"anchor":[0.5,1,0,1],"RelY":1},{"x":1788,"y":1159}]},{"networkType":"edge","gpmlType":"interaction","@type":["interaction"],"graphicalType":"path","markerEnd":"arrow","points":[{"x":1448.5252846174212,"y":952.9339543167978,"isAttachedTo":"d6b66","RelX":1,"anchor":[1,0.5,1,0],"RelY":0},{"x":1428.5252846174212,"y":952.9339543167978},{"x":1428.5252846174212,"y":952.65},{"x":1685.9666666666667,"y":952.65,"isAttachedTo":"ac91b","RelX":-1,"anchor":[0,0.5,-1,0],"RelY":0}],"interactionGraph":[{"id":"d6b66","interactsWith":"ac91b"}],"interactionType":"gpml:Arrow"},{"networkType":"edge","gpmlType":"interaction","@type":["interaction"],"graphicalType":"path","markerEnd":"arrow","points":[{"x":1695.9833333333333,"y":942.6333333333333,"isAttachedTo":"ac91b","RelX":0,"anchor":[0.5,0,0,-1],"RelY":-1},{"x":1794.6666666666667,"y":726.6666666666666}]},{"networkType":"edge","gpmlType":"interaction","@type":["interaction"],"graphicalType":"path","markerEnd":"arrow","points":[{"x":1449.3333333333333,"y":818.6666666666666},{"x":1685.9666666666667,"y":819.3166666666667,"isAttachedTo":"ae01c","RelX":-1,"anchor":[0,0.5,-1,0],"RelY":0}]},{"networkType":"edge","gpmlType":"interaction","@type":["interaction"],"graphicalType":"path","markerEnd":"arrow","points":[{"x":1450.2101234746192,"y":1113.0481623221892,"isAttachedTo":"a95d5","RelX":1,"anchor":[1,0.5,1,0],"RelY":0},{"x":1685.9666666666667,"y":1113.3166666666666,"isAttachedTo":"dffc2","RelX":-1,"anchor":[0,0.5,-1,0],"RelY":0}],"interactionGraph":[{"id":"a95d5","interactsWith":"dffc2"}],"interactionType":"gpml:Arrow"},{"networkType":"edge","gpmlType":"interaction","@type":["interaction"],"graphicalType":"path","markerEnd":"arrow","points":[{"x":1706,"y":952.65,"isAttachedTo":"ac91b","RelX":1,"anchor":[1,0.5,1,0],"RelY":0},{"x":1788,"y":950.6666666666666}]},{"networkType":"edge","gpmlType":"interaction","@type":["interaction"],"graphicalType":"path","markerEnd":"arrow","points":[{"x":1448.5252846174212,"y":749.6079139288036,"isAttachedTo":"e8599","RelX":1,"anchor":[1,0.5,1,0],"RelY":0},{"x":1685.9666666666667,"y":750.65,"isAttachedTo":"c899e","RelX":-1,"anchor":[0,0.5,-1,0],"RelY":0}],"interactionGraph":[{"id":"e8599","interactsWith":"c899e"}],"interactionType":"gpml:Arrow"},{"networkType":"edge","gpmlType":"interaction","@type":["interaction"],"graphicalType":"path","markerEnd":"arrow","points":[{"x":1706,"y":819.3166666666667,"isAttachedTo":"ae01c","RelX":1,"anchor":[1,0.5,1,0],"RelY":0},{"x":1785.3333333333333,"y":934.6666666666666}]},{"networkType":"edge","gpmlType":"interaction","@type":["interaction"],"graphicalType":"path","markerEnd":"arrow","points":[{"x":1706,"y":750.65,"isAttachedTo":"c899e","RelX":1,"anchor":[1,0.5,1,0],"RelY":0},{"x":1794.6666666666667,"y":488}]},{"networkType":"edge","gpmlType":"interaction","@type":["interaction"],"graphicalType":"path","markerEnd":"arrow","points":[{"x":1646.912075480781,"y":584.5300503044746,"isAttachedTo":"ae163","RelX":1,"anchor":[1,0.5,1,0],"RelY":0},{"x":1685.9666666666667,"y":584.65,"isAttachedTo":"f0964","RelX":-1,"anchor":[0,0.5,-1,0],"RelY":0}],"interactionGraph":[{"id":"ae163","interactsWith":"f0964"}],"interactionType":"gpml:Arrow"},{"networkType":"edge","gpmlType":"interaction","@type":["interaction"],"graphicalType":"path","markerEnd":"arrow","points":[{"x":1706.6666666666667,"y":585.3333333333334},{"x":1792,"y":465.3333333333333}]},{"networkType":"edge","gpmlType":"interaction","@type":["interaction"],"graphicalType":"path","markerEnd":"arrow","points":[{"x":1705.3333333333333,"y":582.6666666666666},{"x":1794.6666666666667,"y":346.6666666666667}]},{"networkType":"edge","gpmlType":"interaction","@type":["interaction"],"graphicalType":"path","markerEnd":"arrow","points":[{"x":1450.6666666666667,"y":357.3333333333333},{"x":1685.9666666666667,"y":355.98333333333335,"isAttachedTo":"a24c8","RelX":-1,"anchor":[0,0.5,-1,0],"RelY":0}]},{"networkType":"edge","gpmlType":"interaction","@type":["interaction"],"graphicalType":"path","markerEnd":"arrow","points":[{"x":1705.3333333333333,"y":356},{"x":1792,"y":457.3333333333333}]},{"networkType":"edge","gpmlType":"interaction","@type":["interaction"],"graphicalType":"path","markerEnd":"arrow","points":[{"x":1706.6666666666667,"y":354.6666666666667},{"x":1796,"y":284}]},{"networkType":"edge","gpmlType":"interaction","@type":["interaction"],"graphicalType":"path","markerEnd":"arrow","points":[{"x":1928,"y":302.6666666666667},{"x":2018.6666666666667,"y":302.6666666666667}]},{"networkType":"edge","gpmlType":"interaction","@type":["interaction"],"graphicalType":"path","markerEnd":"arrow","points":[{"x":1928,"y":438},{"x":2018.6666666666667,"y":438}]},{"networkType":"edge","gpmlType":"interaction","@type":["interaction"],"graphicalType":"path","markerEnd":"arrow","points":[{"x":1928,"y":723.3333333333334},{"x":2018.6666666666667,"y":723.3333333333334}]},{"networkType":"edge","gpmlType":"interaction","@type":["interaction"],"graphicalType":"path","markerEnd":"arrow","points":[{"x":1928,"y":909.3333333333334},{"x":2018.6666666666667,"y":909.3333333333334}]},{"networkType":"edge","gpmlType":"interaction","@type":["interaction"],"graphicalType":"path","markerEnd":"arrow","points":[{"x":1928,"y":1172},{"x":2018.6666666666667,"y":1172}]},{"networkType":"edge","gpmlType":"interaction","@type":["interaction"],"graphicalType":"path","points":[{"x":1521.3333333333333,"y":228},{"x":1524,"y":1169.3333333333333}]},{"networkType":"edge","gpmlType":"interaction","@type":["interaction"],"graphicalType":"path","points":[{"x":442.6666666666667,"y":136.66666666666666},{"x":442.6666666666667,"y":1174}]},{"networkType":"edge","gpmlType":"interaction","@type":["interaction"],"graphicalType":"path","points":[{"x":394,"y":136.66666666666666},{"x":394,"y":1174}]},{"networkType":"edge","gpmlType":"interaction","@type":["interaction"],"graphicalType":"path","points":[{"x":1808.268226346066,"y":1103.9952343129466,"isAttachedTo":"ef50b","RelX":-1,"anchor":[0,0.5,-1,0],"RelY":0},{"x":1726.6666666666667,"y":1103.9952343129466},{"x":1726.6666666666667,"y":1072},{"x":288,"y":1072}]},{"networkType":"edge","gpmlType":"interaction","@type":["interaction"],"graphicalType":"path","markerEnd":"arrow","points":[{"x":288,"y":1072},{"x":288,"y":1052},{"x":268,"y":1052},{"x":268,"y":1102.6666666666667}]},{"networkType":"edge","gpmlType":"interaction","@type":["interaction"],"graphicalType":"path","markerEnd":"arrow","points":[{"x":916.1162057428936,"y":965.4126651743808,"isAttachedTo":"b2e6a","RelX":1,"anchor":[1,0.5,1,0],"RelY":0},{"x":936.1162057428936,"y":965.4126651743808},{"x":936.1162057428936,"y":936},{"x":952,"y":936},{"x":952,"y":956}]},{"networkType":"edge","gpmlType":"interaction","@type":["interaction"],"graphicalType":"path","markerEnd":"arrow","points":[{"x":1044,"y":952},{"x":1044,"y":932},{"x":1348.5252846174212,"y":932},{"x":1348.5252846174212,"y":952.9339543167978},{"x":1368.5252846174212,"y":952.9339543167978,"isAttachedTo":"d6b66","RelX":-1,"anchor":[0,0.5,-1,0],"RelY":0}]},{"networkType":"edge","gpmlType":"interaction","@type":["interaction"],"graphicalType":"path","markerEnd":"arrow","points":[{"x":1344.707536043517,"y":888.334272029268,"isAttachedTo":"b8292","RelX":1,"anchor":[1,0.5,1,0],"RelY":0},{"x":1408.5252846174212,"y":830.5165234553639,"isAttachedTo":"cd0f6","RelX":0,"anchor":[0.5,1,0,1],"RelY":1}],"interactionGraph":[{"id":"b8292","interactsWith":"cd0f6"}],"interactionType":"gpml:Arrow"},{"networkType":"edge","gpmlType":"interaction","@type":["interaction"],"graphicalType":"path","markerEnd":"arrow","points":[{"x":1344.7444099453633,"y":923.2916937444339,"isAttachedTo":"c26a4","RelX":1,"anchor":[1,0.5,1,0],"RelY":0},{"x":1428.5252846174212,"y":830.5165234553639,"isAttachedTo":"cd0f6","RelX":0.5,"anchor":[0.75,1,0,1],"RelY":1}],"interactionGraph":[{"id":"c26a4","interactsWith":"cd0f6"}],"interactionType":"gpml:Arrow"},{"networkType":"edge","gpmlType":"interaction","@type":["interaction"],"graphicalType":"path","markerEnd":"arrow","points":[{"x":1034,"y":951},{"x":1368.5252846174212,"y":820.5165234553639,"isAttachedTo":"cd0f6","RelX":-1,"anchor":[0,0.5,-1,0],"RelY":0}]},{"networkType":"edge","gpmlType":"interaction","@type":["interaction"],"graphicalType":"path","markerEnd":"arrow","points":[{"x":771.2200640238766,"y":965.4126651743808,"isAttachedTo":"aa89e","RelX":1,"anchor":[1,0.5,1,0],"RelY":0},{"x":791.2200640238766,"y":965.4126651743808},{"x":791.2200640238766,"y":626.6666666666666},{"x":941.3333333333334,"y":626.6666666666666},{"x":941.3333333333334,"y":646.6666666666666}]},{"networkType":"edge","gpmlType":"interaction","@type":["interaction"],"graphicalType":"path","markerEnd":"arrow","points":[{"x":625.3333333333334,"y":886.6666666666666},{"x":679,"y":828}]},{"networkType":"edge","gpmlType":"interaction","@type":["interaction"],"graphicalType":"path","markerEnd":"arrow","points":[{"x":761.3333333333334,"y":818.6666666666666},{"x":761.3333333333334,"y":798.6666666666666},{"x":920.5762148891616,"y":798.6666666666666},{"x":920.5762148891616,"y":820.5165234553639},{"x":940.5762148891616,"y":820.5165234553639,"isAttachedTo":"a9625","RelX":-1,"anchor":[0,0.5,-1,0],"RelY":0}]},{"networkType":"edge","gpmlType":"interaction","@type":["interaction"],"graphicalType":"path","markerEnd":"arrow","points":[{"x":742.7958697378872,"y":499.5850963968517,"isAttachedTo":"daf20","RelX":0.5,"anchor":[0.75,1,0,1],"RelY":1},{"x":810.8436228849255,"y":500.3971405877681,"isAttachedTo":"acdbd","RelX":-1,"anchor":[0,0.5,-1,0],"RelY":0}],"interactionGraph":[{"id":"daf20","interactsWith":"acdbd"}],"interactionType":"gpml:Arrow"},{"networkType":"edge","gpmlType":"interaction","@type":["interaction"],"graphicalType":"path","markerEnd":"arrow","points":[{"x":986.9640647940887,"y":626.8690880207957,"isAttachedTo":"f0e27","RelX":0,"anchor":[0.5,0,0,-1],"RelY":-1},{"x":986.9640647940887,"y":510.3971405877681,"isAttachedTo":"d293f","RelX":0,"anchor":[0.5,1,0,1],"RelY":1}],"interactionGraph":[{"id":"f0e27","interactsWith":"d293f"}],"interactionType":"gpml:Arrow"},{"networkType":"edge","gpmlType":"interaction","@type":["interaction"],"graphicalType":"path","markerEnd":"arrow","points":[{"x":590.6666666666666,"y":501.3333333333333},{"x":682.6666666666666,"y":500}]},{"networkType":"edge","gpmlType":"interaction","@type":["interaction"],"graphicalType":"path","markerEnd":"arrow","points":[{"x":593.3333333333334,"y":681.3333333333334},{"x":678.6666666666666,"y":505.3333333333333}]},{"networkType":"edge","gpmlType":"interaction","@type":["interaction"],"graphicalType":"path","markerEnd":"arrow","points":[{"x":593.3333333333334,"y":306.6666666666667},{"x":680,"y":496}]},{"networkType":"edge","gpmlType":"interaction","@type":["interaction"],"graphicalType":"path","markerEnd":"arrow","points":[{"x":1026.6666666666667,"y":501.3333333333333},{"x":1158.6666666666667,"y":386.6666666666667}]},{"networkType":"edge","gpmlType":"interaction","@type":["interaction"],"graphicalType":"path","markerEnd":"arrow","points":[{"x":1165.3333333333333,"y":406.6666666666667},{"x":1165.9084891809277,"y":468.66401906274825,"isAttachedTo":"aa303","RelX":0,"anchor":[0.5,0,0,-1],"RelY":-1}]},{"networkType":"edge","gpmlType":"interaction","@type":["interaction"],"graphicalType":"path","markerEnd":"arrow","points":[{"x":890.6666666666666,"y":306.6666666666667},{"x":981.3333333333334,"y":306.6666666666667}]},{"networkType":"edge","gpmlType":"interaction","@type":["interaction"],"graphicalType":"path","markerEnd":"arrow","points":[{"x":457.3333333333333,"y":305.3333333333333},{"x":512.6271451609022,"y":306.6406720100128,"isAttachedTo":"f54c8","RelX":-1,"anchor":[0,0.5,-1,0],"RelY":0}]},{"networkType":"edge","gpmlType":"interaction","@type":["interaction"],"graphicalType":"path","markerEnd":"arrow","points":[{"x":458.6666666666667,"y":305.3333333333333},{"x":512.6271451609022,"y":200.4958240065468,"isAttachedTo":"f61a5","RelX":-1,"anchor":[0,0.5,-1,0],"RelY":0}]},{"networkType":"edge","gpmlType":"interaction","@type":["interaction"],"graphicalType":"path","markerEnd":"arrow","points":[{"x":456,"y":198.66666666666666},{"x":512.6271451609022,"y":306.6406720100128,"isAttachedTo":"f54c8","RelX":-1,"anchor":[0,0.5,-1,0],"RelY":0}]},{"networkType":"edge","gpmlType":"interaction","@type":["interaction"],"graphicalType":"path","markerEnd":"arrow","points":[{"x":285.6666666666667,"y":680,"isAttachedTo":"def41","RelX":1,"anchor":[1,0.5,1,0],"RelY":0},{"x":379.5248754422702,"y":680.3779093556695,"isAttachedTo":"a9caf","RelX":-1,"anchor":[0,0.5,-1,0],"RelY":0}],"interactionGraph":[{"id":"def41","interactsWith":"a9caf"}],"interactionType":"gpml:Arrow"},{"networkType":"edge","gpmlType":"interaction","@type":["interaction"],"graphicalType":"path","markerEnd":"arrow","points":[{"x":252,"y":421},{"x":379.5248754422702,"y":421.2097142994681,"isAttachedTo":"dfa90","RelX":-1,"anchor":[0,0.5,-1,0],"RelY":0}]},{"networkType":"edge","gpmlType":"interaction","@type":["interaction"],"graphicalType":"path","markerEnd":"arrow","points":[{"x":339,"y":250},{"x":377.3333333333333,"y":188.66666666666666}]},{"networkType":"edge","gpmlType":"interaction","@type":["interaction"],"graphicalType":"path","markerEnd":"arrow","points":[{"x":333,"y":297},{"x":378.6666666666667,"y":297.3333333333333}]},{"networkType":"edge","gpmlType":"interaction","@type":["interaction"],"graphicalType":"path","markerEnd":"arrow","points":[{"x":327.33333333333326,"y":818.3333333333335,"isAttachedTo":"b2839","RelX":1,"anchor":[1,0.5,1,0],"RelY":0},{"x":538.3239223048596,"y":818.7226514549786,"isAttachedTo":"c7391","RelX":-1,"anchor":[0,0.5,-1,0],"RelY":0}],"interactionGraph":[{"id":"b2839","interactsWith":"c7391"}],"interactionType":"gpml:Arrow"},{"networkType":"edge","gpmlType":"interaction","@type":["interaction"],"graphicalType":"path","markerEnd":"arrow","points":[{"x":304,"y":887},{"x":546.3239223048596,"y":886.2252388860809,"isAttachedTo":"a84c2","RelX":-1,"anchor":[0,0.5,-1,0],"RelY":0}]},{"networkType":"edge","gpmlType":"interaction","@type":["interaction"],"graphicalType":"path","markerEnd":"arrow","points":[{"x":277.3333333333333,"y":965.6666666666666,"isAttachedTo":"fc03e","RelX":1,"anchor":[1,0.5,1,0],"RelY":0},{"x":546.3239223048596,"y":965.4126651743808,"isAttachedTo":"f9805","RelX":-1,"anchor":[0,0.5,-1,0],"RelY":0}],"interactionGraph":[{"id":"fc03e","interactsWith":"f9805"}],"interactionType":"gpml:Arrow"},{"networkType":"edge","gpmlType":"interaction","@type":["interaction"],"graphicalType":"path","points":[{"x":1205.9084891809277,"y":478.66401906274825,"isAttachedTo":"aa303","RelX":1,"anchor":[1,0.5,1,0],"RelY":0},{"x":1479.3333333333333,"y":479.3333333333333}]},{"networkType":"edge","gpmlType":"interaction","@type":["interaction"],"graphicalType":"path","points":[{"x":1478.6666666666667,"y":478.6666666666667},{"x":1478.6666666666667,"y":414.6666666666667}]},{"networkType":"edge","gpmlType":"interaction","@type":["interaction"],"graphicalType":"path","points":[{"x":1448.6666666666667,"y":416},{"x":1478,"y":416}]},{"networkType":"edge","gpmlType":"interaction","@type":["interaction"],"graphicalType":"path","markerEnd":"arrow","points":[{"x":1478.6666666666667,"y":416},{"x":1478.333333333333,"y":222.66666666666666,"isAttachedTo":"e1b06","RelX":0,"anchor":[0.5,1,0,1],"RelY":1}]},{"networkType":"edge","gpmlType":"interaction","@type":["interaction"],"graphicalType":"path","points":[{"x":1214.6666666666667,"y":480.6666666666667},{"x":1214.6666666666667,"y":516.6666666666666}]},{"networkType":"node","nodeType":"DataNode","dataNodeType":"GeneProduct","@type":["DataNode","GeneProduct","datanode"],"gpmlType":"datanode","graphicalType":"path","datasourceReference":{"database":"Entrez Gene","id":"393287","organism":"Danio rerio"},"unificationXref":"http://identifiers.org/ensembl/ENSDARG00000011662"},{"networkType":"node","nodeType":"DataNode","dataNodeType":"GeneProduct","@type":["DataNode","GeneProduct","datanode"],"gpmlType":"datanode","graphicalType":"path","datasourceReference":{"database":"Entrez Gene","id":"554561","organism":"Danio rerio"},"unificationXref":"http://identifiers.org/ensembl/ENSDARG00000028058"},{"networkType":"node","nodeType":"DataNode","dataNodeType":"GeneProduct","@type":["DataNode","GeneProduct","datanode"],"gpmlType":"datanode","graphicalType":"path","datasourceReference":{"database":"Entrez Gene","id":"569226","organism":"Danio rerio"},"unificationXref":"http://identifiers.org/ensembl/ENSDARG00000025949"},{"networkType":"node","nodeType":"DataNode","dataNodeType":"GeneProduct","@type":["DataNode","GeneProduct","datanode"],"gpmlType":"datanode","graphicalType":"path","datasourceReference":{"database":"Entrez Gene","id":"393132","organism":"Danio rerio"},"unificationXref":"http://identifiers.org/ensembl/ENSDARG00000010657"},{"networkType":"node","nodeType":"DataNode","dataNodeType":"GeneProduct","@type":["DataNode","GeneProduct","datanode"],"gpmlType":"datanode","graphicalType":"path","datasourceReference":{"database":"Entrez Gene","id":"403145","organism":"Danio rerio"},"unificationXref":"http://identifiers.org/ensembl/ENSDARG00000010169"},{"networkType":"node","nodeType":"DataNode","dataNodeType":"GeneProduct","@type":["DataNode","GeneProduct","datanode"],"gpmlType":"datanode","graphicalType":"path","datasourceReference":{"database":"Entrez Gene","id":"403145","organism":"Danio rerio"},"unificationXref":"http://identifiers.org/ensembl/ENSDARG00000010169"},{"networkType":"node","nodeType":"DataNode","dataNodeType":"GeneProduct","@type":["DataNode","GeneProduct","datanode"],"gpmlType":"datanode","graphicalType":"path","datasourceReference":{"database":"Entrez Gene","id":"403145","organism":"Danio rerio"},"unificationXref":"http://identifiers.org/ensembl/ENSDARG00000010169"},{"networkType":"node","nodeType":"DataNode","dataNodeType":"GeneProduct","@type":["DataNode","GeneProduct","datanode"],"gpmlType":"datanode","graphicalType":"path","datasourceReference":{"database":"Entrez Gene","id":"554561","organism":"Danio rerio"},"unificationXref":"http://identifiers.org/ensembl/ENSDARG00000028058"},{"networkType":"node","nodeType":"DataNode","dataNodeType":"GeneProduct","@type":["DataNode","GeneProduct","datanode"],"gpmlType":"datanode","graphicalType":"path","datasourceReference":{"database":"Entrez Gene","id":"565756","organism":"Danio rerio"}},{"networkType":"node","nodeType":"DataNode","dataNodeType":"GeneProduct","@type":["DataNode","GeneProduct","datanode"],"gpmlType":"datanode","graphicalType":"path","datasourceReference":{"database":"Entrez Gene","id":"415100","organism":"Danio rerio"},"unificationXref":"http://identifiers.org/ensembl/ENSDARG00000038687"},{"networkType":"node","nodeType":"DataNode","dataNodeType":"GeneProduct","@type":["DataNode","GeneProduct","datanode"],"gpmlType":"datanode","graphicalType":"path","datasourceReference":{"database":"Entrez Gene","id":"415099","organism":"Danio rerio"},"unificationXref":"http://identifiers.org/ensembl/ENSDARG00000021907"},{"networkType":"node","nodeType":"DataNode","dataNodeType":"GeneProduct","@type":["DataNode","GeneProduct","datanode"],"gpmlType":"datanode","graphicalType":"path","datasourceReference":{"database":"Entrez Gene","id":"360144","organism":"Danio rerio"},"unificationXref":"http://identifiers.org/ensembl/ENSDARG00000027552"},{"networkType":"node","nodeType":"DataNode","dataNodeType":"GeneProduct","@type":["DataNode","GeneProduct","datanode"],"gpmlType":"datanode","graphicalType":"path","datasourceReference":{"database":"Entrez Gene","id":"399480","organism":"Danio rerio"},"unificationXref":"http://identifiers.org/ensembl/ENSDARG00000070573"},{"networkType":"node","nodeType":"DataNode","dataNodeType":"GeneProduct","@type":["DataNode","GeneProduct","datanode"],"gpmlType":"datanode","graphicalType":"path","datasourceReference":{"database":"Entrez Gene","id":"406728","organism":"Danio rerio"},"unificationXref":"http://identifiers.org/ensembl/ENSDARG00000007825"},{"networkType":"node","nodeType":"DataNode","dataNodeType":"GeneProduct","@type":["DataNode","GeneProduct","datanode"],"gpmlType":"datanode","graphicalType":"path","datasourceReference":{"database":"Entrez Gene","id":"100002225","organism":"Danio rerio"},"unificationXref":"http://identifiers.org/ensembl/ENSDARG00000068918"},{"networkType":"node","nodeType":"DataNode","dataNodeType":"GeneProduct","@type":["DataNode","GeneProduct","datanode"],"gpmlType":"datanode","graphicalType":"path","datasourceReference":{"database":"Entrez Gene","id":"563727","organism":"Danio rerio"},"unificationXref":"http://identifiers.org/ensembl/ENSDARG00000061710"},{"networkType":"node","nodeType":"DataNode","dataNodeType":"GeneProduct","@type":["DataNode","GeneProduct","datanode"],"gpmlType":"datanode","graphicalType":"path","datasourceReference":{"database":"Entrez Gene","id":"565756","organism":"Danio rerio"}},{"networkType":"node","nodeType":"DataNode","dataNodeType":"GeneProduct","@type":["DataNode","GeneProduct","datanode"],"gpmlType":"datanode","graphicalType":"path","datasourceReference":{"database":"Entrez Gene","id":"445119","organism":"Danio rerio"},"unificationXref":"http://identifiers.org/ensembl/ENSDARG00000022000"},{"networkType":"node","nodeType":"DataNode","dataNodeType":"GeneProduct","@type":["DataNode","GeneProduct","datanode"],"gpmlType":"datanode","graphicalType":"path","datasourceReference":{"database":"Entrez Gene","id":"567460","organism":"Danio rerio"},"unificationXref":"http://identifiers.org/ensembl/ENSDARG00000006677"},{"networkType":"node","nodeType":"DataNode","dataNodeType":"GeneProduct","@type":["DataNode","GeneProduct","datanode"],"gpmlType":"datanode","graphicalType":"path","datasourceReference":{"database":"Entrez Gene","id":"393650","organism":"Danio rerio"},"unificationXref":"http://identifiers.org/ensembl/ENSDARG00000045661"},{"networkType":"node","nodeType":"DataNode","dataNodeType":"GeneProduct","@type":["DataNode","GeneProduct","datanode"],"gpmlType":"datanode","graphicalType":"path","datasourceReference":{"database":"Entrez Gene","id":"405811","organism":"Danio rerio"},"unificationXref":"http://identifiers.org/ensembl/ENSDARG00000045681"},{"networkType":"node","nodeType":"DataNode","dataNodeType":"GeneProduct","@type":["DataNode","GeneProduct","datanode"],"gpmlType":"datanode","graphicalType":"path","datasourceReference":{"database":"Entrez Gene","id":"394198","organism":"Danio rerio"},"unificationXref":"http://identifiers.org/ensembl/ENSDARG00000031683"},{"networkType":"node","nodeType":"DataNode","dataNodeType":"GeneProduct","@type":["DataNode","GeneProduct","datanode"],"gpmlType":"datanode","graphicalType":"path","datasourceReference":{"database":"Entrez Gene","id":"335916","organism":"Danio rerio"},"unificationXref":"http://identifiers.org/ensembl/ENSDARG00000043531"},{"networkType":"node","nodeType":"DataNode","dataNodeType":"GeneProduct","@type":["DataNode","GeneProduct","datanode"],"gpmlType":"datanode","graphicalType":"path","datasourceReference":{"database":"Entrez Gene","id":"563560","organism":"Danio rerio"},"unificationXref":"http://identifiers.org/ensembl/ENSDARG00000079123"},{"networkType":"node","nodeType":"DataNode","dataNodeType":"GeneProduct","@type":["DataNode","GeneProduct","datanode"],"gpmlType":"datanode","graphicalType":"path","datasourceReference":{"database":"Entrez Gene","id":"553788","organism":"Danio rerio"},"unificationXref":"http://identifiers.org/ensembl/ENSDARG00000020469"},{"networkType":"node","nodeType":"DataNode","dataNodeType":"GeneProduct","@type":["DataNode","GeneProduct","datanode"],"gpmlType":"datanode","graphicalType":"path","datasourceReference":{"database":"Entrez Gene","id":"403129","organism":"Danio rerio"},"unificationXref":"http://identifiers.org/ensembl/ENSDARG00000075685"},{"networkType":"node","nodeType":"DataNode","dataNodeType":"GeneProduct","@type":["DataNode","GeneProduct","datanode"],"gpmlType":"datanode","graphicalType":"path","datasourceReference":{"database":"Entrez Gene","id":"403137","organism":"Danio rerio"},"unificationXref":"http://identifiers.org/ensembl/ENSDARG00000089151"},{"networkType":"node","nodeType":"DataNode","dataNodeType":"GeneProduct","@type":["DataNode","GeneProduct","datanode"],"gpmlType":"datanode","graphicalType":"path","datasourceReference":{"database":"Entrez Gene","id":"65237","organism":"Danio rerio"},"unificationXref":"http://identifiers.org/ensembl/ENSDARG00000000857"},{"networkType":"node","nodeType":"DataNode","dataNodeType":"GeneProduct","@type":["DataNode","GeneProduct","datanode"],"gpmlType":"datanode","graphicalType":"path","datasourceReference":{"database":"Entrez Gene","id":"415185","organism":"Danio rerio"},"unificationXref":"http://identifiers.org/ensembl/ENSDARG00000045836"},{"networkType":"node","nodeType":"DataNode","dataNodeType":"GeneProduct","@type":["DataNode","GeneProduct","datanode"],"gpmlType":"datanode","graphicalType":"path","datasourceReference":{"database":"Entrez Gene","id":"100002318","organism":"Danio rerio"},"unificationXref":"http://identifiers.org/ensembl/ENSDARG00000058470"},{"networkType":"node","nodeType":"DataNode","dataNodeType":"GeneProduct","@type":["DataNode","GeneProduct","datanode"],"gpmlType":"datanode","graphicalType":"path","datasourceReference":{"database":"Entrez Gene","id":"30681","organism":"Danio rerio"},"unificationXref":"http://identifiers.org/ensembl/ENSDARG00000042021"},{"networkType":"node","nodeType":"DataNode","dataNodeType":"GeneProduct","@type":["DataNode","GeneProduct","datanode"],"gpmlType":"datanode","graphicalType":"path","datasourceReference":{"database":"Entrez Gene","id":"569226","organism":"Danio rerio"},"unificationXref":"http://identifiers.org/ensembl/ENSDARG00000025949"},{"networkType":"node","nodeType":"DataNode","dataNodeType":"GeneProduct","@type":["DataNode","GeneProduct","datanode"],"gpmlType":"datanode","graphicalType":"path","datasourceReference":{"database":"Entrez Gene","id":"393287","organism":"Danio rerio"},"unificationXref":"http://identifiers.org/ensembl/ENSDARG00000011662"},{"networkType":"node","nodeType":"DataNode","dataNodeType":"GeneProduct","@type":["DataNode","GeneProduct","datanode"],"gpmlType":"datanode","graphicalType":"path","datasourceReference":{"database":"Entrez Gene","id":"445410","organism":"Danio rerio"},"unificationXref":"http://identifiers.org/ensembl/ENSDARG00000038878"},{"networkType":"node","nodeType":"DataNode","dataNodeType":"GeneProduct","@type":["DataNode","GeneProduct","datanode"],"gpmlType":"datanode","graphicalType":"path","datasourceReference":{"database":"Entrez Gene","id":"403148","organism":"Danio rerio"},"unificationXref":"http://identifiers.org/ensembl/ENSDARG00000074371"},{"networkType":"node","nodeType":"DataNode","dataNodeType":"GeneProduct","@type":["DataNode","GeneProduct","datanode"],"gpmlType":"datanode","graphicalType":"path","datasourceReference":{"database":"Entrez Gene","id":"403145","organism":"Danio rerio"},"unificationXref":"http://identifiers.org/ensembl/ENSDARG00000010169"},{"networkType":"node","nodeType":"DataNode","dataNodeType":"GeneProduct","@type":["DataNode","GeneProduct","datanode"],"gpmlType":"datanode","graphicalType":"path","datasourceReference":{"database":"Entrez Gene","id":"327204","organism":"Danio rerio"},"unificationXref":"http://identifiers.org/ensembl/ENSDARG00000074849"},{"networkType":"node","nodeType":"DataNode","dataNodeType":"GeneProduct","@type":["DataNode","GeneProduct","datanode"],"gpmlType":"datanode","graphicalType":"path","datasourceReference":{"database":"Entrez Gene","id":"562720","organism":"Danio rerio"},"unificationXref":"http://identifiers.org/ensembl/ENSDARG00000031888"},{"networkType":"node","nodeType":"DataNode","dataNodeType":"GeneProduct","@type":["DataNode","GeneProduct","datanode"],"gpmlType":"datanode","graphicalType":"path","datasourceReference":{"database":"Entrez Gene","id":"100149273","organism":"Danio rerio"},"unificationXref":"http://identifiers.org/ensembl/ENSDARG00000077364"},{"networkType":"node","nodeType":"DataNode","dataNodeType":"GeneProduct","@type":["DataNode","GeneProduct","datanode"],"gpmlType":"datanode","graphicalType":"path","datasourceReference":{"database":"Entrez Gene","id":"569698","organism":"Danio rerio"},"unificationXref":"http://identifiers.org/ensembl/ENSDARG00000025747"},{"networkType":"node","nodeType":"DataNode","dataNodeType":"GeneProduct","@type":["DataNode","GeneProduct","datanode"],"gpmlType":"datanode","graphicalType":"path","datasourceReference":{"database":"Entrez Gene","id":"405770","organism":"Danio rerio"},"unificationXref":"http://identifiers.org/ensembl/ENSDARG00000005419"},{"networkType":"node","nodeType":"DataNode","dataNodeType":"GeneProduct","@type":["DataNode","GeneProduct","datanode"],"gpmlType":"datanode","graphicalType":"path","datasourceReference":{"database":"Entrez Gene","id":"692289","organism":"Danio rerio"},"unificationXref":"http://identifiers.org/ensembl/ENSDARG00000063708"},{"networkType":"node","nodeType":"DataNode","dataNodeType":"GeneProduct","@type":["DataNode","GeneProduct","datanode"],"gpmlType":"datanode","graphicalType":"path","datasourceReference":{"database":"Entrez Gene","id":"554561","organism":"Danio rerio"},"unificationXref":"http://identifiers.org/ensembl/ENSDARG00000028058"},{"networkType":"node","nodeType":"DataNode","dataNodeType":"GeneProduct","@type":["DataNode","GeneProduct","datanode"],"gpmlType":"datanode","graphicalType":"path","datasourceReference":{"database":"Entrez Gene","id":"437024","organism":"Danio rerio"},"unificationXref":"http://identifiers.org/ensembl/ENSDARG00000070606"},{"networkType":"node","nodeType":"DataNode","dataNodeType":"GeneProduct","@type":["DataNode","GeneProduct","datanode"],"gpmlType":"datanode","graphicalType":"path","datasourceReference":{"database":"Entrez Gene","id":"100004036","organism":"Danio rerio"}},{"networkType":"node","nodeType":"DataNode","dataNodeType":"GeneProduct","@type":["DataNode","GeneProduct","datanode"],"gpmlType":"datanode","graphicalType":"path","datasourceReference":{"database":"Entrez Gene","id":"561737","organism":"Danio rerio"},"unificationXref":"http://identifiers.org/ensembl/ENSDARG00000075456"},{"networkType":"node","nodeType":"DataNode","dataNodeType":"GeneProduct","@type":["DataNode","GeneProduct","datanode"],"gpmlType":"datanode","graphicalType":"path","datasourceReference":{"database":"Entrez Gene","id":"100002263","organism":"Danio rerio"},"unificationXref":"http://identifiers.org/ensembl/ENSDARG00000075253"},{"networkType":"node","nodeType":"DataNode","dataNodeType":"GeneProduct","@type":["DataNode","GeneProduct","datanode"],"gpmlType":"datanode","graphicalType":"path","datasourceReference":{"database":"Entrez Gene","id":"394174","organism":"Danio rerio"},"unificationXref":"http://identifiers.org/ensembl/ENSDARG00000003250"},{"networkType":"node","nodeType":"DataNode","dataNodeType":"GeneProduct","@type":["DataNode","GeneProduct","datanode"],"gpmlType":"datanode","graphicalType":"path","datasourceReference":{"database":"Entrez Gene","id":"406598","organism":"Danio rerio"},"unificationXref":"http://identifiers.org/ensembl/ENSDARG00000017757"},{"networkType":"node","nodeType":"DataNode","dataNodeType":"GeneProduct","@type":["DataNode","GeneProduct","datanode"],"gpmlType":"datanode","graphicalType":"path","datasourceReference":{"database":"Entrez Gene","id":"557176","organism":"Danio rerio"},"unificationXref":"http://identifiers.org/ensembl/ENSDARG00000038524"},{"networkType":"node","nodeType":"DataNode","dataNodeType":"GeneProduct","@type":["DataNode","GeneProduct","datanode"],"gpmlType":"datanode","graphicalType":"path","datasourceReference":{"database":"Entrez Gene","id":"404211","organism":"Danio rerio"}},{"networkType":"node","nodeType":"DataNode","dataNodeType":"GeneProduct","@type":["DataNode","GeneProduct","datanode"],"gpmlType":"datanode","graphicalType":"path","datasourceReference":{"database":"Entrez Gene","id":"100000252","organism":"Danio rerio"},"unificationXref":"http://identifiers.org/ensembl/ENSDARG00000034409"},{"networkType":"node","nodeType":"DataNode","dataNodeType":"GeneProduct","@type":["DataNode","GeneProduct","datanode"],"gpmlType":"datanode","graphicalType":"path","datasourceReference":{"database":"Entrez Gene","id":"562317","organism":"Danio rerio"},"unificationXref":"http://identifiers.org/ensembl/ENSDARG00000068099"},{"networkType":"node","nodeType":"DataNode","dataNodeType":"GeneProduct","@type":["DataNode","GeneProduct","datanode"],"gpmlType":"datanode","graphicalType":"path","datasourceReference":{"database":"Entrez Gene","id":"403084","organism":"Danio rerio"},"unificationXref":"http://identifiers.org/ensembl/ENSDARG00000036613"},{"networkType":"node","nodeType":"DataNode","dataNodeType":"GeneProduct","@type":["DataNode","GeneProduct","datanode"],"gpmlType":"datanode","graphicalType":"path","datasourceReference":{"database":"Entrez Gene","id":"560549","organism":"Danio rerio"},"unificationXref":"http://identifiers.org/ensembl/ENSDARG00000063400"},{"networkType":"node","nodeType":"DataNode","dataNodeType":"GeneProduct","@type":["DataNode","GeneProduct","datanode"],"gpmlType":"datanode","graphicalType":"path","datasourceReference":{"database":"Entrez Gene","id":"792354","organism":"Danio rerio"}},{"networkType":"node","nodeType":"DataNode","dataNodeType":"GeneProduct","@type":["DataNode","GeneProduct","datanode"],"gpmlType":"datanode","graphicalType":"path","datasourceReference":{"database":"Entrez Gene","id":"378972","organism":"Danio rerio"},"unificationXref":"http://identifiers.org/ensembl/ENSDARG00000011219"},{"networkType":"node","nodeType":"DataNode","dataNodeType":"GeneProduct","@type":["DataNode","GeneProduct","datanode"],"gpmlType":"datanode","graphicalType":"path","datasourceReference":{"database":"Entrez Gene","id":"494163","organism":"Danio rerio"},"unificationXref":"http://identifiers.org/ensembl/ENSDARG00000021509"},{"networkType":"node","nodeType":"DataNode","dataNodeType":"GeneProduct","@type":["DataNode","GeneProduct","datanode"],"gpmlType":"datanode","graphicalType":"path","datasourceReference":{"database":"Entrez Gene","id":"30768","organism":"Danio rerio"},"unificationXref":"http://identifiers.org/ensembl/ENSDARG00000006266"},{"networkType":"node","nodeType":"DataNode","dataNodeType":"GeneProduct","@type":["DataNode","GeneProduct","datanode"],"gpmlType":"datanode","graphicalType":"path","datasourceReference":{"database":"Entrez Gene","id":"560913","organism":"Danio rerio"},"unificationXref":"http://identifiers.org/ensembl/ENSDARG00000008279"},{"networkType":"node","nodeType":"DataNode","dataNodeType":"GeneProduct","@type":["DataNode","GeneProduct","datanode"],"gpmlType":"datanode","graphicalType":"path","datasourceReference":{"database":"Entrez Gene","id":"568951","organism":"Danio rerio"},"unificationXref":"http://identifiers.org/ensembl/ENSDARG00000077177"},{"networkType":"node","nodeType":"DataNode","dataNodeType":"GeneProduct","@type":["DataNode","GeneProduct","datanode"],"gpmlType":"datanode","graphicalType":"path","datasourceReference":{"database":"Entrez Gene","id":"65239","organism":"Danio rerio"},"unificationXref":"http://identifiers.org/ensembl/ENSDARG00000005567"},{"networkType":"node","nodeType":"DataNode","dataNodeType":"GeneProduct","@type":["DataNode","GeneProduct","datanode"],"gpmlType":"datanode","graphicalType":"path","datasourceReference":{"database":"Entrez Gene","id":"564854","organism":"Danio rerio"},"unificationXref":"http://identifiers.org/ensembl/ENSDARG00000076251"},{"networkType":"node","nodeType":"DataNode","dataNodeType":"GeneProduct","@type":["DataNode","GeneProduct","datanode"],"gpmlType":"datanode","graphicalType":"path","datasourceReference":{"database":"Entrez Gene","id":"403126","organism":"Danio rerio"},"unificationXref":"http://identifiers.org/ensembl/ENSDARG00000016065"},{"networkType":"node","nodeType":"DataNode","dataNodeType":"GeneProduct","@type":["DataNode","GeneProduct","datanode"],"gpmlType":"datanode","graphicalType":"path","datasourceReference":{"database":"Entrez Gene","id":"403125","organism":"Danio rerio"},"unificationXref":"http://identifiers.org/ensembl/ENSDARG00000037758"},{"networkType":"node","nodeType":"DataNode","dataNodeType":"GeneProduct","@type":["DataNode","GeneProduct","datanode"],"gpmlType":"datanode","graphicalType":"path","datasourceReference":{"database":"Entrez Gene","id":"403127","organism":"Danio rerio"},"unificationXref":"http://identifiers.org/ensembl/ENSDARG00000043032"},{"networkType":"node","nodeType":"DataNode","dataNodeType":"GeneProduct","@type":["DataNode","GeneProduct","datanode"],"gpmlType":"datanode","graphicalType":"path","datasourceReference":{"database":"Entrez Gene","id":"403127","organism":"Danio rerio"},"unificationXref":"http://identifiers.org/ensembl/ENSDARG00000043032"},{"networkType":"node","nodeType":"DataNode","dataNodeType":"GeneProduct","@type":["DataNode","GeneProduct","datanode"],"gpmlType":"datanode","graphicalType":"path","datasourceReference":{"database":"Entrez Gene","id":"403125","organism":"Danio rerio"},"unificationXref":"http://identifiers.org/ensembl/ENSDARG00000037758"},{"networkType":"node","nodeType":"DataNode","dataNodeType":"GeneProduct","@type":["DataNode","GeneProduct","datanode"],"gpmlType":"datanode","graphicalType":"path","datasourceReference":{"database":"Entrez Gene","id":"403128","organism":"Danio rerio"},"unificationXref":"http://identifiers.org/ensembl/ENSDARG00000044490"},{"networkType":"node","nodeType":"DataNode","dataNodeType":"GeneProduct","@type":["DataNode","GeneProduct","datanode"],"gpmlType":"datanode","graphicalType":"path","datasourceReference":{"database":"Entrez Gene","id":"336876","organism":"Danio rerio"},"unificationXref":"http://identifiers.org/ensembl/ENSDARG00000086747"},{"networkType":"node","nodeType":"DataNode","dataNodeType":"GeneProduct","@type":["DataNode","GeneProduct","datanode"],"gpmlType":"datanode","graphicalType":"path","datasourceReference":{"database":"Entrez Gene","id":"403148","organism":"Danio rerio"},"unificationXref":"http://identifiers.org/ensembl/ENSDARG00000074371"},{"networkType":"node","nodeType":"DataNode","dataNodeType":"GeneProduct","@type":["DataNode","GeneProduct","datanode"],"gpmlType":"datanode","graphicalType":"path","datasourceReference":{"database":"Entrez Gene","id":"403147","organism":"Danio rerio"},"unificationXref":"http://identifiers.org/ensembl/ENSDARG00000042714"},{"networkType":"node","nodeType":"DataNode","dataNodeType":"GeneProduct","@type":["DataNode","GeneProduct","datanode"],"gpmlType":"datanode","graphicalType":"path","datasourceReference":{"database":"Entrez Gene","id":"541530","organism":"Danio rerio"},"unificationXref":"http://identifiers.org/ensembl/ENSDARG00000017037"},{"networkType":"node","nodeType":"DataNode","dataNodeType":"GeneProduct","@type":["DataNode","GeneProduct","datanode"],"gpmlType":"datanode","graphicalType":"path","datasourceReference":{"database":"Entrez Gene","id":"393132","organism":"Danio rerio"},"unificationXref":"http://identifiers.org/ensembl/ENSDARG00000010657"},{"networkType":"edge","gpmlType":"interaction","@type":["interaction"],"graphicalType":"path","markerEnd":"arrow","points":[{"x":1020.5762148891616,"y":820.5165234553639,"isAttachedTo":"a9625","RelX":1,"anchor":[1,0.5,1,0],"RelY":0},{"x":1078.7330011793872,"y":771.6561965966255,"isAttachedTo":"bcadb","RelX":-1,"anchor":[0,0.5,-1,0],"RelY":0}],"interactionGraph":[{"id":"a9625","interactsWith":"bcadb"}],"interactionType":"gpml:Arrow"}],"xmlns":"http://pathvisio.org/GPML/2013a","name":"Toll-like receptor signaling pathway","organism":"Danio rerio","image":{"@context":{"@vocab":"http://schema.org/"},"width":2196,"height":1242.7812838472091},"id":"wpId:WP1384","revision":"68667"}}