{"@context":{"@vocab":"http://vocabularies.wikipathways.org/gpml#","@base":"wpId:WP1423","pathwayIri":"wpId:WP1423","ChEBI":"http://www.ebi.ac.uk/chebi/searchId.do?chebiId=","dataSource":"gpml:Data-Source","datasourceReference":"wp:DatasourceReference","Group":{"@container":"@list","@id":"gpml:Group"},"interaction":{"@id":"biopax:Interaction","@type":"@id"},"interactionType":{"@id":"biopax:InteractionType","@type":"@id"},"interactionGraph":{"@container":"@list","@type":"@id"},"lastModified":"gpml:Last-Modified","pathway":"biopax:Pathway","point":{"@container":"@list","@id":"gpml:Point"},"publicationXref":"biopax:PublicationXref","unificationXref":"biopax:UnificationXref","author":"schema:author","backgroundColor":"css2:colors.html#propdef-background-color","backgroundImage":"css2:colors.html#propdef-background-image","biopax":"http://www.biopax.org/release/biopax-level3.owl#","borderColor":"css2:box.html#propdef-border-color","borderStyle":"css2:box.html#propdef-border-style","borderWidth":"css2:box.html#propdef-border-width","boxSizing":{"@id":"css3Ui:box-sizing","@value":"border-box"},"color":"css2:colors.html#propdef-color","contains":{"@id":"ex:contains","@type":"@id"},"css2":"http://www.w3.org/TR/CSS2/","css3Ui":"http://www.w3.org/TR/css3-ui/#","cssTransform":"http://www.w3.org/TR/css-transforms-1/#","gpmlDataNodeType":"gpml:Type","dcterms":"http://puri.org/dc/terms/","entrezGene":"http://www.ncbi.nlm.nih.gov/gene/","ex":"http://www.example.org/","fontFamily":"css2:fonts.html#font-family-prop","fontSize":"css2:fonts.html#propdef-font-size","fontStyle":"css2:fonts.html#propdef-font-style","fontWeight":"css2:fonts.html#propdef-font-weight","gpml":"http://vocabularies.wikipathways.org/gpml#","gpmlFolder":"file://Users/andersriutta/Sites/pathvisiojs/test/gpml/","hMDB":"http://www.hmdb.ca/metabolites/HMDB","height":"css2:visudet.html#propdef-height","id":"@id","image":"schema:image","interactsWith":{"@id":"ex:interactsWith","@type":"@id"},"isContainedBy":{"@reverse":"ex:contains","@type":"@id"},"media":"http://www.w3.org/TR/mediaont-10/","name":"http://xmlns.com/foaf/0.1/name","organism":"biopax:organism","padding":"css2:box.html#propdef-padding","elements":{"@container":"@list","@id":"ex:pathwayElements/"},"position":"css2:visuren.html#propdef-position","rotate":"cssTransform:funcdef-rotate","schema":"http://schema.org/","shapeLibrary":"http://shapelibrary.example.org/","shape":"shapeLibrary:shape","stroke":"svg:painting.html#StrokeProperty","strokeWidth":"svg:painting.html#StrokeWidthProperty","svg":"http://www.w3.org/TR/SVG11/","textAlign":"css2:text.html#propdef-text-align","verticalAlign":"css2:visudet.html#propdef-vertical-align","width":"css2:visudet.html#propdef-width","wp":"http://vocabularies.wikipathways.org/wp#","wpId":"http://identifiers.org/wikipathways/","x":{"@id":"css2:visuren.html#propdef-left","@type":"xsd:integer"},"xsd":"http://www.w3.org/2001/XMLSchema#","y":"css2:visuren.html#propdef-top","zIndex":{"@id":"css2:z-index","@type":"xsd:integer"}},"wpId:WP1423":{"elements":[{"networkType":"node","nodeType":"DataNode","dataNodeType":"Metabolite","@type":["DataNode","Metabolite","datanode"],"gpmlType":"datanode","graphicalType":"path"},{"networkType":"node","nodeType":"DataNode","dataNodeType":"Metabolite","@type":["DataNode","Metabolite","datanode"],"gpmlType":"datanode","graphicalType":"path","datasourceReference":{"database":"HMDB","id":"HMDB04928 ","organism":"Homo sapiens"}},{"networkType":"node","nodeType":"Label","@type":["label"],"gpmlType":"label","graphicalType":"path"},{"networkType":"node","nodeType":"Label","@type":["label"],"gpmlType":"label","graphicalType":"path"},{"networkType":"node","nodeType":"Label","@type":["label"],"gpmlType":"label","graphicalType":"path"},{"networkType":"node","nodeType":"Label","@type":["label"],"gpmlType":"label","graphicalType":"path"},{"networkType":"node","nodeType":"Label","@type":["label"],"gpmlType":"label","graphicalType":"path"},{"networkType":"node","nodeType":"Label","@type":["label"],"gpmlType":"label","graphicalType":"path"},{"networkType":"node","nodeType":"Label","@type":["label"],"gpmlType":"label","graphicalType":"path"},{"networkType":"node","nodeType":"Label","@type":["label"],"gpmlType":"label","graphicalType":"path"},{"networkType":"node","nodeType":"Label","@type":["label"],"gpmlType":"label","graphicalType":"path"},{"networkType":"node","nodeType":"Label","@type":["label"],"gpmlType":"label","graphicalType":"path"},{"networkType":"node","nodeType":"Label","@type":["label"],"gpmlType":"label","graphicalType":"path"},{"networkType":"node","nodeType":"Label","@type":["label"],"gpmlType":"label","graphicalType":"path"},{"networkType":"node","nodeType":"Label","@type":["label"],"gpmlType":"label","graphicalType":"path"},{"networkType":"node","nodeType":"Label","@type":["label"],"gpmlType":"label","graphicalType":"path"},{"networkType":"node","nodeType":"Label","@type":["label"],"gpmlType":"label","graphicalType":"path"},{"networkType":"node","nodeType":"Label","@type":["label"],"gpmlType":"label","graphicalType":"path"},{"networkType":"edge","gpmlType":"interaction","@type":["interaction"],"graphicalType":"path","markerEnd":"arrow","points":[{"x":503.98333333333335,"y":156.98333333333332,"isAttachedTo":"e5fdd","RelX":1,"anchor":[1,0.5,1,0],"RelY":0},{"x":772.9833333333333,"y":156.98333333333332,"isAttachedTo":"b1a7b","RelX":-1,"anchor":[0,0.5,-1,0],"RelY":0}],"interactionGraph":[{"id":"e5fdd","interactsWith":"b1a7b"}],"interactionType":"gpml:Arrow"},{"networkType":"edge","gpmlType":"interaction","@type":["interaction"],"graphicalType":"path","markerEnd":"arrow","points":[{"x":812.9833333333333,"y":156.98333333333332,"isAttachedTo":"b1a7b","RelX":1,"anchor":[1,0.5,1,0],"RelY":0},{"x":1034.9833333333333,"y":162.98333333333332,"isAttachedTo":"a6589","RelX":-1,"anchor":[0,0.5,-1,0],"RelY":0}],"interactionGraph":[{"id":"b1a7b","interactsWith":"a6589"}],"interactionType":"gpml:Arrow"},{"networkType":"edge","gpmlType":"interaction","@type":["interaction"],"graphicalType":"path","markerEnd":"arrow","points":[{"x":1054.9833333333333,"y":142.98333333333332,"isAttachedTo":"a6589","RelX":0,"anchor":[0.5,0,0,-1],"RelY":-1},{"x":1055.6666666666667,"y":91.16666666666667,"isAttachedTo":"b1b70","RelX":0,"anchor":[0.5,1,0,1],"RelY":1}],"interactionGraph":[{"id":"a6589","interactsWith":"b1b70"}],"interactionType":"gpml:Arrow"},{"networkType":"edge","gpmlType":"interaction","@type":["interaction"],"graphicalType":"path","markerEnd":"arrow","points":[{"x":1074.9833333333333,"y":162.98333333333332},{"x":1314.9833333333333,"y":164.98333333333332,"isAttachedTo":"fc8f5","RelX":-1,"anchor":[0,0.5,-1,0],"RelY":0}]},{"networkType":"edge","gpmlType":"interaction","@type":["interaction"],"graphicalType":"path","markerEnd":"arrow","points":[{"x":483.98333333333335,"y":176.98333333333332,"isAttachedTo":"e5fdd","RelX":0,"anchor":[0.5,1,0,1],"RelY":1},{"x":484.31666666666666,"y":222.64999999999998,"isAttachedTo":"ae23e","RelX":0,"anchor":[0.5,0,0,-1],"RelY":-1}],"interactionGraph":[{"id":"e5fdd","interactsWith":"ae23e"}],"interactionType":"gpml:Arrow"},{"networkType":"edge","gpmlType":"interaction","@type":["interaction"],"graphicalType":"path","markerEnd":"arrow","points":[{"x":793,"y":180},{"x":794,"y":220}]},{"networkType":"edge","gpmlType":"interaction","@type":["interaction"],"graphicalType":"path","markerEnd":"arrow","points":[{"x":1054.3333333333333,"y":189},{"x":1053.6666666666667,"y":230}]},{"networkType":"edge","gpmlType":"interaction","@type":["interaction"],"graphicalType":"path","markerEnd":"arrow","points":[{"x":1337.3333333333333,"y":190},{"x":1336.6666666666667,"y":232}]},{"networkType":"edge","gpmlType":"interaction","@type":["interaction"],"graphicalType":"path","markerEnd":"arrow","points":[{"x":464.31666666666666,"y":242.64999999999998,"isAttachedTo":"ae23e","RelX":-1,"anchor":[0,0.5,-1,0],"RelY":0},{"x":345.16666666666663,"y":239}]},{"networkType":"edge","gpmlType":"interaction","@type":["interaction"],"graphicalType":"path","markerEnd":"arrow","points":[{"x":484.31666666666666,"y":262.65,"isAttachedTo":"ae23e","RelX":0,"anchor":[0.5,1,0,1],"RelY":1},{"x":483.31666666666666,"y":306.31666666666666,"isAttachedTo":"cd2f0","RelX":0,"anchor":[0.5,0,0,-1],"RelY":-1}],"interactionGraph":[{"id":"ae23e","interactsWith":"cd2f0"}],"interactionType":"gpml:Arrow"},{"networkType":"edge","gpmlType":"interaction","@type":["interaction"],"graphicalType":"path","markerEnd":"arrow","points":[{"x":796.3333333333334,"y":266},{"x":795.6666666666666,"y":304}]},{"networkType":"edge","gpmlType":"interaction","@type":["interaction"],"graphicalType":"path","markerEnd":"arrow","points":[{"x":1054.6666666666667,"y":271.6666666666667},{"x":1054,"y":309}]},{"networkType":"edge","gpmlType":"interaction","@type":["interaction"],"graphicalType":"path","markerEnd":"arrow","points":[{"x":1334,"y":274.6666666666667},{"x":1335.65,"y":312.65,"isAttachedTo":"eace2","RelX":0,"anchor":[0.5,0,0,-1],"RelY":-1}]},{"networkType":"edge","gpmlType":"interaction","@type":["interaction"],"graphicalType":"path","markerEnd":"arrow","points":[{"x":484,"y":348},{"x":484,"y":415}]},{"networkType":"edge","gpmlType":"interaction","@type":["interaction"],"graphicalType":"path","markerEnd":"arrow","points":[{"x":795,"y":348},{"x":795.6666666666666,"y":410.3333333333333}]},{"networkType":"edge","gpmlType":"interaction","@type":["interaction"],"graphicalType":"path","markerEnd":"arrow","points":[{"x":1335,"y":357},{"x":1336.6666666666667,"y":417.3333333333333}]},{"networkType":"edge","gpmlType":"interaction","@type":["interaction"],"graphicalType":"path","markerEnd":"arrow","points":[{"x":328,"y":445.5,"isAttachedTo":"a86ea","RelX":0,"anchor":[0.5,1,0,1],"RelY":1},{"x":331.33333333333326,"y":539.8333333333334,"isAttachedTo":"c8c91","RelX":0,"anchor":[0.5,0,0,-1],"RelY":-1}],"interactionGraph":[{"id":"a86ea","interactsWith":"c8c91"}],"interactionType":"gpml:Arrow"},{"networkType":"edge","gpmlType":"interaction","@type":["interaction"],"graphicalType":"path","markerEnd":"arrow","points":[{"x":330,"y":560},{"x":330,"y":601}]},{"networkType":"edge","gpmlType":"interaction","@type":["interaction"],"graphicalType":"path","markerEnd":"arrow","points":[{"x":485,"y":463},{"x":485,"y":503}]},{"networkType":"edge","gpmlType":"interaction","@type":["interaction"],"graphicalType":"path","markerEnd":"arrow","points":[{"x":795.65,"y":449.31666666666666,"isAttachedTo":"b1447","RelX":0,"anchor":[0.5,1,0,1],"RelY":1},{"x":795.9833333333333,"y":522.65,"isAttachedTo":"e1a59","RelX":0,"anchor":[0.5,0,0,-1],"RelY":-1}],"interactionGraph":[{"id":"b1447","interactsWith":"e1a59"}],"interactionType":"gpml:Arrow"},{"networkType":"edge","gpmlType":"interaction","@type":["interaction"],"graphicalType":"path","markerEnd":"arrow","points":[{"x":1054.3333333333333,"y":458},{"x":1055.6666666666667,"y":507.3333333333333}]},{"networkType":"edge","gpmlType":"interaction","@type":["interaction"],"graphicalType":"path","markerEnd":"arrow","points":[{"x":1335,"y":466},{"x":1336,"y":505.3333333333333}]},{"networkType":"edge","gpmlType":"interaction","@type":["interaction"],"graphicalType":"path","points":[{"x":775.65,"y":429.31666666666666,"isAttachedTo":"b1447","RelX":-1,"anchor":[0,0.5,-1,0],"RelY":0},{"x":728.6666666666666,"y":428}]},{"networkType":"edge","gpmlType":"interaction","@type":["interaction"],"graphicalType":"path","points":[{"x":728,"y":429},{"x":728.6666666666666,"y":552.3333333333334}]},{"networkType":"edge","gpmlType":"interaction","@type":["interaction"],"graphicalType":"path","markerEnd":"arrow","points":[{"x":728,"y":551},{"x":359.4999999999999,"y":549.3333333333334,"isAttachedTo":"c8c91","RelX":1,"anchor":[1,0.5,1,0],"RelY":0}]},{"networkType":"edge","gpmlType":"interaction","@type":["interaction"],"graphicalType":"path","points":[{"x":1073.3166666666666,"y":436.65,"isAttachedTo":"c0235","RelX":1,"anchor":[1,0.5,1,0],"RelY":0},{"x":1133,"y":438}]},{"networkType":"edge","gpmlType":"interaction","@type":["interaction"],"graphicalType":"path","points":[{"x":1133,"y":439},{"x":1133,"y":614}]},{"networkType":"edge","gpmlType":"interaction","@type":["interaction"],"graphicalType":"path","markerEnd":"arrow","points":[{"x":1133,"y":615},{"x":360.33333333333326,"y":613.3333333333334,"isAttachedTo":"cf424","RelX":1,"anchor":[1,0.5,1,0],"RelY":0}]},{"networkType":"edge","gpmlType":"interaction","@type":["interaction"],"graphicalType":"path","markerEnd":"arrow","points":[{"x":1335.3333333333333,"y":141.33333333333334},{"x":1335.6666666666665,"y":89.16666666666667,"isAttachedTo":"f9f3d","RelX":0,"anchor":[0.5,1,0,1],"RelY":1}]},{"networkType":"edge","gpmlType":"interaction","@type":["interaction"],"graphicalType":"path","markerEnd":"arrow","points":[{"x":503.31666666666666,"y":438.65,"isAttachedTo":"b674a","RelX":1,"anchor":[1,0.5,1,0],"RelY":0},{"x":617.6666666666667,"y":437,"isAttachedTo":"cfdf2","RelX":-1,"anchor":[0,0.5,-1,0],"RelY":0}],"interactionGraph":[{"id":"b674a","interactsWith":"cfdf2"}],"interactionType":"gpml:Arrow"},{"networkType":"edge","gpmlType":"interaction","@type":["interaction"],"graphicalType":"path","markerEnd":"arrow","points":[{"x":463.31666666666666,"y":438.65,"isAttachedTo":"b674a","RelX":-1,"anchor":[0,0.5,-1,0],"RelY":0},{"x":352.66666666666663,"y":436,"isAttachedTo":"a86ea","RelX":1,"anchor":[1,0.5,1,0],"RelY":0}],"interactionGraph":[{"id":"b674a","interactsWith":"a86ea"}],"interactionType":"gpml:Arrow"},{"networkType":"edge","gpmlType":"interaction","@type":["interaction"],"graphicalType":"path","markerEnd":"arrow","points":[{"x":1054.6666666666667,"y":350.6666666666667},{"x":1054,"y":414}]},{"networkType":"edge","gpmlType":"interaction","@type":["interaction"],"graphicalType":"path","markerEnd":"arrow","points":[{"x":813.9833333333333,"y":325.98333333333335,"isAttachedTo":"b1362","RelX":1,"anchor":[1,0.5,1,0],"RelY":0},{"x":930.6666666666667,"y":324,"isAttachedTo":"d8478","RelX":-1,"anchor":[0,0.5,-1,0],"RelY":0}],"interactionGraph":[{"id":"b1362","interactsWith":"d8478"}],"interactionType":"gpml:Arrow"},{"networkType":"edge","gpmlType":"interaction","@type":["interaction"],"graphicalType":"path","markerEnd":"arrow","points":[{"x":320,"y":229.5,"isAttachedTo":"f4d3e","RelX":0,"anchor":[0.5,0,0,-1],"RelY":-1},{"x":321.66666666666663,"y":181.83333333333334,"isAttachedTo":"e2332","RelX":0,"anchor":[0.5,1,0,1],"RelY":1}],"interactionGraph":[{"id":"f4d3e","interactsWith":"e2332"}],"interactionType":"gpml:Arrow"},{"networkType":"edge","gpmlType":"interaction","@type":["interaction"],"graphicalType":"path","markerEnd":"arrow","points":[{"x":321.66666666666663,"y":162.83333333333334,"isAttachedTo":"e2332","RelX":0,"anchor":[0.5,0,0,-1],"RelY":-1},{"x":319.66666666666663,"y":115.16666666666667,"isAttachedTo":"f2aa0","RelX":0,"anchor":[0.5,1,0,1],"RelY":1}],"interactionGraph":[{"id":"e2332","interactsWith":"f2aa0"}],"interactionType":"gpml:Arrow"},{"networkType":"edge","gpmlType":"interaction","@type":["interaction"],"graphicalType":"path","markerEnd":"arrow","points":[{"x":661.8333333333334,"y":446.5,"isAttachedTo":"cfdf2","RelX":0,"anchor":[0.5,1,0,1],"RelY":1},{"x":660.3333333333335,"y":503.83333333333337,"isAttachedTo":"c3da5","RelX":0,"anchor":[0.5,0,0,-1],"RelY":-1}],"interactionGraph":[{"id":"cfdf2","interactsWith":"c3da5"}],"interactionType":"gpml:Arrow"},{"networkType":"edge","gpmlType":"interaction","@type":["interaction"],"graphicalType":"path","markerEnd":"arrow","points":[{"x":773.9833333333333,"y":325.98333333333335,"isAttachedTo":"b1362","RelX":-1,"anchor":[0,0.5,-1,0],"RelY":0},{"x":634.1666666666667,"y":325,"isAttachedTo":"b7f40","RelX":1,"anchor":[1,0.5,1,0],"RelY":0}],"interactionGraph":[{"id":"b1362","interactsWith":"b7f40"}],"interactionType":"gpml:Arrow"},{"networkType":"edge","gpmlType":"interaction","@type":["interaction"],"graphicalType":"path","points":[{"x":749.7243660418964,"y":323.04299889746414},{"x":749.6666666666666,"y":257.3333333333333}]},{"networkType":"edge","gpmlType":"interaction","@type":["interaction"],"graphicalType":"path","markerEnd":"arrow","points":[{"x":749.6666666666666,"y":257.3333333333333},{"x":640.3333333333335,"y":257.3333333333333,"isAttachedTo":"ae25f","RelX":1,"anchor":[1,0.5,1,0],"RelY":0}]},{"networkType":"edge","gpmlType":"interaction","@type":["interaction"],"graphicalType":"path","markerEnd":"arrow","points":[{"x":1074.65,"y":328.98333333333335,"isAttachedTo":"d7021","RelX":1,"anchor":[1,0.5,1,0],"RelY":0},{"x":1230.8333333333335,"y":326,"isAttachedTo":"ee8e3","RelX":-1,"anchor":[0,0.5,-1,0],"RelY":0}],"interactionGraph":[{"id":"d7021","interactsWith":"ee8e3"}],"interactionType":"gpml:Arrow"},{"networkType":"edge","gpmlType":"interaction","@type":["interaction"],"graphicalType":"path","points":[{"x":1111.3333333333333,"y":327},{"x":1111.3333333333333,"y":260.3333333333333}]},{"networkType":"edge","gpmlType":"interaction","@type":["interaction"],"graphicalType":"path","markerEnd":"arrow","points":[{"x":1111.3333333333333,"y":260.3333333333333},{"x":1228.1666666666665,"y":259.3333333333333,"isAttachedTo":"f4fd9","RelX":-1,"anchor":[0,0.5,-1,0],"RelY":0}]},{"networkType":"edge","gpmlType":"interaction","@type":["interaction"],"graphicalType":"path","markerEnd":"arrow","points":[{"x":815.65,"y":429.31666666666666,"isAttachedTo":"b1447","RelX":1,"anchor":[1,0.5,1,0],"RelY":0},{"x":932,"y":430.6666666666667}]},{"networkType":"node","nodeType":"DataNode","dataNodeType":"Metabolite","@type":["DataNode","Metabolite","datanode"],"gpmlType":"datanode","graphicalType":"path"},{"networkType":"node","nodeType":"DataNode","dataNodeType":"GeneProduct","@type":["DataNode","GeneProduct","datanode"],"gpmlType":"datanode","graphicalType":"path","datasourceReference":{"database":"Entrez Gene","id":"30815","organism":"Homo sapiens"},"unificationXref":"http://identifiers.org/ensembl/ENSG00000160408"},{"networkType":"node","nodeType":"DataNode","dataNodeType":"GeneProduct","@type":["DataNode","GeneProduct","datanode"],"gpmlType":"datanode","graphicalType":"path","datasourceReference":{"database":"Affy","id":"206258_at","organism":"Homo sapiens"},"unificationXref":"http://identifiers.org/ensembl/ENSG00000101638"},{"networkType":"node","nodeType":"DataNode","dataNodeType":"GeneProduct","@type":["DataNode","GeneProduct","datanode"],"gpmlType":"datanode","graphicalType":"path","datasourceReference":{"database":"Affy","id":"206258_at","organism":"Homo sapiens"},"unificationXref":"http://identifiers.org/ensembl/ENSG00000101638"},{"networkType":"node","nodeType":"DataNode","dataNodeType":"GeneProduct","@type":["DataNode","GeneProduct","datanode"],"gpmlType":"datanode","graphicalType":"path","datasourceReference":{"database":"Affy","id":"206258_at","organism":"Homo sapiens"},"unificationXref":"http://identifiers.org/ensembl/ENSG00000101638"},{"networkType":"node","nodeType":"DataNode","dataNodeType":"GeneProduct","@type":["DataNode","GeneProduct","datanode"],"gpmlType":"datanode","graphicalType":"path","datasourceReference":{"database":"Entrez Gene","id":"8869","organism":"Homo sapiens"},"unificationXref":"http://identifiers.org/ensembl/ENSG00000115525"},{"networkType":"node","nodeType":"DataNode","dataNodeType":"GeneProduct","@type":["DataNode","GeneProduct","datanode"],"gpmlType":"datanode","graphicalType":"path","datasourceReference":{"database":"Entrez Gene","id":"29906","organism":"Homo sapiens"},"unificationXref":"http://identifiers.org/ensembl/ENSG00000101638"},{"networkType":"node","nodeType":"DataNode","dataNodeType":"GeneProduct","@type":["DataNode","GeneProduct","datanode"],"gpmlType":"datanode","graphicalType":"path","datasourceReference":{"database":"Entrez Gene","id":"2583","organism":"Homo sapiens"},"unificationXref":"http://identifiers.org/ensembl/ENSG00000135454"},{"networkType":"node","nodeType":"DataNode","dataNodeType":"GeneProduct","@type":["DataNode","GeneProduct","datanode"],"gpmlType":"datanode","graphicalType":"path","datasourceReference":{"database":"Entrez Gene","id":"6489","organism":"Homo sapiens"},"unificationXref":"http://identifiers.org/ensembl/ENSG00000111728"},{"networkType":"node","nodeType":"DataNode","dataNodeType":"GeneProduct","@type":["DataNode","GeneProduct","datanode"],"gpmlType":"datanode","graphicalType":"path","datasourceReference":{"database":"Affy","id":"205346_at","organism":"Homo sapiens"},"unificationXref":"http://identifiers.org/ensembl/ENSG00000157350"},{"networkType":"node","nodeType":"DataNode","dataNodeType":"GeneProduct","@type":["DataNode","GeneProduct","datanode"],"gpmlType":"datanode","graphicalType":"path","datasourceReference":{"database":"Affy","id":"205346_at","organism":"Homo sapiens"},"unificationXref":"http://identifiers.org/ensembl/ENSG00000157350"},{"networkType":"node","nodeType":"DataNode","dataNodeType":"GeneProduct","@type":["DataNode","GeneProduct","datanode"],"gpmlType":"datanode","graphicalType":"path","datasourceReference":{"database":"Affy","id":"205346_at","organism":"Homo sapiens"},"unificationXref":"http://identifiers.org/ensembl/ENSG00000157350"},{"networkType":"node","nodeType":"DataNode","dataNodeType":"GeneProduct","@type":["DataNode","GeneProduct","datanode"],"gpmlType":"datanode","graphicalType":"path","datasourceReference":{"database":"Affy","id":"206258_at","organism":"Homo sapiens"},"unificationXref":"http://identifiers.org/ensembl/ENSG00000101638"},{"networkType":"node","nodeType":"DataNode","dataNodeType":"GeneProduct","@type":["DataNode","GeneProduct","datanode"],"gpmlType":"datanode","graphicalType":"path","datasourceReference":{"database":"Affy","id":"205346_at","organism":"Homo sapiens"},"unificationXref":"http://identifiers.org/ensembl/ENSG00000157350"},{"networkType":"node","nodeType":"DataNode","dataNodeType":"GeneProduct","@type":["DataNode","GeneProduct","datanode"],"gpmlType":"datanode","graphicalType":"path","datasourceReference":{"database":"Entrez Gene","id":"8705","organism":"Homo sapiens"},"unificationXref":"http://identifiers.org/ensembl/ENSG00000235863"},{"networkType":"node","nodeType":"DataNode","dataNodeType":"GeneProduct","@type":["DataNode","GeneProduct","datanode"],"gpmlType":"datanode","graphicalType":"path","datasourceReference":{"database":"Affy","id":"210205_at","organism":"Homo sapiens"},"unificationXref":"http://identifiers.org/ensembl/ENSG00000235863"},{"networkType":"node","nodeType":"DataNode","dataNodeType":"GeneProduct","@type":["DataNode","GeneProduct","datanode"],"gpmlType":"datanode","graphicalType":"path","datasourceReference":{"database":"Affy","id":"210205_at","organism":"Homo sapiens"},"unificationXref":"http://identifiers.org/ensembl/ENSG00000235863"},{"networkType":"node","nodeType":"DataNode","dataNodeType":"GeneProduct","@type":["DataNode","GeneProduct","datanode"],"gpmlType":"datanode","graphicalType":"path","datasourceReference":{"database":"Affy","id":"210205_at","organism":"Homo sapiens"},"unificationXref":"http://identifiers.org/ensembl/ENSG00000235863"},{"networkType":"node","nodeType":"DataNode","dataNodeType":"GeneProduct","@type":["DataNode","GeneProduct","datanode"],"gpmlType":"datanode","graphicalType":"path","datasourceReference":{"database":"Entrez Gene","id":"2583","organism":"Homo sapiens"},"unificationXref":"http://identifiers.org/ensembl/ENSG00000135454"},{"networkType":"node","nodeType":"DataNode","dataNodeType":"GeneProduct","@type":["DataNode","GeneProduct","datanode"],"gpmlType":"datanode","graphicalType":"path","datasourceReference":{"database":"Entrez Gene","id":"2583","organism":"Homo sapiens"},"unificationXref":"http://identifiers.org/ensembl/ENSG00000135454"},{"networkType":"node","nodeType":"DataNode","dataNodeType":"GeneProduct","@type":["DataNode","GeneProduct","datanode"],"gpmlType":"datanode","graphicalType":"path","datasourceReference":{"database":"Entrez Gene","id":"2583","organism":"Homo sapiens"},"unificationXref":"http://identifiers.org/ensembl/ENSG00000135454"},{"networkType":"node","nodeType":"DataNode","dataNodeType":"GeneProduct","@type":["DataNode","GeneProduct","datanode"],"gpmlType":"datanode","graphicalType":"path","datasourceReference":{"database":"Entrez Gene","id":"2583","organism":"Homo sapiens"},"unificationXref":"http://identifiers.org/ensembl/ENSG00000135454"},{"networkType":"node","nodeType":"DataNode","dataNodeType":"GeneProduct","@type":["DataNode","GeneProduct","datanode"],"gpmlType":"datanode","graphicalType":"path","datasourceReference":{"database":"Affy","id":"203217_s_at","organism":"Homo sapiens"},"unificationXref":"http://identifiers.org/ensembl/ENSG00000115525"},{"networkType":"node","nodeType":"DataNode","dataNodeType":"GeneProduct","@type":["DataNode","GeneProduct","datanode"],"gpmlType":"datanode","graphicalType":"path","datasourceReference":{"database":"Affy","id":"203164_at","organism":"Homo sapiens"},"unificationXref":"http://identifiers.org/ensembl/ENSG00000169359"},{"networkType":"node","nodeType":"DataNode","dataNodeType":"GeneProduct","@type":["DataNode","GeneProduct","datanode"],"gpmlType":"datanode","graphicalType":"path","datasourceReference":{"database":"Affy","id":"210073_at","organism":"Homo sapiens"},"unificationXref":"http://identifiers.org/ensembl/ENSG00000111728"},{"networkType":"node","nodeType":"DataNode","dataNodeType":"GeneProduct","@type":["DataNode","GeneProduct","datanode"],"gpmlType":"datanode","graphicalType":"path","datasourceReference":{"database":"Entrez Gene","id":"ST8SIA3","organism":"Homo sapiens"}},{"networkType":"node","nodeType":"DataNode","dataNodeType":"GeneProduct","@type":["DataNode","GeneProduct","datanode"],"gpmlType":"datanode","graphicalType":"path","datasourceReference":{"database":"Affy","id":"210205_at","organism":"Homo sapiens"},"unificationXref":"http://identifiers.org/ensembl/ENSG00000235863"},{"networkType":"node","nodeType":"DataNode","dataNodeType":"GeneProduct","@type":["DataNode","GeneProduct","datanode"],"gpmlType":"datanode","graphicalType":"path","datasourceReference":{"database":"Entrez Gene","id":"30815","organism":"Homo sapiens"},"unificationXref":"http://identifiers.org/ensembl/ENSG00000160408"},{"networkType":"node","nodeType":"DataNode","dataNodeType":"GeneProduct","@type":["DataNode","GeneProduct","datanode"],"gpmlType":"datanode","graphicalType":"path","datasourceReference":{"database":"Affy","id":"206258_at","organism":"Homo sapiens"},"unificationXref":"http://identifiers.org/ensembl/ENSG00000101638"},{"networkType":"node","nodeType":"DataNode","dataNodeType":"GeneProduct","@type":["DataNode","GeneProduct","datanode"],"gpmlType":"datanode","graphicalType":"path","datasourceReference":{"database":"Affy","id":"203164_at","organism":"Homo sapiens"},"unificationXref":"http://identifiers.org/ensembl/ENSG00000169359"},{"networkType":"node","nodeType":"DataNode","dataNodeType":"GeneProduct","@type":["DataNode","GeneProduct","datanode"],"gpmlType":"datanode","graphicalType":"path","datasourceReference":{"database":"Entrez Gene","id":"2523","organism":"Homo sapiens"},"unificationXref":"http://identifiers.org/ensembl/ENSG00000174951"},{"networkType":"node","nodeType":"DataNode","dataNodeType":"GeneProduct","@type":["DataNode","GeneProduct","datanode"],"gpmlType":"datanode","graphicalType":"path","datasourceReference":{"database":"Entrez Gene","id":"2583","organism":"Homo sapiens"},"unificationXref":"http://identifiers.org/ensembl/ENSG00000135454"},{"networkType":"node","nodeType":"DataNode","dataNodeType":"GeneProduct","@type":["DataNode","GeneProduct","datanode"],"gpmlType":"datanode","graphicalType":"path","datasourceReference":{"database":"Affy","id":"210073_at","organism":"Homo sapiens"},"unificationXref":"http://identifiers.org/ensembl/ENSG00000111728"},{"networkType":"node","nodeType":"DataNode","dataNodeType":"GeneProduct","@type":["DataNode","GeneProduct","datanode"],"gpmlType":"datanode","graphicalType":"path","datasourceReference":{"database":"Entrez Gene","id":"B3GALT","organism":"Homo sapiens"}},{"networkType":"node","nodeType":"DataNode","dataNodeType":"GeneProduct","@type":["DataNode","GeneProduct","datanode"],"gpmlType":"datanode","graphicalType":"path","datasourceReference":{"database":"Entrez Gene","id":"30815","organism":"Homo sapiens"},"unificationXref":"http://identifiers.org/ensembl/ENSG00000160408"},{"networkType":"node","nodeType":"DataNode","dataNodeType":"GeneProduct","@type":["DataNode","GeneProduct","datanode"],"gpmlType":"datanode","graphicalType":"path","datasourceReference":{"database":"Entrez Gene","id":"127550","organism":"Homo sapiens"}},{"networkType":"node","nodeType":"DataNode","dataNodeType":"GeneProduct","@type":["DataNode","GeneProduct","datanode"],"gpmlType":"datanode","graphicalType":"path","datasourceReference":{"database":"Entrez Gene","id":"2523","organism":"Homo sapiens"},"unificationXref":"http://identifiers.org/ensembl/ENSG00000174951"},{"networkType":"node","nodeType":"DataNode","dataNodeType":"GeneProduct","@type":["DataNode","GeneProduct","datanode"],"gpmlType":"datanode","graphicalType":"path","datasourceReference":{"database":"Entrez Gene","id":"2583","organism":"Homo sapiens"},"unificationXref":"http://identifiers.org/ensembl/ENSG00000135454"},{"networkType":"node","nodeType":"DataNode","dataNodeType":"GeneProduct","@type":["DataNode","GeneProduct","datanode"],"gpmlType":"datanode","graphicalType":"path","datasourceReference":{"database":"Affy","id":"222571_at","organism":"Homo sapiens"}},{"networkType":"node","nodeType":"DataNode","dataNodeType":"GeneProduct","@type":["DataNode","GeneProduct","datanode"],"gpmlType":"datanode","graphicalType":"path","datasourceReference":{"database":"Affy","id":"208322_s_at","organism":"Homo sapiens"},"unificationXref":"http://identifiers.org/ensembl/ENSG00000008513"},{"networkType":"node","nodeType":"DataNode","dataNodeType":"GeneProduct","@type":["DataNode","GeneProduct","datanode"],"gpmlType":"datanode","graphicalType":"path","datasourceReference":{"database":"Affy","id":"208322_s_at","organism":"Homo sapiens"},"unificationXref":"http://identifiers.org/ensembl/ENSG00000008513"},{"networkType":"node","nodeType":"DataNode","dataNodeType":"GeneProduct","@type":["DataNode","GeneProduct","datanode"],"gpmlType":"datanode","graphicalType":"path","datasourceReference":{"database":"Affy","id":"208322_s_at","organism":"Homo sapiens"},"unificationXref":"http://identifiers.org/ensembl/ENSG00000008513"},{"networkType":"node","nodeType":"DataNode","dataNodeType":"GeneProduct","@type":["DataNode","GeneProduct","datanode"],"gpmlType":"datanode","graphicalType":"path","datasourceReference":{"database":"Affy","id":"208322_s_at","organism":"Homo sapiens"},"unificationXref":"http://identifiers.org/ensembl/ENSG00000008513"},{"networkType":"node","nodeType":"DataNode","dataNodeType":"Metabolite","@type":["DataNode","Metabolite","datanode"],"gpmlType":"datanode","graphicalType":"path","datasourceReference":{"database":"HMDB","id":"HMDB06750","organism":"Homo sapiens"}},{"networkType":"node","nodeType":"DataNode","dataNodeType":"Metabolite","@type":["DataNode","Metabolite","datanode"],"gpmlType":"datanode","graphicalType":"path","datasourceReference":{"database":"HMDB","id":"HMDB04913","organism":"Homo sapiens"}},{"networkType":"node","nodeType":"DataNode","dataNodeType":"Metabolite","@type":["DataNode","Metabolite","datanode"],"gpmlType":"datanode","graphicalType":"path","datasourceReference":{"database":"HMDB","id":"HMDB04844","organism":"Homo sapiens"}},{"networkType":"node","nodeType":"DataNode","dataNodeType":"Metabolite","@type":["DataNode","Metabolite","datanode"],"gpmlType":"datanode","graphicalType":"path","datasourceReference":{"database":"HMDB","id":"HMDB04938","organism":"Homo sapiens"}},{"networkType":"node","nodeType":"DataNode","dataNodeType":"Metabolite","@type":["DataNode","Metabolite","datanode"],"gpmlType":"datanode","graphicalType":"path","datasourceReference":{"database":"HMDB","id":"HMDB04898","organism":"Homo sapiens"}},{"networkType":"node","nodeType":"DataNode","dataNodeType":"Metabolite","@type":["DataNode","Metabolite","datanode"],"gpmlType":"datanode","graphicalType":"path","datasourceReference":{"database":"PubChem-compound","id":"53481355","organism":"Homo sapiens"}},{"networkType":"node","nodeType":"DataNode","dataNodeType":"Metabolite","@type":["DataNode","Metabolite","datanode"],"gpmlType":"datanode","graphicalType":"path","datasourceReference":{"database":"HMDB","id":"HMDB04925 ","organism":"Homo sapiens"}},{"networkType":"node","nodeType":"DataNode","dataNodeType":"Metabolite","@type":["DataNode","Metabolite","datanode"],"gpmlType":"datanode","graphicalType":"path","datasourceReference":{"database":"PubChem-compound","id":"53481325","organism":"Homo sapiens"}},{"networkType":"node","nodeType":"DataNode","dataNodeType":"Metabolite","@type":["DataNode","Metabolite","datanode"],"gpmlType":"datanode","graphicalType":"path","datasourceReference":{"database":"PubChem-compound","id":"53239726","organism":"Homo sapiens"}},{"networkType":"node","nodeType":"DataNode","dataNodeType":"Metabolite","@type":["DataNode","Metabolite","datanode"],"gpmlType":"datanode","graphicalType":"path","datasourceReference":{"database":"PubChem-compound","id":"53481295","organism":"Homo sapiens"}},{"networkType":"node","nodeType":"DataNode","dataNodeType":"Metabolite","@type":["DataNode","Metabolite","datanode"],"gpmlType":"datanode","graphicalType":"path","datasourceReference":{"database":"HMDB","id":"HMDB04926 ","organism":"Homo sapiens"}},{"networkType":"node","nodeType":"DataNode","dataNodeType":"Metabolite","@type":["DataNode","Metabolite","datanode"],"gpmlType":"datanode","graphicalType":"path","datasourceReference":{"database":"HMDB","id":"HMDB04910","organism":"Homo sapiens"}},{"networkType":"node","nodeType":"DataNode","dataNodeType":"Metabolite","@type":["DataNode","Metabolite","datanode"],"gpmlType":"datanode","graphicalType":"path","datasourceReference":{"database":"HMDB","id":"HMDB04855","organism":"Homo sapiens"}},{"networkType":"node","nodeType":"DataNode","dataNodeType":"Metabolite","@type":["DataNode","Metabolite","datanode"],"gpmlType":"datanode","graphicalType":"path","datasourceReference":{"database":"HMDB","id":"HMDB04853","organism":"Homo sapiens"}},{"networkType":"node","nodeType":"DataNode","dataNodeType":"Metabolite","@type":["DataNode","Metabolite","datanode"],"gpmlType":"datanode","graphicalType":"path","datasourceReference":{"database":"HMDB","id":"HMDB04927 ","organism":"Homo sapiens"}},{"networkType":"node","nodeType":"DataNode","dataNodeType":"Metabolite","@type":["DataNode","Metabolite","datanode"],"gpmlType":"datanode","graphicalType":"path","datasourceReference":{"database":"PubChem-compound","id":"53481235","organism":"Homo sapiens"}},{"networkType":"node","nodeType":"DataNode","dataNodeType":"Metabolite","@type":["DataNode","Metabolite","datanode"],"gpmlType":"datanode","graphicalType":"path","datasourceReference":{"database":"PubChem-compound","id":"45259173","organism":"Homo sapiens"}},{"networkType":"node","nodeType":"DataNode","dataNodeType":"GeneProduct","@type":["DataNode","GeneProduct","datanode"],"gpmlType":"datanode","graphicalType":"path","datasourceReference":{"database":"Entrez Gene","id":"30815","organism":"Homo sapiens"},"unificationXref":"http://identifiers.org/ensembl/ENSG00000160408"}],"xmlns":"http://pathvisio.org/GPML/2013a","name":"Ganglio Sphingolipid Metabolism","organism":"Homo sapiens","image":{"@context":{"@vocab":"http://schema.org/"},"width":1434.3333333333333,"height":656.0000000000001},"publicationXref":[],"id":"wpId:WP1423","revision":"72172"}}