{"@context":{"@vocab":"http://vocabularies.wikipathways.org/gpml#","@base":"wpId:WP143","pathwayIri":"wpId:WP143","ChEBI":"http://www.ebi.ac.uk/chebi/searchId.do?chebiId=","dataSource":"gpml:Data-Source","datasourceReference":"wp:DatasourceReference","Group":{"@container":"@list","@id":"gpml:Group"},"interaction":{"@id":"biopax:Interaction","@type":"@id"},"interactionType":{"@id":"biopax:InteractionType","@type":"@id"},"interactionGraph":{"@container":"@list","@type":"@id"},"lastModified":"gpml:Last-Modified","pathway":"biopax:Pathway","point":{"@container":"@list","@id":"gpml:Point"},"publicationXref":"biopax:PublicationXref","unificationXref":"biopax:UnificationXref","author":"schema:author","backgroundColor":"css2:colors.html#propdef-background-color","backgroundImage":"css2:colors.html#propdef-background-image","biopax":"http://www.biopax.org/release/biopax-level3.owl#","borderColor":"css2:box.html#propdef-border-color","borderStyle":"css2:box.html#propdef-border-style","borderWidth":"css2:box.html#propdef-border-width","boxSizing":{"@id":"css3Ui:box-sizing","@value":"border-box"},"color":"css2:colors.html#propdef-color","contains":{"@id":"ex:contains","@type":"@id"},"css2":"http://www.w3.org/TR/CSS2/","css3Ui":"http://www.w3.org/TR/css3-ui/#","cssTransform":"http://www.w3.org/TR/css-transforms-1/#","gpmlDataNodeType":"gpml:Type","dcterms":"http://puri.org/dc/terms/","entrezGene":"http://www.ncbi.nlm.nih.gov/gene/","ex":"http://www.example.org/","fontFamily":"css2:fonts.html#font-family-prop","fontSize":"css2:fonts.html#propdef-font-size","fontStyle":"css2:fonts.html#propdef-font-style","fontWeight":"css2:fonts.html#propdef-font-weight","gpml":"http://vocabularies.wikipathways.org/gpml#","gpmlFolder":"file://Users/andersriutta/Sites/pathvisiojs/test/gpml/","hMDB":"http://www.hmdb.ca/metabolites/HMDB","height":"css2:visudet.html#propdef-height","id":"@id","image":"schema:image","interactsWith":{"@id":"ex:interactsWith","@type":"@id"},"isContainedBy":{"@reverse":"ex:contains","@type":"@id"},"media":"http://www.w3.org/TR/mediaont-10/","name":"http://xmlns.com/foaf/0.1/name","organism":"biopax:organism","padding":"css2:box.html#propdef-padding","elements":{"@container":"@list","@id":"ex:pathwayElements/"},"position":"css2:visuren.html#propdef-position","rotate":"cssTransform:funcdef-rotate","schema":"http://schema.org/","shapeLibrary":"http://shapelibrary.example.org/","shape":"shapeLibrary:shape","stroke":"svg:painting.html#StrokeProperty","strokeWidth":"svg:painting.html#StrokeWidthProperty","svg":"http://www.w3.org/TR/SVG11/","textAlign":"css2:text.html#propdef-text-align","verticalAlign":"css2:visudet.html#propdef-vertical-align","width":"css2:visudet.html#propdef-width","wp":"http://vocabularies.wikipathways.org/wp#","wpId":"http://identifiers.org/wikipathways/","x":{"@id":"css2:visuren.html#propdef-left","@type":"xsd:integer"},"xsd":"http://www.w3.org/2001/XMLSchema#","y":"css2:visuren.html#propdef-top","zIndex":{"@id":"css2:z-index","@type":"xsd:integer"}},"wpId:WP143":{"elements":[{"networkType":"node","nodeType":"Label","@type":["label"],"gpmlType":"label","graphicalType":"path"},{"networkType":"node","nodeType":"DataNode","dataNodeType":"Pathway","@type":["DataNode","Pathway","datanode"],"gpmlType":"datanode","graphicalType":"path","datasourceReference":{"database":"WikiPathways","id":"WP78","organism":"Homo sapiens"}},{"networkType":"node","nodeType":"Label","@type":["label"],"gpmlType":"label","graphicalType":"path"},{"networkType":"node","nodeType":"Label","@type":["label"],"gpmlType":"label","graphicalType":"path"},{"networkType":"node","nodeType":"Label","@type":["label"],"gpmlType":"label","graphicalType":"path"},{"networkType":"node","nodeType":"Label","@type":["label"],"gpmlType":"label","graphicalType":"path"},{"networkType":"node","nodeType":"Label","@type":["label"],"gpmlType":"label","graphicalType":"path"},{"networkType":"node","nodeType":"Label","@type":["label"],"gpmlType":"label","graphicalType":"path"},{"networkType":"node","nodeType":"Label","@type":["label"],"gpmlType":"label","graphicalType":"path"},{"networkType":"node","nodeType":"Label","@type":["label"],"gpmlType":"label","graphicalType":"path"},{"networkType":"node","nodeType":"Label","@type":["label"],"gpmlType":"label","graphicalType":"path"},{"networkType":"node","nodeType":"Label","@type":["label"],"gpmlType":"label","graphicalType":"path"},{"networkType":"node","nodeType":"Label","@type":["label"],"gpmlType":"label","graphicalType":"path"},{"networkType":"node","nodeType":"Label","@type":["label"],"gpmlType":"label","graphicalType":"path"},{"networkType":"edge","gpmlType":"interaction","@type":["interaction"],"graphicalType":"path","markerEnd":"arrow","points":[{"x":113.60124660954541,"y":776.2203050061973,"isAttachedTo":"abc","RelX":0,"anchor":[0.5,1,0,1],"RelY":1},{"x":113.60124660954541,"y":866.2869716728643,"isAttachedTo":"dbc47","RelX":0,"anchor":[0.5,0,0,-1],"RelY":-1}],"interactionGraph":[{"id":"abc","interactsWith":"dbc47"}],"interactionType":"gpml:Arrow"},{"gpmlType":"anchor","zIndex":null,"networkType":"node","@type":["anchor"],"graphicalType":"path","x":null,"y":null},{"networkType":"edge","gpmlType":"interaction","@type":["interaction"],"graphicalType":"path","markerEnd":"arrow","points":[{"x":265.7454700470454,"y":679.2478744853644,"isAttachedTo":"fabf6","RelX":0.5,"anchor":[0.75,1,0,1],"RelY":1},{"x":372.66666666666663,"y":743.0878092708334,"isAttachedTo":"e43","RelX":0,"anchor":[0.5,0,0,-1],"RelY":-1}],"interactionGraph":[{"id":"fabf6","interactsWith":"e43"}],"interactionType":"gpml:Arrow"},{"gpmlType":"anchor","zIndex":null,"networkType":"node","@type":["anchor"],"graphicalType":"path","x":null,"y":null},{"networkType":"edge","gpmlType":"interaction","@type":["interaction"],"graphicalType":"path","markerEnd":"arrow","points":[{"x":225.7454700470454,"y":679.2478744853644,"isAttachedTo":"fabf6","RelX":-0.5,"anchor":[0.25,1,0,1],"RelY":1},{"x":151.20604849882568,"y":757.0203050061975,"isAttachedTo":"abc","RelX":0.5,"anchor":[0.75,0,0,-1],"RelY":-1}],"interactionGraph":[{"id":"fabf6","interactsWith":"abc"}],"interactionType":"gpml:Arrow"},{"gpmlType":"anchor","zIndex":null,"networkType":"node","@type":["anchor"],"graphicalType":"path","x":null,"y":null},{"networkType":"edge","gpmlType":"interaction","@type":["interaction"],"graphicalType":"path","markerEnd":"arrow","points":[{"x":113.6012466095454,"y":1068.2476678125008,"isAttachedTo":"a98","RelX":0,"anchor":[0.5,1,0,1],"RelY":1},{"x":114.19128093651975,"y":1120.4488213838517,"isAttachedTo":"a14f9","RelX":0,"anchor":[0.5,0,0,-1],"RelY":-1}],"interactionGraph":[{"id":"a98","interactsWith":"a14f9"}],"interactionType":"gpml:Arrow"},{"networkType":"edge","gpmlType":"interaction","@type":["interaction"],"graphicalType":"path","markerEnd":"arrow","points":[{"x":113.60124660954541,"y":886.2869716728643,"isAttachedTo":"dbc47","RelX":0,"anchor":[0.5,1,0,1],"RelY":1},{"x":113.60124660954541,"y":952.6869716728638,"isAttachedTo":"cf6","RelX":0,"anchor":[0.5,0,0,-1],"RelY":-1}],"interactionGraph":[{"id":"dbc47","interactsWith":"cf6"}],"interactionType":"gpml:Arrow"},{"gpmlType":"anchor","zIndex":null,"networkType":"node","@type":["anchor"],"graphicalType":"path","x":null,"y":null},{"networkType":"edge","gpmlType":"interaction","@type":["interaction"],"graphicalType":"path","markerEnd":"arrow","points":[{"x":113.60124660954541,"y":971.8869716728636,"isAttachedTo":"cf6","RelX":0,"anchor":[0.5,1,0,1],"RelY":1},{"x":113.6012466095454,"y":1046.5508812500007,"isAttachedTo":"a98","RelX":0,"anchor":[0.5,0,0,-1],"RelY":-1}],"interactionGraph":[{"id":"cf6","interactsWith":"a98"}],"interactionType":"gpml:Arrow"},{"gpmlType":"anchor","zIndex":null,"networkType":"node","@type":["anchor"],"graphicalType":"path","x":null,"y":null},{"networkType":"edge","gpmlType":"interaction","@type":["interaction"],"graphicalType":"path","markerEnd":"arrow","points":[{"x":372.66666666666663,"y":762.2878092708335,"isAttachedTo":"e43","RelX":0,"anchor":[0.5,1,0,1],"RelY":1},{"x":372.6666666666667,"y":881.7333333333333,"isAttachedTo":"e29","RelX":0,"anchor":[0.5,0,0,-1],"RelY":-1}],"interactionGraph":[{"id":"e43","interactsWith":"e29"}],"interactionType":"gpml:Arrow"},{"gpmlType":"anchor","zIndex":null,"networkType":"node","@type":["anchor"],"graphicalType":"path","x":null,"y":null},{"networkType":"edge","gpmlType":"interaction","@type":["interaction"],"graphicalType":"path","markerEnd":"arrow","points":[{"x":372.6666666666667,"y":900.9333333333334,"isAttachedTo":"e29","RelX":0,"anchor":[0.5,1,0,1],"RelY":1},{"x":372,"y":1050,"isAttachedTo":"ec0c5","RelX":0,"anchor":[0.5,0,0,-1],"RelY":-1}],"interactionGraph":[{"id":"e29","interactsWith":"ec0c5"}],"interactionType":"gpml:Arrow"},{"gpmlType":"anchor","zIndex":null,"networkType":"node","@type":["anchor"],"graphicalType":"path","x":null,"y":null},{"networkType":"edge","gpmlType":"interaction","@type":["interaction"],"graphicalType":"path","markerEnd":"arrow","points":[{"x":412,"y":1060,"isAttachedTo":"ec0c5","RelX":1,"anchor":[1,0.5,1,0],"RelY":0},{"x":432,"y":1060},{"x":432,"y":771.7333333333333},{"x":579.3333333333334,"y":771.7333333333333},{"x":579.3333333333334,"y":791.7333333333333,"isAttachedTo":"e5b","RelX":0,"anchor":[0.5,0,0,-1],"RelY":-1}],"interactionGraph":[{"id":"ec0c5","interactsWith":"e5b"}],"interactionType":"gpml:Arrow"},{"gpmlType":"anchor","zIndex":null,"networkType":"node","@type":["anchor"],"graphicalType":"path","x":null,"y":null},{"networkType":"edge","gpmlType":"interaction","@type":["interaction"],"graphicalType":"path","markerEnd":"mimStimulation","points":[{"x":552.6666666666666,"y":727,"isAttachedTo":"b73","RelX":0,"anchor":[0.5,1,0,1],"RelY":1},{"x":550.5073194978222,"y":771.7333333333333,"isAttachedTo":"f23f8","RelX":0,"anchor":[0.5,0.5,0,0],"RelY":0}],"interactionGraph":[{"id":"b73","interactsWith":"f23f8"}],"interactionType":"mim-stimulation"},{"networkType":"edge","gpmlType":"interaction","@type":["interaction"],"graphicalType":"path","markerEnd":"arrow","points":[{"x":579.3333333333334,"y":810.9333333333334,"isAttachedTo":"e5b","RelX":0,"anchor":[0.5,1,0,1],"RelY":1},{"x":578,"y":915,"isAttachedTo":"d5291","RelX":0,"anchor":[0.5,0,0,-1],"RelY":-1}],"interactionGraph":[{"id":"e5b","interactsWith":"d5291"}],"interactionType":"gpml:Arrow"},{"gpmlType":"anchor","zIndex":null,"networkType":"node","@type":["anchor"],"graphicalType":"path","x":null,"y":null},{"networkType":"edge","gpmlType":"interaction","@type":["interaction"],"graphicalType":"path","markerEnd":"arrow","points":[{"x":578,"y":935,"isAttachedTo":"d5291","RelX":0,"anchor":[0.5,1,0,1],"RelY":1},{"x":579.840095640625,"y":1040.659904359375,"isAttachedTo":"c78e7","RelX":0,"anchor":[0.5,0,0,-1],"RelY":-1}],"interactionGraph":[{"id":"d5291","interactsWith":"c78e7"}],"interactionType":"gpml:Arrow"},{"gpmlType":"anchor","zIndex":null,"networkType":"node","@type":["anchor"],"graphicalType":"path","x":null,"y":null},{"networkType":"edge","gpmlType":"interaction","@type":["interaction"],"graphicalType":"path","markerEnd":"arrow","points":[{"x":606.590095640625,"y":1060.659904359375,"isAttachedTo":"c78e7","RelX":0.5,"anchor":[0.75,1,0,1],"RelY":1},{"x":701,"y":1164,"isAttachedTo":"a22ba","RelX":0,"anchor":[0.5,0,0,-1],"RelY":-1}],"interactionGraph":[{"id":"c78e7","interactsWith":"a22ba"}],"interactionType":"gpml:Arrow"},{"gpmlType":"anchor","zIndex":null,"networkType":"node","@type":["anchor"],"graphicalType":"path","x":null,"y":null},{"networkType":"edge","gpmlType":"interaction","@type":["interaction"],"graphicalType":"path","markerEnd":"arrow","points":[{"x":553.090095640625,"y":1060.659904359375,"isAttachedTo":"c78e7","RelX":-0.5,"anchor":[0.25,1,0,1],"RelY":1},{"x":466,"y":1165.066666666667,"isAttachedTo":"f54","RelX":0,"anchor":[0.5,0,0,-1],"RelY":-1}],"interactionGraph":[{"id":"c78e7","interactsWith":"f54"}],"interactionType":"gpml:Arrow"},{"gpmlType":"anchor","zIndex":null,"networkType":"node","@type":["anchor"],"graphicalType":"path","x":null,"y":null},{"networkType":"edge","gpmlType":"interaction","@type":["interaction"],"graphicalType":"path","markerEnd":"arrow","points":[{"x":741,"y":1174,"isAttachedTo":"a22ba","RelX":1,"anchor":[1,0.5,1,0],"RelY":0},{"x":761,"y":1174},{"x":761,"y":771.0666666666666},{"x":952.6666666666666,"y":771.0666666666666},{"x":952.6666666666666,"y":791.0666666666666,"isAttachedTo":"de2","RelX":0,"anchor":[0.5,0,0,-1],"RelY":-1}],"interactionGraph":[{"id":"a22ba","interactsWith":"de2"}],"interactionType":"gpml:Arrow"},{"gpmlType":"anchor","zIndex":null,"networkType":"node","@type":["anchor"],"graphicalType":"path","x":null,"y":null},{"networkType":"edge","gpmlType":"interaction","@type":["interaction"],"graphicalType":"path","markerEnd":"arrow","points":[{"x":952.6666666666666,"y":810.2666666666667,"isAttachedTo":"de2","RelX":0,"anchor":[0.5,1,0,1],"RelY":1},{"x":952.1599043593751,"y":918,"isAttachedTo":"a27ae","RelX":0,"anchor":[0.5,0,0,-1],"RelY":-1}],"interactionGraph":[{"id":"de2","interactsWith":"a27ae"}],"interactionType":"gpml:Arrow"},{"gpmlType":"anchor","zIndex":null,"networkType":"node","@type":["anchor"],"graphicalType":"path","x":null,"y":null},{"networkType":"edge","gpmlType":"interaction","@type":["interaction"],"graphicalType":"path","markerEnd":"arrow","points":[{"x":952.1599043593751,"y":938,"isAttachedTo":"a27ae","RelX":0,"anchor":[0.5,1,0,1],"RelY":1},{"x":952.6666666666667,"y":1037.7333333333336,"isAttachedTo":"c3c","RelX":0,"anchor":[0.5,0,0,-1],"RelY":-1}],"interactionGraph":[{"id":"a27ae","interactsWith":"c3c"}],"interactionType":"gpml:Arrow"},{"gpmlType":"anchor","zIndex":null,"networkType":"node","@type":["anchor"],"graphicalType":"path","x":null,"y":null},{"networkType":"edge","gpmlType":"interaction","@type":["interaction"],"graphicalType":"path","markerEnd":"arrow","points":[{"x":908.9333333333334,"y":1056.9333333333334,"isAttachedTo":"c3c","RelX":-0.5,"anchor":[0.25,1,0,1],"RelY":1},{"x":859.6666666666666,"y":1192.4,"isAttachedTo":"c08","RelX":0,"anchor":[0.5,0,0,-1],"RelY":-1}],"interactionGraph":[{"id":"c3c","interactsWith":"c08"}],"interactionType":"gpml:Arrow"},{"gpmlType":"anchor","zIndex":null,"networkType":"node","@type":["anchor"],"graphicalType":"path","x":null,"y":null},{"networkType":"edge","gpmlType":"interaction","@type":["interaction"],"graphicalType":"path","markerEnd":"arrow","points":[{"x":996.4000000000001,"y":1056.9333333333334,"isAttachedTo":"c3c","RelX":0.5,"anchor":[0.75,1,0,1],"RelY":1},{"x":1082.6666666666667,"y":1178.4,"isAttachedTo":"d93","RelX":0,"anchor":[0.5,0,0,-1],"RelY":-1}],"interactionGraph":[{"id":"c3c","interactsWith":"d93"}],"interactionType":"gpml:Arrow"},{"gpmlType":"anchor","zIndex":null,"networkType":"node","@type":["anchor"],"graphicalType":"path","x":null,"y":null},{"networkType":"edge","gpmlType":"interaction","@type":["interaction"],"graphicalType":"path","markerEnd":"arrow","points":[{"x":1132.1333333333334,"y":1188,"isAttachedTo":"d93","RelX":1,"anchor":[1,0.5,1,0],"RelY":0},{"x":1152.1333333333334,"y":1188},{"x":1152.1333333333334,"y":778},{"x":1297,"y":778},{"x":1297,"y":798,"isAttachedTo":"a9a26","RelX":0,"anchor":[0.5,0,0,-1],"RelY":-1}],"interactionGraph":[{"id":"d93","interactsWith":"a9a26"}],"interactionType":"gpml:Arrow"},{"gpmlType":"anchor","zIndex":null,"networkType":"node","@type":["anchor"],"graphicalType":"path","x":null,"y":null},{"networkType":"edge","gpmlType":"interaction","@type":["interaction"],"graphicalType":"path","markerEnd":"arrow","points":[{"x":1297,"y":818,"isAttachedTo":"a9a26","RelX":0,"anchor":[0.5,1,0,1],"RelY":1},{"x":1298.333333333333,"y":900.4,"isAttachedTo":"bff","RelX":0,"anchor":[0.5,0,0,-1],"RelY":-1}],"interactionGraph":[{"id":"a9a26","interactsWith":"bff"}],"interactionType":"gpml:Arrow"},{"gpmlType":"anchor","zIndex":null,"networkType":"node","@type":["anchor"],"graphicalType":"path","x":null,"y":null},{"networkType":"edge","gpmlType":"interaction","@type":["interaction"],"graphicalType":"path","markerEnd":"arrow","points":[{"x":1298.333333333333,"y":919.6,"isAttachedTo":"bff","RelX":0,"anchor":[0.5,1,0,1],"RelY":1},{"x":1298.3333333333333,"y":1009.4000000000001,"isAttachedTo":"e95","RelX":0,"anchor":[0.5,0,0,-1],"RelY":-1}],"interactionGraph":[{"id":"bff","interactsWith":"e95"}],"interactionType":"gpml:Arrow"},{"gpmlType":"anchor","zIndex":null,"networkType":"node","@type":["anchor"],"graphicalType":"path","x":null,"y":null},{"networkType":"edge","gpmlType":"interaction","@type":["interaction"],"graphicalType":"path","markerEnd":"arrow","points":[{"x":1254.6,"y":1028.6,"isAttachedTo":"e95","RelX":-0.5,"anchor":[0.25,1,0,1],"RelY":1},{"x":1214.3333333333333,"y":1169.066666666667,"isAttachedTo":"fdf","RelX":0,"anchor":[0.5,0,0,-1],"RelY":-1}],"interactionGraph":[{"id":"e95","interactsWith":"fdf"}],"interactionType":"gpml:Arrow"},{"gpmlType":"anchor","zIndex":null,"networkType":"node","@type":["anchor"],"graphicalType":"path","x":null,"y":null},{"networkType":"edge","gpmlType":"interaction","@type":["interaction"],"graphicalType":"path","markerEnd":"arrow","points":[{"x":1342.0666666666666,"y":1028.6,"isAttachedTo":"e95","RelX":0.5,"anchor":[0.75,1,0,1],"RelY":1},{"x":1381,"y":1182,"isAttachedTo":"c62de","RelX":0,"anchor":[0.5,0,0,-1],"RelY":-1}],"interactionGraph":[{"id":"e95","interactsWith":"c62de"}],"interactionType":"gpml:Arrow"},{"gpmlType":"anchor","zIndex":null,"networkType":"node","@type":["anchor"],"graphicalType":"path","x":null,"y":null},{"networkType":"edge","gpmlType":"interaction","@type":["interaction"],"graphicalType":"path","markerEnd":"arrow","points":[{"x":466,"y":1184.2666666666669,"isAttachedTo":"f54","RelX":0,"anchor":[0.5,1,0,1],"RelY":1},{"x":295.14305548326644,"y":1277.5753675772976,"isAttachedTo":"dd235","RelX":0,"anchor":[0.5,0,0,-1],"RelY":-1}],"interactionGraph":[{"id":"f54","interactsWith":"dd235"}],"interactionType":"gpml:Arrow"},{"networkType":"edge","gpmlType":"interaction","@type":["interaction"],"graphicalType":"path","markerEnd":"arrow","points":[{"x":859.6666666666666,"y":1211.6,"isAttachedTo":"c08","RelX":0,"anchor":[0.5,1,0,1],"RelY":1},{"x":849.788987385102,"y":1270.91150442478,"isAttachedTo":"f7598","RelX":0,"anchor":[0.5,0,0,-1],"RelY":-1}],"interactionGraph":[{"id":"c08","interactsWith":"f7598"}],"interactionType":"gpml:Arrow"},{"networkType":"edge","gpmlType":"interaction","@type":["interaction"],"graphicalType":"path","markerEnd":"arrow","points":[{"x":1214.3333333333333,"y":1188.2666666666669,"isAttachedTo":"fdf","RelX":0,"anchor":[0.5,1,0,1],"RelY":1},{"x":1206.8565475993341,"y":1253.6019417475748,"isAttachedTo":"d0eb2","RelX":0,"anchor":[0.5,0,0,-1],"RelY":-1}],"interactionGraph":[{"id":"fdf","interactsWith":"d0eb2"}],"interactionType":"gpml:Arrow"},{"networkType":"edge","gpmlType":"interaction","@type":["interaction"],"graphicalType":"path","markerEnd":"arrow","points":[{"x":1421,"y":1192,"isAttachedTo":"c62de","RelX":1,"anchor":[1,0.5,1,0],"RelY":0},{"x":1401,"y":1192},{"x":1401,"y":801},{"x":1581,"y":801,"isAttachedTo":"b172b","RelX":-1,"anchor":[0,0.5,-1,0],"RelY":0}],"interactionGraph":[{"id":"c62de","interactsWith":"b172b"}],"interactionType":"gpml:Arrow"},{"gpmlType":"anchor","zIndex":null,"networkType":"node","@type":["anchor"],"graphicalType":"path","x":null,"y":null},{"networkType":"edge","gpmlType":"interaction","@type":["interaction"],"graphicalType":"path","markerEnd":"arrow","points":[{"x":1643,"y":811,"isAttachedTo":"b172b","RelX":0,"anchor":[0.5,1,0,1],"RelY":1},{"x":1644.875,"y":915.25,"isAttachedTo":"e58d2","RelX":0,"anchor":[0.5,0,0,-1],"RelY":-1}],"interactionGraph":[{"id":"b172b","interactsWith":"e58d2"}],"interactionType":"gpml:Arrow"},{"gpmlType":"anchor","zIndex":null,"networkType":"node","@type":["anchor"],"graphicalType":"path","x":null,"y":null},{"networkType":"edge","gpmlType":"interaction","@type":["interaction"],"graphicalType":"path","markerEnd":"arrow","points":[{"x":1644.875,"y":935.25,"isAttachedTo":"e58d2","RelX":0,"anchor":[0.5,1,0,1],"RelY":1},{"x":1644.6666666666665,"y":1036.7333333333336,"isAttachedTo":"fb2","RelX":0,"anchor":[0.5,0,0,-1],"RelY":-1}],"interactionGraph":[{"id":"e58d2","interactsWith":"fb2"}],"interactionType":"gpml:Arrow"},{"gpmlType":"anchor","zIndex":null,"networkType":"node","@type":["anchor"],"graphicalType":"path","x":null,"y":null},{"networkType":"edge","gpmlType":"interaction","@type":["interaction"],"graphicalType":"path","markerEnd":"arrow","points":[{"x":1610.3333333333333,"y":1055.9333333333334,"isAttachedTo":"fb2","RelX":-0.5,"anchor":[0.25,1,0,1],"RelY":1},{"x":1540.6666666666667,"y":1197.7333333333336,"isAttachedTo":"ebe","RelX":0,"anchor":[0.5,0,0,-1],"RelY":-1}],"interactionGraph":[{"id":"fb2","interactsWith":"ebe"}],"interactionType":"gpml:Arrow"},{"gpmlType":"anchor","zIndex":null,"networkType":"node","@type":["anchor"],"graphicalType":"path","x":null,"y":null},{"networkType":"edge","gpmlType":"interaction","@type":["interaction"],"graphicalType":"path","markerEnd":"arrow","points":[{"x":1678.9999999999998,"y":1055.9333333333334,"isAttachedTo":"fb2","RelX":0.5,"anchor":[0.75,1,0,1],"RelY":1},{"x":1767.3333333333333,"y":1198.4,"isAttachedTo":"aa5","RelX":0,"anchor":[0.5,0,0,-1],"RelY":-1}],"interactionGraph":[{"id":"fb2","interactsWith":"aa5"}],"interactionType":"gpml:Arrow"},{"gpmlType":"anchor","zIndex":null,"networkType":"node","@type":["anchor"],"graphicalType":"path","x":null,"y":null},{"networkType":"edge","gpmlType":"interaction","@type":["interaction"],"graphicalType":"path","markerEnd":"arrow","points":[{"x":607.5,"y":1546,"isAttachedTo":"a0c90","RelX":0,"anchor":[0.5,1,0,1],"RelY":1},{"x":607.68019128125,"y":1653,"isAttachedTo":"ea739","RelX":0,"anchor":[0.5,0,0,-1],"RelY":-1}],"interactionGraph":[{"id":"a0c90","interactsWith":"ea739"}],"interactionType":"gpml:Arrow"},{"gpmlType":"anchor","zIndex":null,"networkType":"node","@type":["anchor"],"graphicalType":"path","x":null,"y":null},{"networkType":"edge","gpmlType":"interaction","@type":["interaction"],"graphicalType":"path","markerEnd":"arrow","points":[{"x":607.68019128125,"y":1673,"isAttachedTo":"ea739","RelX":0,"anchor":[0.5,1,0,1],"RelY":1},{"x":608.395286921875,"y":1771.909904359375,"isAttachedTo":"b6b37","RelX":0,"anchor":[0.5,0,0,-1],"RelY":-1}],"interactionGraph":[{"id":"ea739","interactsWith":"b6b37"}],"interactionType":"gpml:Arrow"},{"gpmlType":"anchor","zIndex":null,"networkType":"node","@type":["anchor"],"graphicalType":"path","x":null,"y":null},{"networkType":"edge","gpmlType":"interaction","@type":["interaction"],"graphicalType":"path","markerEnd":"arrow","points":[{"x":582.082786921875,"y":1791.909904359375,"isAttachedTo":"b6b37","RelX":-0.5,"anchor":[0.25,1,0,1],"RelY":1},{"x":503.99323769270836,"y":1933.7333333333336,"isAttachedTo":"c41","RelX":0,"anchor":[0.5,0,0,-1],"RelY":-1}],"interactionGraph":[{"id":"b6b37","interactsWith":"c41"}],"interactionType":"gpml:Arrow"},{"gpmlType":"anchor","zIndex":null,"networkType":"node","@type":["anchor"],"graphicalType":"path","x":null,"y":null},{"networkType":"edge","gpmlType":"interaction","@type":["interaction"],"graphicalType":"path","markerEnd":"arrow","points":[{"x":634.707786921875,"y":1791.909904359375,"isAttachedTo":"b6b37","RelX":0.5,"anchor":[0.75,1,0,1],"RelY":1},{"x":726,"y":1934,"isAttachedTo":"daf8d","RelX":0,"anchor":[0.5,0,0,-1],"RelY":-1}],"interactionGraph":[{"id":"b6b37","interactsWith":"daf8d"}],"interactionType":"gpml:Arrow"},{"gpmlType":"anchor","zIndex":null,"networkType":"node","@type":["anchor"],"graphicalType":"path","x":null,"y":null},{"networkType":"edge","gpmlType":"interaction","@type":["interaction"],"graphicalType":"path","markerEnd":"arrow","points":[{"x":766,"y":1944,"isAttachedTo":"daf8d","RelX":1,"anchor":[1,0.5,1,0],"RelY":0},{"x":786,"y":1944},{"x":786,"y":1509},{"x":1021,"y":1509},{"x":1021,"y":1529,"isAttachedTo":"d35a9","RelX":0,"anchor":[0.5,0,0,-1],"RelY":-1}],"interactionGraph":[{"id":"daf8d","interactsWith":"d35a9"}],"interactionType":"gpml:Arrow"},{"gpmlType":"anchor","zIndex":null,"networkType":"node","@type":["anchor"],"graphicalType":"path","x":null,"y":null},{"networkType":"edge","gpmlType":"interaction","@type":["interaction"],"graphicalType":"path","markerEnd":"arrow","points":[{"x":1021,"y":1549},{"x":1022,"y":1653.7333333333336,"isAttachedTo":"a9d","RelX":0,"anchor":[0.5,0,0,-1],"RelY":-1}]},{"gpmlType":"anchor","zIndex":null,"networkType":"node","@type":["anchor"],"graphicalType":"path","x":null,"y":null},{"networkType":"edge","gpmlType":"interaction","@type":["interaction"],"graphicalType":"path","markerEnd":"arrow","points":[{"x":1022,"y":1672.9333333333334,"isAttachedTo":"a9d","RelX":0,"anchor":[0.5,1,0,1],"RelY":1},{"x":1021,"y":1772,"isAttachedTo":"bb576","RelX":0,"anchor":[0.5,0,0,-1],"RelY":-1}],"interactionGraph":[{"id":"a9d","interactsWith":"bb576"}],"interactionType":"gpml:Arrow"},{"gpmlType":"anchor","zIndex":null,"networkType":"node","@type":["anchor"],"graphicalType":"path","x":null,"y":null},{"networkType":"edge","gpmlType":"interaction","@type":["interaction"],"graphicalType":"path","markerEnd":"arrow","points":[{"x":994.5,"y":1792,"isAttachedTo":"bb576","RelX":-0.5,"anchor":[0.25,1,0,1],"RelY":1},{"x":922,"y":1933.7333333333336,"isAttachedTo":"a31","RelX":0,"anchor":[0.5,0,0,-1],"RelY":-1}],"interactionGraph":[{"id":"bb576","interactsWith":"a31"}],"interactionType":"gpml:Arrow"},{"gpmlType":"anchor","zIndex":null,"networkType":"node","@type":["anchor"],"graphicalType":"path","x":null,"y":null},{"networkType":"edge","gpmlType":"interaction","@type":["interaction"],"graphicalType":"path","markerEnd":"arrow","points":[{"x":1047.5,"y":1792,"isAttachedTo":"bb576","RelX":0.5,"anchor":[0.75,1,0,1],"RelY":1},{"x":1128,"y":1933,"isAttachedTo":"bf98b","RelX":0,"anchor":[0.5,0,0,-1],"RelY":-1}],"interactionGraph":[{"id":"bb576","interactsWith":"bf98b"}],"interactionType":"gpml:Arrow"},{"gpmlType":"anchor","zIndex":null,"networkType":"node","@type":["anchor"],"graphicalType":"path","x":null,"y":null},{"networkType":"edge","gpmlType":"interaction","@type":["interaction"],"graphicalType":"path","markerEnd":"arrow","points":[{"x":1540.6666666666667,"y":1216.9333333333334,"isAttachedTo":"ebe","RelX":0,"anchor":[0.5,1,0,1],"RelY":1},{"x":1537.7109165313768,"y":1251.1165048543703,"isAttachedTo":"c361a","RelX":0,"anchor":[0.5,0,0,-1],"RelY":-1}],"interactionGraph":[{"id":"ebe","interactsWith":"c361a"}],"interactionType":"gpml:Arrow"},{"networkType":"edge","gpmlType":"interaction","@type":["interaction"],"graphicalType":"path","markerEnd":"arrow","points":[{"x":503.99323769270836,"y":1952.9333333333334,"isAttachedTo":"c41","RelX":0,"anchor":[0.5,1,0,1],"RelY":1},{"x":490.3892144073037,"y":1987.7175356795894,"isAttachedTo":"aaee7","RelX":0,"anchor":[0.5,0,0,-1],"RelY":-1}],"interactionGraph":[{"id":"c41","interactsWith":"aaee7"}],"interactionType":"gpml:Arrow"},{"networkType":"edge","gpmlType":"interaction","@type":["interaction"],"graphicalType":"path","markerEnd":"arrow","points":[{"x":922,"y":1952.9333333333334,"isAttachedTo":"a31","RelX":0,"anchor":[0.5,1,0,1],"RelY":1},{"x":897.0955562030023,"y":2012.008130081305,"isAttachedTo":"dbff2","RelX":0,"anchor":[0.5,0,0,-1],"RelY":-1}],"interactionGraph":[{"id":"a31","interactsWith":"dbff2"}],"interactionType":"gpml:Arrow"},{"networkType":"edge","gpmlType":"interaction","@type":["interaction"],"graphicalType":"path","markerEnd":"arrow","points":[{"x":1408,"y":1547.5,"isAttachedTo":"f19","RelX":0,"anchor":[0.5,1,0,1],"RelY":1},{"x":1407.5,"y":1647,"isAttachedTo":"d85b0","RelX":0,"anchor":[0.5,0,0,-1],"RelY":-1}],"interactionGraph":[{"id":"f19","interactsWith":"d85b0"}],"interactionType":"gpml:Arrow"},{"gpmlType":"anchor","zIndex":null,"networkType":"node","@type":["anchor"],"graphicalType":"path","x":null,"y":null},{"networkType":"edge","gpmlType":"interaction","@type":["interaction"],"graphicalType":"path","markerEnd":"arrow","points":[{"x":1407.5,"y":1667,"isAttachedTo":"d85b0","RelX":0,"anchor":[0.5,1,0,1],"RelY":1},{"x":1408,"y":1768.5,"isAttachedTo":"f0d","RelX":0,"anchor":[0.5,0,0,-1],"RelY":-1}],"interactionGraph":[{"id":"d85b0","interactsWith":"f0d"}],"interactionType":"gpml:Arrow"},{"gpmlType":"anchor","zIndex":null,"networkType":"node","@type":["anchor"],"graphicalType":"path","x":null,"y":null},{"networkType":"edge","gpmlType":"interaction","@type":["interaction"],"graphicalType":"path","markerEnd":"arrow","points":[{"x":1744.6666666666665,"y":1419.5,"isAttachedTo":"d17","RelX":0,"anchor":[0.5,1,0,1],"RelY":1},{"x":1744.6666666666665,"y":1528.5,"isAttachedTo":"a8c","RelX":0,"anchor":[0.5,0,0,-1],"RelY":-1}],"interactionGraph":[{"id":"d17","interactsWith":"a8c"}],"interactionType":"gpml:Arrow"},{"gpmlType":"anchor","zIndex":null,"networkType":"node","@type":["anchor"],"graphicalType":"path","x":null,"y":null},{"networkType":"edge","gpmlType":"interaction","@type":["interaction"],"graphicalType":"path","markerEnd":"arrow","points":[{"x":1693.5,"y":1538,"isAttachedTo":"a8c","RelX":-1,"anchor":[0,0.5,-1,0],"RelY":0},{"x":1460.1666666666665,"y":1538,"isAttachedTo":"f19","RelX":1,"anchor":[1,0.5,1,0],"RelY":0}],"interactionGraph":[{"id":"a8c","interactsWith":"f19"}],"interactionType":"gpml:Arrow"},{"gpmlType":"anchor","zIndex":null,"networkType":"node","@type":["anchor"],"graphicalType":"path","x":null,"y":null},{"networkType":"edge","gpmlType":"interaction","@type":["interaction"],"graphicalType":"path","markerEnd":"arrow","points":[{"x":1408,"y":1787.5,"isAttachedTo":"f0d","RelX":0,"anchor":[0.5,1,0,1],"RelY":1},{"x":1408,"y":1928.5,"isAttachedTo":"a4f","RelX":0,"anchor":[0.5,0,0,-1],"RelY":-1}],"interactionGraph":[{"id":"f0d","interactsWith":"a4f"}],"interactionType":"gpml:Arrow"},{"gpmlType":"anchor","zIndex":null,"networkType":"node","@type":["anchor"],"graphicalType":"path","x":null,"y":null},{"networkType":"edge","gpmlType":"interaction","@type":["interaction"],"graphicalType":"path","markerEnd":"arrow","points":[{"x":1408,"y":1947.5,"isAttachedTo":"a4f","RelX":0,"anchor":[0.5,1,0,1],"RelY":1},{"x":1412.4114062641743,"y":2001.3716814159266,"isAttachedTo":"e339d","RelX":0,"anchor":[0.5,0,0,-1],"RelY":-1}],"interactionGraph":[{"id":"a4f","interactsWith":"e339d"}],"interactionType":"gpml:Arrow"},{"networkType":"edge","gpmlType":"interaction","@type":["interaction"],"graphicalType":"path","markerEnd":"arrow","points":[{"x":1168,"y":1943,"isAttachedTo":"bf98b","RelX":1,"anchor":[1,0.5,1,0],"RelY":0},{"x":1188,"y":1943},{"x":1188,"y":1508.5},{"x":1408,"y":1508.5},{"x":1408,"y":1528.5,"isAttachedTo":"f19","RelX":0,"anchor":[0.5,0,0,-1],"RelY":-1}],"interactionGraph":[{"id":"bf98b","interactsWith":"f19"}],"interactionType":"gpml:Arrow"},{"gpmlType":"anchor","zIndex":null,"networkType":"node","@type":["anchor"],"graphicalType":"path","x":null,"y":null},{"networkType":"edge","gpmlType":"interaction","@type":["interaction"],"graphicalType":"path","markerEnd":"arrow","points":[{"x":1377.333333333333,"y":104.83333333333333,"isAttachedTo":"c6d","RelX":0,"anchor":[0.5,1,0,1],"RelY":1},{"x":1377,"y":273,"isAttachedTo":"ace05","RelX":0,"anchor":[0.5,0,0,-1],"RelY":-1}],"interactionGraph":[{"id":"c6d","interactsWith":"ace05"}],"interactionType":"gpml:Arrow"},{"gpmlType":"anchor","zIndex":null,"networkType":"node","@type":["anchor"],"graphicalType":"path","x":null,"y":null},{"networkType":"edge","gpmlType":"interaction","@type":["interaction"],"graphicalType":"path","markerEnd":"arrow","points":[{"x":1377,"y":293,"isAttachedTo":"ace05","RelX":0,"anchor":[0.5,1,0,1],"RelY":1},{"x":1377.333333333333,"y":409.1666666666667,"isAttachedTo":"ef8","RelX":0,"anchor":[0.5,0,0,-1],"RelY":-1}],"interactionGraph":[{"id":"ace05","interactsWith":"ef8"}],"interactionType":"gpml:Arrow"},{"gpmlType":"anchor","zIndex":null,"networkType":"node","@type":["anchor"],"graphicalType":"path","x":null,"y":null},{"networkType":"edge","gpmlType":"interaction","@type":["interaction"],"graphicalType":"path","markerEnd":"arrow","points":[{"x":1377.333333333333,"y":428.1666666666667,"isAttachedTo":"ef8","RelX":0,"anchor":[0.5,1,0,1],"RelY":1},{"x":1377.333333333333,"y":575.8333333333334,"isAttachedTo":"c15","RelX":0,"anchor":[0.5,0,0,-1],"RelY":-1}],"interactionGraph":[{"id":"ef8","interactsWith":"c15"}],"interactionType":"gpml:Arrow"},{"gpmlType":"anchor","zIndex":null,"networkType":"node","@type":["anchor"],"graphicalType":"path","x":null,"y":null},{"networkType":"edge","gpmlType":"interaction","@type":["interaction"],"graphicalType":"path","markerEnd":"arrow","points":[{"x":1454.4999999999995,"y":585.3333333333334,"isAttachedTo":"c15","RelX":1,"anchor":[1,0.5,1,0],"RelY":0},{"x":1544.3006906249998,"y":585.3333333333334},{"x":1544.3006906249998,"y":329},{"x":1696,"y":329,"isAttachedTo":"beea6","RelX":-1,"anchor":[0,0.5,-1,0],"RelY":0}],"interactionGraph":[{"id":"c15","interactsWith":"beea6"}],"interactionType":"gpml:Arrow"},{"gpmlType":"anchor","zIndex":null,"networkType":"node","@type":["anchor"],"graphicalType":"path","x":null,"y":null},{"networkType":"edge","gpmlType":"interaction","@type":["interaction"],"graphicalType":"path","markerEnd":"arrow","points":[{"x":1315.7499999999998,"y":428.1666666666667,"isAttachedTo":"ef8","RelX":-0.5,"anchor":[0.25,1,0,1],"RelY":1},{"x":1242.5833333333333,"y":517.8333333333334,"isAttachedTo":"b74","RelX":0.5,"anchor":[0.75,0,0,-1],"RelY":-1}],"interactionGraph":[{"id":"ef8","interactsWith":"b74"}],"interactionType":"gpml:Arrow"},{"networkType":"edge","gpmlType":"interaction","@type":["interaction"],"graphicalType":"path","markerEnd":"arrow","points":[{"x":1779.5,"y":339,"isAttachedTo":"beea6","RelX":0,"anchor":[0.5,1,0,1],"RelY":1},{"x":1780,"y":547,"isAttachedTo":"f91b4","RelX":0,"anchor":[0.5,0,0,-1],"RelY":-1}],"interactionGraph":[{"id":"beea6","interactsWith":"f91b4"}],"interactionType":"gpml:Arrow"},{"gpmlType":"anchor","zIndex":null,"networkType":"node","@type":["anchor"],"graphicalType":"path","x":null,"y":null},{"networkType":"edge","gpmlType":"interaction","@type":["interaction"],"graphicalType":"path","markerEnd":"arrow","points":[{"x":1780,"y":567,"isAttachedTo":"f91b4","RelX":0,"anchor":[0.5,1,0,1],"RelY":1},{"x":1780,"y":754.8293812499998},{"x":1674,"y":754.8293812499998},{"x":1674,"y":791,"isAttachedTo":"b172b","RelX":0.5,"anchor":[0.75,0,0,-1],"RelY":-1}],"interactionGraph":[{"id":"f91b4","interactsWith":"b172b"}],"interactionType":"gpml:Arrow"},{"gpmlType":"anchor","zIndex":null,"networkType":"node","@type":["anchor"],"graphicalType":"path","x":null,"y":null},{"networkType":"edge","gpmlType":"interaction","@type":["interaction"],"graphicalType":"path","markerEnd":"arrow","points":[{"x":1348.9999999999998,"y":104.83333333333333,"isAttachedTo":"c6d","RelX":-0.5,"anchor":[0.25,1,0,1],"RelY":1},{"x":1260.5833333333333,"y":187.83333333333334,"isAttachedTo":"f33","RelX":0.5,"anchor":[0.75,0,0,-1],"RelY":-1}],"interactionGraph":[{"id":"c6d","interactsWith":"f33"}],"interactionType":"gpml:Arrow"},{"networkType":"edge","gpmlType":"interaction","@type":["interaction"],"graphicalType":"path","markerEnd":"arrow","points":[{"x":1767.3333333333333,"y":1217.6,"isAttachedTo":"aa5","RelX":0,"anchor":[0.5,1,0,1],"RelY":1},{"x":1767.3333333333333,"y":1197.6},{"x":607.5,"y":1197.6},{"x":607.5,"y":1526,"isAttachedTo":"a0c90","RelX":0,"anchor":[0.5,0,0,-1],"RelY":-1}],"interactionGraph":[{"id":"aa5","interactsWith":"a0c90"}],"interactionType":"gpml:Arrow"},{"gpmlType":"anchor","zIndex":null,"networkType":"node","@type":["anchor"],"graphicalType":"path","x":null,"y":null},{"networkType":"edge","gpmlType":"interaction","@type":["interaction"],"graphicalType":"path","markerEnd":"mimStimulation","points":[{"x":72.96839147933699,"y":813.9536383395308,"isAttachedTo":"eeec7","RelX":1,"anchor":[1,0.5,1,0],"RelY":0},{"x":113.60124660954541,"y":813.9973252295804,"isAttachedTo":"ba874","RelX":0,"anchor":[0.5,0.5,0,0],"RelY":0}],"interactionGraph":[{"id":"eeec7","interactsWith":"ba874"}],"interactionType":"mim-stimulation"},{"networkType":"edge","gpmlType":"interaction","@type":["interaction"],"graphicalType":"path","markerEnd":"mimStimulation","points":[{"x":225.07880338037882,"y":739.4010752145309,"isAttachedTo":"fcb","RelX":-0.5,"anchor":[0.25,0,0,-1],"RelY":-1},{"x":195.9297014277575,"y":710.3568466936977,"isAttachedTo":"f0cab","RelX":0,"anchor":[0.5,0.5,0,0],"RelY":0}],"interactionGraph":[{"id":"fcb","interactsWith":"f0cab"}],"interactionType":"mim-stimulation"},{"networkType":"edge","gpmlType":"interaction","@type":["interaction"],"graphicalType":"path","markerEnd":"mimStimulation","points":[{"x":261.7454700470455,"y":739.4010752145309,"isAttachedTo":"fcb","RelX":0.5,"anchor":[0.75,0,0,-1],"RelY":-1},{"x":308.5139486948939,"y":704.783848399552,"isAttachedTo":"c1653","RelX":0,"anchor":[0.5,0.5,0,0],"RelY":0}],"interactionGraph":[{"id":"fcb","interactsWith":"c1653"}],"interactionType":"mim-stimulation"},{"networkType":"edge","gpmlType":"interaction","@type":["interaction"],"graphicalType":"path","markerEnd":"mimStimulation","points":[{"x":62.09675796371198,"y":912.8965865686973,"isAttachedTo":"bd8","RelX":1,"anchor":[1,0.5,1,0],"RelY":0},{"x":113.60124660954541,"y":912.8469716728641,"isAttachedTo":"f0eb0","RelX":0,"anchor":[0.5,0.5,0,0],"RelY":0}],"interactionGraph":[{"id":"bd8","interactsWith":"f0eb0"}],"interactionType":"mim-stimulation"},{"networkType":"edge","gpmlType":"interaction","@type":["interaction"],"graphicalType":"path","markerEnd":"mimStimulation","points":[{"x":59.267913276212006,"y":1005.9536383395302,"isAttachedTo":"cb3","RelX":1,"anchor":[1,0.5,1,0],"RelY":0},{"x":113.60124660954541,"y":1004.6423295521505,"isAttachedTo":"c85b7","RelX":0,"anchor":[0.5,0.5,0,0],"RelY":0}],"interactionGraph":[{"id":"cb3","interactsWith":"c85b7"}],"interactionType":"mim-stimulation"},{"networkType":"edge","gpmlType":"interaction","@type":["interaction"],"graphicalType":"path","markerEnd":"mimStimulation","points":[{"x":300.21086150537883,"y":844.5632532353645,"isAttachedTo":"bf69a","RelX":1,"anchor":[1,0.5,1,0],"RelY":0},{"x":372.66666666666663,"y":814.9524266983902,"isAttachedTo":"d1e9f","RelX":0,"anchor":[0.5,0.5,0,0],"RelY":0}],"interactionGraph":[{"id":"bf69a","interactsWith":"d1e9f"}],"interactionType":"mim-stimulation"},{"networkType":"edge","gpmlType":"interaction","@type":["interaction"],"graphicalType":"path","markerEnd":"mimStimulation","points":[{"x":318.2746755835039,"y":1018.2937339801556,"isAttachedTo":"e6daa","RelX":1,"anchor":[1,0.5,1,0],"RelY":0},{"x":372.14671714582704,"y":1017.1940461930715,"isAttachedTo":"fd3b3","RelX":0,"anchor":[0.5,0.5,0,0],"RelY":0}],"interactionGraph":[{"id":"e6daa","interactsWith":"fd3b3"}],"interactionType":"mim-stimulation"},{"networkType":"edge","gpmlType":"interaction","@type":["interaction"],"graphicalType":"path","markerEnd":"mimStimulation","points":[{"x":555.3333333333334,"y":1117.6666666666667,"isAttachedTo":"b34cb","RelX":-0.5,"anchor":[0.25,0,0,-1],"RelY":-1},{"x":525.0665725670013,"y":1094.255519234276,"isAttachedTo":"a6ad8","RelX":0,"anchor":[0.5,0.5,0,0],"RelY":0}],"interactionGraph":[{"id":"b34cb","interactsWith":"a6ad8"}],"interactionType":"mim-stimulation"},{"networkType":"edge","gpmlType":"interaction","@type":["interaction"],"graphicalType":"path","markerEnd":"mimStimulation","points":[{"x":603.3333333333334,"y":1117.6666666666667,"isAttachedTo":"b34cb","RelX":0.5,"anchor":[0.75,0,0,-1],"RelY":-1},{"x":634.3119067675884,"y":1091.0039093939195,"isAttachedTo":"bd5c1","RelX":0,"anchor":[0.5,0.5,0,0],"RelY":0}],"interactionGraph":[{"id":"b34cb","interactsWith":"bd5c1"}],"interactionType":"mim-stimulation"},{"networkType":"edge","gpmlType":"interaction","@type":["interaction"],"graphicalType":"path","markerEnd":"mimStimulation","points":[{"x":553.3333333333333,"y":855.6666666666666,"isAttachedTo":"adc6a","RelX":1,"anchor":[1,0.5,1,0],"RelY":0},{"x":578.7698924731183,"y":854.9098924731184,"isAttachedTo":"bbc65","RelX":0,"anchor":[0.5,0.5,0,0],"RelY":0}],"interactionGraph":[{"id":"adc6a","interactsWith":"bbc65"}],"interactionType":"mim-stimulation"},{"networkType":"edge","gpmlType":"interaction","@type":["interaction"],"graphicalType":"path","markerEnd":"mimStimulation","points":[{"x":556.5833333333333,"y":988,"isAttachedTo":"d7c72","RelX":1,"anchor":[1,0.5,1,0],"RelY":0},{"x":578.9141120279234,"y":987.4891137785282,"isAttachedTo":"e459c","RelX":0,"anchor":[0.5,0.5,0,0],"RelY":0}],"interactionGraph":[{"id":"d7c72","interactsWith":"e459c"}],"interactionType":"mim-stimulation"},{"networkType":"edge","gpmlType":"interaction","@type":["interaction"],"graphicalType":"path","markerEnd":"mimStimulation","points":[{"x":914.6666666666667,"y":725,"isAttachedTo":"fc3","RelX":0,"anchor":[0.5,1,0,1],"RelY":1},{"x":912.4635926104928,"y":771.0666666666666,"isAttachedTo":"caad4","RelX":0,"anchor":[0.5,0.5,0,0],"RelY":0}],"interactionGraph":[{"id":"fc3","interactsWith":"caad4"}],"interactionType":"mim-stimulation"},{"networkType":"edge","gpmlType":"interaction","@type":["interaction"],"graphicalType":"path","markerEnd":"mimStimulation","points":[{"x":917.3333333333333,"y":859,"isAttachedTo":"c6581","RelX":1,"anchor":[1,0.5,1,0],"RelY":0},{"x":952.4368631637943,"y":859.1209263854425,"isAttachedTo":"c9fbc","RelX":0,"anchor":[0.5,0.5,0,0],"RelY":0}],"interactionGraph":[{"id":"c6581","interactsWith":"c9fbc"}],"interactionType":"mim-stimulation"},{"networkType":"edge","gpmlType":"interaction","@type":["interaction"],"graphicalType":"path","markerEnd":"mimStimulation","points":[{"x":917.3333333333333,"y":982.6666666666666,"isAttachedTo":"ca83d","RelX":1,"anchor":[1,0.5,1,0],"RelY":0},{"x":952.3864726925293,"y":982.5897707231042,"isAttachedTo":"bcd7d","RelX":0,"anchor":[0.5,0.5,0,0],"RelY":0}],"interactionGraph":[{"id":"ca83d","interactsWith":"bcd7d"}],"interactionType":"mim-stimulation"},{"networkType":"edge","gpmlType":"interaction","@type":["interaction"],"graphicalType":"path","markerEnd":"arrow","points":[{"x":928.6666666666666,"y":1112.6666666666667,"isAttachedTo":"a9c06","RelX":-0.5,"anchor":[0.25,0,0,-1],"RelY":-1},{"x":893.7647499418022,"y":1098.6418062042283,"isAttachedTo":"d0124","RelX":0,"anchor":[0.5,0.5,0,0],"RelY":0}],"interactionGraph":[{"id":"a9c06","interactsWith":"d0124"}],"interactionType":"gpml:Arrow"},{"networkType":"edge","gpmlType":"interaction","@type":["interaction"],"graphicalType":"path","markerEnd":"arrow","points":[{"x":976.6666666666666,"y":1112.6666666666667,"isAttachedTo":"a9c06","RelX":0.5,"anchor":[0.75,0,0,-1],"RelY":-1},{"x":1017.5009345924141,"y":1086.6442319634557,"isAttachedTo":"e6b0a","RelX":0,"anchor":[0.5,0.5,0,0],"RelY":0}],"interactionGraph":[{"id":"a9c06","interactsWith":"e6b0a"}],"interactionType":"gpml:Arrow"},{"networkType":"edge","gpmlType":"interaction","@type":["interaction"],"graphicalType":"path","markerEnd":"mimStimulation","points":[{"x":1270.6666666666665,"y":728,"isAttachedTo":"ece","RelX":0,"anchor":[0.5,1,0,1],"RelY":1},{"x":1269.710702332764,"y":778,"isAttachedTo":"c6cc0","RelX":0,"anchor":[0.5,0.5,0,0],"RelY":0}],"interactionGraph":[{"id":"ece","interactsWith":"c6cc0"}],"interactionType":"mim-stimulation"},{"networkType":"edge","gpmlType":"interaction","@type":["interaction"],"graphicalType":"path","markerEnd":"mimStimulation","points":[{"x":1260.333333333333,"y":849.9576107899807,"isAttachedTo":"f38","RelX":1,"anchor":[1,0.5,1,0],"RelY":0},{"x":1297.5333333333333,"y":850.96,"isAttachedTo":"ced7a","RelX":0,"anchor":[0.5,0.5,0,0],"RelY":0}],"interactionGraph":[{"id":"f38","interactsWith":"ced7a"}],"interactionType":"mim-stimulation"},{"networkType":"edge","gpmlType":"interaction","@type":["interaction"],"graphicalType":"path","markerEnd":"mimStimulation","points":[{"x":1267,"y":955,"isAttachedTo":"b31","RelX":1,"anchor":[1,0.5,1,0],"RelY":0},{"x":1298.333333333333,"y":955.5200000000001,"isAttachedTo":"d3e70","RelX":0,"anchor":[0.5,0.5,0,0],"RelY":0}],"interactionGraph":[{"id":"b31","interactsWith":"d3e70"}],"interactionType":"mim-stimulation"},{"networkType":"edge","gpmlType":"interaction","@type":["interaction"],"graphicalType":"path","markerEnd":"mimStimulation","points":[{"x":1274.3333333333333,"y":1083.3333333333333,"isAttachedTo":"d256a","RelX":-0.5,"anchor":[0.25,0,0,-1],"RelY":-1},{"x":1242.070809208068,"y":1072.3069619182124,"isAttachedTo":"ea603","RelX":0,"anchor":[0.5,0.5,0,0],"RelY":0}],"interactionGraph":[{"id":"d256a","interactsWith":"ea603"}],"interactionType":"mim-stimulation"},{"networkType":"edge","gpmlType":"interaction","@type":["interaction"],"graphicalType":"path","markerEnd":"mimStimulation","points":[{"x":1322.3333333333333,"y":1083.3333333333333,"isAttachedTo":"d256a","RelX":0.5,"anchor":[0.75,0,0,-1],"RelY":-1},{"x":1352.9889524853656,"y":1071.6345542274428,"isAttachedTo":"d1393","RelX":0,"anchor":[0.5,0.5,0,0],"RelY":0}],"interactionGraph":[{"id":"d256a","interactsWith":"d1393"}],"interactionType":"mim-stimulation"},{"networkType":"edge","gpmlType":"interaction","@type":["interaction"],"graphicalType":"path","markerEnd":"mimStimulation","points":[{"x":1535.309002708334,"y":729.0570517708334,"isAttachedTo":"aa3","RelX":0,"anchor":[0.5,1,0,1],"RelY":1},{"x":1534.9486957930953,"y":801,"isAttachedTo":"f013b","RelX":0,"anchor":[0.5,0.5,0,0],"RelY":0}],"interactionGraph":[{"id":"aa3","interactsWith":"f013b"}],"interactionType":"mim-stimulation"},{"networkType":"edge","gpmlType":"interaction","@type":["interaction"],"graphicalType":"path","markerEnd":"mimStimulation","points":[{"x":1601.3333333333335,"y":978.6666666666666,"isAttachedTo":"cb0","RelX":1,"anchor":[1,0.5,1,0],"RelY":0},{"x":1644.788745590829,"y":977.2662477954145,"isAttachedTo":"ba6bd","RelX":0,"anchor":[0.5,0.5,0,0],"RelY":0}],"interactionGraph":[{"id":"cb0","interactsWith":"ba6bd"}],"interactionType":"mim-stimulation"},{"networkType":"node","nodeType":"Label","@type":["label"],"gpmlType":"label","graphicalType":"path"},{"networkType":"edge","gpmlType":"interaction","@type":["interaction"],"graphicalType":"path","markerEnd":"mimStimulation","points":[{"x":1622.3333333333333,"y":1120,"isAttachedTo":"ac0a1","RelX":-0.5,"anchor":[0.25,0,0,-1],"RelY":-1},{"x":1589.8800438739859,"y":1097.56409570657,"isAttachedTo":"b9e78","RelX":0,"anchor":[0.5,0.5,0,0],"RelY":0}],"interactionGraph":[{"id":"ac0a1","interactsWith":"b9e78"}],"interactionType":"mim-stimulation"},{"networkType":"edge","gpmlType":"interaction","@type":["interaction"],"graphicalType":"path","markerEnd":"mimStimulation","points":[{"x":1666.9999999999998,"y":1120,"isAttachedTo":"ac0a1","RelX":0.5,"anchor":[0.75,0,0,-1],"RelY":-1},{"x":1701.6177063397083,"y":1092.4118529166974,"isAttachedTo":"ee27a","RelX":0,"anchor":[0.5,0.5,0,0],"RelY":0}],"interactionGraph":[{"id":"ac0a1","interactsWith":"ee27a"}],"interactionType":"mim-stimulation"},{"networkType":"edge","gpmlType":"interaction","@type":["interaction"],"graphicalType":"path","markerEnd":"mimStimulation","points":[{"x":1831.9132874999991,"y":689.9597041666665,"isAttachedTo":"d9c","RelX":-1,"anchor":[0,0.5,-1,0],"RelY":0},{"x":1780,"y":690.0854642593702,"isAttachedTo":"c7cac","RelX":0,"anchor":[0.5,0.5,0,0],"RelY":0}],"interactionGraph":[{"id":"d9c","interactsWith":"c7cac"}],"interactionType":"mim-stimulation"},{"networkType":"edge","gpmlType":"interaction","@type":["interaction"],"graphicalType":"path","markerEnd":"mimStimulation","points":[{"x":1824,"y":431.3333333333333,"isAttachedTo":"d32","RelX":-1,"anchor":[0,0.5,-1,0],"RelY":0},{"x":1779.7153543307086,"y":428.58740157480315,"isAttachedTo":"d278c","RelX":0,"anchor":[0.5,0.5,0,0],"RelY":0}],"interactionGraph":[{"id":"d32","interactsWith":"d278c"}],"interactionType":"mim-stimulation"},{"networkType":"edge","gpmlType":"interaction","@type":["interaction"],"graphicalType":"path","markerEnd":"mimStimulation","points":[{"x":1620.4775567708325,"y":475.0089772916667,"isAttachedTo":"ffb","RelX":-1,"anchor":[0,0.5,-1,0],"RelY":0},{"x":1544.3006906249998,"y":474.77674124999993,"isAttachedTo":"fc298","RelX":0,"anchor":[0.5,0.5,0,0],"RelY":0}],"interactionGraph":[{"id":"ffb","interactsWith":"fc298"}],"interactionType":"mim-stimulation"},{"networkType":"edge","gpmlType":"interaction","@type":["interaction"],"graphicalType":"path","markerEnd":"mimStimulation","points":[{"x":1400,"y":194.66666666666666,"isAttachedTo":"b9ec0","RelX":-1,"anchor":[0,0.5,-1,0],"RelY":0},{"x":1377.156462585034,"y":194.06462585034015,"isAttachedTo":"fb24b","RelX":0,"anchor":[0.5,0.5,0,0],"RelY":0}],"interactionGraph":[{"id":"b9ec0","interactsWith":"fb24b"}],"interactionType":"mim-stimulation"},{"networkType":"edge","gpmlType":"interaction","@type":["interaction"],"graphicalType":"path","markerEnd":"mimStimulation","points":[{"x":1408,"y":340,"isAttachedTo":"ad8","RelX":-1,"anchor":[0,0.5,-1,0],"RelY":0},{"x":1377.1333333333332,"y":339.4666666666667,"isAttachedTo":"e4064","RelX":0,"anchor":[0.5,0.5,0,0],"RelY":0}],"interactionGraph":[{"id":"ad8","interactsWith":"e4064"}],"interactionType":"mim-stimulation"},{"networkType":"edge","gpmlType":"interaction","@type":["interaction"],"graphicalType":"path","markerEnd":"mimStimulation","points":[{"x":1400,"y":486.66666666666674,"isAttachedTo":"d00b7","RelX":-1,"anchor":[0,0.5,-1,0],"RelY":0},{"x":1377.333333333333,"y":487.23333333333335,"isAttachedTo":"c8444","RelX":0,"anchor":[0.5,0.5,0,0],"RelY":0}],"interactionGraph":[{"id":"d00b7","interactsWith":"c8444"}],"interactionType":"mim-stimulation"},{"networkType":"edge","gpmlType":"interaction","@type":["interaction"],"graphicalType":"path","markerEnd":"mimStimulation","points":[{"x":561,"y":1428,"isAttachedTo":"a5b","RelX":1,"anchor":[1,0.5,1,0],"RelY":0},{"x":607.5,"y":1427.6274338294436,"isAttachedTo":"d852e","RelX":0,"anchor":[0.5,0.5,0,0],"RelY":0}],"interactionGraph":[{"id":"a5b","interactsWith":"d852e"}],"interactionType":"mim-stimulation"},{"networkType":"edge","gpmlType":"interaction","@type":["interaction"],"graphicalType":"path","markerEnd":"mimStimulation","points":[{"x":561,"y":1589,"isAttachedTo":"d92","RelX":1,"anchor":[1,0.5,1,0],"RelY":0},{"x":607.5720765125,"y":1588.8,"isAttachedTo":"fbe6c","RelX":0,"anchor":[0.5,0.5,0,0],"RelY":0}],"interactionGraph":[{"id":"d92","interactsWith":"fbe6c"}],"interactionType":"mim-stimulation"},{"networkType":"edge","gpmlType":"interaction","@type":["interaction"],"graphicalType":"path","markerEnd":"mimStimulation","points":[{"x":567.6666666666667,"y":1713.6666666666667,"isAttachedTo":"c02","RelX":1,"anchor":[1,0.5,1,0],"RelY":0},{"x":607.9662295375,"y":1712.56396174375,"isAttachedTo":"e6714","RelX":0,"anchor":[0.5,0.5,0,0],"RelY":0}],"interactionGraph":[{"id":"c02","interactsWith":"e6714"}],"interactionType":"mim-stimulation"},{"networkType":"edge","gpmlType":"interaction","@type":["interaction"],"graphicalType":"path","markerEnd":"mimStimulation","points":[{"x":584.0000000000001,"y":1860.3333333333333,"isAttachedTo":"aa946","RelX":-0.5,"anchor":[0.25,0,0,-1],"RelY":-1},{"x":550.8469672302084,"y":1848.6392759489586,"isAttachedTo":"d7c32","RelX":0,"anchor":[0.5,0.5,0,0],"RelY":0}],"interactionGraph":[{"id":"aa946","interactsWith":"d7c32"}],"interactionType":"mim-stimulation"},{"networkType":"edge","gpmlType":"interaction","@type":["interaction"],"graphicalType":"path","markerEnd":"mimStimulation","points":[{"x":628.6666666666669,"y":1860.3333333333333,"isAttachedTo":"aa946","RelX":0.5,"anchor":[0.75,0,0,-1],"RelY":-1},{"x":666.0586628818352,"y":1840.7054019529755,"isAttachedTo":"b478a","RelX":0,"anchor":[0.5,0.5,0,0],"RelY":0}],"interactionGraph":[{"id":"aa946","interactsWith":"b478a"}],"interactionType":"mim-stimulation"},{"networkType":"edge","gpmlType":"interaction","@type":["interaction"],"graphicalType":"path","markerEnd":"mimStimulation","points":[{"x":972,"y":1469,"isAttachedTo":"e6e","RelX":0,"anchor":[0.5,1,0,1],"RelY":1},{"x":970.3606620891537,"y":1509,"isAttachedTo":"ac316","RelX":0,"anchor":[0.5,0.5,0,0],"RelY":0}],"interactionGraph":[{"id":"e6e","interactsWith":"ac316"}],"interactionType":"mim-stimulation"},{"networkType":"edge","gpmlType":"interaction","@type":["interaction"],"graphicalType":"path","markerEnd":"mimStimulation","points":[{"x":978.7679882525699,"y":1591.2026431718064,"isAttachedTo":"aef","RelX":1,"anchor":[1,0.5,1,0],"RelY":0},{"x":1021.4,"y":1590.8933333333334,"isAttachedTo":"f59af","RelX":0,"anchor":[0.5,0.5,0,0],"RelY":0}],"interactionGraph":[{"id":"aef","interactsWith":"f59af"}],"interactionType":"mim-stimulation"},{"networkType":"edge","gpmlType":"interaction","@type":["interaction"],"graphicalType":"path","markerEnd":"mimStimulation","points":[{"x":984.3333333333333,"y":1713.6666666666667,"isAttachedTo":"db7","RelX":1,"anchor":[1,0.5,1,0],"RelY":0},{"x":1021.6,"y":1712.56,"isAttachedTo":"e0d6f","RelX":0,"anchor":[0.5,0.5,0,0],"RelY":0}],"interactionGraph":[{"id":"db7","interactsWith":"e0d6f"}],"interactionType":"mim-stimulation"},{"networkType":"edge","gpmlType":"interaction","@type":["interaction"],"graphicalType":"path","markerEnd":"arrow","points":[{"x":1000.6666666666666,"y":1862.3333333333333,"isAttachedTo":"c3868","RelX":-0.5,"anchor":[0.25,0,0,-1],"RelY":-1},{"x":965.5,"y":1848.6933333333334,"isAttachedTo":"aa817","RelX":0,"anchor":[0.5,0.5,0,0],"RelY":0}],"interactionGraph":[{"id":"c3868","interactsWith":"aa817"}],"interactionType":"gpml:Arrow"},{"networkType":"edge","gpmlType":"interaction","@type":["interaction"],"graphicalType":"path","markerEnd":"arrow","points":[{"x":1045.3333333333333,"y":1862.3333333333333,"isAttachedTo":"c3868","RelX":0.5,"anchor":[0.75,0,0,-1],"RelY":-1},{"x":1079.7,"y":1848.4,"isAttachedTo":"bd490","RelX":0,"anchor":[0.5,0.5,0,0],"RelY":0}],"interactionGraph":[{"id":"c3868","interactsWith":"bd490"}],"interactionType":"gpml:Arrow"},{"networkType":"edge","gpmlType":"interaction","@type":["interaction"],"graphicalType":"path","markerEnd":"mimStimulation","points":[{"x":1374.6666666666665,"y":1587.3333333333333,"isAttachedTo":"cfa","RelX":1,"anchor":[1,0.5,1,0],"RelY":0},{"x":1407.8,"y":1587.3,"isAttachedTo":"a4693","RelX":0,"anchor":[0.5,0.5,0,0],"RelY":0}],"interactionGraph":[{"id":"cfa","interactsWith":"a4693"}],"interactionType":"mim-stimulation"},{"networkType":"edge","gpmlType":"interaction","@type":["interaction"],"graphicalType":"path","markerEnd":"mimStimulation","points":[{"x":1378,"y":1707.3333333333333,"isAttachedTo":"e2c","RelX":1,"anchor":[1,0.5,1,0],"RelY":0},{"x":1407.7,"y":1707.6,"isAttachedTo":"ab3a3","RelX":0,"anchor":[0.5,0.5,0,0],"RelY":0}],"interactionGraph":[{"id":"e2c","interactsWith":"ab3a3"}],"interactionType":"mim-stimulation"},{"networkType":"edge","gpmlType":"interaction","@type":["interaction"],"graphicalType":"path","markerEnd":"mimStimulation","points":[{"x":1382.6666666666665,"y":1843.3333333333333,"isAttachedTo":"c1ebc","RelX":1,"anchor":[1,0.5,1,0],"RelY":0},{"x":1408,"y":1843.9,"isAttachedTo":"a8cbc","RelX":0,"anchor":[0.5,0.5,0,0],"RelY":0}],"interactionGraph":[{"id":"c1ebc","interactsWith":"a8cbc"}],"interactionType":"mim-stimulation"},{"networkType":"edge","gpmlType":"interaction","@type":["interaction"],"graphicalType":"path","markerEnd":"mimStimulation","points":[{"x":1367,"y":1465,"isAttachedTo":"a9b","RelX":0,"anchor":[0.5,1,0,1],"RelY":1},{"x":1366.9324364948143,"y":1508.5,"isAttachedTo":"b5385","RelX":0,"anchor":[0.5,0.5,0,0],"RelY":0}],"interactionGraph":[{"id":"a9b","interactsWith":"b5385"}],"interactionType":"mim-stimulation"},{"networkType":"edge","gpmlType":"interaction","@type":["interaction"],"graphicalType":"path","markerEnd":"mimStimulation","points":[{"x":1783,"y":1467,"isAttachedTo":"c92","RelX":-1,"anchor":[0,0.5,-1,0],"RelY":0},{"x":1744.6666666666665,"y":1467,"isAttachedTo":"dbb04","RelX":0,"anchor":[0.5,0.5,0,0],"RelY":0}],"interactionGraph":[{"id":"c92","interactsWith":"dbb04"}],"interactionType":"mim-stimulation"},{"networkType":"edge","gpmlType":"interaction","@type":["interaction"],"graphicalType":"path","markerEnd":"mimStimulation","points":[{"x":1583.333333333333,"y":1498,"isAttachedTo":"af4","RelX":0,"anchor":[0.5,1,0,1],"RelY":1},{"x":1583.1419130016823,"y":1538,"isAttachedTo":"b37f8","RelX":0,"anchor":[0.5,0.5,0,0],"RelY":0}],"interactionGraph":[{"id":"af4","interactsWith":"b37f8"}],"interactionType":"mim-stimulation"},{"networkType":"node","nodeType":"DataNode","dataNodeType":"Metabolite","@type":["DataNode","Metabolite","datanode"],"gpmlType":"datanode","graphicalType":"path","datasourceReference":{"database":"PubChem-compound","id":"440604","organism":"Homo sapiens"}},{"networkType":"node","nodeType":"DataNode","dataNodeType":"Metabolite","@type":["DataNode","Metabolite","datanode"],"gpmlType":"datanode","graphicalType":"path","datasourceReference":{"database":"PubChem-compound","id":"743","organism":"Homo sapiens"}},{"networkType":"node","nodeType":"DataNode","dataNodeType":"GeneProduct","@type":["DataNode","GeneProduct","datanode"],"gpmlType":"datanode","graphicalType":"path","datasourceReference":{"database":"Entrez Gene","id":"2710","organism":"Homo sapiens"},"unificationXref":"http://identifiers.org/ensembl/ENSG00000198814"},{"networkType":"node","nodeType":"DataNode","dataNodeType":"GeneProduct","@type":["DataNode","GeneProduct","datanode"],"gpmlType":"datanode","graphicalType":"path","datasourceReference":{"database":"Entrez Gene","id":"7167","organism":"Homo sapiens"},"unificationXref":"http://identifiers.org/ensembl/ENSG00000268548"},{"networkType":"node","nodeType":"DataNode","dataNodeType":"GeneProduct","@type":["DataNode","GeneProduct","datanode"],"gpmlType":"datanode","graphicalType":"path","datasourceReference":{"database":"Entrez Gene","id":"2712","organism":"Homo sapiens"},"unificationXref":"http://identifiers.org/ensembl/ENSG00000196475"},{"networkType":"node","nodeType":"DataNode","dataNodeType":"GeneProduct","@type":["DataNode","GeneProduct","datanode"],"gpmlType":"datanode","graphicalType":"path","datasourceReference":{"database":"Entrez Gene","id":"2820","organism":"Homo sapiens"},"unificationXref":"http://identifiers.org/ensembl/ENSG00000115159"},{"networkType":"node","nodeType":"DataNode","dataNodeType":"GeneProduct","@type":["DataNode","GeneProduct","datanode"],"gpmlType":"datanode","graphicalType":"path","datasourceReference":{"database":"Entrez Gene","id":"1376","organism":"Homo sapiens"},"unificationXref":"http://identifiers.org/ensembl/ENSG00000157184"},{"networkType":"node","nodeType":"DataNode","dataNodeType":"GeneProduct","@type":["DataNode","GeneProduct","datanode"],"gpmlType":"datanode","graphicalType":"path","datasourceReference":{"database":"Entrez Gene","id":"1374","organism":"Homo sapiens"},"unificationXref":"http://identifiers.org/ensembl/ENSG00000110090"},{"networkType":"node","nodeType":"DataNode","dataNodeType":"GeneProduct","@type":["DataNode","GeneProduct","datanode"],"gpmlType":"datanode","graphicalType":"path","datasourceReference":{"database":"Entrez Gene","id":"1120","organism":"Homo sapiens"},"unificationXref":"http://identifiers.org/ensembl/ENSG00000100288"},{"networkType":"node","nodeType":"DataNode","dataNodeType":"GeneProduct","@type":["DataNode","GeneProduct","datanode"],"gpmlType":"datanode","graphicalType":"path","datasourceReference":{"database":"Entrez Gene","id":"788","organism":"Homo sapiens"},"unificationXref":"http://identifiers.org/ensembl/ENSG00000178537"},{"networkType":"node","nodeType":"DataNode","dataNodeType":"GeneProduct","@type":["DataNode","GeneProduct","datanode"],"gpmlType":"datanode","graphicalType":"path","datasourceReference":{"database":"Entrez Gene","id":"1384","organism":"Homo sapiens"},"unificationXref":"http://identifiers.org/ensembl/ENSG00000095321"},{"networkType":"node","nodeType":"DataNode","dataNodeType":"GeneProduct","@type":["DataNode","GeneProduct","datanode"],"gpmlType":"datanode","graphicalType":"path","datasourceReference":{"database":"Entrez Gene","id":"2180","organism":"Homo sapiens"},"unificationXref":"http://identifiers.org/ensembl/ENSG00000151726"},{"networkType":"node","nodeType":"DataNode","dataNodeType":"GeneProduct","@type":["DataNode","GeneProduct","datanode"],"gpmlType":"datanode","graphicalType":"path","datasourceReference":{"database":"Entrez Gene","id":"55902","organism":"Homo sapiens"},"unificationXref":"http://identifiers.org/ensembl/ENSG00000131069"},{"networkType":"node","nodeType":"DataNode","dataNodeType":"GeneProduct","@type":["DataNode","GeneProduct","datanode"],"gpmlType":"datanode","graphicalType":"path","datasourceReference":{"database":"Entrez Gene","id":"2181","organism":"Homo sapiens"},"unificationXref":"http://identifiers.org/ensembl/ENSG00000123983"},{"networkType":"node","nodeType":"DataNode","dataNodeType":"GeneProduct","@type":["DataNode","GeneProduct","datanode"],"gpmlType":"datanode","graphicalType":"path","datasourceReference":{"database":"Entrez Gene","id":"2182","organism":"Homo sapiens"},"unificationXref":"http://identifiers.org/ensembl/ENSG00000068366"},{"networkType":"node","nodeType":"DataNode","dataNodeType":"GeneProduct","@type":["DataNode","GeneProduct","datanode"],"gpmlType":"datanode","graphicalType":"path","datasourceReference":{"database":"Entrez Gene","id":"51703","organism":"Homo sapiens"},"unificationXref":"http://identifiers.org/ensembl/ENSG00000197142"},{"networkType":"node","nodeType":"DataNode","dataNodeType":"GeneProduct","@type":["DataNode","GeneProduct","datanode"],"gpmlType":"datanode","graphicalType":"path","datasourceReference":{"database":"Entrez Gene","id":"23305","organism":"Homo sapiens"},"unificationXref":"http://identifiers.org/ensembl/ENSG00000164398"},{"networkType":"node","nodeType":"DataNode","dataNodeType":"GeneProduct","@type":["DataNode","GeneProduct","datanode"],"gpmlType":"datanode","graphicalType":"path","datasourceReference":{"database":"Entrez Gene","id":"1375","organism":"Homo sapiens"},"unificationXref":"http://identifiers.org/ensembl/ENSG00000205560"},{"networkType":"node","nodeType":"DataNode","dataNodeType":"GeneProduct","@type":["DataNode","GeneProduct","datanode"],"gpmlType":"datanode","graphicalType":"path","datasourceReference":{"database":"Entrez Gene","id":"37","organism":"Homo sapiens"},"unificationXref":"http://identifiers.org/ensembl/ENSG00000072778"},{"networkType":"node","nodeType":"DataNode","dataNodeType":"GeneProduct","@type":["DataNode","GeneProduct","datanode"],"gpmlType":"datanode","graphicalType":"path","datasourceReference":{"database":"Entrez Gene","id":"3030","organism":"Homo sapiens"},"unificationXref":"http://identifiers.org/ensembl/ENSG00000084754"},{"networkType":"node","nodeType":"DataNode","dataNodeType":"GeneProduct","@type":["DataNode","GeneProduct","datanode"],"gpmlType":"datanode","graphicalType":"path","datasourceReference":{"database":"Entrez Gene","id":"3032","organism":"Homo sapiens"},"unificationXref":"http://identifiers.org/ensembl/ENSG00000138029"},{"networkType":"node","nodeType":"DataNode","dataNodeType":"GeneProduct","@type":["DataNode","GeneProduct","datanode"],"gpmlType":"datanode","graphicalType":"path","datasourceReference":{"database":"Entrez Gene","id":"3030","organism":"Homo sapiens"},"unificationXref":"http://identifiers.org/ensembl/ENSG00000084754"},{"networkType":"node","nodeType":"DataNode","dataNodeType":"GeneProduct","@type":["DataNode","GeneProduct","datanode"],"gpmlType":"datanode","graphicalType":"path","datasourceReference":{"database":"Entrez Gene","id":"3032","organism":"Homo sapiens"},"unificationXref":"http://identifiers.org/ensembl/ENSG00000138029"},{"networkType":"node","nodeType":"DataNode","dataNodeType":"GeneProduct","@type":["DataNode","GeneProduct","datanode"],"gpmlType":"datanode","graphicalType":"path","datasourceReference":{"database":"Entrez Gene","id":"3032","organism":"Homo sapiens"},"unificationXref":"http://identifiers.org/ensembl/ENSG00000138029"},{"networkType":"node","nodeType":"DataNode","dataNodeType":"GeneProduct","@type":["DataNode","GeneProduct","datanode"],"gpmlType":"datanode","graphicalType":"path","datasourceReference":{"database":"Entrez Gene","id":"33","organism":"Homo sapiens"},"unificationXref":"http://identifiers.org/ensembl/ENSG00000115361"},{"networkType":"node","nodeType":"DataNode","dataNodeType":"GeneProduct","@type":["DataNode","GeneProduct","datanode"],"gpmlType":"datanode","graphicalType":"path","datasourceReference":{"database":"Entrez Gene","id":"3032","organism":"Homo sapiens"},"unificationXref":"http://identifiers.org/ensembl/ENSG00000138029"},{"networkType":"node","nodeType":"DataNode","dataNodeType":"GeneProduct","@type":["DataNode","GeneProduct","datanode"],"gpmlType":"datanode","graphicalType":"path","datasourceReference":{"database":"Entrez Gene","id":"3030","organism":"Homo sapiens"},"unificationXref":"http://identifiers.org/ensembl/ENSG00000084754"},{"networkType":"node","nodeType":"DataNode","dataNodeType":"GeneProduct","@type":["DataNode","GeneProduct","datanode"],"gpmlType":"datanode","graphicalType":"path","datasourceReference":{"database":"Entrez Gene","id":"3032","organism":"Homo sapiens"},"unificationXref":"http://identifiers.org/ensembl/ENSG00000138029"},{"networkType":"node","nodeType":"DataNode","dataNodeType":"GeneProduct","@type":["DataNode","GeneProduct","datanode"],"gpmlType":"datanode","graphicalType":"path","datasourceReference":{"database":"Entrez Gene","id":"1892","organism":"Homo sapiens"},"unificationXref":"http://identifiers.org/ensembl/ENSG00000127884"},{"networkType":"node","nodeType":"DataNode","dataNodeType":"GeneProduct","@type":["DataNode","GeneProduct","datanode"],"gpmlType":"datanode","graphicalType":"path","datasourceReference":{"database":"Entrez Gene","id":"3033","organism":"Homo sapiens"},"unificationXref":"http://identifiers.org/ensembl/ENSG00000138796"},{"networkType":"node","nodeType":"DataNode","dataNodeType":"GeneProduct","@type":["DataNode","GeneProduct","datanode"],"gpmlType":"datanode","graphicalType":"path","datasourceReference":{"database":"Entrez Gene","id":"3032","organism":"Homo sapiens"},"unificationXref":"http://identifiers.org/ensembl/ENSG00000138029"},{"networkType":"node","nodeType":"DataNode","dataNodeType":"GeneProduct","@type":["DataNode","GeneProduct","datanode"],"gpmlType":"datanode","graphicalType":"path","datasourceReference":{"database":"Entrez Gene","id":"3991","organism":"Homo sapiens"},"unificationXref":"http://identifiers.org/ensembl/ENSG00000079435"},{"networkType":"node","nodeType":"DataNode","dataNodeType":"GeneProduct","@type":["DataNode","GeneProduct","datanode"],"gpmlType":"datanode","graphicalType":"path","datasourceReference":{"database":"Entrez Gene","id":"3990","organism":"Homo sapiens"},"unificationXref":"http://identifiers.org/ensembl/ENSG00000166035"},{"networkType":"node","nodeType":"DataNode","dataNodeType":"GeneProduct","@type":["DataNode","GeneProduct","datanode"],"gpmlType":"datanode","graphicalType":"path","datasourceReference":{"database":"Entrez Gene","id":"57104","organism":"Homo sapiens"},"unificationXref":"http://identifiers.org/ensembl/ENSG00000177666"},{"networkType":"node","nodeType":"DataNode","dataNodeType":"GeneProduct","@type":["DataNode","GeneProduct","datanode"],"gpmlType":"datanode","graphicalType":"path","datasourceReference":{"database":"Entrez Gene","id":"8513","organism":"Homo sapiens"},"unificationXref":"http://identifiers.org/ensembl/ENSG00000182333"},{"networkType":"node","nodeType":"DataNode","dataNodeType":"GeneProduct","@type":["DataNode","GeneProduct","datanode"],"gpmlType":"datanode","graphicalType":"path","datasourceReference":{"database":"Entrez Gene","id":"4023","organism":"Homo sapiens"},"unificationXref":"http://identifiers.org/ensembl/ENSG00000175445"},{"networkType":"node","nodeType":"DataNode","dataNodeType":"GeneProduct","@type":["DataNode","GeneProduct","datanode"],"gpmlType":"datanode","graphicalType":"path","datasourceReference":{"database":"Entrez Gene","id":"3030","organism":"Homo sapiens"},"unificationXref":"http://identifiers.org/ensembl/ENSG00000084754"},{"networkType":"node","nodeType":"DataNode","dataNodeType":"GeneProduct","@type":["DataNode","GeneProduct","datanode"],"gpmlType":"datanode","graphicalType":"path","datasourceReference":{"database":"Entrez Gene","id":"3030","organism":"Homo sapiens"},"unificationXref":"http://identifiers.org/ensembl/ENSG00000084754"},{"networkType":"node","nodeType":"DataNode","dataNodeType":"GeneProduct","@type":["DataNode","GeneProduct","datanode"],"gpmlType":"datanode","graphicalType":"path","datasourceReference":{"database":"Entrez Gene","id":"33","organism":"Homo sapiens"},"unificationXref":"http://identifiers.org/ensembl/ENSG00000115361"},{"networkType":"node","nodeType":"DataNode","dataNodeType":"GeneProduct","@type":["DataNode","GeneProduct","datanode"],"gpmlType":"datanode","graphicalType":"path","datasourceReference":{"database":"Entrez Gene","id":"3030","organism":"Homo sapiens"},"unificationXref":"http://identifiers.org/ensembl/ENSG00000084754"},{"networkType":"node","nodeType":"DataNode","dataNodeType":"GeneProduct","@type":["DataNode","GeneProduct","datanode"],"gpmlType":"datanode","graphicalType":"path","datasourceReference":{"database":"Entrez Gene","id":"3032","organism":"Homo sapiens"},"unificationXref":"http://identifiers.org/ensembl/ENSG00000138029"},{"networkType":"node","nodeType":"DataNode","dataNodeType":"GeneProduct","@type":["DataNode","GeneProduct","datanode"],"gpmlType":"datanode","graphicalType":"path","datasourceReference":{"database":"Entrez Gene","id":"3030","organism":"Homo sapiens"},"unificationXref":"http://identifiers.org/ensembl/ENSG00000084754"},{"networkType":"node","nodeType":"DataNode","dataNodeType":"GeneProduct","@type":["DataNode","GeneProduct","datanode"],"gpmlType":"datanode","graphicalType":"path","datasourceReference":{"database":"Entrez Gene","id":"34","organism":"Homo sapiens"},"unificationXref":"http://identifiers.org/ensembl/ENSG00000117054"},{"networkType":"node","nodeType":"DataNode","dataNodeType":"GeneProduct","@type":["DataNode","GeneProduct","datanode"],"gpmlType":"datanode","graphicalType":"path","datasourceReference":{"database":"Entrez Gene","id":"1892","organism":"Homo sapiens"},"unificationXref":"http://identifiers.org/ensembl/ENSG00000127884"},{"networkType":"node","nodeType":"DataNode","dataNodeType":"GeneProduct","@type":["DataNode","GeneProduct","datanode"],"gpmlType":"datanode","graphicalType":"path","datasourceReference":{"database":"Entrez Gene","id":"3033","organism":"Homo sapiens"},"unificationXref":"http://identifiers.org/ensembl/ENSG00000138796"},{"networkType":"node","nodeType":"DataNode","dataNodeType":"GeneProduct","@type":["DataNode","GeneProduct","datanode"],"gpmlType":"datanode","graphicalType":"path","datasourceReference":{"database":"Entrez Gene","id":"3032","organism":"Homo sapiens"},"unificationXref":"http://identifiers.org/ensembl/ENSG00000138029"},{"networkType":"node","nodeType":"DataNode","dataNodeType":"GeneProduct","@type":["DataNode","GeneProduct","datanode"],"gpmlType":"datanode","graphicalType":"path","datasourceReference":{"database":"Entrez Gene","id":"34","organism":"Homo sapiens"},"unificationXref":"http://identifiers.org/ensembl/ENSG00000117054"},{"networkType":"node","nodeType":"DataNode","dataNodeType":"GeneProduct","@type":["DataNode","GeneProduct","datanode"],"gpmlType":"datanode","graphicalType":"path","datasourceReference":{"database":"Entrez Gene","id":"1892","organism":"Homo sapiens"},"unificationXref":"http://identifiers.org/ensembl/ENSG00000127884"},{"networkType":"node","nodeType":"DataNode","dataNodeType":"GeneProduct","@type":["DataNode","GeneProduct","datanode"],"gpmlType":"datanode","graphicalType":"path","datasourceReference":{"database":"Entrez Gene","id":"3033","organism":"Homo sapiens"},"unificationXref":"http://identifiers.org/ensembl/ENSG00000138796"},{"networkType":"node","nodeType":"DataNode","dataNodeType":"GeneProduct","@type":["DataNode","GeneProduct","datanode"],"gpmlType":"datanode","graphicalType":"path","datasourceReference":{"database":"Entrez Gene","id":"3032","organism":"Homo sapiens"},"unificationXref":"http://identifiers.org/ensembl/ENSG00000138029"},{"networkType":"node","nodeType":"DataNode","dataNodeType":"GeneProduct","@type":["DataNode","GeneProduct","datanode"],"gpmlType":"datanode","graphicalType":"path","datasourceReference":{"database":"Entrez Gene","id":"35","organism":"Homo sapiens"},"unificationXref":"http://identifiers.org/ensembl/ENSG00000122971"},{"networkType":"node","nodeType":"DataNode","dataNodeType":"GeneProduct","@type":["DataNode","GeneProduct","datanode"],"gpmlType":"datanode","graphicalType":"path","datasourceReference":{"database":"Entrez Gene","id":"1892","organism":"Homo sapiens"},"unificationXref":"http://identifiers.org/ensembl/ENSG00000127884"},{"networkType":"node","nodeType":"DataNode","dataNodeType":"GeneProduct","@type":["DataNode","GeneProduct","datanode"],"gpmlType":"datanode","graphicalType":"path","datasourceReference":{"database":"Entrez Gene","id":"3033","organism":"Homo sapiens"},"unificationXref":"http://identifiers.org/ensembl/ENSG00000138796"},{"networkType":"node","nodeType":"DataNode","dataNodeType":"GeneProduct","@type":["DataNode","GeneProduct","datanode"],"gpmlType":"datanode","graphicalType":"path","datasourceReference":{"database":"Entrez Gene","id":"3032","organism":"Homo sapiens"},"unificationXref":"http://identifiers.org/ensembl/ENSG00000138029"},{"networkType":"node","nodeType":"DataNode","dataNodeType":"GeneProduct","@type":["DataNode","GeneProduct","datanode"],"gpmlType":"datanode","graphicalType":"path","datasourceReference":{"database":"Entrez Gene","id":"3030","organism":"Homo sapiens"},"unificationXref":"http://identifiers.org/ensembl/ENSG00000084754"},{"networkType":"node","nodeType":"DataNode","dataNodeType":"GeneProduct","@type":["DataNode","GeneProduct","datanode"],"gpmlType":"datanode","graphicalType":"path","datasourceReference":{"database":"Entrez Gene","id":"3030","organism":"Homo sapiens"},"unificationXref":"http://identifiers.org/ensembl/ENSG00000084754"},{"networkType":"node","nodeType":"DataNode","dataNodeType":"GeneProduct","@type":["DataNode","GeneProduct","datanode"],"gpmlType":"datanode","graphicalType":"path","datasourceReference":{"database":"Entrez Gene","id":"3030","organism":"Homo sapiens"},"unificationXref":"http://identifiers.org/ensembl/ENSG00000084754"},{"networkType":"node","nodeType":"DataNode","dataNodeType":"GeneProduct","@type":["DataNode","GeneProduct","datanode"],"gpmlType":"datanode","graphicalType":"path","datasourceReference":{"database":"Entrez Gene","id":"35","organism":"Homo sapiens"},"unificationXref":"http://identifiers.org/ensembl/ENSG00000122971"},{"networkType":"node","nodeType":"DataNode","dataNodeType":"GeneProduct","@type":["DataNode","GeneProduct","datanode"],"gpmlType":"datanode","graphicalType":"path","datasourceReference":{"database":"Entrez Gene","id":"1892","organism":"Homo sapiens"},"unificationXref":"http://identifiers.org/ensembl/ENSG00000127884"},{"networkType":"node","nodeType":"DataNode","dataNodeType":"GeneProduct","@type":["DataNode","GeneProduct","datanode"],"gpmlType":"datanode","graphicalType":"path","datasourceReference":{"database":"Entrez Gene","id":"3033","organism":"Homo sapiens"},"unificationXref":"http://identifiers.org/ensembl/ENSG00000138796"},{"networkType":"node","nodeType":"DataNode","dataNodeType":"GeneProduct","@type":["DataNode","GeneProduct","datanode"],"gpmlType":"datanode","graphicalType":"path","datasourceReference":{"database":"Entrez Gene","id":"2639","organism":"Homo sapiens"},"unificationXref":"http://identifiers.org/ensembl/ENSG00000105607"},{"networkType":"node","nodeType":"DataNode","dataNodeType":"GeneProduct","@type":["DataNode","GeneProduct","datanode"],"gpmlType":"datanode","graphicalType":"path","datasourceReference":{"database":"Entrez Gene","id":"1738","organism":"Homo sapiens"},"unificationXref":"http://identifiers.org/ensembl/ENSG00000091140"},{"networkType":"node","nodeType":"DataNode","dataNodeType":"GeneProduct","@type":["DataNode","GeneProduct","datanode"],"gpmlType":"datanode","graphicalType":"path","datasourceReference":{"database":"Entrez Gene","id":"38","organism":"Homo sapiens"},"unificationXref":"http://identifiers.org/ensembl/ENSG00000075239"},{"networkType":"node","nodeType":"DataNode","dataNodeType":"GeneProduct","@type":["DataNode","GeneProduct","datanode"],"gpmlType":"datanode","graphicalType":"path","datasourceReference":{"database":"Entrez Gene","id":"3030","organism":"Homo sapiens"},"unificationXref":"http://identifiers.org/ensembl/ENSG00000084754"},{"networkType":"node","nodeType":"DataNode","dataNodeType":"GeneProduct","@type":["DataNode","GeneProduct","datanode"],"gpmlType":"datanode","graphicalType":"path","datasourceReference":{"database":"Entrez Gene","id":"3032","organism":"Homo sapiens"},"unificationXref":"http://identifiers.org/ensembl/ENSG00000138029"},{"networkType":"node","nodeType":"DataNode","dataNodeType":"GeneProduct","@type":["DataNode","GeneProduct","datanode"],"gpmlType":"datanode","graphicalType":"path","datasourceReference":{"database":"Entrez Gene","id":"3030","organism":"Homo sapiens"},"unificationXref":"http://identifiers.org/ensembl/ENSG00000084754"},{"networkType":"node","nodeType":"DataNode","dataNodeType":"GeneProduct","@type":["DataNode","GeneProduct","datanode"],"gpmlType":"datanode","graphicalType":"path","datasourceReference":{"database":"Entrez Gene","id":"3032","organism":"Homo sapiens"},"unificationXref":"http://identifiers.org/ensembl/ENSG00000138029"},{"networkType":"node","nodeType":"DataNode","dataNodeType":"GeneProduct","@type":["DataNode","GeneProduct","datanode"],"gpmlType":"datanode","graphicalType":"path","datasourceReference":{"database":"Entrez Gene","id":"33","organism":"Homo sapiens"},"unificationXref":"http://identifiers.org/ensembl/ENSG00000115361"},{"networkType":"node","nodeType":"DataNode","dataNodeType":"GeneProduct","@type":["DataNode","GeneProduct","datanode"],"gpmlType":"datanode","graphicalType":"path","datasourceReference":{"database":"Entrez Gene","id":"33","organism":"Homo sapiens"},"unificationXref":"http://identifiers.org/ensembl/ENSG00000115361"},{"networkType":"node","nodeType":"DataNode","dataNodeType":"GeneProduct","@type":["DataNode","GeneProduct","datanode"],"gpmlType":"datanode","graphicalType":"path","datasourceReference":{"database":"Entrez Gene","id":"3030","organism":"Homo sapiens"},"unificationXref":"http://identifiers.org/ensembl/ENSG00000084754"},{"networkType":"node","nodeType":"DataNode","dataNodeType":"GeneProduct","@type":["DataNode","GeneProduct","datanode"],"gpmlType":"datanode","graphicalType":"path","datasourceReference":{"database":"Entrez Gene","id":"3032","organism":"Homo sapiens"},"unificationXref":"http://identifiers.org/ensembl/ENSG00000138029"},{"networkType":"node","nodeType":"DataNode","dataNodeType":"GeneProduct","@type":["DataNode","GeneProduct","datanode"],"gpmlType":"datanode","graphicalType":"path","datasourceReference":{"database":"Entrez Gene","id":"1632","organism":"Homo sapiens"},"unificationXref":"http://identifiers.org/ensembl/ENSG00000167969"},{"networkType":"node","nodeType":"DataNode","dataNodeType":"GeneProduct","@type":["DataNode","GeneProduct","datanode"],"gpmlType":"datanode","graphicalType":"path","datasourceReference":{"database":"Entrez Gene","id":"34","organism":"Homo sapiens"},"unificationXref":"http://identifiers.org/ensembl/ENSG00000117054"},{"networkType":"node","nodeType":"DataNode","dataNodeType":"GeneProduct","@type":["DataNode","GeneProduct","datanode"],"gpmlType":"datanode","graphicalType":"path","datasourceReference":{"database":"Entrez Gene","id":"1666","organism":"Homo sapiens"},"unificationXref":"http://identifiers.org/ensembl/ENSG00000104325"},{"networkType":"node","nodeType":"DataNode","dataNodeType":"GeneProduct","@type":["DataNode","GeneProduct","datanode"],"gpmlType":"datanode","graphicalType":"path","datasourceReference":{"database":"Entrez Gene","id":"1632","organism":"Homo sapiens"},"unificationXref":"http://identifiers.org/ensembl/ENSG00000167969"},{"networkType":"node","nodeType":"DataNode","dataNodeType":"Metabolite","@type":["DataNode","Metabolite","datanode"],"gpmlType":"datanode","graphicalType":"path","datasourceReference":{"database":"CAS","id":"56-81-5","organism":"Homo sapiens"}},{"networkType":"node","nodeType":"DataNode","dataNodeType":"Metabolite","@type":["DataNode","Metabolite","datanode"],"gpmlType":"datanode","graphicalType":"path","datasourceReference":{"database":"CAS","id":"57-04-5","organism":"Homo sapiens"}},{"networkType":"node","nodeType":"DataNode","dataNodeType":"Metabolite","@type":["DataNode","Metabolite","datanode"],"gpmlType":"datanode","graphicalType":"path","datasourceReference":{"database":"CAS","id":"9029-97-4","organism":"Homo sapiens"}},{"networkType":"node","nodeType":"DataNode","dataNodeType":"Metabolite","@type":["DataNode","Metabolite","datanode"],"gpmlType":"datanode","graphicalType":"path","datasourceReference":{"database":"CAS","id":"591-57-1","organism":"Homo sapiens"}},{"networkType":"node","nodeType":"DataNode","dataNodeType":"Metabolite","@type":["DataNode","Metabolite","datanode"],"gpmlType":"datanode","graphicalType":"path","datasourceReference":{"database":"CAS","id":"72-89-9","organism":"Homo sapiens"}},{"networkType":"node","nodeType":"DataNode","dataNodeType":"Metabolite","@type":["DataNode","Metabolite","datanode"],"gpmlType":"datanode","graphicalType":"path","datasourceReference":{"database":"CAS","id":"72-89-9","organism":"Homo sapiens"}},{"networkType":"node","nodeType":"DataNode","dataNodeType":"Metabolite","@type":["DataNode","Metabolite","datanode"],"gpmlType":"datanode","graphicalType":"path","datasourceReference":{"database":"CAS","id":"6244-92-4","organism":"Homo sapiens"}},{"networkType":"node","nodeType":"DataNode","dataNodeType":"Metabolite","@type":["DataNode","Metabolite","datanode"],"gpmlType":"datanode","graphicalType":"path","datasourceReference":{"database":"CAS","id":"72-89-9","organism":"Homo sapiens"}},{"networkType":"node","nodeType":"DataNode","dataNodeType":"Metabolite","@type":["DataNode","Metabolite","datanode"],"gpmlType":"datanode","graphicalType":"path","datasourceReference":{"database":"CAS","id":"72-89-9","organism":"Homo sapiens"}},{"networkType":"node","nodeType":"DataNode","dataNodeType":"Metabolite","@type":["DataNode","Metabolite","datanode"],"gpmlType":"datanode","graphicalType":"path","datasourceReference":{"database":"CAS","id":"72-89-9","organism":"Homo sapiens"}},{"networkType":"node","nodeType":"DataNode","dataNodeType":"Metabolite","@type":["DataNode","Metabolite","datanode"],"gpmlType":"datanode","graphicalType":"path","datasourceReference":{"database":"CAS","id":"72-89-9","organism":"Homo sapiens"}},{"networkType":"node","nodeType":"DataNode","dataNodeType":"Metabolite","@type":["DataNode","Metabolite","datanode"],"gpmlType":"datanode","graphicalType":"path","datasourceReference":{"database":"CAS","id":"1420-36-6","organism":"Homo sapiens"}},{"networkType":"node","nodeType":"DataNode","dataNodeType":"Metabolite","@type":["DataNode","Metabolite","datanode"],"gpmlType":"datanode","graphicalType":"path","datasourceReference":{"database":"CAS","id":"103192-48-9","organism":"Homo sapiens"}},{"networkType":"node","nodeType":"DataNode","dataNodeType":"Metabolite","@type":["DataNode","Metabolite","datanode"],"gpmlType":"datanode","graphicalType":"path","datasourceReference":{"database":"CAS","id":"72-89-9","organism":"Homo sapiens"}},{"networkType":"node","nodeType":"DataNode","dataNodeType":"Metabolite","@type":["DataNode","Metabolite","datanode"],"gpmlType":"datanode","graphicalType":"path","datasourceReference":{"database":"CAS","id":"40757-80-0","organism":"Homo sapiens"}},{"networkType":"node","nodeType":"DataNode","dataNodeType":"Metabolite","@type":["DataNode","Metabolite","datanode"],"gpmlType":"datanode","graphicalType":"path","datasourceReference":{"database":"CAS","id":"72-89-9","organism":"Homo sapiens"}},{"networkType":"node","nodeType":"DataNode","dataNodeType":"Metabolite","@type":["DataNode","Metabolite","datanode"],"gpmlType":"datanode","graphicalType":"path","datasourceReference":{"database":"CAS","id":"72-89-9","organism":"Homo sapiens"}},{"networkType":"node","nodeType":"DataNode","dataNodeType":"Metabolite","@type":["DataNode","Metabolite","datanode"],"gpmlType":"datanode","graphicalType":"path","datasourceReference":{"database":"ChEBI","id":"CHEBI:28002","organism":"Homo sapiens"}},{"networkType":"node","nodeType":"DataNode","dataNodeType":"Metabolite","@type":["DataNode","Metabolite","datanode"],"gpmlType":"datanode","graphicalType":"path","datasourceReference":{"database":"ChEBI","id":"CHEBI:29119","organism":"Homo sapiens"}},{"networkType":"node","nodeType":"DataNode","dataNodeType":"Metabolite","@type":["DataNode","Metabolite","datanode"],"gpmlType":"datanode","graphicalType":"path","datasourceReference":{"database":"ChEBI","id":"CHEBI:29126","organism":"Homo sapiens"}},{"networkType":"node","nodeType":"DataNode","dataNodeType":"Metabolite","@type":["DataNode","Metabolite","datanode"],"gpmlType":"datanode","graphicalType":"path","datasourceReference":{"database":"ChEBI","id":"CHEBI:10723","organism":"Homo sapiens"}},{"networkType":"node","nodeType":"DataNode","dataNodeType":"Metabolite","@type":["DataNode","Metabolite","datanode"],"gpmlType":"datanode","graphicalType":"path","datasourceReference":{"database":"ChEBI","id":"CHEBI:28325","organism":"Homo sapiens"}},{"networkType":"node","nodeType":"DataNode","dataNodeType":"Metabolite","@type":["DataNode","Metabolite","datanode"],"gpmlType":"datanode","graphicalType":"path","datasourceReference":{"database":"ChEBI","id":"CHEBI:15978","organism":"Homo sapiens"}},{"networkType":"node","nodeType":"DataNode","dataNodeType":"Metabolite","@type":["DataNode","Metabolite","datanode"],"gpmlType":"datanode","graphicalType":"path","datasourceReference":{"database":"ChEBI","id":"CHEBI:15525","organism":"Homo sapiens"}},{"networkType":"node","nodeType":"DataNode","dataNodeType":"Metabolite","@type":["DataNode","Metabolite","datanode"],"gpmlType":"datanode","graphicalType":"path","datasourceReference":{"database":"ChEBI","id":"CHEBI:17855","organism":"Homo sapiens"}},{"networkType":"node","nodeType":"DataNode","dataNodeType":"Metabolite","@type":["DataNode","Metabolite","datanode"],"gpmlType":"datanode","graphicalType":"path","datasourceReference":{"database":"ChEBI","id":"CHEBI:27402","organism":"Homo sapiens"}},{"networkType":"node","nodeType":"DataNode","dataNodeType":"Metabolite","@type":["DataNode","Metabolite","datanode"],"gpmlType":"datanode","graphicalType":"path","datasourceReference":{"database":"ChEBI","id":"CHEBI:15491","organism":"Homo sapiens"}},{"networkType":"node","nodeType":"DataNode","dataNodeType":"Metabolite","@type":["DataNode","Metabolite","datanode"],"gpmlType":"datanode","graphicalType":"path","datasourceReference":{"database":"ChEBI","id":"CHEBI:15532","organism":"Homo sapiens"}},{"networkType":"node","nodeType":"DataNode","dataNodeType":"Metabolite","@type":["DataNode","Metabolite","datanode"],"gpmlType":"datanode","graphicalType":"path","datasourceReference":{"database":"ChEBI","id":"CHEBI:27466","organism":"Homo sapiens"}},{"networkType":"node","nodeType":"DataNode","dataNodeType":"Metabolite","@type":["DataNode","Metabolite","datanode"],"gpmlType":"datanode","graphicalType":"path","datasourceReference":{"database":"ChEBI","id":"CHEBI:15471","organism":"Homo sapiens"}},{"networkType":"node","nodeType":"DataNode","dataNodeType":"Metabolite","@type":["DataNode","Metabolite","datanode"],"gpmlType":"datanode","graphicalType":"path","datasourceReference":{"database":"ChEBI","id":"CHEBI:28493","organism":"Homo sapiens"}},{"networkType":"node","nodeType":"DataNode","dataNodeType":"Metabolite","@type":["DataNode","Metabolite","datanode"],"gpmlType":"datanode","graphicalType":"path","datasourceReference":{"database":"ChEBI","id":"CHEBI:27537","organism":"Homo sapiens"}},{"networkType":"node","nodeType":"DataNode","dataNodeType":"Metabolite","@type":["DataNode","Metabolite","datanode"],"gpmlType":"datanode","graphicalType":"path","datasourceReference":{"database":"ChEBI","id":"CHEBI:28632","organism":"Homo sapiens"}},{"networkType":"node","nodeType":"DataNode","dataNodeType":"Metabolite","@type":["DataNode","Metabolite","datanode"],"gpmlType":"datanode","graphicalType":"path","datasourceReference":{"database":"ChEBI","id":"CHEBI:28264","organism":"Homo sapiens"}},{"networkType":"node","nodeType":"DataNode","dataNodeType":"Metabolite","@type":["DataNode","Metabolite","datanode"],"gpmlType":"datanode","graphicalType":"path","datasourceReference":{"database":"ChEBI","id":"CHEBI:27540","organism":"Homo sapiens"}},{"networkType":"node","nodeType":"DataNode","dataNodeType":"Metabolite","@type":["DataNode","Metabolite","datanode"],"gpmlType":"datanode","graphicalType":"path","datasourceReference":{"database":"ChEBI","id":"CHEBI:28706","organism":"Homo sapiens"}},{"networkType":"node","nodeType":"DataNode","dataNodeType":"Metabolite","@type":["DataNode","Metabolite","datanode"],"gpmlType":"datanode","graphicalType":"path","datasourceReference":{"database":"ChEBI","id":"CHEBI:27648","organism":"Homo sapiens"}},{"networkType":"node","nodeType":"DataNode","dataNodeType":"Metabolite","@type":["DataNode","Metabolite","datanode"],"gpmlType":"datanode","graphicalType":"path","datasourceReference":{"database":"ChEBI","id":"CHEBI:15517","organism":"Homo sapiens"}},{"networkType":"node","nodeType":"DataNode","dataNodeType":"Pathway","@type":["DataNode","Pathway","datanode"],"gpmlType":"datanode","graphicalType":"path","datasourceReference":{"database":"WikiPathways","id":"WP78","organism":"Homo sapiens"}},{"networkType":"node","nodeType":"DataNode","dataNodeType":"Pathway","@type":["DataNode","Pathway","datanode"],"gpmlType":"datanode","graphicalType":"path","datasourceReference":{"database":"WikiPathways","id":"WP78","organism":"Homo sapiens"}},{"networkType":"node","nodeType":"DataNode","dataNodeType":"Pathway","@type":["DataNode","Pathway","datanode"],"gpmlType":"datanode","graphicalType":"path","datasourceReference":{"database":"WikiPathways","id":"WP78","organism":"Homo sapiens"}},{"networkType":"node","nodeType":"DataNode","dataNodeType":"Pathway","@type":["DataNode","Pathway","datanode"],"gpmlType":"datanode","graphicalType":"path","datasourceReference":{"database":"WikiPathways","id":"WP78","organism":"Homo sapiens"}},{"networkType":"node","nodeType":"DataNode","dataNodeType":"Metabolite","@type":["DataNode","Metabolite","datanode"],"gpmlType":"datanode","graphicalType":"path","datasourceReference":{"database":"ChEBI","id":"CHEBI:15453","organism":"Homo sapiens"}},{"networkType":"node","nodeType":"DataNode","dataNodeType":"Pathway","@type":["DataNode","Pathway","datanode"],"gpmlType":"datanode","graphicalType":"path","datasourceReference":{"database":"WikiPathways","id":"WP78","organism":"Homo sapiens"}},{"networkType":"node","nodeType":"DataNode","dataNodeType":"Pathway","@type":["DataNode","Pathway","datanode"],"gpmlType":"datanode","graphicalType":"path","datasourceReference":{"database":"WikiPathways","id":"WP78","organism":"Homo sapiens"}},{"networkType":"node","nodeType":"DataNode","dataNodeType":"Pathway","@type":["DataNode","Pathway","datanode"],"gpmlType":"datanode","graphicalType":"path","datasourceReference":{"database":"WikiPathways","id":"WP78","organism":"Homo sapiens"}},{"networkType":"edge","gpmlType":"interaction","@type":["interaction"],"graphicalType":"path","markerEnd":"mimStimulation","points":[{"x":1594.6666666666665,"y":858.6666666666666,"isAttachedTo":"e47","RelX":1,"anchor":[1,0.5,1,0],"RelY":0},{"x":1643.8444478908189,"y":857.9513027295285,"isAttachedTo":"b9a1f","RelX":0,"anchor":[0.5,0.5,0,0],"RelY":0}],"interactionGraph":[{"id":"e47","interactsWith":"b9a1f"}],"interactionType":"mim-stimulation"}],"xmlns":"http://pathvisio.org/GPML/2013a","license":"CC BY 2.0","name":"Fatty Acid Beta Oxidation","organism":"Homo sapiens","image":{"@context":{"@vocab":"http://schema.org/"},"width":1915.2466208333321,"height":2086.8767307638986},"publicationXref":[],"id":"wpId:WP143","revision":"71172"}}