{"@context":{"@vocab":"http://vocabularies.wikipathways.org/gpml#","@base":"wpId:WP1401","pathwayIri":"wpId:WP1401","ChEBI":"http://www.ebi.ac.uk/chebi/searchId.do?chebiId=","dataSource":"gpml:Data-Source","datasourceReference":"wp:DatasourceReference","Group":{"@container":"@list","@id":"gpml:Group"},"interaction":{"@id":"biopax:Interaction","@type":"@id"},"interactionType":{"@id":"biopax:InteractionType","@type":"@id"},"interactionGraph":"@graph","lastModified":"gpml:Last-Modified","pathway":"biopax:Pathway","point":{"@container":"@list","@id":"gpml:Point"},"publicationXref":"biopax:PublicationXref","unificationXref":"biopax:UnificationXref","author":"schema:author","backgroundColor":"css2:colors.html#propdef-background-color","backgroundImage":"css2:colors.html#propdef-background-image","biopax":"http://www.biopax.org/release/biopax-level3.owl#","borderColor":"css2:box.html#propdef-border-color","borderStyle":"css2:box.html#propdef-border-style","borderWidth":"css2:box.html#propdef-border-width","boxSizing":{"@id":"css3Ui:box-sizing","@value":"border-box"},"color":"css2:colors.html#propdef-color","contains":{"@id":"ex:contains","@type":"@id"},"css2":"http://www.w3.org/TR/CSS2/","css3Ui":"http://www.w3.org/TR/css3-ui/#","cssTransform":"http://www.w3.org/TR/css-transforms-1/#","gpmlDataNodeType":"gpml:Type","dcterms":"http://puri.org/dc/terms/","entrezGene":"http://www.ncbi.nlm.nih.gov/gene/","ex":"http://www.example.org/","fontFamily":"css2:fonts.html#font-family-prop","fontSize":"css2:fonts.html#propdef-font-size","fontStyle":"css2:fonts.html#propdef-font-style","fontWeight":"css2:fonts.html#propdef-font-weight","gpml":"http://vocabularies.wikipathways.org/gpml#","gpmlFolder":"file://Users/andersriutta/Sites/pathvisiojs/test/gpml/","hMDB":"http://www.hmdb.ca/metabolites/HMDB","height":"css2:visudet.html#propdef-height","id":"@id","image":"schema:image","interactsWith":{"@id":"ex:interactsWith","@type":"@id"},"isContainedBy":{"@reverse":"ex:contains","@type":"@id"},"media":"http://www.w3.org/TR/mediaont-10/","name":"http://xmlns.com/foaf/0.1/name","organism":"biopax:organism","padding":"css2:box.html#propdef-padding","elements":{"@container":"@list","@id":"ex:pathwayElements/"},"position":"css2:visuren.html#propdef-position","rotate":"cssTransform:funcdef-rotate","schema":"http://schema.org/","shapeLibrary":"http://shapelibrary.example.org/","shape":"shapeLibrary:shape","stroke":"svg:painting.html#StrokeProperty","strokeWidth":"svg:painting.html#StrokeWidthProperty","svg":"http://www.w3.org/TR/SVG11/","textAlign":"css2:text.html#propdef-text-align","verticalAlign":"css2:visudet.html#propdef-vertical-align","width":"css2:visudet.html#propdef-width","wp":"http://vocabularies.wikipathways.org/wp#","wpId":"http://identifiers.org/wikipathways/","x":{"@id":"css2:visuren.html#propdef-left","@type":"xsd:integer"},"xsd":"http://www.w3.org/2001/XMLSchema#","y":"css2:visuren.html#propdef-top","zIndex":{"@id":"css2:z-index","@type":"xsd:integer"}},"wpId:WP1401":{"elements":[{"networkType":"node","nodeType":"Label","@type":["label"],"gpmlType":"label","graphicalType":"path"},{"networkType":"node","nodeType":"DataNode","dataNodeType":"GeneProduct","@type":["DataNode","GeneProduct","datanode"],"gpmlType":"datanode","graphicalType":"path","datasourceReference":{"database":"Ensembl","id":"F17C8.1","organism":"Caenorhabditis elegans"},"unificationXref":"http://identifiers.org/ensembl/F17C8.1"},{"networkType":"edge","gpmlType":"interaction","@type":["interaction"],"graphicalType":"path","markerEnd":"arrow","points":[{"x":183,"y":71,"isAttachedTo":"de7d2","RelX":0,"anchor":[0.5,1,0,1],"RelY":1},{"x":183,"y":116,"isAttachedTo":"f2fb1","RelX":0,"anchor":[0.5,0,0,-1],"RelY":-1}],"interactionGraph":[{"id":"de7d2","interactsWith":"f2fb1"}],"interactionType":"gpml:Arrow"},{"networkType":"edge","gpmlType":"interaction","@type":["interaction"],"graphicalType":"path","markerEnd":"arrow","points":[{"x":345,"y":71,"isAttachedTo":"b45c4","RelX":0,"anchor":[0.5,1,0,1],"RelY":1},{"x":345,"y":108,"isAttachedTo":"e9fd6","RelX":0,"anchor":[0.5,0,0,-1],"RelY":-1}],"interactionGraph":[{"id":"b45c4","interactsWith":"e9fd6"}],"interactionType":"gpml:Arrow"},{"networkType":"edge","gpmlType":"interaction","@type":["interaction"],"graphicalType":"path","markerEnd":"arrow","points":[{"x":531,"y":71,"isAttachedTo":"beb40","RelX":0,"anchor":[0.5,1,0,1],"RelY":1},{"x":471,"y":116,"isAttachedTo":"c888b","RelX":0,"anchor":[0.5,0,0,-1],"RelY":-1}],"interactionGraph":[{"id":"beb40","interactsWith":"c888b"}],"interactionType":"gpml:Arrow"},{"networkType":"edge","gpmlType":"interaction","@type":["interaction"],"graphicalType":"path","markerEnd":"arrow","points":[{"x":531,"y":71,"isAttachedTo":"beb40","RelX":0,"anchor":[0.5,1,0,1],"RelY":1},{"x":588,"y":116,"isAttachedTo":"a19cf","RelX":0,"anchor":[0.5,0,0,-1],"RelY":-1}],"interactionGraph":[{"id":"beb40","interactsWith":"a19cf"}],"interactionType":"gpml:Arrow"},{"networkType":"edge","gpmlType":"interaction","@type":["interaction"],"graphicalType":"path","markerEnd":"arrow","points":[{"x":725,"y":71,"isAttachedTo":"fe111","RelX":0,"anchor":[0.5,1,0,1],"RelY":1},{"x":725,"y":116,"isAttachedTo":"d8a00","RelX":0,"anchor":[0.5,0,0,-1],"RelY":-1}],"interactionGraph":[{"id":"fe111","interactsWith":"d8a00"}],"interactionType":"gpml:Arrow"},{"networkType":"edge","gpmlType":"interaction","@type":["interaction"],"graphicalType":"path","markerEnd":"arrow","points":[{"x":183,"y":136,"isAttachedTo":"f2fb1","RelX":0,"anchor":[0.5,1,0,1],"RelY":1},{"x":183,"y":116},{"x":262,"y":116},{"x":262,"y":184,"isAttachedTo":"fecc7","RelX":0,"anchor":[0.5,0,0,-1],"RelY":-1}],"interactionGraph":[{"id":"f2fb1","interactsWith":"fecc7"}],"interactionType":"gpml:Arrow"},{"networkType":"edge","gpmlType":"interaction","@type":["interaction"],"graphicalType":"path","markerEnd":"arrow","points":[{"x":171,"y":194,"isAttachedTo":"cd453","RelX":1,"anchor":[1,0.5,1,0],"RelY":0},{"x":222,"y":194,"isAttachedTo":"fecc7","RelX":-1,"anchor":[0,0.5,-1,0],"RelY":0}],"interactionGraph":[{"id":"cd453","interactsWith":"fecc7"}],"interactionType":"gpml:Arrow"},{"networkType":"edge","gpmlType":"interaction","@type":["interaction"],"graphicalType":"path","markerEnd":"arrow","points":[{"x":262,"y":204,"isAttachedTo":"fecc7","RelX":0,"anchor":[0.5,1,0,1],"RelY":1},{"x":262,"y":269,"isAttachedTo":"f3b6b","RelX":0,"anchor":[0.5,0,0,-1],"RelY":-1}],"interactionGraph":[{"id":"fecc7","interactsWith":"f3b6b"}],"interactionType":"gpml:Arrow"},{"networkType":"edge","gpmlType":"interaction","@type":["interaction"],"graphicalType":"path","markerEnd":"tBar","points":[{"x":403,"y":194,"isAttachedTo":"f384a","RelX":-1,"anchor":[0,0.5,-1,0],"RelY":0},{"x":302,"y":194,"isAttachedTo":"fecc7","RelX":1,"anchor":[1,0.5,1,0],"RelY":0}],"interactionGraph":[{"id":"f384a","interactsWith":"fecc7"}],"interactionType":"t-bar"},{"networkType":"edge","gpmlType":"interaction","@type":["interaction"],"graphicalType":"path","markerEnd":"tBar","points":[{"x":483,"y":214,"isAttachedTo":"ab808","RelX":1,"anchor":[1,0.5,1,0],"RelY":0},{"x":613,"y":214,"isAttachedTo":"eb0a1","RelX":-1,"anchor":[0,0.5,-1,0],"RelY":0}],"interactionGraph":[{"id":"ab808","interactsWith":"eb0a1"}],"interactionType":"t-bar"},{"networkType":"edge","gpmlType":"interaction","@type":["interaction"],"graphicalType":"path","markerEnd":"arrow","points":[{"x":588,"y":136,"isAttachedTo":"a19cf","RelX":0,"anchor":[0.5,1,0,1],"RelY":1},{"x":588,"y":116},{"x":633,"y":116},{"x":633,"y":204,"isAttachedTo":"eb0a1","RelX":-0.5,"anchor":[0.25,0,0,-1],"RelY":-1}],"interactionGraph":[{"id":"a19cf","interactsWith":"eb0a1"}],"interactionType":"gpml:Arrow"},{"networkType":"edge","gpmlType":"interaction","@type":["interaction"],"graphicalType":"path","markerEnd":"arrow","points":[{"x":725,"y":136,"isAttachedTo":"d8a00","RelX":0,"anchor":[0.5,1,0,1],"RelY":1},{"x":725,"y":116},{"x":673,"y":116},{"x":673,"y":204,"isAttachedTo":"eb0a1","RelX":0.5,"anchor":[0.75,0,0,-1],"RelY":-1}],"interactionGraph":[{"id":"d8a00","interactsWith":"eb0a1"}],"interactionType":"gpml:Arrow"},{"networkType":"edge","gpmlType":"interaction","@type":["interaction"],"graphicalType":"path","markerEnd":"arrow","points":[{"x":302,"y":279,"isAttachedTo":"f3b6b","RelX":1,"anchor":[1,0.5,1,0],"RelY":0},{"x":282,"y":279},{"x":282,"y":311},{"x":456,"y":311,"isAttachedTo":"cd1b0","RelX":-1,"anchor":[0,0.25,-1,0],"RelY":-0.5}],"interactionGraph":[{"id":"f3b6b","interactsWith":"cd1b0"}],"interactionType":"gpml:Arrow"},{"networkType":"edge","gpmlType":"interaction","@type":["interaction"],"graphicalType":"path","markerEnd":"tBar","points":[{"x":653,"y":224,"isAttachedTo":"eb0a1","RelX":0,"anchor":[0.5,1,0,1],"RelY":1},{"x":653,"y":204},{"x":534,"y":204},{"x":534,"y":295,"isAttachedTo":"cd1b0","RelX":0.5,"anchor":[0.75,0,0,-1],"RelY":-1}],"interactionGraph":[{"id":"eb0a1","interactsWith":"cd1b0"}],"interactionType":"t-bar"},{"networkType":"edge","gpmlType":"interaction","@type":["interaction"],"graphicalType":"path","markerEnd":"tBar","points":[{"x":614,"y":327,"isAttachedTo":"e5f18","RelX":-1,"anchor":[0,0.5,-1,0],"RelY":0},{"x":560,"y":327,"isAttachedTo":"cd1b0","RelX":1,"anchor":[1,0.5,1,0],"RelY":0}],"interactionGraph":[{"id":"e5f18","interactsWith":"cd1b0"}],"interactionType":"t-bar"},{"networkType":"edge","gpmlType":"interaction","@type":["interaction"],"graphicalType":"path","markerEnd":"arrow","points":[{"x":534,"y":359,"isAttachedTo":"cd1b0","RelX":0.5,"anchor":[0.75,1,0,1],"RelY":1},{"x":534,"y":339},{"x":614.5,"y":339},{"x":614.5,"y":398,"isAttachedTo":"caf62","RelX":0,"anchor":[0.5,0,0,-1],"RelY":-1}],"interactionGraph":[{"id":"cd1b0","interactsWith":"caf62"}],"interactionType":"gpml:Arrow"},{"networkType":"edge","gpmlType":"interaction","@type":["interaction"],"graphicalType":"path","markerEnd":"arrow","points":[{"x":142,"y":341,"isAttachedTo":"d6779","RelX":1,"anchor":[1,0.5,1,0],"RelY":0},{"x":168,"y":341,"isAttachedTo":"f1140","RelX":-1,"anchor":[0,0.5,-1,0],"RelY":0}],"interactionGraph":[{"id":"d6779","interactsWith":"f1140"}],"interactionType":"gpml:Arrow"},{"networkType":"edge","gpmlType":"interaction","@type":["interaction"],"graphicalType":"path","markerEnd":"arrow","points":[{"x":248,"y":341,"isAttachedTo":"f1140","RelX":1,"anchor":[1,0.5,1,0],"RelY":0},{"x":286,"y":341,"isAttachedTo":"fd7ee","RelX":-1,"anchor":[0,0.5,-1,0],"RelY":0}],"interactionGraph":[{"id":"f1140","interactsWith":"fd7ee"}],"interactionType":"gpml:Arrow"},{"networkType":"edge","gpmlType":"interaction","@type":["interaction"],"graphicalType":"path","markerEnd":"arrow","points":[{"x":366,"y":341,"isAttachedTo":"fd7ee","RelX":1,"anchor":[1,0.5,1,0],"RelY":0},{"x":456,"y":343,"isAttachedTo":"cd1b0","RelX":-1,"anchor":[0,0.75,-1,0],"RelY":0.5}],"interactionGraph":[{"id":"fd7ee","interactsWith":"cd1b0"}],"interactionType":"gpml:Arrow"},{"networkType":"edge","gpmlType":"interaction","@type":["interaction"],"graphicalType":"path","markerEnd":"tBar","points":[{"x":394,"y":414,"isAttachedTo":"b2eed","RelX":1,"anchor":[1,0.5,1,0],"RelY":0},{"x":482,"y":414},{"x":482,"y":359,"isAttachedTo":"cd1b0","RelX":-0.5,"anchor":[0.25,1,0,1],"RelY":1}],"interactionGraph":[{"id":"b2eed","interactsWith":"cd1b0"}],"interactionType":"t-bar"},{"networkType":"node","nodeType":"DataNode","dataNodeType":"Metabolite","@type":["DataNode","Metabolite","datanode"],"gpmlType":"datanode","graphicalType":"path","datasourceReference":{"database":"Wikipedia","id":"GABA","organism":"Caenorhabditis elegans"}},{"networkType":"node","nodeType":"Label","@type":["label"],"gpmlType":"label","graphicalType":"path"},{"networkType":"node","nodeType":"DataNode","dataNodeType":"Metabolite","@type":["DataNode","Metabolite","datanode"],"gpmlType":"datanode","graphicalType":"path","datasourceReference":{"database":"Wikipedia","id":"Dopamine","organism":"Caenorhabditis elegans"}},{"networkType":"node","nodeType":"DataNode","dataNodeType":"Metabolite","@type":["DataNode","Metabolite","datanode"],"gpmlType":"datanode","graphicalType":"path","datasourceReference":{"database":"Wikipedia","id":"Serotonin","organism":"Caenorhabditis elegans"}},{"networkType":"node","nodeType":"DataNode","dataNodeType":"GeneProduct","@type":["DataNode","GeneProduct","datanode"],"gpmlType":"datanode","graphicalType":"path","datasourceReference":{"database":"Ensembl","id":"Y41G9A.4","organism":"Caenorhabditis elegans"},"unificationXref":"http://identifiers.org/ensembl/Y41G9A.4"},{"networkType":"node","nodeType":"DataNode","dataNodeType":"GeneProduct","@type":["DataNode","GeneProduct","datanode"],"gpmlType":"datanode","graphicalType":"path","datasourceReference":{"database":"Ensembl","id":"Y40H4A.1","organism":"Caenorhabditis elegans"},"unificationXref":"http://identifiers.org/ensembl/Y40H4A.1"},{"networkType":"node","nodeType":"DataNode","dataNodeType":"GeneProduct","@type":["DataNode","GeneProduct","datanode"],"gpmlType":"datanode","graphicalType":"path","datasourceReference":{"database":"Ensembl","id":"F15A8.5","organism":"Caenorhabditis elegans"},"unificationXref":"http://identifiers.org/ensembl/F15A8.5"},{"networkType":"node","nodeType":"DataNode","dataNodeType":"GeneProduct","@type":["DataNode","GeneProduct","datanode"],"gpmlType":"datanode","graphicalType":"path","datasourceReference":{"database":"Ensembl","id":"Y22D7AR.13","organism":"Caenorhabditis elegans"},"unificationXref":"http://identifiers.org/ensembl/Y22D7AR.13"},{"networkType":"node","nodeType":"DataNode","dataNodeType":"GeneProduct","@type":["DataNode","GeneProduct","datanode"],"gpmlType":"datanode","graphicalType":"path","datasourceReference":{"database":"Ensembl","id":"T14E8.3","organism":"Caenorhabditis elegans"},"unificationXref":"http://identifiers.org/ensembl/T14E8.3"},{"networkType":"node","nodeType":"DataNode","dataNodeType":"GeneProduct","@type":["DataNode","GeneProduct","datanode"],"gpmlType":"datanode","graphicalType":"path","datasourceReference":{"database":"Ensembl","id":"F47D12.1","organism":"Caenorhabditis elegans"},"unificationXref":"http://identifiers.org/ensembl/F47D12.1"},{"networkType":"node","nodeType":"DataNode","dataNodeType":"GeneProduct","@type":["DataNode","GeneProduct","datanode"],"gpmlType":"datanode","graphicalType":"path","datasourceReference":{"database":"Ensembl","id":"C26C6.2","organism":"Caenorhabditis elegans"},"unificationXref":"http://identifiers.org/ensembl/C26C6.2"},{"networkType":"node","nodeType":"DataNode","dataNodeType":"GeneProduct","@type":["DataNode","GeneProduct","datanode"],"gpmlType":"datanode","graphicalType":"path","datasourceReference":{"database":"Ensembl","id":"M01D7.7","organism":"Caenorhabditis elegans"},"unificationXref":"http://identifiers.org/ensembl/M01D7.7"},{"networkType":"node","nodeType":"DataNode","dataNodeType":"GeneProduct","@type":["DataNode","GeneProduct","datanode"],"gpmlType":"datanode","graphicalType":"path","datasourceReference":{"database":"Ensembl","id":"F28C1.2","organism":"Caenorhabditis elegans"},"unificationXref":"http://identifiers.org/ensembl/F28C1.2"},{"networkType":"node","nodeType":"DataNode","dataNodeType":"GeneProduct","@type":["DataNode","GeneProduct","datanode"],"gpmlType":"datanode","graphicalType":"path","datasourceReference":{"database":"Ensembl","id":"F52A8.2","organism":"Caenorhabditis elegans"},"unificationXref":"http://identifiers.org/ensembl/F52A8.2"},{"networkType":"node","nodeType":"DataNode","dataNodeType":"GeneProduct","@type":["DataNode","GeneProduct","datanode"],"gpmlType":"datanode","graphicalType":"path","datasourceReference":{"database":"Ensembl","id":"B0348.4","organism":"Caenorhabditis elegans"},"unificationXref":"http://identifiers.org/ensembl/B0348.4"},{"networkType":"node","nodeType":"DataNode","dataNodeType":"GeneProduct","@type":["DataNode","GeneProduct","datanode"],"gpmlType":"datanode","graphicalType":"path","datasourceReference":{"database":"Ensembl","id":"Y69A2AR.2","organism":"Caenorhabditis elegans"},"unificationXref":"http://identifiers.org/ensembl/Y69A2AR.2"},{"networkType":"node","nodeType":"DataNode","dataNodeType":"GeneProduct","@type":["DataNode","GeneProduct","datanode"],"gpmlType":"datanode","graphicalType":"path","datasourceReference":{"database":"Ensembl","id":"F52E10.1","organism":"Caenorhabditis elegans"},"unificationXref":"http://identifiers.org/ensembl/F52E10.1"},{"networkType":"node","nodeType":"DataNode","dataNodeType":"GeneProduct","@type":["DataNode","GeneProduct","datanode"],"gpmlType":"datanode","graphicalType":"path","datasourceReference":{"database":"Ensembl","id":"ZK524.2","organism":"Caenorhabditis elegans"},"unificationXref":"http://identifiers.org/ensembl/ZK524.2"},{"networkType":"node","nodeType":"DataNode","dataNodeType":"GeneProduct","@type":["DataNode","GeneProduct","datanode"],"gpmlType":"datanode","graphicalType":"path","datasourceReference":{"database":"Ensembl","id":"F57F5.5","organism":"Caenorhabditis elegans"},"unificationXref":"http://identifiers.org/ensembl/F57F5.5"},{"networkType":"node","nodeType":"DataNode","dataNodeType":"GeneProduct","@type":["DataNode","GeneProduct","datanode"],"gpmlType":"datanode","graphicalType":"path","datasourceReference":{"database":"Ensembl","id":"C09E10.2","organism":"Caenorhabditis elegans"},"unificationXref":"http://identifiers.org/ensembl/C09E10.2"},{"networkType":"node","nodeType":"DataNode","dataNodeType":"GeneProduct","@type":["DataNode","GeneProduct","datanode"],"gpmlType":"datanode","graphicalType":"path","datasourceReference":{"database":"Ensembl","id":"Y69A2AR.2","organism":"Caenorhabditis elegans"},"unificationXref":"http://identifiers.org/ensembl/Y69A2AR.2"},{"networkType":"node","nodeType":"DataNode","dataNodeType":"GeneProduct","@type":["DataNode","GeneProduct","datanode"],"gpmlType":"datanode","graphicalType":"path","datasourceReference":{"database":"Ensembl","id":"R06A10.2","organism":"Caenorhabditis elegans"},"unificationXref":"http://identifiers.org/ensembl/R06A10.2"},{"networkType":"node","nodeType":"DataNode","dataNodeType":"GeneProduct","@type":["DataNode","GeneProduct","datanode"],"gpmlType":"datanode","graphicalType":"path","datasourceReference":{"database":"Ensembl","id":"R07E4.6","organism":"Caenorhabditis elegans"},"unificationXref":"http://identifiers.org/ensembl/R07E4.6"},{"networkType":"node","nodeType":"DataNode","dataNodeType":"Metabolite","@type":["DataNode","Metabolite","datanode"],"gpmlType":"datanode","graphicalType":"path","datasourceReference":{"database":"Wikipedia","id":"Acetylcholine","organism":"Caenorhabditis elegans"}}],"xmlns":"http://pathvisio.org/GPML/2013a","lastModified":"2/20/2013","name":"Neurotransm. release in cholinergic motor neurons","organism":"Caenorhabditis elegans","image":{"@context":{"@vocab":"http://schema.org/"},"width":795,"height":454},"publicationXref":[],"id":"wpId:WP1401","revision":"68486"}}