{"@context":{"@vocab":"http://vocabularies.wikipathways.org/gpml#","@base":"wpId:WP1455","pathwayIri":"wpId:WP1455","ChEBI":"http://www.ebi.ac.uk/chebi/searchId.do?chebiId=","dataSource":"gpml:Data-Source","datasourceReference":"wp:DatasourceReference","Group":{"@container":"@list","@id":"gpml:Group"},"interaction":{"@id":"biopax:Interaction","@type":"@id"},"interactionType":{"@id":"biopax:InteractionType","@type":"@id"},"interactionGraph":{"@container":"@list","@type":"@id"},"lastModified":"gpml:Last-Modified","pathway":"biopax:Pathway","point":{"@container":"@list","@id":"gpml:Point"},"publicationXref":"biopax:PublicationXref","unificationXref":"biopax:UnificationXref","author":"schema:author","backgroundColor":"css2:colors.html#propdef-background-color","backgroundImage":"css2:colors.html#propdef-background-image","biopax":"http://www.biopax.org/release/biopax-level3.owl#","borderColor":"css2:box.html#propdef-border-color","borderStyle":"css2:box.html#propdef-border-style","borderWidth":"css2:box.html#propdef-border-width","boxSizing":{"@id":"css3Ui:box-sizing","@value":"border-box"},"color":"css2:colors.html#propdef-color","contains":{"@id":"ex:contains","@type":"@id"},"css2":"http://www.w3.org/TR/CSS2/","css3Ui":"http://www.w3.org/TR/css3-ui/#","cssTransform":"http://www.w3.org/TR/css-transforms-1/#","gpmlDataNodeType":"gpml:Type","dcterms":"http://puri.org/dc/terms/","entrezGene":"http://www.ncbi.nlm.nih.gov/gene/","ex":"http://www.example.org/","fontFamily":"css2:fonts.html#font-family-prop","fontSize":"css2:fonts.html#propdef-font-size","fontStyle":"css2:fonts.html#propdef-font-style","fontWeight":"css2:fonts.html#propdef-font-weight","gpml":"http://vocabularies.wikipathways.org/gpml#","gpmlFolder":"file://Users/andersriutta/Sites/pathvisiojs/test/gpml/","hMDB":"http://www.hmdb.ca/metabolites/HMDB","height":"css2:visudet.html#propdef-height","id":"@id","image":"schema:image","interactsWith":{"@id":"ex:interactsWith","@type":"@id"},"isContainedBy":{"@reverse":"ex:contains","@type":"@id"},"media":"http://www.w3.org/TR/mediaont-10/","name":"http://xmlns.com/foaf/0.1/name","organism":"biopax:organism","padding":"css2:box.html#propdef-padding","elements":{"@container":"@list","@id":"ex:pathwayElements/"},"position":"css2:visuren.html#propdef-position","rotate":"cssTransform:funcdef-rotate","schema":"http://schema.org/","shapeLibrary":"http://shapelibrary.example.org/","shape":"shapeLibrary:shape","stroke":"svg:painting.html#StrokeProperty","strokeWidth":"svg:painting.html#StrokeWidthProperty","svg":"http://www.w3.org/TR/SVG11/","textAlign":"css2:text.html#propdef-text-align","verticalAlign":"css2:visudet.html#propdef-vertical-align","width":"css2:visudet.html#propdef-width","wp":"http://vocabularies.wikipathways.org/wp#","wpId":"http://identifiers.org/wikipathways/","x":{"@id":"css2:visuren.html#propdef-left","@type":"xsd:integer"},"xsd":"http://www.w3.org/2001/XMLSchema#","y":"css2:visuren.html#propdef-top","zIndex":{"@id":"css2:z-index","@type":"xsd:integer"}},"wpId:WP1455":{"elements":[{"networkType":"edge","gpmlType":"interaction","@type":["interaction"],"graphicalType":"path","points":[{"x":161,"y":189,"isAttachedTo":"b9e35","RelX":0,"anchor":[0.5,1,0,1],"RelY":1},{"x":240,"y":303,"isAttachedTo":"d5012","RelX":0,"anchor":[0.5,0,0,-1],"RelY":-1}]},{"networkType":"node","nodeType":"DataNode","dataNodeType":"GeneProduct","@type":["DataNode","GeneProduct","datanode"],"gpmlType":"datanode","graphicalType":"path","datasourceReference":{"database":"Entrez Gene","id":"3553","organism":"Homo sapiens"},"unificationXref":"http://identifiers.org/ensembl/ENSG00000125538"},{"networkType":"edge","gpmlType":"interaction","@type":["interaction"],"graphicalType":"path","points":[{"x":141,"y":169,"isAttachedTo":"b9e35","RelX":-0.5,"anchor":[0.25,0,0,-1],"RelY":-1},{"x":229,"y":216,"isAttachedTo":"d5f26","RelX":-1,"anchor":[0,0.5,-1,0],"RelY":0}]},{"networkType":"edge","gpmlType":"interaction","@type":["interaction"],"graphicalType":"path","points":[{"x":108.48333333333335,"y":275.98333333333335},{"x":141,"y":189,"isAttachedTo":"b9e35","RelX":-0.5,"anchor":[0.25,1,0,1],"RelY":1}]},{"networkType":"edge","gpmlType":"interaction","@type":["interaction"],"graphicalType":"path","points":[{"x":181,"y":169,"isAttachedTo":"b9e35","RelX":0.5,"anchor":[0.75,0,0,-1],"RelY":-1},{"x":270,"y":105,"isAttachedTo":"aad29","RelX":0,"anchor":[0.5,1,0,1],"RelY":1}]},{"networkType":"edge","gpmlType":"interaction","@type":["interaction"],"graphicalType":"path","points":[{"x":61.483333333333334,"y":96.98333333333333,"isAttachedTo":"e3155","RelX":0,"anchor":[0.5,1,0,1],"RelY":1},{"x":141,"y":169,"isAttachedTo":"b9e35","RelX":-0.5,"anchor":[0.25,0,0,-1],"RelY":-1}]},{"networkType":"edge","gpmlType":"interaction","@type":["interaction"],"graphicalType":"path","markerEnd":"arrow","points":[{"x":495,"y":35,"isAttachedTo":"d321e","RelX":-1,"anchor":[0,0.5,-1,0],"RelY":0},{"x":245,"y":35,"isAttachedTo":"bcccd","RelX":1,"anchor":[1,0.5,1,0],"RelY":0}],"interactionGraph":[{"id":"d321e","interactsWith":"bcccd"}],"interactionType":"gpml:Arrow"},{"gpmlType":"anchor","zIndex":null,"networkType":"node","@type":["anchor"],"graphicalType":"path","x":null,"y":null},{"networkType":"edge","gpmlType":"interaction","@type":["interaction"],"graphicalType":"path","markerEnd":"mimInhibition","points":[{"x":395,"y":35,"isAttachedTo":"ad4bc","RelX":0,"anchor":[0.5,0.5,0,0],"RelY":0},{"x":395,"y":85,"isAttachedTo":"e8cb4","RelX":0,"anchor":[0.5,0,0,-1],"RelY":-1}],"interactionGraph":[{"id":"ad4bc","interactsWith":"e8cb4"}],"interactionType":"mim-inhibition"},{"networkType":"edge","gpmlType":"interaction","@type":["interaction"],"graphicalType":"path","markerEnd":"mimInhibition","points":[{"x":125,"y":55,"isAttachedTo":"f09f6","RelX":0.5,"anchor":[0.75,1,0,1],"RelY":1},{"x":151,"y":170}]},{"networkType":"edge","gpmlType":"interaction","@type":["interaction"],"graphicalType":"path","markerEnd":"mimBinding","points":[{"x":205,"y":45,"isAttachedTo":"bcccd","RelX":0,"anchor":[0.5,1,0,1],"RelY":1},{"x":161,"y":169,"isAttachedTo":"b9e35","RelX":0,"anchor":[0.5,0,0,-1],"RelY":-1}],"interactionGraph":[{"id":"bcccd","interactsWith":"b9e35"}],"interactionType":"mim-binding"},{"networkType":"edge","gpmlType":"interaction","@type":["interaction"],"graphicalType":"path","markerEnd":"mimBinding","points":[{"x":455,"y":198.48333333333332,"isAttachedTo":"cd997","RelX":0,"anchor":[0.5,1,0,1],"RelY":1},{"x":456.0504201680672,"y":267,"isAttachedTo":"fcac9","RelX":0,"anchor":[0.5,0,0,-1],"RelY":-1}],"interactionGraph":[{"id":"cd997","interactsWith":"fcac9"}],"interactionType":"mim-binding"},{"networkType":"node","nodeType":"DataNode","dataNodeType":"GeneProduct","@type":["DataNode","GeneProduct","datanode"],"gpmlType":"datanode","graphicalType":"path","datasourceReference":{"database":"Entrez Gene","id":"6532","organism":"Homo sapiens"},"unificationXref":"http://identifiers.org/ensembl/ENSG00000108576"},{"networkType":"edge","gpmlType":"interaction","@type":["interaction"],"graphicalType":"path","points":[{"x":121,"y":179,"isAttachedTo":"b9e35","RelX":-1,"anchor":[0,0.5,-1,0],"RelY":0},{"x":96,"y":226,"isAttachedTo":"bc3ee","RelX":1,"anchor":[1,0.5,1,0],"RelY":0}]},{"networkType":"node","nodeType":"DataNode","dataNodeType":"GeneProduct","@type":["DataNode","GeneProduct","datanode"],"gpmlType":"datanode","graphicalType":"path","datasourceReference":{"database":"Entrez Gene","id":"121278","organism":"Homo sapiens"},"unificationXref":"http://identifiers.org/ensembl/ENSG00000139287"},{"networkType":"node","nodeType":"DataNode","dataNodeType":"Metabolite","@type":["DataNode","Metabolite","datanode"],"gpmlType":"datanode","graphicalType":"path","datasourceReference":{"database":"HMDB","id":"HMDB00929","organism":"Homo sapiens"}},{"networkType":"node","nodeType":"DataNode","dataNodeType":"Metabolite","@type":["DataNode","Metabolite","datanode"],"gpmlType":"datanode","graphicalType":"path","datasourceReference":{"database":"HMDB","id":"HMDB00259","organism":"Homo sapiens"}},{"networkType":"node","nodeType":"DataNode","dataNodeType":"Metabolite","@type":["DataNode","Metabolite","datanode"],"gpmlType":"datanode","graphicalType":"path","datasourceReference":{"database":"HMDB","id":"HMDB05038","organism":"Homo sapiens"}},{"networkType":"node","nodeType":"DataNode","dataNodeType":"GeneProduct","@type":["DataNode","GeneProduct","datanode"],"gpmlType":"datanode","graphicalType":"path","datasourceReference":{"database":"Entrez Gene","id":"3690","organism":"Homo sapiens"},"unificationXref":"http://identifiers.org/ensembl/ENSG00000259207"},{"networkType":"node","nodeType":"DataNode","dataNodeType":"GeneProduct","@type":["DataNode","GeneProduct","datanode"],"gpmlType":"datanode","graphicalType":"path","datasourceReference":{"database":"Entrez Gene","id":"5516","organism":"Homo sapiens"},"unificationXref":"http://identifiers.org/ensembl/ENSG00000104695"},{"networkType":"node","nodeType":"DataNode","dataNodeType":"GeneProduct","@type":["DataNode","GeneProduct","datanode"],"gpmlType":"datanode","graphicalType":"path","datasourceReference":{"database":"Entrez Gene","id":"7041","organism":"Homo sapiens"},"unificationXref":"http://identifiers.org/ensembl/ENSG00000140682"},{"networkType":"node","nodeType":"DataNode","dataNodeType":"GeneProduct","@type":["DataNode","GeneProduct","datanode"],"gpmlType":"datanode","graphicalType":"path","datasourceReference":{"database":"Entrez Gene","id":"3554","organism":"Homo sapiens"},"unificationXref":"http://identifiers.org/ensembl/ENSG00000115594"},{"networkType":"node","nodeType":"DataNode","dataNodeType":"GeneProduct","@type":["DataNode","GeneProduct","datanode"],"gpmlType":"datanode","graphicalType":"path","datasourceReference":{"database":"Entrez Gene","id":"6804","organism":"Homo sapiens"},"unificationXref":"http://identifiers.org/ensembl/ENSG00000263024"},{"networkType":"node","nodeType":"DataNode","dataNodeType":"GeneProduct","@type":["DataNode","GeneProduct","datanode"],"gpmlType":"datanode","graphicalType":"path","datasourceReference":{"database":"Entrez Gene","id":"4842","organism":"Homo sapiens"},"unificationXref":"http://identifiers.org/ensembl/ENSG00000089250"},{"networkType":"node","nodeType":"DataNode","dataNodeType":"GeneProduct","@type":["DataNode","GeneProduct","datanode"],"gpmlType":"datanode","graphicalType":"path","datasourceReference":{"database":"Entrez Gene","id":"10066","organism":"Homo sapiens"},"unificationXref":"http://identifiers.org/ensembl/ENSG00000140497"},{"networkType":"node","nodeType":"DataNode","dataNodeType":"GeneProduct","@type":["DataNode","GeneProduct","datanode"],"gpmlType":"datanode","graphicalType":"path","datasourceReference":{"database":"Entrez Gene","id":"4128","organism":"Homo sapiens"},"unificationXref":"http://identifiers.org/ensembl/ENSG00000189221"}],"xmlns":"http://pathvisio.org/GPML/2013a","license":"CC BY 2.0","name":"Serotonin Transporter Activity","organism":"Homo sapiens","image":{"@context":{"@vocab":"http://schema.org/"},"width":605,"height":353},"publicationXref":[],"id":"wpId:WP1455","revision":"68965"}}