{"@context":{"@vocab":"http://vocabularies.wikipathways.org/gpml#","@base":"wpId:WP1451","pathwayIri":"wpId:WP1451","ChEBI":"http://www.ebi.ac.uk/chebi/searchId.do?chebiId=","dataSource":"gpml:Data-Source","datasourceReference":"wp:DatasourceReference","Group":{"@container":"@list","@id":"gpml:Group"},"interaction":{"@id":"biopax:Interaction","@type":"@id"},"interactionType":{"@id":"biopax:InteractionType","@type":"@id"},"interactionGraph":"@graph","lastModified":"gpml:Last-Modified","pathway":"biopax:Pathway","point":{"@container":"@list","@id":"gpml:Point"},"publicationXref":"biopax:PublicationXref","unificationXref":"biopax:UnificationXref","author":"schema:author","backgroundColor":"css2:colors.html#propdef-background-color","backgroundImage":"css2:colors.html#propdef-background-image","biopax":"http://www.biopax.org/release/biopax-level3.owl#","borderColor":"css2:box.html#propdef-border-color","borderStyle":"css2:box.html#propdef-border-style","borderWidth":"css2:box.html#propdef-border-width","boxSizing":{"@id":"css3Ui:box-sizing","@value":"border-box"},"color":"css2:colors.html#propdef-color","contains":{"@id":"ex:contains","@type":"@id"},"css2":"http://www.w3.org/TR/CSS2/","css3Ui":"http://www.w3.org/TR/css3-ui/#","cssTransform":"http://www.w3.org/TR/css-transforms-1/#","gpmlDataNodeType":"gpml:Type","dcterms":"http://puri.org/dc/terms/","entrezGene":"http://www.ncbi.nlm.nih.gov/gene/","ex":"http://www.example.org/","fontFamily":"css2:fonts.html#font-family-prop","fontSize":"css2:fonts.html#propdef-font-size","fontStyle":"css2:fonts.html#propdef-font-style","fontWeight":"css2:fonts.html#propdef-font-weight","gpml":"http://vocabularies.wikipathways.org/gpml#","gpmlFolder":"file://Users/andersriutta/Sites/pathvisiojs/test/gpml/","hMDB":"http://www.hmdb.ca/metabolites/HMDB","height":"css2:visudet.html#propdef-height","id":"@id","image":"schema:image","interactsWith":{"@id":"ex:interactsWith","@type":"@id"},"isContainedBy":{"@reverse":"ex:contains","@type":"@id"},"media":"http://www.w3.org/TR/mediaont-10/","name":"http://xmlns.com/foaf/0.1/name","organism":"biopax:organism","padding":"css2:box.html#propdef-padding","elements":{"@container":"@list","@id":"ex:pathwayElements/"},"position":"css2:visuren.html#propdef-position","rotate":"cssTransform:funcdef-rotate","schema":"http://schema.org/","shapeLibrary":"http://shapelibrary.example.org/","shape":"shapeLibrary:shape","stroke":"svg:painting.html#StrokeProperty","strokeWidth":"svg:painting.html#StrokeWidthProperty","svg":"http://www.w3.org/TR/SVG11/","textAlign":"css2:text.html#propdef-text-align","verticalAlign":"css2:visudet.html#propdef-vertical-align","width":"css2:visudet.html#propdef-width","wp":"http://vocabularies.wikipathways.org/wp#","wpId":"http://identifiers.org/wikipathways/","x":{"@id":"css2:visuren.html#propdef-left","@type":"xsd:integer"},"xsd":"http://www.w3.org/2001/XMLSchema#","y":"css2:visuren.html#propdef-top","zIndex":{"@id":"css2:z-index","@type":"xsd:integer"}},"wpId:WP1451":{"elements":[{"networkType":"node","nodeType":"DataNode","dataNodeType":"Metabolite","@type":["DataNode","Metabolite","datanode"],"gpmlType":"datanode","graphicalType":"path"},{"networkType":"node","nodeType":"DataNode","dataNodeType":"GeneProduct","@type":["DataNode","GeneProduct","datanode"],"gpmlType":"datanode","graphicalType":"path","datasourceReference":{"database":"WormBase","id":"T25G12.5","organism":"Caenorhabditis elegans"},"unificationXref":"http://identifiers.org/ensembl/T25G12.5"},{"networkType":"node","nodeType":"Label","@type":["label"],"gpmlType":"label","graphicalType":"path"},{"networkType":"node","nodeType":"Label","@type":["label"],"gpmlType":"label","graphicalType":"path"},{"networkType":"node","nodeType":"Shape","@type":["shape"],"gpmlType":"shape","graphicalType":"path"},{"networkType":"node","nodeType":"Shape","@type":["shape"],"gpmlType":"shape","graphicalType":"path"},{"networkType":"edge","gpmlType":"interaction","@type":["interaction"],"graphicalType":"path","markerEnd":"arrow","points":[{"x":928,"y":356,"isAttachedTo":"c873a","RelX":0,"anchor":[0.5,1,0,1],"RelY":1},{"x":928,"y":440,"isAttachedTo":"b1acf","RelX":0,"anchor":[0.5,0,0,-1],"RelY":-1}],"interactionGraph":[{"id":"c873a","interactsWith":"b1acf"}],"interactionType":"gpml:Arrow"},{"networkType":"edge","gpmlType":"interaction","@type":["interaction"],"graphicalType":"path","markerEnd":"arrow","points":[{"x":703,"y":356,"isAttachedTo":"c8de2","RelX":0,"anchor":[0.5,1,0,1],"RelY":1},{"x":703,"y":440,"isAttachedTo":"a64dc","RelX":0,"anchor":[0.5,0,0,-1],"RelY":-1}],"interactionGraph":[{"id":"c8de2","interactsWith":"a64dc"}],"interactionType":"gpml:Arrow"},{"networkType":"edge","gpmlType":"interaction","@type":["interaction"],"graphicalType":"path","markerEnd":"arrow","points":[{"x":481.5,"y":355,"isAttachedTo":"cab90","RelX":0,"anchor":[0.5,1,0,1],"RelY":1},{"x":481.5,"y":439,"isAttachedTo":"a3721","RelX":0,"anchor":[0.5,0,0,-1],"RelY":-1}],"interactionGraph":[{"id":"cab90","interactsWith":"a3721"}],"interactionType":"gpml:Arrow"},{"networkType":"edge","gpmlType":"interaction","@type":["interaction"],"graphicalType":"path","markerEnd":"arrow","points":[{"x":928,"y":460,"isAttachedTo":"b1acf","RelX":0,"anchor":[0.5,1,0,1],"RelY":1},{"x":928,"y":564,"isAttachedTo":"f073e","RelX":0,"anchor":[0.5,0,0,-1],"RelY":-1}],"interactionGraph":[{"id":"b1acf","interactsWith":"f073e"}],"interactionType":"gpml:Arrow"},{"networkType":"edge","gpmlType":"interaction","@type":["interaction"],"graphicalType":"path","markerEnd":"arrow","points":[{"x":928,"y":584,"isAttachedTo":"f073e","RelX":0,"anchor":[0.5,1,0,1],"RelY":1},{"x":928,"y":686,"isAttachedTo":"c6484","RelX":0,"anchor":[0.5,0,0,-1],"RelY":-1}],"interactionGraph":[{"id":"f073e","interactsWith":"c6484"}],"interactionType":"gpml:Arrow"},{"networkType":"edge","gpmlType":"interaction","@type":["interaction"],"graphicalType":"path","markerEnd":"arrow","points":[{"x":928,"y":706,"isAttachedTo":"c6484","RelX":0,"anchor":[0.5,1,0,1],"RelY":1},{"x":928,"y":793,"isAttachedTo":"eaf3e","RelX":0,"anchor":[0.5,0,0,-1],"RelY":-1}],"interactionGraph":[{"id":"c6484","interactsWith":"eaf3e"}],"interactionType":"gpml:Arrow"},{"networkType":"edge","gpmlType":"interaction","@type":["interaction"],"graphicalType":"path","markerEnd":"arrow","points":[{"x":928,"y":813,"isAttachedTo":"eaf3e","RelX":0,"anchor":[0.5,1,0,1],"RelY":1},{"x":928,"y":907,"isAttachedTo":"dd4ca","RelX":0,"anchor":[0.5,0,0,-1],"RelY":-1}],"interactionGraph":[{"id":"eaf3e","interactsWith":"dd4ca"}],"interactionType":"gpml:Arrow"},{"networkType":"edge","gpmlType":"interaction","@type":["interaction"],"graphicalType":"path","markerEnd":"arrow","points":[{"x":928,"y":927,"isAttachedTo":"dd4ca","RelX":0,"anchor":[0.5,1,0,1],"RelY":1},{"x":928,"y":995,"isAttachedTo":"cb5ca","RelX":0,"anchor":[0.5,0,0,-1],"RelY":-1}],"interactionGraph":[{"id":"dd4ca","interactsWith":"cb5ca"}],"interactionType":"gpml:Arrow"},{"networkType":"edge","gpmlType":"interaction","@type":["interaction"],"graphicalType":"path","markerEnd":"arrow","points":[{"x":884.5,"y":803,"isAttachedTo":"eaf3e","RelX":-1,"anchor":[0,0.5,-1,0],"RelY":0},{"x":864.5,"y":803},{"x":864.5,"y":917},{"x":888,"y":917,"isAttachedTo":"dd4ca","RelX":-1,"anchor":[0,0.5,-1,0],"RelY":0}],"interactionGraph":[{"id":"eaf3e","interactsWith":"dd4ca"}],"interactionType":"gpml:Arrow"},{"networkType":"edge","gpmlType":"interaction","@type":["interaction"],"graphicalType":"path","markerEnd":"arrow","points":[{"x":888,"y":917,"isAttachedTo":"dd4ca","RelX":-1,"anchor":[0,0.5,-1,0],"RelY":0},{"x":865,"y":917},{"x":865,"y":803},{"x":884.5,"y":803,"isAttachedTo":"eaf3e","RelX":-1,"anchor":[0,0.5,-1,0],"RelY":0}],"interactionGraph":[{"id":"dd4ca","interactsWith":"eaf3e"}],"interactionType":"gpml:Arrow"},{"networkType":"edge","gpmlType":"interaction","@type":["interaction"],"graphicalType":"path","markerEnd":"arrow","points":[{"x":928,"y":1015,"isAttachedTo":"cb5ca","RelX":0,"anchor":[0.5,1,0,1],"RelY":1},{"x":926,"y":1184,"isAttachedTo":"a00b6","RelX":0,"anchor":[0.5,0,0,-1],"RelY":-1}],"interactionGraph":[{"id":"cb5ca","interactsWith":"a00b6"}],"interactionType":"gpml:Arrow"},{"networkType":"edge","gpmlType":"interaction","@type":["interaction"],"graphicalType":"path","markerEnd":"arrow","points":[{"x":926,"y":1204,"isAttachedTo":"a00b6","RelX":0,"anchor":[0.5,1,0,1],"RelY":1},{"x":924,"y":1290.4833333333333,"isAttachedTo":"a695e","RelX":0,"anchor":[0.5,0,0,-1],"RelY":-1}],"interactionGraph":[{"id":"a00b6","interactsWith":"a695e"}],"interactionType":"gpml:Arrow"},{"networkType":"edge","gpmlType":"interaction","@type":["interaction"],"graphicalType":"path","markerEnd":"arrow","points":[{"x":924,"y":1290.4833333333333,"isAttachedTo":"a695e","RelX":0,"anchor":[0.5,0,0,-1],"RelY":-1},{"x":926,"y":1204,"isAttachedTo":"a00b6","RelX":0,"anchor":[0.5,1,0,1],"RelY":1}],"interactionGraph":[{"id":"a695e","interactsWith":"a00b6"}],"interactionType":"gpml:Arrow"},{"networkType":"edge","gpmlType":"interaction","@type":["interaction"],"graphicalType":"path","markerEnd":"arrow","points":[{"x":924,"y":1310.4833333333333,"isAttachedTo":"a695e","RelX":0,"anchor":[0.5,1,0,1],"RelY":1},{"x":924,"y":1374,"isAttachedTo":"c4555","RelX":0,"anchor":[0.5,0,0,-1],"RelY":-1}],"interactionGraph":[{"id":"a695e","interactsWith":"c4555"}],"interactionType":"gpml:Arrow"},{"networkType":"edge","gpmlType":"interaction","@type":["interaction"],"graphicalType":"path","markerEnd":"arrow","points":[{"x":924,"y":1394,"isAttachedTo":"c4555","RelX":0,"anchor":[0.5,1,0,1],"RelY":1},{"x":924,"y":1483,"isAttachedTo":"d78a1","RelX":0,"anchor":[0.5,0,0,-1],"RelY":-1}],"interactionGraph":[{"id":"c4555","interactsWith":"d78a1"}],"interactionType":"gpml:Arrow"},{"networkType":"edge","gpmlType":"interaction","@type":["interaction"],"graphicalType":"path","markerEnd":"arrow","points":[{"x":924,"y":1503,"isAttachedTo":"d78a1","RelX":0,"anchor":[0.5,1,0,1],"RelY":1},{"x":924,"y":1555,"isAttachedTo":"e6581","RelX":0,"anchor":[0.5,0,0,-1],"RelY":-1}],"interactionGraph":[{"id":"d78a1","interactsWith":"e6581"}],"interactionType":"gpml:Arrow"},{"networkType":"edge","gpmlType":"interaction","@type":["interaction"],"graphicalType":"path","markerEnd":"arrow","points":[{"x":644,"y":803,"isAttachedTo":"f3670","RelX":-1,"anchor":[0,0.5,-1,0],"RelY":0},{"x":624,"y":803},{"x":624,"y":917},{"x":663,"y":917,"isAttachedTo":"a7a46","RelX":-1,"anchor":[0,0.5,-1,0],"RelY":0}],"interactionGraph":[{"id":"f3670","interactsWith":"a7a46"}],"interactionType":"gpml:Arrow"},{"networkType":"edge","gpmlType":"interaction","@type":["interaction"],"graphicalType":"path","markerEnd":"arrow","points":[{"x":703,"y":813,"isAttachedTo":"f3670","RelX":0,"anchor":[0.5,1,0,1],"RelY":1},{"x":703,"y":907,"isAttachedTo":"a7a46","RelX":0,"anchor":[0.5,0,0,-1],"RelY":-1}],"interactionGraph":[{"id":"f3670","interactsWith":"a7a46"}],"interactionType":"gpml:Arrow"},{"networkType":"edge","gpmlType":"interaction","@type":["interaction"],"graphicalType":"path","markerEnd":"arrow","points":[{"x":703,"y":584,"isAttachedTo":"f77a0","RelX":0,"anchor":[0.5,1,0,1],"RelY":1},{"x":703,"y":686,"isAttachedTo":"f1c52","RelX":0,"anchor":[0.5,0,0,-1],"RelY":-1}],"interactionGraph":[{"id":"f77a0","interactsWith":"f1c52"}],"interactionType":"gpml:Arrow"},{"networkType":"edge","gpmlType":"interaction","@type":["interaction"],"graphicalType":"path","markerEnd":"arrow","points":[{"x":703,"y":460,"isAttachedTo":"a64dc","RelX":0,"anchor":[0.5,1,0,1],"RelY":1},{"x":703,"y":564,"isAttachedTo":"f77a0","RelX":0,"anchor":[0.5,0,0,-1],"RelY":-1}],"interactionGraph":[{"id":"a64dc","interactsWith":"f77a0"}],"interactionType":"gpml:Arrow"},{"networkType":"edge","gpmlType":"interaction","@type":["interaction"],"graphicalType":"path","markerEnd":"arrow","points":[{"x":703,"y":1015,"isAttachedTo":"c4533","RelX":0,"anchor":[0.5,1,0,1],"RelY":1},{"x":698,"y":1184,"isAttachedTo":"d7583","RelX":0,"anchor":[0.5,0,0,-1],"RelY":-1}],"interactionGraph":[{"id":"c4533","interactsWith":"d7583"}],"interactionType":"gpml:Arrow"},{"networkType":"edge","gpmlType":"interaction","@type":["interaction"],"graphicalType":"path","markerEnd":"arrow","points":[{"x":703,"y":927,"isAttachedTo":"a7a46","RelX":0,"anchor":[0.5,1,0,1],"RelY":1},{"x":703,"y":995,"isAttachedTo":"c4533","RelX":0,"anchor":[0.5,0,0,-1],"RelY":-1}],"interactionGraph":[{"id":"a7a46","interactsWith":"c4533"}],"interactionType":"gpml:Arrow"},{"networkType":"edge","gpmlType":"interaction","@type":["interaction"],"graphicalType":"path","markerEnd":"arrow","points":[{"x":703,"y":706,"isAttachedTo":"f1c52","RelX":0,"anchor":[0.5,1,0,1],"RelY":1},{"x":703,"y":793,"isAttachedTo":"f3670","RelX":0,"anchor":[0.5,0,0,-1],"RelY":-1}],"interactionGraph":[{"id":"f1c52","interactsWith":"f3670"}],"interactionType":"gpml:Arrow"},{"networkType":"edge","gpmlType":"interaction","@type":["interaction"],"graphicalType":"path","markerEnd":"arrow","points":[{"x":663,"y":917,"isAttachedTo":"a7a46","RelX":-1,"anchor":[0,0.5,-1,0],"RelY":0},{"x":625,"y":917},{"x":625,"y":803},{"x":644,"y":803,"isAttachedTo":"f3670","RelX":-1,"anchor":[0,0.5,-1,0],"RelY":0}],"interactionGraph":[{"id":"a7a46","interactsWith":"f3670"}],"interactionType":"gpml:Arrow"},{"networkType":"edge","gpmlType":"interaction","@type":["interaction"],"graphicalType":"path","markerEnd":"arrow","points":[{"x":698,"y":1204,"isAttachedTo":"d7583","RelX":0,"anchor":[0.5,1,0,1],"RelY":1},{"x":699,"y":1290.4833333333333,"isAttachedTo":"b22b2","RelX":0,"anchor":[0.5,0,0,-1],"RelY":-1}],"interactionGraph":[{"id":"d7583","interactsWith":"b22b2"}],"interactionType":"gpml:Arrow"},{"networkType":"edge","gpmlType":"interaction","@type":["interaction"],"graphicalType":"path","markerEnd":"arrow","points":[{"x":699,"y":1310.4833333333333,"isAttachedTo":"b22b2","RelX":0,"anchor":[0.5,1,0,1],"RelY":1},{"x":699,"y":1484,"isAttachedTo":"a54ef","RelX":0,"anchor":[0.5,0,0,-1],"RelY":-1}],"interactionGraph":[{"id":"b22b2","interactsWith":"a54ef"}],"interactionType":"gpml:Arrow"},{"networkType":"edge","gpmlType":"interaction","@type":["interaction"],"graphicalType":"path","markerEnd":"arrow","points":[{"x":755.5,"y":1494,"isAttachedTo":"a54ef","RelX":1,"anchor":[1,0.5,1,0],"RelY":0},{"x":864.5,"y":1493,"isAttachedTo":"d78a1","RelX":-1,"anchor":[0,0.5,-1,0],"RelY":0}],"interactionGraph":[{"id":"a54ef","interactsWith":"d78a1"}],"interactionType":"gpml:Arrow"},{"networkType":"edge","gpmlType":"interaction","@type":["interaction"],"graphicalType":"path","markerEnd":"arrow","points":[{"x":698,"y":1184,"isAttachedTo":"d7583","RelX":0,"anchor":[0.5,0,0,-1],"RelY":-1},{"x":703,"y":1015,"isAttachedTo":"c4533","RelX":0,"anchor":[0.5,1,0,1],"RelY":1}],"interactionGraph":[{"id":"d7583","interactsWith":"c4533"}],"interactionType":"gpml:Arrow"},{"networkType":"edge","gpmlType":"interaction","@type":["interaction"],"graphicalType":"path","markerEnd":"arrow","points":[{"x":481.5,"y":583,"isAttachedTo":"b3fb1","RelX":0,"anchor":[0.5,1,0,1],"RelY":1},{"x":481.5,"y":685,"isAttachedTo":"d9b9b","RelX":0,"anchor":[0.5,0,0,-1],"RelY":-1}],"interactionGraph":[{"id":"b3fb1","interactsWith":"d9b9b"}],"interactionType":"gpml:Arrow"},{"networkType":"edge","gpmlType":"interaction","@type":["interaction"],"graphicalType":"path","markerEnd":"arrow","points":[{"x":481.5,"y":1014,"isAttachedTo":"d5922","RelX":0,"anchor":[0.5,1,0,1],"RelY":1},{"x":478.5,"y":1184,"isAttachedTo":"fe48b","RelX":0,"anchor":[0.5,0,0,-1],"RelY":-1}],"interactionGraph":[{"id":"d5922","interactsWith":"fe48b"}],"interactionType":"gpml:Arrow"},{"networkType":"edge","gpmlType":"interaction","@type":["interaction"],"graphicalType":"path","markerEnd":"arrow","points":[{"x":481.5,"y":459,"isAttachedTo":"a3721","RelX":0,"anchor":[0.5,1,0,1],"RelY":1},{"x":481.5,"y":563,"isAttachedTo":"b3fb1","RelX":0,"anchor":[0.5,0,0,-1],"RelY":-1}],"interactionGraph":[{"id":"a3721","interactsWith":"b3fb1"}],"interactionType":"gpml:Arrow"},{"networkType":"edge","gpmlType":"interaction","@type":["interaction"],"graphicalType":"path","markerEnd":"arrow","points":[{"x":481.5,"y":812,"isAttachedTo":"b0b0e","RelX":0,"anchor":[0.5,1,0,1],"RelY":1},{"x":481.5,"y":906,"isAttachedTo":"f21fd","RelX":0,"anchor":[0.5,0,0,-1],"RelY":-1}],"interactionGraph":[{"id":"b0b0e","interactsWith":"f21fd"}],"interactionType":"gpml:Arrow"},{"networkType":"edge","gpmlType":"interaction","@type":["interaction"],"graphicalType":"path","markerEnd":"arrow","points":[{"x":481.5,"y":705,"isAttachedTo":"d9b9b","RelX":0,"anchor":[0.5,1,0,1],"RelY":1},{"x":481.5,"y":792,"isAttachedTo":"b0b0e","RelX":0,"anchor":[0.5,0,0,-1],"RelY":-1}],"interactionGraph":[{"id":"d9b9b","interactsWith":"b0b0e"}],"interactionType":"gpml:Arrow"},{"networkType":"edge","gpmlType":"interaction","@type":["interaction"],"graphicalType":"path","markerEnd":"arrow","points":[{"x":428.5,"y":802,"isAttachedTo":"b0b0e","RelX":-1,"anchor":[0,0.5,-1,0],"RelY":0},{"x":408.5,"y":802},{"x":408.5,"y":916},{"x":426.5,"y":916,"isAttachedTo":"f21fd","RelX":-1,"anchor":[0,0.5,-1,0],"RelY":0}],"interactionGraph":[{"id":"b0b0e","interactsWith":"f21fd"}],"interactionType":"gpml:Arrow"},{"networkType":"edge","gpmlType":"interaction","@type":["interaction"],"graphicalType":"path","markerEnd":"arrow","points":[{"x":478.5,"y":1184,"isAttachedTo":"fe48b","RelX":0,"anchor":[0.5,0,0,-1],"RelY":-1},{"x":481.5,"y":1014,"isAttachedTo":"d5922","RelX":0,"anchor":[0.5,1,0,1],"RelY":1}],"interactionGraph":[{"id":"fe48b","interactsWith":"d5922"}],"interactionType":"gpml:Arrow"},{"networkType":"edge","gpmlType":"interaction","@type":["interaction"],"graphicalType":"path","markerEnd":"arrow","points":[{"x":481.5,"y":926,"isAttachedTo":"f21fd","RelX":0,"anchor":[0.5,1,0,1],"RelY":1},{"x":481.5,"y":994,"isAttachedTo":"d5922","RelX":0,"anchor":[0.5,0,0,-1],"RelY":-1}],"interactionGraph":[{"id":"f21fd","interactsWith":"d5922"}],"interactionType":"gpml:Arrow"},{"networkType":"edge","gpmlType":"interaction","@type":["interaction"],"graphicalType":"path","markerEnd":"arrow","points":[{"x":426.5,"y":916,"isAttachedTo":"f21fd","RelX":-1,"anchor":[0,0.5,-1,0],"RelY":0},{"x":409,"y":916},{"x":409,"y":802},{"x":428.5,"y":802,"isAttachedTo":"b0b0e","RelX":-1,"anchor":[0,0.5,-1,0],"RelY":0}],"interactionGraph":[{"id":"f21fd","interactsWith":"b0b0e"}],"interactionType":"gpml:Arrow"},{"networkType":"edge","gpmlType":"interaction","@type":["interaction"],"graphicalType":"path","markerEnd":"arrow","points":[{"x":478.5,"y":1204,"isAttachedTo":"fe48b","RelX":0,"anchor":[0.5,1,0,1],"RelY":1},{"x":477.5,"y":1280.4833333333333,"isAttachedTo":"b1bbe","RelX":0,"anchor":[0.5,0,0,-1],"RelY":-1}],"interactionGraph":[{"id":"fe48b","interactsWith":"b1bbe"}],"interactionType":"gpml:Arrow"},{"networkType":"edge","gpmlType":"interaction","@type":["interaction"],"graphicalType":"path","markerEnd":"arrow","points":[{"x":426.5,"y":916,"isAttachedTo":"f21fd","RelX":-1,"anchor":[0,0.5,-1,0],"RelY":0},{"x":186,"y":913,"isAttachedTo":"e6a72","RelX":1,"anchor":[1,0.5,1,0],"RelY":0}],"interactionGraph":[{"id":"f21fd","interactsWith":"e6a72"}],"interactionType":"gpml:Arrow"},{"networkType":"edge","gpmlType":"interaction","@type":["interaction"],"graphicalType":"path","markerEnd":"arrow","points":[{"x":477.5,"y":1373,"isAttachedTo":"aca70","RelX":0,"anchor":[0.5,0,0,-1],"RelY":-1},{"x":477.5,"y":1300.4833333333333,"isAttachedTo":"b1bbe","RelX":0,"anchor":[0.5,1,0,1],"RelY":1}],"interactionGraph":[{"id":"aca70","interactsWith":"b1bbe"}],"interactionType":"gpml:Arrow"},{"networkType":"edge","gpmlType":"interaction","@type":["interaction"],"graphicalType":"path","markerEnd":"arrow","points":[{"x":477.5,"y":1300.4833333333333,"isAttachedTo":"b1bbe","RelX":0,"anchor":[0.5,1,0,1],"RelY":1},{"x":477.5,"y":1373,"isAttachedTo":"aca70","RelX":0,"anchor":[0.5,0,0,-1],"RelY":-1}],"interactionGraph":[{"id":"b1bbe","interactsWith":"aca70"}],"interactionType":"gpml:Arrow"},{"networkType":"edge","gpmlType":"interaction","@type":["interaction"],"graphicalType":"path","markerEnd":"arrow","points":[{"x":477.5,"y":1393,"isAttachedTo":"aca70","RelX":0,"anchor":[0.5,1,0,1],"RelY":1},{"x":477.5,"y":1554,"isAttachedTo":"db572","RelX":0,"anchor":[0.5,0,0,-1],"RelY":-1}],"interactionGraph":[{"id":"aca70","interactsWith":"db572"}],"interactionType":"gpml:Arrow"},{"networkType":"edge","gpmlType":"interaction","@type":["interaction"],"graphicalType":"path","markerEnd":"arrow","points":[{"x":477.5,"y":1574,"isAttachedTo":"db572","RelX":0,"anchor":[0.5,1,0,1],"RelY":1},{"x":655.9666666666667,"y":1659.4833333333333,"isAttachedTo":"b8074","RelX":-1,"anchor":[0,0.5,-1,0],"RelY":0}],"interactionGraph":[{"id":"db572","interactsWith":"b8074"}],"interactionType":"gpml:Arrow"},{"networkType":"edge","gpmlType":"interaction","@type":["interaction"],"graphicalType":"path","markerEnd":"arrow","points":[{"x":924,"y":1575,"isAttachedTo":"e6581","RelX":0,"anchor":[0.5,1,0,1],"RelY":1},{"x":768,"y":1659.4833333333333,"isAttachedTo":"b8074","RelX":1,"anchor":[1,0.5,1,0],"RelY":0}],"interactionGraph":[{"id":"e6581","interactsWith":"b8074"}],"interactionType":"gpml:Arrow"},{"networkType":"edge","gpmlType":"interaction","@type":["interaction"],"graphicalType":"path","markerEnd":"arrow","points":[{"x":663.5,"y":1204,"isAttachedTo":"d7583","RelX":-0.5,"anchor":[0.25,1,0,1],"RelY":1},{"x":497.5,"y":1554,"isAttachedTo":"db572","RelX":0.5,"anchor":[0.75,0,0,-1],"RelY":-1}],"interactionGraph":[{"id":"d7583","interactsWith":"db572"}],"interactionType":"gpml:Arrow"},{"networkType":"edge","gpmlType":"interaction","@type":["interaction"],"graphicalType":"path","points":[{"x":534.5,"y":802,"isAttachedTo":"b0b0e","RelX":1,"anchor":[1,0.5,1,0],"RelY":0},{"x":644,"y":803,"isAttachedTo":"f3670","RelX":-1,"anchor":[0,0.5,-1,0],"RelY":0}]},{"networkType":"edge","gpmlType":"interaction","@type":["interaction"],"graphicalType":"path","markerEnd":"arrow","points":[{"x":971.5,"y":803,"isAttachedTo":"eaf3e","RelX":1,"anchor":[1,0.5,1,0],"RelY":0},{"x":1437.9666666666667,"y":805.9833333333333,"isAttachedTo":"a0490","RelX":-1,"anchor":[0,0.5,-1,0],"RelY":0}],"interactionGraph":[{"id":"eaf3e","interactsWith":"a0490"}],"interactionType":"gpml:Arrow"},{"networkType":"edge","gpmlType":"interaction","@type":["interaction"],"graphicalType":"path","points":[{"x":762,"y":803,"isAttachedTo":"f3670","RelX":1,"anchor":[1,0.5,1,0],"RelY":0},{"x":884.5,"y":803,"isAttachedTo":"eaf3e","RelX":-1,"anchor":[0,0.5,-1,0],"RelY":0}]},{"networkType":"edge","gpmlType":"interaction","@type":["interaction"],"graphicalType":"path","markerEnd":"arrow","points":[{"x":587.5,"y":241,"isAttachedTo":"aa998","RelX":-1,"anchor":[0,0.5,-1,0],"RelY":0},{"x":481.5,"y":335,"isAttachedTo":"cab90","RelX":0,"anchor":[0.5,0,0,-1],"RelY":-1}],"interactionGraph":[{"id":"aa998","interactsWith":"cab90"}],"interactionType":"gpml:Arrow"},{"networkType":"edge","gpmlType":"interaction","@type":["interaction"],"graphicalType":"path","markerEnd":"arrow","points":[{"x":703.75,"y":258,"isAttachedTo":"aa998","RelX":0,"anchor":[0.5,1,0,1],"RelY":1},{"x":703,"y":336,"isAttachedTo":"c8de2","RelX":0,"anchor":[0.5,0,0,-1],"RelY":-1}],"interactionGraph":[{"id":"aa998","interactsWith":"c8de2"}],"interactionType":"gpml:Arrow"},{"networkType":"edge","gpmlType":"interaction","@type":["interaction"],"graphicalType":"path","markerEnd":"arrow","points":[{"x":820,"y":241,"isAttachedTo":"aa998","RelX":1,"anchor":[1,0.5,1,0],"RelY":0},{"x":928,"y":336,"isAttachedTo":"c873a","RelX":0,"anchor":[0.5,0,0,-1],"RelY":-1}],"interactionGraph":[{"id":"aa998","interactsWith":"c873a"}],"interactionType":"gpml:Arrow"},{"networkType":"edge","gpmlType":"interaction","@type":["interaction"],"graphicalType":"path","markerEnd":"arrow","points":[{"x":1038,"y":398,"isAttachedTo":"e9256","RelX":-1,"anchor":[0,0.5,-1,0],"RelY":0},{"x":947,"y":399}]},{"networkType":"edge","gpmlType":"interaction","@type":["interaction"],"graphicalType":"path","markerEnd":"arrow","points":[{"x":1038,"y":507.5,"isAttachedTo":"fae97","RelX":-1,"anchor":[0,0.5,-1,0],"RelY":0},{"x":947,"y":507}]},{"networkType":"edge","gpmlType":"interaction","@type":["interaction"],"graphicalType":"path","markerEnd":"arrow","points":[{"x":1036,"y":633,"isAttachedTo":"fd600","RelX":-1,"anchor":[0,0.5,-1,0],"RelY":0},{"x":951,"y":633}]},{"networkType":"edge","gpmlType":"interaction","@type":["interaction"],"graphicalType":"path","markerEnd":"arrow","points":[{"x":1044,"y":750,"isAttachedTo":"dbb4d","RelX":-1,"anchor":[0,0.5,-1,0],"RelY":0},{"x":948,"y":750}]},{"networkType":"edge","gpmlType":"interaction","@type":["interaction"],"graphicalType":"path","markerEnd":"arrow","points":[{"x":1034,"y":960,"isAttachedTo":"f05af","RelX":-1,"anchor":[0,0.5,-1,0],"RelY":0},{"x":947,"y":960}]},{"networkType":"node","nodeType":"DataNode","dataNodeType":"GeneProduct","@type":["DataNode","GeneProduct","datanode"],"gpmlType":"datanode","graphicalType":"path","datasourceReference":{"database":"WormBase","id":"K06A5.6","organism":"Caenorhabditis elegans"},"unificationXref":"http://identifiers.org/ensembl/K06A5.6"},{"networkType":"node","nodeType":"DataNode","dataNodeType":"GeneProduct","@type":["DataNode","GeneProduct","datanode"],"gpmlType":"datanode","graphicalType":"path","datasourceReference":{"database":"WormBase","id":"F38H4.8","organism":"Caenorhabditis elegans"},"unificationXref":"http://identifiers.org/ensembl/F38H4.8"},{"networkType":"node","nodeType":"DataNode","dataNodeType":"GeneProduct","@type":["DataNode","GeneProduct","datanode"],"gpmlType":"datanode","graphicalType":"path","datasourceReference":{"database":"WormBase","id":"F43H9.1","organism":"Caenorhabditis elegans"},"unificationXref":"http://identifiers.org/ensembl/F43H9.1"},{"networkType":"node","nodeType":"DataNode","dataNodeType":"GeneProduct","@type":["DataNode","GeneProduct","datanode"],"gpmlType":"datanode","graphicalType":"path","datasourceReference":{"database":"WormBase","id":"F56B3.5","organism":"Caenorhabditis elegans"},"unificationXref":"http://identifiers.org/ensembl/F56B3.5"},{"networkType":"node","nodeType":"DataNode","dataNodeType":"GeneProduct","@type":["DataNode","GeneProduct","datanode"],"gpmlType":"datanode","graphicalType":"path","datasourceReference":{"database":"WormBase","id":"T05G5.6","organism":"Caenorhabditis elegans"},"unificationXref":"http://identifiers.org/ensembl/T05G5.6"},{"networkType":"node","nodeType":"DataNode","dataNodeType":"GeneProduct","@type":["DataNode","GeneProduct","datanode"],"gpmlType":"datanode","graphicalType":"path","datasourceReference":{"database":"WormBase","id":"Y105E8A.4","organism":"Caenorhabditis elegans"},"unificationXref":"http://identifiers.org/ensembl/Y105E8A.4"},{"networkType":"node","nodeType":"DataNode","dataNodeType":"GeneProduct","@type":["DataNode","GeneProduct","datanode"],"gpmlType":"datanode","graphicalType":"path","datasourceReference":{"database":"WormBase","id":"T08G2.3","organism":"Caenorhabditis elegans"},"unificationXref":"http://identifiers.org/ensembl/T08G2.3"},{"networkType":"node","nodeType":"DataNode","dataNodeType":"GeneProduct","@type":["DataNode","GeneProduct","datanode"],"gpmlType":"datanode","graphicalType":"path","datasourceReference":{"database":"WormBase","id":"T25G12.5","organism":"Caenorhabditis elegans"},"unificationXref":"http://identifiers.org/ensembl/T25G12.5"},{"networkType":"node","nodeType":"DataNode","dataNodeType":"Metabolite","@type":["DataNode","Metabolite","datanode"],"gpmlType":"datanode","graphicalType":"path","datasourceReference":{"database":"HMDB","id":"HMDB01243","organism":"Caenorhabditis elegans"}},{"networkType":"node","nodeType":"DataNode","dataNodeType":"Metabolite","@type":["DataNode","Metabolite","datanode"],"gpmlType":"datanode","graphicalType":"path","datasourceReference":{"database":"HMDB","id":"HMDB06868","organism":"Caenorhabditis elegans"}},{"networkType":"node","nodeType":"DataNode","dataNodeType":"Metabolite","@type":["DataNode","Metabolite","datanode"],"gpmlType":"datanode","graphicalType":"path","datasourceReference":{"database":"HMDB","id":"HMDB01011","organism":"Caenorhabditis elegans"}},{"networkType":"node","nodeType":"DataNode","dataNodeType":"Metabolite","@type":["DataNode","Metabolite","datanode"],"gpmlType":"datanode","graphicalType":"path","datasourceReference":{"database":"HMDB","id":"HMDB01052","organism":"Caenorhabditis elegans"}},{"networkType":"node","nodeType":"Label","@type":["label"],"gpmlType":"label","graphicalType":"path"},{"networkType":"node","nodeType":"DataNode","dataNodeType":"GeneProduct","@type":["DataNode","GeneProduct","datanode"],"gpmlType":"datanode","graphicalType":"path","datasourceReference":{"database":"WormBase","id":"K05F1.3","organism":"Caenorhabditis elegans"},"unificationXref":"http://identifiers.org/ensembl/K05F1.3"},{"networkType":"node","nodeType":"DataNode","dataNodeType":"GeneProduct","@type":["DataNode","GeneProduct","datanode"],"gpmlType":"datanode","graphicalType":"path","datasourceReference":{"database":"Ensembl","id":"T08B2.7","organism":"Caenorhabditis elegans"},"unificationXref":"http://identifiers.org/ensembl/T08B2.7"},{"networkType":"node","nodeType":"DataNode","dataNodeType":"GeneProduct","@type":["DataNode","GeneProduct","datanode"],"gpmlType":"datanode","graphicalType":"path","datasourceReference":{"database":"Entrez Gene","id":"178962","organism":"Caenorhabditis elegans"},"unificationXref":"http://identifiers.org/ensembl/K09H11.1"},{"networkType":"node","nodeType":"DataNode","dataNodeType":"Metabolite","@type":["DataNode","Metabolite","datanode"],"gpmlType":"datanode","graphicalType":"path","datasourceReference":{"database":"HMDB","id":"HMDB00023","organism":"Caenorhabditis elegans"}},{"networkType":"node","nodeType":"DataNode","dataNodeType":"Metabolite","@type":["DataNode","Metabolite","datanode"],"gpmlType":"datanode","graphicalType":"path","datasourceReference":{"database":"HMDB","id":"HMDB02217","organism":"Caenorhabditis elegans"}},{"networkType":"node","nodeType":"DataNode","dataNodeType":"Metabolite","@type":["DataNode","Metabolite","datanode"],"gpmlType":"datanode","graphicalType":"path","datasourceReference":{"database":"HMDB","id":"HMDB00202","organism":"Caenorhabditis elegans"}},{"networkType":"node","nodeType":"DataNode","dataNodeType":"Metabolite","@type":["DataNode","Metabolite","datanode"],"gpmlType":"datanode","graphicalType":"path","datasourceReference":{"database":"HMDB","id":"HMDB02255","organism":"Caenorhabditis elegans"}},{"networkType":"node","nodeType":"DataNode","dataNodeType":"Metabolite","@type":["DataNode","Metabolite","datanode"],"gpmlType":"datanode","graphicalType":"path","datasourceReference":{"database":"HMDB","id":"HMDB01022","organism":"Caenorhabditis elegans"}},{"networkType":"node","nodeType":"DataNode","dataNodeType":"Metabolite","@type":["DataNode","Metabolite","datanode"],"gpmlType":"datanode","graphicalType":"path","datasourceReference":{"database":"PubChem-compound","id":"23724628","organism":"Caenorhabditis elegans"}},{"networkType":"node","nodeType":"DataNode","dataNodeType":"Metabolite","@type":["DataNode","Metabolite","datanode"],"gpmlType":"datanode","graphicalType":"path","datasourceReference":{"database":"HMDB","id":"HMDB06866","organism":"Caenorhabditis elegans"}},{"networkType":"node","nodeType":"DataNode","dataNodeType":"Metabolite","@type":["DataNode","Metabolite","datanode"],"gpmlType":"datanode","graphicalType":"path","datasourceReference":{"database":"HMDB","id":"HMDB00019","organism":"Caenorhabditis elegans"}},{"networkType":"node","nodeType":"DataNode","dataNodeType":"Metabolite","@type":["DataNode","Metabolite","datanode"],"gpmlType":"datanode","graphicalType":"path","datasourceReference":{"database":"HMDB","id":"HMDB00883","organism":"Caenorhabditis elegans"}},{"networkType":"node","nodeType":"DataNode","dataNodeType":"Metabolite","@type":["DataNode","Metabolite","datanode"],"gpmlType":"datanode","graphicalType":"path","datasourceReference":{"database":"HMDB","id":"HMDB01356","organism":"Caenorhabditis elegans"}},{"networkType":"node","nodeType":"DataNode","dataNodeType":"Metabolite","@type":["DataNode","Metabolite","datanode"],"gpmlType":"datanode","graphicalType":"path","datasourceReference":{"database":"PubChem-compound","id":"47","organism":"Caenorhabditis elegans"}},{"networkType":"node","nodeType":"DataNode","dataNodeType":"Metabolite","@type":["DataNode","Metabolite","datanode"],"gpmlType":"datanode","graphicalType":"path","datasourceReference":{"database":"HMDB","id":"HMDB06869","organism":"Caenorhabditis elegans"}},{"networkType":"node","nodeType":"DataNode","dataNodeType":"Metabolite","@type":["DataNode","Metabolite","datanode"],"gpmlType":"datanode","graphicalType":"path","datasourceReference":{"database":"HMDB","id":"HMDB02054","organism":"Caenorhabditis elegans"}},{"networkType":"node","nodeType":"DataNode","dataNodeType":"Metabolite","@type":["DataNode","Metabolite","datanode"],"gpmlType":"datanode","graphicalType":"path","datasourceReference":{"database":"HMDB","id":"HMDB00172","organism":"Caenorhabditis elegans"}},{"networkType":"node","nodeType":"DataNode","dataNodeType":"Metabolite","@type":["DataNode","Metabolite","datanode"],"gpmlType":"datanode","graphicalType":"path","datasourceReference":{"database":"HMDB","id":"HMDB12310","organism":"Caenorhabditis elegans"}},{"networkType":"node","nodeType":"DataNode","dataNodeType":"Metabolite","@type":["DataNode","Metabolite","datanode"],"gpmlType":"datanode","graphicalType":"path","datasourceReference":{"database":"HMDB","id":"HMDB01157","organism":"Caenorhabditis elegans"}},{"networkType":"node","nodeType":"DataNode","dataNodeType":"Metabolite","@type":["DataNode","Metabolite","datanode"],"gpmlType":"datanode","graphicalType":"path","datasourceReference":{"database":"HMDB","id":"HMDB01275","organism":"Caenorhabditis elegans"}},{"networkType":"node","nodeType":"DataNode","dataNodeType":"Metabolite","@type":["DataNode","Metabolite","datanode"],"gpmlType":"datanode","graphicalType":"path","datasourceReference":{"database":"HMDB","id":"HMDB02310","organism":"Caenorhabditis elegans"}},{"networkType":"node","nodeType":"DataNode","dataNodeType":"GeneProduct","@type":["DataNode","GeneProduct","datanode"],"gpmlType":"datanode","graphicalType":"path","datasourceReference":{"database":"WormBase","id":"F27D9.5","organism":"Caenorhabditis elegans"},"unificationXref":"http://identifiers.org/ensembl/F27D9.5"},{"networkType":"node","nodeType":"DataNode","dataNodeType":"GeneProduct","@type":["DataNode","GeneProduct","datanode"],"gpmlType":"datanode","graphicalType":"path","datasourceReference":{"database":"WormBase","id":"F52E4.1","organism":"Caenorhabditis elegans"},"unificationXref":"http://identifiers.org/ensembl/F52E4.1"},{"networkType":"node","nodeType":"DataNode","dataNodeType":"GeneProduct","@type":["DataNode","GeneProduct","datanode"],"gpmlType":"datanode","graphicalType":"path","datasourceReference":{"database":"WormBase","id":"F01G10.3","organism":"Caenorhabditis elegans"},"unificationXref":"http://identifiers.org/ensembl/F01G10.3"},{"networkType":"node","nodeType":"DataNode","dataNodeType":"GeneProduct","@type":["DataNode","GeneProduct","datanode"],"gpmlType":"datanode","graphicalType":"path","datasourceReference":{"database":"Ensembl","id":"B0272.3","organism":"Caenorhabditis elegans"},"unificationXref":"http://identifiers.org/ensembl/B0272.3"},{"networkType":"node","nodeType":"DataNode","dataNodeType":"GeneProduct","@type":["DataNode","GeneProduct","datanode"],"gpmlType":"datanode","graphicalType":"path","datasourceReference":{"database":"WormBase","id":"F01G4.2","organism":"Caenorhabditis elegans"},"unificationXref":"http://identifiers.org/ensembl/F01G4.2"},{"networkType":"node","nodeType":"DataNode","dataNodeType":"GeneProduct","@type":["DataNode","GeneProduct","datanode"],"gpmlType":"datanode","graphicalType":"path","datasourceReference":{"database":"WormBase","id":"F01G10.2","organism":"Caenorhabditis elegans"},"unificationXref":"http://identifiers.org/ensembl/F01G10.2"},{"networkType":"node","nodeType":"DataNode","dataNodeType":"GeneProduct","@type":["DataNode","GeneProduct","datanode"],"gpmlType":"datanode","graphicalType":"path","datasourceReference":{"database":"WormBase","id":"R09B5.6","organism":"Caenorhabditis elegans"},"unificationXref":"http://identifiers.org/ensembl/R09B5.6"},{"networkType":"node","nodeType":"DataNode","dataNodeType":"GeneProduct","@type":["DataNode","GeneProduct","datanode"],"gpmlType":"datanode","graphicalType":"path","datasourceReference":{"database":"Entrez Gene","id":"186222","organism":"Caenorhabditis elegans"},"unificationXref":"http://identifiers.org/ensembl/F54C8.1"},{"networkType":"node","nodeType":"DataNode","dataNodeType":"GeneProduct","@type":["DataNode","GeneProduct","datanode"],"gpmlType":"datanode","graphicalType":"path","datasourceReference":{"database":"Ensembl","id":"B0303.3","organism":"Caenorhabditis elegans"},"unificationXref":"http://identifiers.org/ensembl/B0303.3"},{"networkType":"node","nodeType":"DataNode","dataNodeType":"GeneProduct","@type":["DataNode","GeneProduct","datanode"],"gpmlType":"datanode","graphicalType":"path","datasourceReference":{"database":"Ensembl","id":"F53A2.7","organism":"Caenorhabditis elegans"},"unificationXref":"http://identifiers.org/ensembl/F53A2.7"},{"networkType":"node","nodeType":"DataNode","dataNodeType":"Metabolite","@type":["DataNode","Metabolite","datanode"],"gpmlType":"datanode","graphicalType":"path","datasourceReference":{"database":"HMDB","id":"HMDB01206","organism":"Caenorhabditis elegans"}},{"networkType":"node","nodeType":"DataNode","dataNodeType":"Metabolite","@type":["DataNode","Metabolite","datanode"],"gpmlType":"datanode","graphicalType":"path","datasourceReference":{"database":"HMDB","id":"HMDB01484","organism":"Caenorhabditis elegans"}},{"networkType":"node","nodeType":"DataNode","dataNodeType":"Metabolite","@type":["DataNode","Metabolite","datanode"],"gpmlType":"datanode","graphicalType":"path","datasourceReference":{"database":"Wikipedia","id":"Acetoacetic_acid","organism":"Caenorhabditis elegans"}},{"networkType":"node","nodeType":"DataNode","dataNodeType":"Metabolite","@type":["DataNode","Metabolite","datanode"],"gpmlType":"datanode","graphicalType":"path","datasourceReference":{"database":"PubChem-compound","id":"25244136","organism":"Caenorhabditis elegans"}},{"networkType":"node","nodeType":"DataNode","dataNodeType":"Metabolite","@type":["DataNode","Metabolite","datanode"],"gpmlType":"datanode","graphicalType":"path","datasourceReference":{"database":"HMDB","id":"HMDB06865","organism":"Caenorhabditis elegans"}},{"networkType":"node","nodeType":"DataNode","dataNodeType":"GeneProduct","@type":["DataNode","GeneProduct","datanode"],"gpmlType":"datanode","graphicalType":"path","datasourceReference":{"database":"Entrez Gene","id":"174279","organism":"Caenorhabditis elegans"},"unificationXref":"http://identifiers.org/ensembl/ZK669.4"},{"networkType":"node","nodeType":"DataNode","dataNodeType":"Metabolite","@type":["DataNode","Metabolite","datanode"],"gpmlType":"datanode","graphicalType":"path","datasourceReference":{"database":"HMDB","id":"HMDB00687","organism":"Caenorhabditis elegans"}},{"networkType":"node","nodeType":"DataNode","dataNodeType":"GeneProduct","@type":["DataNode","GeneProduct","datanode"],"gpmlType":"datanode","graphicalType":"path","datasourceReference":{"database":"WormBase","id":"K02A4.1","organism":"Caenorhabditis elegans"},"unificationXref":"http://identifiers.org/ensembl/K02A4.1"},{"networkType":"node","nodeType":"DataNode","dataNodeType":"Metabolite","@type":["DataNode","Metabolite","datanode"],"gpmlType":"datanode","graphicalType":"path","datasourceReference":{"database":"HMDB","id":"HMDB00695","organism":"Caenorhabditis elegans"}},{"networkType":"node","nodeType":"DataNode","dataNodeType":"Metabolite","@type":["DataNode","Metabolite","datanode"],"gpmlType":"datanode","graphicalType":"path","datasourceReference":{"database":"HMDB","id":"HMDB01113","organism":"Caenorhabditis elegans"}},{"networkType":"node","nodeType":"DataNode","dataNodeType":"Metabolite","@type":["DataNode","Metabolite","datanode"],"gpmlType":"datanode","graphicalType":"path","datasourceReference":{"database":"HMDB","id":"HMDB01375","organism":"Caenorhabditis elegans"}},{"networkType":"node","nodeType":"DataNode","dataNodeType":"GeneProduct","@type":["DataNode","GeneProduct","datanode"],"gpmlType":"datanode","graphicalType":"path","datasourceReference":{"database":"WormBase","id":"F27D4.5","organism":"Caenorhabditis elegans"},"unificationXref":"http://identifiers.org/ensembl/F27D4.5"},{"networkType":"node","nodeType":"DataNode","dataNodeType":"Metabolite","@type":["DataNode","Metabolite","datanode"],"gpmlType":"datanode","graphicalType":"path","datasourceReference":{"database":"HMDB","id":"HMDB01493","organism":"Caenorhabditis elegans"}},{"networkType":"node","nodeType":"DataNode","dataNodeType":"GeneProduct","@type":["DataNode","GeneProduct","datanode"],"gpmlType":"datanode","graphicalType":"path","datasourceReference":{"database":"WormBase","id":"Y39E4A.3","organism":"Caenorhabditis elegans"},"unificationXref":"http://identifiers.org/ensembl/Y39E4A.3"},{"networkType":"node","nodeType":"DataNode","dataNodeType":"GeneProduct","@type":["DataNode","GeneProduct","datanode"],"gpmlType":"datanode","graphicalType":"path","datasourceReference":{"database":"WormBase","id":"F27D4.5","organism":"Caenorhabditis elegans"},"unificationXref":"http://identifiers.org/ensembl/F27D4.5"},{"networkType":"node","nodeType":"DataNode","dataNodeType":"GeneProduct","@type":["DataNode","GeneProduct","datanode"],"gpmlType":"datanode","graphicalType":"path","datasourceReference":{"database":"Entrez Gene","id":"180361","organism":"Caenorhabditis elegans"},"unificationXref":"http://identifiers.org/ensembl/Y44A6D.5"},{"networkType":"node","nodeType":"DataNode","dataNodeType":"GeneProduct","@type":["DataNode","GeneProduct","datanode"],"gpmlType":"datanode","graphicalType":"path","datasourceReference":{"database":"WormBase","id":"Y39E4A.3","organism":"Caenorhabditis elegans"},"unificationXref":"http://identifiers.org/ensembl/Y39E4A.3"},{"networkType":"node","nodeType":"DataNode","dataNodeType":"GeneProduct","@type":["DataNode","GeneProduct","datanode"],"gpmlType":"datanode","graphicalType":"path","datasourceReference":{"database":"WormBase","id":"C02B10.1","organism":"Caenorhabditis elegans"},"unificationXref":"http://identifiers.org/ensembl/C02B10.1"},{"networkType":"node","nodeType":"DataNode","dataNodeType":"Metabolite","@type":["DataNode","Metabolite","datanode"],"gpmlType":"datanode","graphicalType":"path","datasourceReference":{"database":"HMDB","id":"HMDB06867","organism":"Caenorhabditis elegans"}},{"networkType":"node","nodeType":"DataNode","dataNodeType":"GeneProduct","@type":["DataNode","GeneProduct","datanode"],"gpmlType":"datanode","graphicalType":"path","datasourceReference":{"database":"Ensembl","id":"F32B6.2","organism":"Caenorhabditis elegans"},"unificationXref":"http://identifiers.org/ensembl/F32B6.2"},{"networkType":"node","nodeType":"DataNode","dataNodeType":"Metabolite","@type":["DataNode","Metabolite","datanode"],"gpmlType":"datanode","graphicalType":"path","datasourceReference":{"database":"HMDB","id":"HMDB06870","organism":"Caenorhabditis elegans"}},{"networkType":"node","nodeType":"DataNode","dataNodeType":"GeneProduct","@type":["DataNode","GeneProduct","datanode"],"gpmlType":"datanode","graphicalType":"path","datasourceReference":{"database":"Ensembl","id":"T08B2.7","organism":"Caenorhabditis elegans"},"unificationXref":"http://identifiers.org/ensembl/T08B2.7"},{"networkType":"node","nodeType":"DataNode","dataNodeType":"GeneProduct","@type":["DataNode","GeneProduct","datanode"],"gpmlType":"datanode","graphicalType":"path","datasourceReference":{"database":"WormBase","id":"T05G5.6","organism":"Caenorhabditis elegans"},"unificationXref":"http://identifiers.org/ensembl/T05G5.6"},{"networkType":"node","nodeType":"DataNode","dataNodeType":"GeneProduct","@type":["DataNode","GeneProduct","datanode"],"gpmlType":"datanode","graphicalType":"path","datasourceReference":{"database":"WormBase","id":"F43H9.1","organism":"Caenorhabditis elegans"},"unificationXref":"http://identifiers.org/ensembl/F43H9.1"},{"networkType":"node","nodeType":"DataNode","dataNodeType":"GeneProduct","@type":["DataNode","GeneProduct","datanode"],"gpmlType":"datanode","graphicalType":"path","datasourceReference":{"database":"WormBase","id":"F38H4.8","organism":"Caenorhabditis elegans"},"unificationXref":"http://identifiers.org/ensembl/F38H4.8"},{"networkType":"node","nodeType":"DataNode","dataNodeType":"GeneProduct","@type":["DataNode","GeneProduct","datanode"],"gpmlType":"datanode","graphicalType":"path","datasourceReference":{"database":"WormBase","id":"Y105E8A.4","organism":"Caenorhabditis elegans"},"unificationXref":"http://identifiers.org/ensembl/Y105E8A.4"},{"networkType":"node","nodeType":"DataNode","dataNodeType":"GeneProduct","@type":["DataNode","GeneProduct","datanode"],"gpmlType":"datanode","graphicalType":"path","datasourceReference":{"database":"WormBase","id":"C29F3.1","organism":"Caenorhabditis elegans"},"unificationXref":"http://identifiers.org/ensembl/C29F3.1"},{"networkType":"node","nodeType":"DataNode","dataNodeType":"GeneProduct","@type":["DataNode","GeneProduct","datanode"],"gpmlType":"datanode","graphicalType":"path","datasourceReference":{"database":"WormBase","id":"F56B3.5","organism":"Caenorhabditis elegans"},"unificationXref":"http://identifiers.org/ensembl/F56B3.5"},{"networkType":"node","nodeType":"DataNode","dataNodeType":"GeneProduct","@type":["DataNode","GeneProduct","datanode"],"gpmlType":"datanode","graphicalType":"path","datasourceReference":{"database":"Ensembl","id":"Y71G12B.10","organism":"Caenorhabditis elegans"},"unificationXref":"http://identifiers.org/ensembl/Y71G12B.10"},{"networkType":"node","nodeType":"DataNode","dataNodeType":"GeneProduct","@type":["DataNode","GeneProduct","datanode"],"gpmlType":"datanode","graphicalType":"path","datasourceReference":{"database":"Ensembl","id":"T02G5.4","organism":"Caenorhabditis elegans"},"unificationXref":"http://identifiers.org/ensembl/T02G5.4"},{"networkType":"node","nodeType":"DataNode","dataNodeType":"GeneProduct","@type":["DataNode","GeneProduct","datanode"],"gpmlType":"datanode","graphicalType":"path","datasourceReference":{"database":"Ensembl","id":"T02G5.7","organism":"Caenorhabditis elegans"},"unificationXref":"http://identifiers.org/ensembl/T02G5.7"},{"networkType":"node","nodeType":"DataNode","dataNodeType":"GeneProduct","@type":["DataNode","GeneProduct","datanode"],"gpmlType":"datanode","graphicalType":"path","datasourceReference":{"database":"WormBase","id":"T02G5.8","organism":"Caenorhabditis elegans"},"unificationXref":"http://identifiers.org/ensembl/T02G5.8"},{"networkType":"node","nodeType":"DataNode","dataNodeType":"GeneProduct","@type":["DataNode","GeneProduct","datanode"],"gpmlType":"datanode","graphicalType":"path","datasourceReference":{"database":"Ensembl","id":"C05C10.3","organism":"Caenorhabditis elegans"},"unificationXref":"http://identifiers.org/ensembl/C05C10.3"},{"networkType":"node","nodeType":"DataNode","dataNodeType":"GeneProduct","@type":["DataNode","GeneProduct","datanode"],"gpmlType":"datanode","graphicalType":"path","datasourceReference":{"database":"WormBase","id":"K06A5.6","organism":"Caenorhabditis elegans"},"unificationXref":"http://identifiers.org/ensembl/K06A5.6"},{"networkType":"node","nodeType":"DataNode","dataNodeType":"GeneProduct","@type":["DataNode","GeneProduct","datanode"],"gpmlType":"datanode","graphicalType":"path","datasourceReference":{"database":"WormBase","id":"T08G2.3","organism":"Caenorhabditis elegans"},"unificationXref":"http://identifiers.org/ensembl/T08G2.3"},{"networkType":"node","nodeType":"DataNode","dataNodeType":"GeneProduct","@type":["DataNode","GeneProduct","datanode"],"gpmlType":"datanode","graphicalType":"path","datasourceReference":{"database":"Entrez Gene","id":"178962","organism":"Caenorhabditis elegans"},"unificationXref":"http://identifiers.org/ensembl/K09H11.1"},{"networkType":"node","nodeType":"DataNode","dataNodeType":"GeneProduct","@type":["DataNode","GeneProduct","datanode"],"gpmlType":"datanode","graphicalType":"path","datasourceReference":{"database":"WormBase","id":"K05F1.3","organism":"Caenorhabditis elegans"},"unificationXref":"http://identifiers.org/ensembl/K05F1.3"},{"networkType":"node","nodeType":"DataNode","dataNodeType":"GeneProduct","@type":["DataNode","GeneProduct","datanode"],"gpmlType":"datanode","graphicalType":"path","datasourceReference":{"database":"WormBase","id":"T25G12.5","organism":"Caenorhabditis elegans"},"unificationXref":"http://identifiers.org/ensembl/T25G12.5"},{"networkType":"node","nodeType":"DataNode","dataNodeType":"GeneProduct","@type":["DataNode","GeneProduct","datanode"],"gpmlType":"datanode","graphicalType":"path","datasourceReference":{"database":"WormBase","id":"T08G2.3","organism":"Caenorhabditis elegans"},"unificationXref":"http://identifiers.org/ensembl/T08G2.3"},{"networkType":"node","nodeType":"DataNode","dataNodeType":"GeneProduct","@type":["DataNode","GeneProduct","datanode"],"gpmlType":"datanode","graphicalType":"path","datasourceReference":{"database":"Entrez Gene","id":"178962","organism":"Caenorhabditis elegans"},"unificationXref":"http://identifiers.org/ensembl/K09H11.1"},{"networkType":"node","nodeType":"DataNode","dataNodeType":"GeneProduct","@type":["DataNode","GeneProduct","datanode"],"gpmlType":"datanode","graphicalType":"path","datasourceReference":{"database":"WormBase","id":"K05F1.3","organism":"Caenorhabditis elegans"},"unificationXref":"http://identifiers.org/ensembl/K05F1.3"},{"networkType":"node","nodeType":"DataNode","dataNodeType":"GeneProduct","@type":["DataNode","GeneProduct","datanode"],"gpmlType":"datanode","graphicalType":"path","datasourceReference":{"database":"WormBase","id":"C29F3.1","organism":"Caenorhabditis elegans"},"unificationXref":"http://identifiers.org/ensembl/C29F3.1"}],"xmlns":"http://pathvisio.org/GPML/2013a","lastModified":"2/20/2013","license":"CC BY 2.0","name":"Valine, leucine and isoleucine degradation","organism":"Caenorhabditis elegans","image":{"@context":{"@vocab":"http://schema.org/"},"width":1659,"height":1723},"id":"wpId:WP1451","revision":"68480"}}