{"@context":{"@vocab":"http://vocabularies.wikipathways.org/gpml#","@base":"wpId:WP1495","pathwayIri":"wpId:WP1495","ChEBI":"http://www.ebi.ac.uk/chebi/searchId.do?chebiId=","dataSource":"gpml:Data-Source","datasourceReference":"wp:DatasourceReference","Group":{"@container":"@list","@id":"gpml:Group"},"interaction":{"@id":"biopax:Interaction","@type":"@id"},"interactionType":{"@id":"biopax:InteractionType","@type":"@id"},"interactionGraph":{"@container":"@list","@type":"@id"},"lastModified":"gpml:Last-Modified","pathway":"biopax:Pathway","point":{"@container":"@list","@id":"gpml:Point"},"publicationXref":"biopax:PublicationXref","unificationXref":"biopax:UnificationXref","author":"schema:author","backgroundColor":"css2:colors.html#propdef-background-color","backgroundImage":"css2:colors.html#propdef-background-image","biopax":"http://www.biopax.org/release/biopax-level3.owl#","borderColor":"css2:box.html#propdef-border-color","borderStyle":"css2:box.html#propdef-border-style","borderWidth":"css2:box.html#propdef-border-width","boxSizing":{"@id":"css3Ui:box-sizing","@value":"border-box"},"color":"css2:colors.html#propdef-color","contains":{"@id":"ex:contains","@type":"@id"},"css2":"http://www.w3.org/TR/CSS2/","css3Ui":"http://www.w3.org/TR/css3-ui/#","cssTransform":"http://www.w3.org/TR/css-transforms-1/#","gpmlDataNodeType":"gpml:Type","dcterms":"http://puri.org/dc/terms/","entrezGene":"http://www.ncbi.nlm.nih.gov/gene/","ex":"http://www.example.org/","fontFamily":"css2:fonts.html#font-family-prop","fontSize":"css2:fonts.html#propdef-font-size","fontStyle":"css2:fonts.html#propdef-font-style","fontWeight":"css2:fonts.html#propdef-font-weight","gpml":"http://vocabularies.wikipathways.org/gpml#","gpmlFolder":"file://Users/andersriutta/Sites/pathvisiojs/test/gpml/","hMDB":"http://www.hmdb.ca/metabolites/HMDB","height":"css2:visudet.html#propdef-height","id":"@id","image":"schema:image","interactsWith":{"@id":"ex:interactsWith","@type":"@id"},"isContainedBy":{"@reverse":"ex:contains","@type":"@id"},"media":"http://www.w3.org/TR/mediaont-10/","name":"http://xmlns.com/foaf/0.1/name","organism":"biopax:organism","padding":"css2:box.html#propdef-padding","elements":{"@container":"@list","@id":"ex:pathwayElements/"},"position":"css2:visuren.html#propdef-position","rotate":"cssTransform:funcdef-rotate","schema":"http://schema.org/","shapeLibrary":"http://shapelibrary.example.org/","shape":"shapeLibrary:shape","stroke":"svg:painting.html#StrokeProperty","strokeWidth":"svg:painting.html#StrokeWidthProperty","svg":"http://www.w3.org/TR/SVG11/","textAlign":"css2:text.html#propdef-text-align","verticalAlign":"css2:visudet.html#propdef-vertical-align","width":"css2:visudet.html#propdef-width","wp":"http://vocabularies.wikipathways.org/wp#","wpId":"http://identifiers.org/wikipathways/","x":{"@id":"css2:visuren.html#propdef-left","@type":"xsd:integer"},"xsd":"http://www.w3.org/2001/XMLSchema#","y":"css2:visuren.html#propdef-top","zIndex":{"@id":"css2:z-index","@type":"xsd:integer"}},"wpId:WP1495":{"elements":[{"networkType":"node","nodeType":"DataNode","dataNodeType":"Metabolite","@type":["DataNode","Metabolite","datanode"],"gpmlType":"datanode","graphicalType":"path"},{"networkType":"node","nodeType":"DataNode","dataNodeType":"GeneProduct","@type":["DataNode","GeneProduct","datanode"],"gpmlType":"datanode","graphicalType":"path","datasourceReference":{"database":"Ensembl","id":"ENSG00000177000","organism":"Homo sapiens"},"unificationXref":"http://identifiers.org/ensembl/ENSG00000177000"},{"networkType":"node","nodeType":"DataNode","dataNodeType":"Metabolite","@type":["DataNode","Metabolite","datanode"],"gpmlType":"datanode","graphicalType":"path"},{"networkType":"node","nodeType":"DataNode","dataNodeType":"Metabolite","@type":["DataNode","Metabolite","datanode"],"gpmlType":"datanode","graphicalType":"path"},{"networkType":"node","nodeType":"DataNode","dataNodeType":"Metabolite","@type":["DataNode","Metabolite","datanode"],"gpmlType":"datanode","graphicalType":"path"},{"networkType":"node","nodeType":"DataNode","dataNodeType":"Metabolite","@type":["DataNode","Metabolite","datanode"],"gpmlType":"datanode","graphicalType":"path"},{"networkType":"node","nodeType":"DataNode","dataNodeType":"Metabolite","@type":["DataNode","Metabolite","datanode"],"gpmlType":"datanode","graphicalType":"path"},{"networkType":"node","nodeType":"Label","@type":["label"],"gpmlType":"label","graphicalType":"path"},{"networkType":"node","nodeType":"Label","@type":["label"],"gpmlType":"label","graphicalType":"path"},{"networkType":"node","nodeType":"Label","@type":["label"],"gpmlType":"label","graphicalType":"path"},{"networkType":"node","nodeType":"Label","@type":["label"],"gpmlType":"label","graphicalType":"path"},{"networkType":"node","nodeType":"Label","@type":["label"],"gpmlType":"label","graphicalType":"path"},{"networkType":"node","nodeType":"Label","@type":["label"],"gpmlType":"label","graphicalType":"path"},{"networkType":"node","nodeType":"Label","@type":["label"],"gpmlType":"label","graphicalType":"path"},{"networkType":"node","nodeType":"Label","@type":["label"],"gpmlType":"label","graphicalType":"path"},{"networkType":"node","nodeType":"Label","@type":["label"],"gpmlType":"label","graphicalType":"path"},{"networkType":"edge","gpmlType":"interaction","@type":["interaction"],"graphicalType":"path","markerEnd":"arrow","points":[{"x":143,"y":168,"isAttachedTo":"a9c4a","RelX":1,"anchor":[1,0.5,1,0],"RelY":0},{"x":328,"y":213,"isAttachedTo":"d775a","RelX":-1,"anchor":[0,0.5,-1,0],"RelY":0}],"interactionGraph":[{"id":"a9c4a","interactsWith":"d775a"}],"interactionType":"gpml:Arrow"},{"gpmlType":"anchor","zIndex":null,"networkType":"node","@type":["anchor"],"graphicalType":"path","x":null,"y":null},{"networkType":"edge","gpmlType":"interaction","@type":["interaction"],"graphicalType":"path","markerEnd":"arrow","points":[{"x":103,"y":158,"isAttachedTo":"a9c4a","RelX":0,"anchor":[0.5,0,0,-1],"RelY":-1},{"x":103,"y":118,"isAttachedTo":"ed114","RelX":0,"anchor":[0.5,1,0,1],"RelY":1}],"interactionGraph":[{"id":"a9c4a","interactsWith":"ed114"}],"interactionType":"gpml:Arrow"},{"networkType":"edge","gpmlType":"interaction","@type":["interaction"],"graphicalType":"path","markerEnd":"arrow","points":[{"x":328,"y":213,"isAttachedTo":"d775a","RelX":-1,"anchor":[0,0.5,-1,0],"RelY":0},{"x":123,"y":178,"isAttachedTo":"a9c4a","RelX":0.5,"anchor":[0.75,1,0,1],"RelY":1}],"interactionGraph":[{"id":"d775a","interactsWith":"a9c4a"}],"interactionType":"gpml:Arrow"},{"gpmlType":"anchor","zIndex":null,"networkType":"node","@type":["anchor"],"graphicalType":"path","x":null,"y":null},{"networkType":"edge","gpmlType":"interaction","@type":["interaction"],"graphicalType":"path","markerEnd":"arrow","points":[{"x":348,"y":223,"isAttachedTo":"d775a","RelX":-0.5,"anchor":[0.25,1,0,1],"RelY":1},{"x":348.5,"y":337,"isAttachedTo":"f416f","RelX":0,"anchor":[0.5,0,0,-1],"RelY":-1}],"interactionGraph":[{"id":"d775a","interactsWith":"f416f"}],"interactionType":"gpml:Arrow"},{"gpmlType":"anchor","zIndex":null,"networkType":"node","@type":["anchor"],"graphicalType":"path","x":null,"y":null},{"networkType":"edge","gpmlType":"interaction","@type":["interaction"],"graphicalType":"path","markerEnd":"arrow","points":[{"x":390,"y":347,"isAttachedTo":"f416f","RelX":1,"anchor":[1,0.5,1,0],"RelY":0},{"x":474,"y":346,"isAttachedTo":"f4b93","RelX":-1,"anchor":[0,0.5,-1,0],"RelY":0}],"interactionGraph":[{"id":"f416f","interactsWith":"f4b93"}],"interactionType":"gpml:Arrow"},{"gpmlType":"anchor","zIndex":null,"networkType":"node","@type":["anchor"],"graphicalType":"path","x":null,"y":null},{"networkType":"edge","gpmlType":"interaction","@type":["interaction"],"graphicalType":"path","markerEnd":"arrow","points":[{"x":408,"y":213,"isAttachedTo":"d775a","RelX":1,"anchor":[1,0.5,1,0],"RelY":0},{"x":494,"y":213},{"x":494,"y":336,"isAttachedTo":"f4b93","RelX":-0.5,"anchor":[0.25,0,0,-1],"RelY":-1}],"interactionGraph":[{"id":"d775a","interactsWith":"f4b93"}],"interactionType":"gpml:Arrow"},{"gpmlType":"anchor","zIndex":null,"networkType":"node","@type":["anchor"],"graphicalType":"path","x":null,"y":null},{"networkType":"edge","gpmlType":"interaction","@type":["interaction"],"graphicalType":"path","markerEnd":"arrow","points":[{"x":494,"y":356,"isAttachedTo":"f4b93","RelX":-0.5,"anchor":[0.25,1,0,1],"RelY":1},{"x":494,"y":397,"isAttachedTo":"fa412","RelX":0,"anchor":[0.5,0,0,-1],"RelY":-1}],"interactionGraph":[{"id":"f4b93","interactsWith":"fa412"}],"interactionType":"gpml:Arrow"},{"networkType":"node","nodeType":"DataNode","dataNodeType":"Metabolite","@type":["DataNode","Metabolite","datanode"],"gpmlType":"datanode","graphicalType":"path"},{"networkType":"edge","gpmlType":"interaction","@type":["interaction"],"graphicalType":"path","markerEnd":"arrow","points":[{"x":368,"y":203,"isAttachedTo":"d775a","RelX":0,"anchor":[0.5,0,0,-1],"RelY":-1},{"x":492,"y":87,"isAttachedTo":"c1617","RelX":-1,"anchor":[0,0.5,-1,0],"RelY":0}],"interactionGraph":[{"id":"d775a","interactsWith":"c1617"}],"interactionType":"gpml:Arrow"},{"networkType":"edge","gpmlType":"interaction","@type":["interaction"],"graphicalType":"path","markerEnd":"arrow","points":[{"x":368,"y":203,"isAttachedTo":"d775a","RelX":0,"anchor":[0.5,0,0,-1],"RelY":-1},{"x":424,"y":65,"isAttachedTo":"fadfc","RelX":-0.5,"anchor":[0.25,1,0,1],"RelY":1}],"interactionGraph":[{"id":"d775a","interactsWith":"fadfc"}],"interactionType":"gpml:Arrow"},{"networkType":"edge","gpmlType":"interaction","@type":["interaction"],"graphicalType":"path","markerEnd":"arrow","points":[{"x":348,"y":203,"isAttachedTo":"d775a","RelX":-0.5,"anchor":[0.25,0,0,-1],"RelY":-1},{"x":340,"y":64,"isAttachedTo":"ebdd1","RelX":0,"anchor":[0.5,1,0,1],"RelY":1}],"interactionGraph":[{"id":"d775a","interactsWith":"ebdd1"}],"interactionType":"gpml:Arrow"},{"networkType":"edge","gpmlType":"interaction","@type":["interaction"],"graphicalType":"path","markerEnd":"arrow","points":[{"x":348,"y":203,"isAttachedTo":"d775a","RelX":-0.5,"anchor":[0.25,0,0,-1],"RelY":-1},{"x":246,"y":83,"isAttachedTo":"eccb2","RelX":0,"anchor":[0.5,1,0,1],"RelY":1}],"interactionGraph":[{"id":"d775a","interactsWith":"eccb2"}],"interactionType":"gpml:Arrow"},{"networkType":"edge","gpmlType":"interaction","@type":["interaction"],"graphicalType":"path","markerEnd":"mimCatalysis","points":[{"x":217.5,"y":162,"isAttachedTo":"a2fe0","RelX":0,"anchor":[0.5,1,0,1],"RelY":1},{"x":217,"y":186,"isAttachedTo":"d2ca1","RelX":0,"anchor":[0.5,0.5,0,0],"RelY":0}],"interactionGraph":[{"id":"a2fe0","interactsWith":"d2ca1"}],"interactionType":"mim-catalysis"},{"networkType":"edge","gpmlType":"interaction","@type":["interaction"],"graphicalType":"path","markerEnd":"mimCatalysis","points":[{"x":337,"y":313,"isAttachedTo":"c7951","RelX":1,"anchor":[1,0.5,1,0],"RelY":0},{"x":348.28206569130896,"y":287.31097761844785,"isAttachedTo":"d7d2e","RelX":0,"anchor":[0.5,0.5,0,0],"RelY":0}],"interactionGraph":[{"id":"c7951","interactsWith":"d7d2e"}],"interactionType":"mim-catalysis"},{"networkType":"edge","gpmlType":"interaction","@type":["interaction"],"graphicalType":"path","markerEnd":"arrow","points":[{"x":365,"y":250,"isAttachedTo":"e2325","RelX":-1,"anchor":[0,0.5,-1,0],"RelY":0},{"x":348,"y":250},{"x":348,"y":287.31097761844785},{"x":348.28206569130896,"y":287.31097761844785,"isAttachedTo":"d7d2e","RelX":0,"anchor":[0.5,0.5,0,0],"RelY":0}],"interactionGraph":[{"id":"e2325","interactsWith":"d7d2e"}],"interactionType":"gpml:Arrow"},{"networkType":"edge","gpmlType":"interaction","@type":["interaction"],"graphicalType":"path","markerEnd":"arrow","points":[{"x":348.28206569130896,"y":287.31097761844785,"isAttachedTo":"d7d2e","RelX":0,"anchor":[0.5,0.5,0,0],"RelY":0},{"x":348.28206569130896,"y":300.6554888092239},{"x":366,"y":300.6554888092239},{"x":366,"y":314,"isAttachedTo":"f9235","RelX":-1,"anchor":[0,0.5,-1,0],"RelY":0}],"interactionGraph":[{"id":"d7d2e","interactsWith":"f9235"}],"interactionType":"gpml:Arrow"},{"networkType":"edge","gpmlType":"interaction","@type":["interaction"],"graphicalType":"path","markerEnd":"arrow","points":[{"x":409,"y":314,"isAttachedTo":"f9235","RelX":1,"anchor":[1,0.5,1,0],"RelY":0},{"x":429,"y":314},{"x":429,"y":250},{"x":398,"y":250,"isAttachedTo":"e2325","RelX":1,"anchor":[1,0.5,1,0],"RelY":0}],"interactionGraph":[{"id":"f9235","interactsWith":"e2325"}],"interactionType":"gpml:Arrow"},{"networkType":"edge","gpmlType":"interaction","@type":["interaction"],"graphicalType":"path","markerEnd":"arrow","points":[{"x":445,"y":311,"isAttachedTo":"dd2ff","RelX":-1,"anchor":[0,0.5,-1,0],"RelY":0},{"x":425,"y":311},{"x":425,"y":256},{"x":442,"y":256,"isAttachedTo":"c102a","RelX":-1,"anchor":[0,0.5,-1,0],"RelY":0}],"interactionGraph":[{"id":"dd2ff","interactsWith":"c102a"}],"interactionType":"gpml:Arrow"},{"networkType":"edge","gpmlType":"interaction","@type":["interaction"],"graphicalType":"path","markerEnd":"arrow","points":[{"x":494,"y":280.8085368745554,"isAttachedTo":"fa648","RelX":0,"anchor":[0.5,0.5,0,0],"RelY":0},{"x":494,"y":258.40426843727766},{"x":519,"y":258.40426843727766},{"x":519,"y":236,"isAttachedTo":"d336d","RelX":-1,"anchor":[0,0.5,-1,0],"RelY":0}],"interactionGraph":[{"id":"fa648","interactsWith":"d336d"}],"interactionType":"gpml:Arrow"},{"networkType":"edge","gpmlType":"interaction","@type":["interaction"],"graphicalType":"path","markerEnd":"arrow","points":[{"x":527,"y":314,"isAttachedTo":"f87e9","RelX":-1,"anchor":[0,0.5,-1,0],"RelY":0},{"x":493,"y":314},{"x":493,"y":280.8085368745554},{"x":494,"y":280.8085368745554,"isAttachedTo":"fa648","RelX":0,"anchor":[0.5,0.5,0,0],"RelY":0}],"interactionGraph":[{"id":"f87e9","interactsWith":"fa648"}],"interactionType":"gpml:Arrow"},{"networkType":"edge","gpmlType":"interaction","@type":["interaction"],"graphicalType":"path","markerEnd":"arrow","points":[{"x":398,"y":369,"isAttachedTo":"a6f6e","RelX":0,"anchor":[0.5,0,0,-1],"RelY":-1},{"x":398,"y":346},{"x":430.9941901657928,"y":346},{"x":430.9941901657928,"y":346.5119739265977,"isAttachedTo":"a61d8","RelX":0,"anchor":[0.5,0.5,0,0],"RelY":0}],"interactionGraph":[{"id":"a6f6e","interactsWith":"a61d8"}],"interactionType":"gpml:Arrow"},{"networkType":"edge","gpmlType":"interaction","@type":["interaction"],"graphicalType":"path","markerEnd":"arrow","points":[{"x":430.9941901657928,"y":346.5119739265977,"isAttachedTo":"a61d8","RelX":0,"anchor":[0.5,0.5,0,0],"RelY":0},{"x":430.9941901657928,"y":347},{"x":457,"y":347},{"x":457,"y":369,"isAttachedTo":"ac04a","RelX":0,"anchor":[0.5,0,0,-1],"RelY":-1}],"interactionGraph":[{"id":"a61d8","interactsWith":"ac04a"}],"interactionType":"gpml:Arrow"},{"networkType":"edge","gpmlType":"interaction","@type":["interaction"],"graphicalType":"path","markerEnd":"mimCatalysis","points":[{"x":536,"y":280,"isAttachedTo":"d5114","RelX":-1,"anchor":[0,0.5,-1,0],"RelY":0},{"x":494,"y":280.8085368745554,"isAttachedTo":"fa648","RelX":0,"anchor":[0.5,0.5,0,0],"RelY":0}],"interactionGraph":[{"id":"d5114","interactsWith":"fa648"}],"interactionType":"mim-catalysis"},{"networkType":"edge","gpmlType":"interaction","@type":["interaction"],"graphicalType":"path","markerEnd":"mimCatalysis","points":[{"x":183,"y":243,"isAttachedTo":"e180b","RelX":1,"anchor":[1,0.5,1,0],"RelY":0},{"x":224.44871794871796,"y":195.32051282051282,"isAttachedTo":"bc2fc","RelX":0,"anchor":[0.5,0.5,0,0],"RelY":0}],"interactionGraph":[{"id":"e180b","interactsWith":"bc2fc"}],"interactionType":"mim-catalysis"},{"networkType":"edge","gpmlType":"interaction","@type":["interaction"],"graphicalType":"path","markerEnd":"mimConversion","points":[{"x":268.25,"y":232,"isAttachedTo":"bdbdf","RelX":-0.5,"anchor":[0.25,0,0,-1],"RelY":-1},{"x":268.25,"y":241},{"x":224.44871794871796,"y":241},{"x":224.44871794871796,"y":195.32051282051282,"isAttachedTo":"bc2fc","RelX":0,"anchor":[0.5,0.5,0,0],"RelY":0}],"interactionGraph":[{"id":"bdbdf","interactsWith":"bc2fc"}],"interactionType":"mim-conversion"},{"networkType":"node","nodeType":"DataNode","dataNodeType":"Metabolite","@type":["DataNode","Metabolite","datanode"],"gpmlType":"datanode","graphicalType":"path","datasourceReference":{"database":"Chemspider","id":"597","organism":"Homo sapiens"}},{"networkType":"node","nodeType":"DataNode","dataNodeType":"Metabolite","@type":["DataNode","Metabolite","datanode"],"gpmlType":"datanode","graphicalType":"path","datasourceReference":{"database":"Chemspider","id":"96901","organism":"Homo sapiens"}},{"networkType":"node","nodeType":"DataNode","dataNodeType":"Metabolite","@type":["DataNode","Metabolite","datanode"],"gpmlType":"datanode","graphicalType":"path","datasourceReference":{"database":"ChEBI","id":"CHEBI:26401","organism":"Homo sapiens"}},{"networkType":"node","nodeType":"DataNode","dataNodeType":"Metabolite","@type":["DataNode","Metabolite","datanode"],"gpmlType":"datanode","graphicalType":"path","datasourceReference":{"database":"Chemspider","id":"4302384","organism":"Homo sapiens"}},{"networkType":"node","nodeType":"DataNode","dataNodeType":"Metabolite","@type":["DataNode","Metabolite","datanode"],"gpmlType":"datanode","graphicalType":"path","datasourceReference":{"database":"Chemspider","id":"97272","organism":"Homo sapiens"}},{"networkType":"node","nodeType":"DataNode","dataNodeType":"Metabolite","@type":["DataNode","Metabolite","datanode"],"gpmlType":"datanode","graphicalType":"path","datasourceReference":{"database":"HMDB","id":"HMDB00123","organism":"Homo sapiens"}},{"networkType":"node","nodeType":"DataNode","dataNodeType":"GeneProduct","@type":["DataNode","GeneProduct","datanode"],"gpmlType":"datanode","graphicalType":"path","datasourceReference":{"database":"Entrez Gene","id":"6470","organism":"Homo sapiens"},"unificationXref":"http://identifiers.org/ensembl/ENSG00000176974"},{"networkType":"node","nodeType":"DataNode","dataNodeType":"GeneProduct","@type":["DataNode","GeneProduct","datanode"],"gpmlType":"datanode","graphicalType":"path","datasourceReference":{"database":"Entrez Gene","id":"6472","organism":"Homo sapiens"},"unificationXref":"http://identifiers.org/ensembl/ENSG00000182199"},{"networkType":"node","nodeType":"DataNode","dataNodeType":"GeneProduct","@type":["DataNode","GeneProduct","datanode"],"gpmlType":"datanode","graphicalType":"path","datasourceReference":{"database":"Enzyme Nomenclature","id":"1.4.3.19","organism":"Homo sapiens"}},{"networkType":"node","nodeType":"DataNode","dataNodeType":"GeneProduct","@type":["DataNode","GeneProduct","datanode"],"gpmlType":"datanode","graphicalType":"path","datasourceReference":{"database":"Enzyme Nomenclature","id":"2.6.1.4","organism":"Homo sapiens"}},{"networkType":"edge","gpmlType":"interaction","@type":["interaction"],"graphicalType":"path","markerEnd":"arrow","points":[{"x":388,"y":203,"isAttachedTo":"d775a","RelX":0.5,"anchor":[0.75,0,0,-1],"RelY":-1},{"x":521,"y":128,"isAttachedTo":"e4528","RelX":-1,"anchor":[0,0.5,-1,0],"RelY":0}],"interactionGraph":[{"id":"d775a","interactsWith":"e4528"}],"interactionType":"gpml:Arrow"}],"xmlns":"http://pathvisio.org/GPML/2013a","license":"CC BY 2.0","name":"Glycine Metabolism","organism":"Homo sapiens","image":{"@context":{"@vocab":"http://schema.org/"},"width":684,"height":447},"publicationXref":[],"id":"wpId:WP1495","revision":"70639"}}