{"@context":{"@vocab":"http://vocabularies.wikipathways.org/gpml#","@base":"wpId:WP154","pathwayIri":"wpId:WP154","ChEBI":"http://www.ebi.ac.uk/chebi/searchId.do?chebiId=","dataSource":"gpml:Data-Source","datasourceReference":"wp:DatasourceReference","Group":{"@container":"@list","@id":"gpml:Group"},"interaction":{"@id":"biopax:Interaction","@type":"@id"},"interactionType":{"@id":"biopax:InteractionType","@type":"@id"},"interactionGraph":"@graph","lastModified":"gpml:Last-Modified","pathway":"biopax:Pathway","point":{"@container":"@list","@id":"gpml:Point"},"publicationXref":"biopax:PublicationXref","unificationXref":"biopax:UnificationXref","author":"schema:author","backgroundColor":"css2:colors.html#propdef-background-color","backgroundImage":"css2:colors.html#propdef-background-image","biopax":"http://www.biopax.org/release/biopax-level3.owl#","borderColor":"css2:box.html#propdef-border-color","borderStyle":"css2:box.html#propdef-border-style","borderWidth":"css2:box.html#propdef-border-width","boxSizing":{"@id":"css3Ui:box-sizing","@value":"border-box"},"color":"css2:colors.html#propdef-color","contains":{"@id":"ex:contains","@type":"@id"},"css2":"http://www.w3.org/TR/CSS2/","css3Ui":"http://www.w3.org/TR/css3-ui/#","cssTransform":"http://www.w3.org/TR/css-transforms-1/#","gpmlDataNodeType":"gpml:Type","dcterms":"http://puri.org/dc/terms/","entrezGene":"http://www.ncbi.nlm.nih.gov/gene/","ex":"http://www.example.org/","fontFamily":"css2:fonts.html#font-family-prop","fontSize":"css2:fonts.html#propdef-font-size","fontStyle":"css2:fonts.html#propdef-font-style","fontWeight":"css2:fonts.html#propdef-font-weight","gpml":"http://vocabularies.wikipathways.org/gpml#","gpmlFolder":"file://Users/andersriutta/Sites/pathvisiojs/test/gpml/","hMDB":"http://www.hmdb.ca/metabolites/HMDB","height":"css2:visudet.html#propdef-height","id":"@id","image":"schema:image","interactsWith":{"@id":"ex:interactsWith","@type":"@id"},"isContainedBy":{"@reverse":"ex:contains","@type":"@id"},"media":"http://www.w3.org/TR/mediaont-10/","name":"http://xmlns.com/foaf/0.1/name","organism":"biopax:organism","padding":"css2:box.html#propdef-padding","elements":{"@container":"@list","@id":"ex:pathwayElements/"},"position":"css2:visuren.html#propdef-position","rotate":"cssTransform:funcdef-rotate","schema":"http://schema.org/","shapeLibrary":"http://shapelibrary.example.org/","shape":"shapeLibrary:shape","stroke":"svg:painting.html#StrokeProperty","strokeWidth":"svg:painting.html#StrokeWidthProperty","svg":"http://www.w3.org/TR/SVG11/","textAlign":"css2:text.html#propdef-text-align","verticalAlign":"css2:visudet.html#propdef-vertical-align","width":"css2:visudet.html#propdef-width","wp":"http://vocabularies.wikipathways.org/wp#","wpId":"http://identifiers.org/wikipathways/","x":{"@id":"css2:visuren.html#propdef-left","@type":"xsd:integer"},"xsd":"http://www.w3.org/2001/XMLSchema#","y":"css2:visuren.html#propdef-top","zIndex":{"@id":"css2:z-index","@type":"xsd:integer"}},"wpId:WP154":{"elements":[{"networkType":"node","nodeType":"DataNode","dataNodeType":"Metabolite","@type":["DataNode","Metabolite","datanode"],"gpmlType":"datanode","graphicalType":"path"},{"networkType":"node","nodeType":"DataNode","dataNodeType":"GeneProduct","@type":["DataNode","GeneProduct","datanode"],"gpmlType":"datanode","graphicalType":"path","datasourceReference":{"database":"Entrez Gene","id":"114549","organism":"Danio rerio"},"unificationXref":"http://identifiers.org/ensembl/ENSDARG00000031796"},{"networkType":"node","nodeType":"DataNode","dataNodeType":"Metabolite","@type":["DataNode","Metabolite","datanode"],"gpmlType":"datanode","graphicalType":"path"},{"networkType":"node","nodeType":"DataNode","dataNodeType":"Metabolite","@type":["DataNode","Metabolite","datanode"],"gpmlType":"datanode","graphicalType":"path"},{"networkType":"node","nodeType":"DataNode","dataNodeType":"Metabolite","@type":["DataNode","Metabolite","datanode"],"gpmlType":"datanode","graphicalType":"path"},{"networkType":"node","nodeType":"DataNode","dataNodeType":"Metabolite","@type":["DataNode","Metabolite","datanode"],"gpmlType":"datanode","graphicalType":"path"},{"networkType":"node","nodeType":"DataNode","dataNodeType":"Metabolite","@type":["DataNode","Metabolite","datanode"],"gpmlType":"datanode","graphicalType":"path"},{"networkType":"node","nodeType":"DataNode","dataNodeType":"Metabolite","@type":["DataNode","Metabolite","datanode"],"gpmlType":"datanode","graphicalType":"path"},{"networkType":"node","nodeType":"DataNode","dataNodeType":"Metabolite","@type":["DataNode","Metabolite","datanode"],"gpmlType":"datanode","graphicalType":"path"},{"networkType":"node","nodeType":"DataNode","dataNodeType":"Metabolite","@type":["DataNode","Metabolite","datanode"],"gpmlType":"datanode","graphicalType":"path"},{"networkType":"node","nodeType":"DataNode","dataNodeType":"Metabolite","@type":["DataNode","Metabolite","datanode"],"gpmlType":"datanode","graphicalType":"path"},{"networkType":"node","nodeType":"DataNode","dataNodeType":"Metabolite","@type":["DataNode","Metabolite","datanode"],"gpmlType":"datanode","graphicalType":"path"},{"networkType":"node","nodeType":"DataNode","dataNodeType":"Metabolite","@type":["DataNode","Metabolite","datanode"],"gpmlType":"datanode","graphicalType":"path"},{"networkType":"node","nodeType":"DataNode","dataNodeType":"Metabolite","@type":["DataNode","Metabolite","datanode"],"gpmlType":"datanode","graphicalType":"path"},{"networkType":"node","nodeType":"DataNode","dataNodeType":"Metabolite","@type":["DataNode","Metabolite","datanode"],"gpmlType":"datanode","graphicalType":"path"},{"networkType":"node","nodeType":"DataNode","dataNodeType":"Metabolite","@type":["DataNode","Metabolite","datanode"],"gpmlType":"datanode","graphicalType":"path"},{"networkType":"node","nodeType":"DataNode","dataNodeType":"Metabolite","@type":["DataNode","Metabolite","datanode"],"gpmlType":"datanode","graphicalType":"path"},{"networkType":"node","nodeType":"DataNode","dataNodeType":"GeneProduct","@type":["DataNode","GeneProduct","datanode"],"gpmlType":"datanode","graphicalType":"path"},{"networkType":"node","nodeType":"DataNode","dataNodeType":"GeneProduct","@type":["DataNode","GeneProduct","datanode"],"gpmlType":"datanode","graphicalType":"path"},{"networkType":"node","nodeType":"DataNode","dataNodeType":"GeneProduct","@type":["DataNode","GeneProduct","datanode"],"gpmlType":"datanode","graphicalType":"path"},{"networkType":"node","nodeType":"DataNode","dataNodeType":"GeneProduct","@type":["DataNode","GeneProduct","datanode"],"gpmlType":"datanode","graphicalType":"path"},{"networkType":"node","nodeType":"DataNode","dataNodeType":"GeneProduct","@type":["DataNode","GeneProduct","datanode"],"gpmlType":"datanode","graphicalType":"path"},{"networkType":"node","nodeType":"Label","@type":["label"],"gpmlType":"label","graphicalType":"path"},{"networkType":"node","nodeType":"Label","@type":["label"],"gpmlType":"label","graphicalType":"path"},{"networkType":"node","nodeType":"Label","@type":["label"],"gpmlType":"label","graphicalType":"path"},{"networkType":"node","nodeType":"Label","@type":["label"],"gpmlType":"label","graphicalType":"path"},{"networkType":"node","nodeType":"Shape","@type":["shape"],"gpmlType":"shape","graphicalType":"path"},{"networkType":"node","nodeType":"Shape","@type":["shape"],"gpmlType":"shape","graphicalType":"path"},{"networkType":"node","nodeType":"Shape","@type":["shape"],"gpmlType":"shape","graphicalType":"path"},{"networkType":"node","nodeType":"Shape","@type":["shape"],"gpmlType":"shape","graphicalType":"path"},{"networkType":"edge","gpmlType":"interaction","@type":["interaction"],"graphicalType":"path","markerEnd":"arrow","points":[{"x":618.3333333333335,"y":333.3333333333333,"isAttachedTo":"c6aaa","RelX":1,"anchor":[1,0.5,1,0],"RelY":0},{"x":665.5565638233508,"y":333.3333333333333},{"x":665.5565638233508,"y":547.1869328493647},{"x":559.5624456679219,"y":547.1869328493647},{"x":559.5624456679219,"y":634.4729947725095,"isAttachedTo":"b0dec","RelX":0,"anchor":[0.5,0,0,-1],"RelY":-1}],"interactionGraph":[{"id":"c6aaa","interactsWith":"b0dec"}],"interactionType":"gpml:Arrow"},{"networkType":"node","nodeType":"DataNode","dataNodeType":"Metabolite","@type":["DataNode","Metabolite","datanode"],"gpmlType":"datanode","graphicalType":"path"},{"gpmlType":"anchor","zIndex":null,"networkType":"node","@type":["anchor"],"graphicalType":"path","x":null,"y":null},{"networkType":"edge","gpmlType":"interaction","@type":["interaction"],"graphicalType":"path","markerEnd":"arrow","points":[{"x":373.16666666666663,"y":333.3333333333333,"isAttachedTo":"bfb66","RelX":-1,"anchor":[0,0.5,-1,0],"RelY":0},{"x":339.0946502057613,"y":333.3333333333333},{"x":339.0946502057613,"y":547.960308710033},{"x":414.0839781948047,"y":547.960308710033},{"x":414.0839781948047,"y":634.4729947725094,"isAttachedTo":"a120d","RelX":0,"anchor":[0.5,0,0,-1],"RelY":-1}],"interactionGraph":[{"id":"bfb66","interactsWith":"a120d"}],"interactionType":"gpml:Arrow"},{"networkType":"edge","gpmlType":"interaction","@type":["interaction"],"graphicalType":"path","markerEnd":"arrow","points":[{"x":63.333333333333336,"y":342.8333333333333,"isAttachedTo":"d6196","RelX":0,"anchor":[0.5,1,0,1],"RelY":1},{"x":63.48333333929379,"y":422.4047186932849,"isAttachedTo":"ecbd9","RelX":0,"anchor":[0.5,0,0,-1],"RelY":-1}],"interactionGraph":[{"id":"d6196","interactsWith":"ecbd9"}],"interactionType":"gpml:Arrow"},{"networkType":"edge","gpmlType":"interaction","@type":["interaction"],"graphicalType":"path","markerEnd":"arrow","points":[{"x":576.6666666666667,"y":166.16666666666666,"isAttachedTo":"cfdca","RelX":0,"anchor":[0.5,1,0,1],"RelY":1},{"x":576.6666666666667,"y":240.5,"isAttachedTo":"f6fff","RelX":0,"anchor":[0.5,0,0,-1],"RelY":-1}],"interactionGraph":[{"id":"cfdca","interactsWith":"f6fff"}],"interactionType":"gpml:Arrow"},{"networkType":"edge","gpmlType":"interaction","@type":["interaction"],"graphicalType":"path","markerEnd":"arrow","points":[{"x":576.6666666666667,"y":259.5,"isAttachedTo":"f6fff","RelX":0,"anchor":[0.5,1,0,1],"RelY":1},{"x":576.6666666666667,"y":323.8333333333333,"isAttachedTo":"c6aaa","RelX":0,"anchor":[0.5,0,0,-1],"RelY":-1}],"interactionGraph":[{"id":"f6fff","interactsWith":"c6aaa"}],"interactionType":"gpml:Arrow"},{"networkType":"edge","gpmlType":"interaction","@type":["interaction"],"graphicalType":"path","markerEnd":"arrow","points":[{"x":576.6666666666667,"y":342.8333333333333,"isAttachedTo":"c6aaa","RelX":0,"anchor":[0.5,1,0,1],"RelY":1},{"x":573.3333333333334,"y":413.8333333333333,"isAttachedTo":"c6c3d","RelX":0,"anchor":[0.5,0,0,-1],"RelY":-1}],"interactionGraph":[{"id":"c6aaa","interactsWith":"c6c3d"}],"interactionType":"gpml:Arrow"},{"networkType":"edge","gpmlType":"interaction","@type":["interaction"],"graphicalType":"path","markerEnd":"arrow","points":[{"x":573.3333333333334,"y":432.8333333333333,"isAttachedTo":"c6c3d","RelX":0,"anchor":[0.5,1,0,1],"RelY":1},{"x":573.3333333333335,"y":510.5,"isAttachedTo":"ae140","RelX":0,"anchor":[0.5,0,0,-1],"RelY":-1}],"interactionGraph":[{"id":"c6c3d","interactsWith":"ae140"}],"interactionType":"gpml:Arrow"},{"networkType":"edge","gpmlType":"interaction","@type":["interaction"],"graphicalType":"path","markerEnd":"arrow","points":[{"x":574.3155694879829,"y":71.8510971786834,"isAttachedTo":"d1385","RelX":0,"anchor":[0.5,1,0,1],"RelY":1},{"x":576.6666666666667,"y":147.16666666666666,"isAttachedTo":"cfdca","RelX":0,"anchor":[0.5,0,0,-1],"RelY":-1}],"interactionGraph":[{"id":"d1385","interactsWith":"cfdca"}],"interactionType":"gpml:Arrow"},{"networkType":"edge","gpmlType":"interaction","@type":["interaction"],"graphicalType":"path","markerEnd":"arrow","points":[{"x":414.3155694879832,"y":165.38296760710554,"isAttachedTo":"af728","RelX":0,"anchor":[0.5,1,0,1],"RelY":1},{"x":413.3333333333333,"y":240.5,"isAttachedTo":"eed6c","RelX":0,"anchor":[0.5,0,0,-1],"RelY":-1}],"interactionGraph":[{"id":"af728","interactsWith":"eed6c"}],"interactionType":"gpml:Arrow"},{"networkType":"edge","gpmlType":"interaction","@type":["interaction"],"graphicalType":"path","markerEnd":"arrow","points":[{"x":413.3333333333333,"y":259.5,"isAttachedTo":"eed6c","RelX":0,"anchor":[0.5,1,0,1],"RelY":1},{"x":413.33333333333326,"y":323.8333333333333,"isAttachedTo":"bfb66","RelX":0,"anchor":[0.5,0,0,-1],"RelY":-1}],"interactionGraph":[{"id":"eed6c","interactsWith":"bfb66"}],"interactionType":"gpml:Arrow"},{"networkType":"edge","gpmlType":"interaction","@type":["interaction"],"graphicalType":"path","markerEnd":"arrow","points":[{"x":413.33333333333326,"y":342.8333333333333,"isAttachedTo":"bfb66","RelX":0,"anchor":[0.5,1,0,1],"RelY":1},{"x":413.33333333333326,"y":413.8333333333333,"isAttachedTo":"a1d26","RelX":0,"anchor":[0.5,0,0,-1],"RelY":-1}],"interactionGraph":[{"id":"bfb66","interactsWith":"a1d26"}],"interactionType":"gpml:Arrow"},{"networkType":"edge","gpmlType":"interaction","@type":["interaction"],"graphicalType":"path","markerEnd":"arrow","points":[{"x":413.33333333333326,"y":432.8333333333333,"isAttachedTo":"a1d26","RelX":0,"anchor":[0.5,1,0,1],"RelY":1},{"x":413.33333333333326,"y":510.5,"isAttachedTo":"cc6e4","RelX":0,"anchor":[0.5,0,0,-1],"RelY":-1}],"interactionGraph":[{"id":"a1d26","interactsWith":"cc6e4"}],"interactionType":"gpml:Arrow"},{"networkType":"edge","gpmlType":"interaction","@type":["interaction"],"graphicalType":"path","markerEnd":"arrow","points":[{"x":166.66666666666666,"y":259.5,"isAttachedTo":"da75d","RelX":0,"anchor":[0.5,1,0,1],"RelY":1},{"x":166.66666666666666,"y":323.8333333333333,"isAttachedTo":"c6fa1","RelX":0,"anchor":[0.5,0,0,-1],"RelY":-1}],"interactionGraph":[{"id":"da75d","interactsWith":"c6fa1"}],"interactionType":"gpml:Arrow"},{"networkType":"edge","gpmlType":"interaction","@type":["interaction"],"graphicalType":"path","markerEnd":"arrow","points":[{"x":266.6666666666667,"y":259.5,"isAttachedTo":"fe2f3","RelX":0,"anchor":[0.5,1,0,1],"RelY":1},{"x":263.3333333333333,"y":323.8333333333333,"isAttachedTo":"fa829","RelX":0,"anchor":[0.5,0,0,-1],"RelY":-1}],"interactionGraph":[{"id":"fe2f3","interactsWith":"fa829"}],"interactionType":"gpml:Arrow"},{"networkType":"edge","gpmlType":"interaction","@type":["interaction"],"graphicalType":"path","markerEnd":"arrow","points":[{"x":63.333333333333336,"y":259.5,"isAttachedTo":"ba7e6","RelX":0,"anchor":[0.5,1,0,1],"RelY":1},{"x":63.333333333333336,"y":323.8333333333333,"isAttachedTo":"d6196","RelX":0,"anchor":[0.5,0,0,-1],"RelY":-1}],"interactionGraph":[{"id":"ba7e6","interactsWith":"d6196"}],"interactionType":"gpml:Arrow"},{"networkType":"edge","gpmlType":"interaction","@type":["interaction"],"graphicalType":"path","points":[{"x":635.5,"y":423.3333333333333,"isAttachedTo":"c6c3d","RelX":1,"anchor":[1,0.5,1,0],"RelY":0},{"x":665.5565638233508,"y":422.8675136116152,"isAttachedTo":"d22d1","RelX":0,"anchor":[0.5,0.5,0,0],"RelY":0}]},{"networkType":"edge","gpmlType":"interaction","@type":["interaction"],"graphicalType":"path","points":[{"x":665.5565638233508,"y":519.9637023593466,"isAttachedTo":"cfd85","RelX":0,"anchor":[0.5,0.5,0,0],"RelY":0},{"x":622.5000000000002,"y":520,"isAttachedTo":"ae140","RelX":1,"anchor":[1,0.5,1,0],"RelY":0}]},{"networkType":"node","nodeType":"DataNode","dataNodeType":"GeneProduct","@type":["DataNode","GeneProduct","datanode"],"gpmlType":"datanode","graphicalType":"path","datasourceReference":{"database":"Entrez Gene","id":"30384","organism":"Danio rerio"},"unificationXref":"http://identifiers.org/ensembl/ENSDARG00000030621"},{"networkType":"node","nodeType":"DataNode","dataNodeType":"GeneProduct","@type":["DataNode","GeneProduct","datanode"],"gpmlType":"datanode","graphicalType":"path","datasourceReference":{"database":"Entrez Gene","id":"406651","organism":"Danio rerio"},"unificationXref":"http://identifiers.org/ensembl/ENSDARG00000016494"},{"networkType":"node","nodeType":"DataNode","dataNodeType":"GeneProduct","@type":["DataNode","GeneProduct","datanode"],"gpmlType":"datanode","graphicalType":"path","datasourceReference":{"database":"Entrez Gene","id":"30505","organism":"Danio rerio"},"unificationXref":"http://identifiers.org/ensembl/ENSDARG00000069446"},{"networkType":"node","nodeType":"DataNode","dataNodeType":"GeneProduct","@type":["DataNode","GeneProduct","datanode"],"gpmlType":"datanode","graphicalType":"path","datasourceReference":{"database":"Entrez Gene","id":"378962","organism":"Danio rerio"},"unificationXref":"http://identifiers.org/ensembl/ENSDARG00000020143"},{"networkType":"node","nodeType":"DataNode","dataNodeType":"GeneProduct","@type":["DataNode","GeneProduct","datanode"],"gpmlType":"datanode","graphicalType":"path","datasourceReference":{"database":"Entrez Gene","id":"352943","organism":"Danio rerio"},"unificationXref":"http://identifiers.org/ensembl/ENSDARG00000029432"},{"networkType":"node","nodeType":"DataNode","dataNodeType":"GeneProduct","@type":["DataNode","GeneProduct","datanode"],"gpmlType":"datanode","graphicalType":"path","datasourceReference":{"database":"Entrez Gene","id":"406651","organism":"Danio rerio"},"unificationXref":"http://identifiers.org/ensembl/ENSDARG00000016494"},{"networkType":"node","nodeType":"DataNode","dataNodeType":"GeneProduct","@type":["DataNode","GeneProduct","datanode"],"gpmlType":"datanode","graphicalType":"path","datasourceReference":{"database":"Entrez Gene","id":"393677","organism":"Danio rerio"},"unificationXref":"http://identifiers.org/ensembl/ENSDARG00000036567"},{"networkType":"node","nodeType":"DataNode","dataNodeType":"GeneProduct","@type":["DataNode","GeneProduct","datanode"],"gpmlType":"datanode","graphicalType":"path","datasourceReference":{"database":"Entrez Gene","id":"793609","organism":"Danio rerio"},"unificationXref":"http://identifiers.org/ensembl/ENSDARG00000075454"},{"networkType":"node","nodeType":"DataNode","dataNodeType":"GeneProduct","@type":["DataNode","GeneProduct","datanode"],"gpmlType":"datanode","graphicalType":"path","datasourceReference":{"database":"Entrez Gene","id":"406651","organism":"Danio rerio"},"unificationXref":"http://identifiers.org/ensembl/ENSDARG00000016494"},{"networkType":"node","nodeType":"DataNode","dataNodeType":"GeneProduct","@type":["DataNode","GeneProduct","datanode"],"gpmlType":"datanode","graphicalType":"path","datasourceReference":{"database":"Entrez Gene","id":"378441","organism":"Danio rerio"},"unificationXref":"http://identifiers.org/ensembl/ENSDARG00000027419"},{"networkType":"node","nodeType":"DataNode","dataNodeType":"GeneProduct","@type":["DataNode","GeneProduct","datanode"],"gpmlType":"datanode","graphicalType":"path","datasourceReference":{"database":"Entrez Gene","id":"550403","organism":"Danio rerio"},"unificationXref":"http://identifiers.org/ensembl/ENSDARG00000015537"},{"networkType":"node","nodeType":"DataNode","dataNodeType":"GeneProduct","@type":["DataNode","GeneProduct","datanode"],"gpmlType":"datanode","graphicalType":"path","datasourceReference":{"database":"Entrez Gene","id":"100170938","organism":"Danio rerio"},"unificationXref":"http://identifiers.org/ensembl/ENSDARG00000015854"},{"gpmlType":"anchor","zIndex":null,"networkType":"node","@type":["anchor"],"graphicalType":"path","x":null,"y":null}],"xmlns":"http://pathvisio.org/GPML/2013a","lastModified":"10/17/2013","name":"Biogenic Amine Synthesis","organism":"Danio rerio","image":{"@context":{"@vocab":"http://schema.org/"},"width":697.4897119341564,"height":737.3948054720983},"publicationXref":[],"id":"wpId:WP154","revision":"71530"}}