{"@context":{"@vocab":"http://vocabularies.wikipathways.org/gpml#","@base":"wpId:WP151","pathwayIri":"wpId:WP151","ChEBI":"http://www.ebi.ac.uk/chebi/searchId.do?chebiId=","dataSource":"gpml:Data-Source","datasourceReference":"wp:DatasourceReference","Group":{"@container":"@list","@id":"gpml:Group"},"interaction":{"@id":"biopax:Interaction","@type":"@id"},"interactionType":{"@id":"biopax:InteractionType","@type":"@id"},"interactionGraph":{"@container":"@list","@type":"@id"},"lastModified":"gpml:Last-Modified","pathway":"biopax:Pathway","point":{"@container":"@list","@id":"gpml:Point"},"publicationXref":"biopax:PublicationXref","unificationXref":"biopax:UnificationXref","author":"schema:author","backgroundColor":"css2:colors.html#propdef-background-color","backgroundImage":"css2:colors.html#propdef-background-image","biopax":"http://www.biopax.org/release/biopax-level3.owl#","borderColor":"css2:box.html#propdef-border-color","borderStyle":"css2:box.html#propdef-border-style","borderWidth":"css2:box.html#propdef-border-width","boxSizing":{"@id":"css3Ui:box-sizing","@value":"border-box"},"color":"css2:colors.html#propdef-color","contains":{"@id":"ex:contains","@type":"@id"},"css2":"http://www.w3.org/TR/CSS2/","css3Ui":"http://www.w3.org/TR/css3-ui/#","cssTransform":"http://www.w3.org/TR/css-transforms-1/#","gpmlDataNodeType":"gpml:Type","dcterms":"http://puri.org/dc/terms/","entrezGene":"http://www.ncbi.nlm.nih.gov/gene/","ex":"http://www.example.org/","fontFamily":"css2:fonts.html#font-family-prop","fontSize":"css2:fonts.html#propdef-font-size","fontStyle":"css2:fonts.html#propdef-font-style","fontWeight":"css2:fonts.html#propdef-font-weight","gpml":"http://vocabularies.wikipathways.org/gpml#","gpmlFolder":"file://Users/andersriutta/Sites/pathvisiojs/test/gpml/","hMDB":"http://www.hmdb.ca/metabolites/HMDB","height":"css2:visudet.html#propdef-height","id":"@id","image":"schema:image","interactsWith":{"@id":"ex:interactsWith","@type":"@id"},"isContainedBy":{"@reverse":"ex:contains","@type":"@id"},"media":"http://www.w3.org/TR/mediaont-10/","name":"http://xmlns.com/foaf/0.1/name","organism":"biopax:organism","padding":"css2:box.html#propdef-padding","elements":{"@container":"@list","@id":"ex:pathwayElements/"},"position":"css2:visuren.html#propdef-position","rotate":"cssTransform:funcdef-rotate","schema":"http://schema.org/","shapeLibrary":"http://shapelibrary.example.org/","shape":"shapeLibrary:shape","stroke":"svg:painting.html#StrokeProperty","strokeWidth":"svg:painting.html#StrokeWidthProperty","svg":"http://www.w3.org/TR/SVG11/","textAlign":"css2:text.html#propdef-text-align","verticalAlign":"css2:visudet.html#propdef-vertical-align","width":"css2:visudet.html#propdef-width","wp":"http://vocabularies.wikipathways.org/wp#","wpId":"http://identifiers.org/wikipathways/","x":{"@id":"css2:visuren.html#propdef-left","@type":"xsd:integer"},"xsd":"http://www.w3.org/2001/XMLSchema#","y":"css2:visuren.html#propdef-top","zIndex":{"@id":"css2:z-index","@type":"xsd:integer"}},"wpId:WP151":{"elements":[{"networkType":"node","nodeType":"DataNode","dataNodeType":"GeneProduct","@type":["DataNode","GeneProduct","datanode"],"gpmlType":"datanode","graphicalType":"path"},{"networkType":"node","nodeType":"DataNode","dataNodeType":"GeneProduct","@type":["DataNode","GeneProduct","datanode"],"gpmlType":"datanode","graphicalType":"path","datasourceReference":{"database":"Entrez Gene","id":"20850","organism":"Mus musculus"},"unificationXref":"http://identifiers.org/ensembl/ENSMUSG00000004043"},{"networkType":"node","nodeType":"Label","@type":["label"],"gpmlType":"label","graphicalType":"path"},{"networkType":"node","nodeType":"Label","@type":["label"],"gpmlType":"label","graphicalType":"path"},{"networkType":"node","nodeType":"Label","@type":["label"],"gpmlType":"label","graphicalType":"path"},{"networkType":"node","nodeType":"Label","@type":["label"],"gpmlType":"label","graphicalType":"path"},{"networkType":"node","nodeType":"Label","@type":["label"],"gpmlType":"label","graphicalType":"path"},{"networkType":"node","nodeType":"Label","@type":["label"],"gpmlType":"label","graphicalType":"path"},{"networkType":"node","nodeType":"Label","@type":["label"],"gpmlType":"label","graphicalType":"path"},{"networkType":"node","nodeType":"Label","@type":["label"],"gpmlType":"label","graphicalType":"path"},{"networkType":"node","nodeType":"Label","@type":["label"],"gpmlType":"label","graphicalType":"path"},{"networkType":"node","nodeType":"Label","@type":["label"],"gpmlType":"label","graphicalType":"path"},{"networkType":"node","nodeType":"Label","@type":["label"],"gpmlType":"label","graphicalType":"path"},{"networkType":"node","nodeType":"Label","@type":["label"],"gpmlType":"label","graphicalType":"path"},{"networkType":"node","nodeType":"Label","@type":["label"],"gpmlType":"label","graphicalType":"path"},{"networkType":"node","nodeType":"Label","@type":["label"],"gpmlType":"label","graphicalType":"path"},{"networkType":"node","nodeType":"Label","@type":["label"],"gpmlType":"label","graphicalType":"path"},{"networkType":"node","nodeType":"Label","@type":["label"],"gpmlType":"label","graphicalType":"path"},{"networkType":"node","nodeType":"Label","@type":["label"],"gpmlType":"label","graphicalType":"path"},{"networkType":"node","nodeType":"Label","@type":["label"],"gpmlType":"label","graphicalType":"path"},{"networkType":"node","nodeType":"Label","@type":["label"],"gpmlType":"label","graphicalType":"path"},{"networkType":"node","nodeType":"Label","@type":["label"],"gpmlType":"label","graphicalType":"path"},{"networkType":"node","nodeType":"Label","@type":["label"],"gpmlType":"label","graphicalType":"path"},{"networkType":"node","nodeType":"Label","@type":["label"],"gpmlType":"label","graphicalType":"path"},{"networkType":"node","nodeType":"Label","@type":["label"],"gpmlType":"label","graphicalType":"path"},{"networkType":"node","nodeType":"Label","@type":["label"],"gpmlType":"label","graphicalType":"path"},{"networkType":"node","nodeType":"Label","@type":["label"],"gpmlType":"label","graphicalType":"path"},{"networkType":"node","nodeType":"Label","@type":["label"],"gpmlType":"label","graphicalType":"path"},{"networkType":"node","nodeType":"Label","@type":["label"],"gpmlType":"label","graphicalType":"path"},{"networkType":"node","nodeType":"Label","@type":["label"],"gpmlType":"label","graphicalType":"path"},{"networkType":"node","nodeType":"Label","@type":["label"],"gpmlType":"label","graphicalType":"path"},{"networkType":"node","nodeType":"Label","@type":["label"],"gpmlType":"label","graphicalType":"path"},{"networkType":"node","nodeType":"Label","@type":["label"],"gpmlType":"label","graphicalType":"path"},{"networkType":"node","nodeType":"Label","@type":["label"],"gpmlType":"label","graphicalType":"path"},{"networkType":"node","nodeType":"Label","@type":["label"],"gpmlType":"label","graphicalType":"path"},{"networkType":"node","nodeType":"Label","@type":["label"],"gpmlType":"label","graphicalType":"path"},{"networkType":"node","nodeType":"Label","@type":["label"],"gpmlType":"label","graphicalType":"path"},{"networkType":"node","nodeType":"Label","@type":["label"],"gpmlType":"label","graphicalType":"path"},{"networkType":"node","nodeType":"Label","@type":["label"],"gpmlType":"label","graphicalType":"path"},{"networkType":"node","nodeType":"Label","@type":["label"],"gpmlType":"label","graphicalType":"path"},{"networkType":"node","nodeType":"Label","@type":["label"],"gpmlType":"label","graphicalType":"path"},{"networkType":"node","nodeType":"Label","@type":["label"],"gpmlType":"label","graphicalType":"path"},{"networkType":"node","nodeType":"Label","@type":["label"],"gpmlType":"label","graphicalType":"path"},{"networkType":"node","nodeType":"Label","@type":["label"],"gpmlType":"label","graphicalType":"path"},{"networkType":"node","nodeType":"Label","@type":["label"],"gpmlType":"label","graphicalType":"path"},{"networkType":"node","nodeType":"Label","@type":["label"],"gpmlType":"label","graphicalType":"path"},{"networkType":"node","nodeType":"Label","@type":["label"],"gpmlType":"label","graphicalType":"path"},{"networkType":"node","nodeType":"Label","@type":["label"],"gpmlType":"label","graphicalType":"path"},{"networkType":"node","nodeType":"Label","@type":["label"],"gpmlType":"label","graphicalType":"path"},{"networkType":"node","nodeType":"Label","@type":["label"],"gpmlType":"label","graphicalType":"path"},{"networkType":"node","nodeType":"Label","@type":["label"],"gpmlType":"label","graphicalType":"path"},{"networkType":"node","nodeType":"Label","@type":["label"],"gpmlType":"label","graphicalType":"path"},{"networkType":"node","nodeType":"Label","@type":["label"],"gpmlType":"label","graphicalType":"path"},{"networkType":"node","nodeType":"Label","@type":["label"],"gpmlType":"label","graphicalType":"path"},{"networkType":"node","nodeType":"Label","@type":["label"],"gpmlType":"label","graphicalType":"path"},{"networkType":"node","nodeType":"Label","@type":["label"],"gpmlType":"label","graphicalType":"path"},{"networkType":"node","nodeType":"Label","@type":["label"],"gpmlType":"label","graphicalType":"path"},{"networkType":"node","nodeType":"Label","@type":["label"],"gpmlType":"label","graphicalType":"path"},{"networkType":"node","nodeType":"Label","@type":["label"],"gpmlType":"label","graphicalType":"path"},{"networkType":"node","nodeType":"Label","@type":["label"],"gpmlType":"label","graphicalType":"path"},{"networkType":"node","nodeType":"Label","@type":["label"],"gpmlType":"label","graphicalType":"path"},{"networkType":"node","nodeType":"Label","@type":["label"],"gpmlType":"label","graphicalType":"path"},{"networkType":"node","nodeType":"Label","@type":["label"],"gpmlType":"label","graphicalType":"path"},{"networkType":"node","nodeType":"Label","@type":["label"],"gpmlType":"label","graphicalType":"path"},{"networkType":"node","nodeType":"Label","@type":["label"],"gpmlType":"label","graphicalType":"path"},{"networkType":"node","nodeType":"Label","@type":["label"],"gpmlType":"label","graphicalType":"path"},{"networkType":"node","nodeType":"Label","@type":["label"],"gpmlType":"label","graphicalType":"path"},{"networkType":"node","nodeType":"Label","@type":["label"],"gpmlType":"label","graphicalType":"path"},{"networkType":"node","nodeType":"Label","@type":["label"],"gpmlType":"label","graphicalType":"path"},{"networkType":"node","nodeType":"Label","@type":["label"],"gpmlType":"label","graphicalType":"path"},{"networkType":"node","nodeType":"Label","@type":["label"],"gpmlType":"label","graphicalType":"path"},{"networkType":"node","nodeType":"Label","@type":["label"],"gpmlType":"label","graphicalType":"path"},{"networkType":"node","nodeType":"Shape","@type":["shape"],"gpmlType":"shape","graphicalType":"path"},{"networkType":"node","nodeType":"Shape","@type":["shape"],"gpmlType":"shape","graphicalType":"path"},{"networkType":"node","nodeType":"Shape","@type":["shape"],"gpmlType":"shape","graphicalType":"path"},{"networkType":"node","nodeType":"Shape","@type":["shape"],"gpmlType":"shape","graphicalType":"path"},{"networkType":"node","nodeType":"Shape","@type":["shape"],"gpmlType":"shape","graphicalType":"path"},{"networkType":"node","nodeType":"Shape","@type":["shape"],"gpmlType":"shape","graphicalType":"path"},{"networkType":"node","nodeType":"Shape","@type":["shape"],"gpmlType":"shape","graphicalType":"path"},{"networkType":"node","nodeType":"Shape","@type":["shape"],"gpmlType":"shape","graphicalType":"path"},{"networkType":"node","nodeType":"Shape","@type":["shape"],"gpmlType":"shape","graphicalType":"path"},{"networkType":"node","nodeType":"Shape","@type":["shape"],"gpmlType":"shape","graphicalType":"path"},{"networkType":"node","nodeType":"Shape","@type":["shape"],"gpmlType":"shape","graphicalType":"path"},{"networkType":"node","nodeType":"Shape","@type":["shape"],"gpmlType":"shape","graphicalType":"path"},{"networkType":"node","nodeType":"Shape","@type":["shape"],"gpmlType":"shape","graphicalType":"path"},{"networkType":"node","nodeType":"Shape","@type":["shape"],"gpmlType":"shape","graphicalType":"path"},{"networkType":"node","nodeType":"Shape","@type":["shape"],"gpmlType":"shape","graphicalType":"path"},{"networkType":"node","nodeType":"Shape","@type":["shape"],"gpmlType":"shape","graphicalType":"path"},{"networkType":"node","nodeType":"Shape","@type":["shape"],"gpmlType":"shape","graphicalType":"path"},{"networkType":"node","nodeType":"Shape","@type":["shape"],"gpmlType":"shape","graphicalType":"path"},{"networkType":"node","nodeType":"Shape","@type":["shape"],"gpmlType":"shape","graphicalType":"path"},{"networkType":"node","nodeType":"Shape","@type":["shape"],"gpmlType":"shape","graphicalType":"path"},{"networkType":"node","nodeType":"Shape","@type":["shape"],"gpmlType":"shape","graphicalType":"path"},{"networkType":"node","nodeType":"Shape","@type":["shape"],"gpmlType":"shape","graphicalType":"path"},{"networkType":"node","nodeType":"Shape","@type":["shape"],"gpmlType":"shape","graphicalType":"path"},{"networkType":"edge","gpmlType":"interaction","@type":["interaction"],"graphicalType":"path","markerEnd":"arrow","points":[{"x":56.666666666666664,"y":1270},{"x":106.66666666666667,"y":1270}]},{"networkType":"edge","gpmlType":"interaction","@type":["interaction"],"graphicalType":"path","markerEnd":"arrow","points":[{"x":1016.6666666666666,"y":266.6666666666667},{"x":1053.3333333333333,"y":266.6666666666667}]},{"networkType":"edge","gpmlType":"interaction","@type":["interaction"],"graphicalType":"path","points":[{"x":1070,"y":253.33333333333334},{"x":1070,"y":213.33333333333334}]},{"networkType":"edge","gpmlType":"interaction","@type":["interaction"],"graphicalType":"path","points":[{"x":966.6666666666666,"y":213.33333333333334},{"x":1070,"y":213.33333333333334}]},{"networkType":"edge","gpmlType":"interaction","@type":["interaction"],"graphicalType":"path","markerEnd":"arrow","points":[{"x":966.6666666666666,"y":213.33333333333334},{"x":966.6666666666666,"y":286.6666666666667}]},{"networkType":"edge","gpmlType":"interaction","@type":["interaction"],"graphicalType":"path","points":[{"x":1073.3333333333333,"y":283.3333333333333},{"x":1073.3333333333333,"y":340}]},{"networkType":"edge","gpmlType":"interaction","@type":["interaction"],"graphicalType":"path","points":[{"x":1006.6666666666666,"y":340},{"x":516.6666666666666,"y":340}]},{"networkType":"edge","gpmlType":"interaction","@type":["interaction"],"graphicalType":"path","points":[{"x":1003.3333333333334,"y":736.6666666666666},{"x":1003.3333333333334,"y":340}]},{"networkType":"edge","gpmlType":"interaction","@type":["interaction"],"graphicalType":"path","points":[{"x":966.6666666666666,"y":770},{"x":1043.3333333333333,"y":770}]},{"networkType":"edge","gpmlType":"interaction","@type":["interaction"],"graphicalType":"path","points":[{"x":1003.3333333333334,"y":793.3333333333334},{"x":1003.3333333333334,"y":753.3333333333334}]},{"networkType":"edge","gpmlType":"interaction","@type":["interaction"],"graphicalType":"path","markerEnd":"arrow","points":[{"x":1003.3333333333334,"y":736.6666666666666},{"x":1003.3333333333334,"y":816.6666666666666}]},{"networkType":"edge","gpmlType":"interaction","@type":["interaction"],"graphicalType":"path","markerEnd":"arrow","points":[{"x":1043.3333333333333,"y":770},{"x":1043.3333333333333,"y":856.6666666666666}]},{"networkType":"edge","gpmlType":"interaction","@type":["interaction"],"graphicalType":"path","markerEnd":"arrow","points":[{"x":966.6666666666666,"y":746.6666666666666},{"x":966.6666666666666,"y":856.6666666666666}]},{"networkType":"edge","gpmlType":"interaction","@type":["interaction"],"graphicalType":"path","points":[{"x":530,"y":746.6666666666666},{"x":1000,"y":746.6666666666666}]},{"networkType":"edge","gpmlType":"interaction","@type":["interaction"],"graphicalType":"path","markerEnd":"arrow","points":[{"x":936.6666666666666,"y":746.6666666666666},{"x":936.6666666666666,"y":816.6666666666666}]},{"networkType":"edge","gpmlType":"interaction","@type":["interaction"],"graphicalType":"path","points":[{"x":1310,"y":340},{"x":1006.6666666666666,"y":340}]},{"networkType":"edge","gpmlType":"interaction","@type":["interaction"],"graphicalType":"path","markerEnd":"arrow","points":[{"x":1273.3333333333333,"y":633.3333333333334},{"x":1273.3333333333333,"y":683.3333333333334}]},{"networkType":"edge","gpmlType":"interaction","@type":["interaction"],"graphicalType":"path","markerEnd":"arrow","points":[{"x":1030,"y":406.6666666666667},{"x":1030,"y":460}]},{"networkType":"edge","gpmlType":"interaction","@type":["interaction"],"graphicalType":"path","markerEnd":"arrow","points":[{"x":1120,"y":406.6666666666667},{"x":1120,"y":456.6666666666667}]},{"networkType":"edge","gpmlType":"interaction","@type":["interaction"],"graphicalType":"path","markerEnd":"arrow","points":[{"x":1230,"y":633.3333333333334},{"x":1230,"y":720}]},{"networkType":"edge","gpmlType":"interaction","@type":["interaction"],"graphicalType":"path","markerEnd":"arrow","points":[{"x":1366.6666666666667,"y":633.3333333333334},{"x":1366.6666666666667,"y":723.3333333333334}]},{"networkType":"edge","gpmlType":"interaction","@type":["interaction"],"graphicalType":"path","markerEnd":"arrow","points":[{"x":1310,"y":633.3333333333334},{"x":1310,"y":723.3333333333334}]},{"networkType":"edge","gpmlType":"interaction","@type":["interaction"],"graphicalType":"path","points":[{"x":1170,"y":633.3333333333334},{"x":1366.6666666666667,"y":633.3333333333334}]},{"networkType":"edge","gpmlType":"interaction","@type":["interaction"],"graphicalType":"path","points":[{"x":1340,"y":606.6666666666666},{"x":1340,"y":633.3333333333334}]},{"networkType":"edge","gpmlType":"interaction","@type":["interaction"],"graphicalType":"path","markerEnd":"arrow","points":[{"x":1066.6666666666667,"y":316.6666666666667},{"x":1066.6666666666667,"y":273.3333333333333}]},{"networkType":"edge","gpmlType":"interaction","@type":["interaction"],"graphicalType":"path","markerEnd":"arrow","points":[{"x":1586.6666666666667,"y":720},{"x":1586.6666666666667,"y":740}]},{"networkType":"edge","gpmlType":"interaction","@type":["interaction"],"graphicalType":"path","markerEnd":"arrow","points":[{"x":1586.6666666666667,"y":603.3333333333334},{"x":1586.6666666666667,"y":700}]},{"networkType":"edge","gpmlType":"interaction","@type":["interaction"],"graphicalType":"path","points":[{"x":1673.3333333333333,"y":340},{"x":1310,"y":340}]},{"networkType":"edge","gpmlType":"interaction","@type":["interaction"],"graphicalType":"path","points":[{"x":1520,"y":593.3333333333334},{"x":1520,"y":340}]},{"networkType":"edge","gpmlType":"interaction","@type":["interaction"],"graphicalType":"path","markerEnd":"arrow","points":[{"x":1520,"y":610},{"x":1520,"y":656.6666666666666}]},{"networkType":"edge","gpmlType":"interaction","@type":["interaction"],"graphicalType":"path","points":[{"x":1083.3333333333333,"y":273.3333333333333},{"x":1083.3333333333333,"y":523.3333333333334}]},{"networkType":"edge","gpmlType":"interaction","@type":["interaction"],"graphicalType":"path","markerEnd":"arrow","points":[{"x":1263.3333333333333,"y":523.3333333333334},{"x":1263.3333333333333,"y":683.3333333333334}]},{"networkType":"edge","gpmlType":"interaction","@type":["interaction"],"graphicalType":"path","points":[{"x":1270,"y":703.3333333333334},{"x":1270,"y":770}]},{"networkType":"edge","gpmlType":"interaction","@type":["interaction"],"graphicalType":"path","markerEnd":"arrow","points":[{"x":1270,"y":770},{"x":1353.3333333333333,"y":770}]},{"networkType":"edge","gpmlType":"interaction","@type":["interaction"],"graphicalType":"path","markerEnd":"arrow","points":[{"x":1370,"y":740},{"x":1370,"y":760}]},{"networkType":"edge","gpmlType":"interaction","@type":["interaction"],"graphicalType":"path","points":[{"x":1586.6666666666667,"y":603.3333333333334},{"x":1526.6666666666667,"y":603.3333333333334}]},{"networkType":"edge","gpmlType":"interaction","@type":["interaction"],"graphicalType":"path","points":[{"x":1030,"y":406.6666666666667},{"x":1120,"y":406.6666666666667}]},{"networkType":"edge","gpmlType":"interaction","@type":["interaction"],"graphicalType":"path","points":[{"x":1120,"y":370},{"x":1120,"y":340}]},{"networkType":"edge","gpmlType":"interaction","@type":["interaction"],"graphicalType":"path","points":[{"x":1120,"y":383.3333333333333},{"x":1120,"y":406.6666666666667}]},{"networkType":"edge","gpmlType":"interaction","@type":["interaction"],"graphicalType":"path","points":[{"x":1340,"y":593.3333333333334},{"x":1340,"y":340}]},{"networkType":"edge","gpmlType":"interaction","@type":["interaction"],"graphicalType":"path","points":[{"x":946.6666666666666,"y":316.6666666666667},{"x":946.6666666666666,"y":490}]},{"networkType":"edge","gpmlType":"interaction","@type":["interaction"],"graphicalType":"path","markerEnd":"arrow","points":[{"x":946.6666666666666,"y":490},{"x":1163.3333333333333,"y":490}]},{"networkType":"edge","gpmlType":"interaction","@type":["interaction"],"graphicalType":"path","points":[{"x":950,"y":320},{"x":950,"y":390}]},{"networkType":"edge","gpmlType":"interaction","@type":["interaction"],"graphicalType":"path","markerEnd":"arrow","points":[{"x":1136.6666666666667,"y":390},{"x":1136.6666666666667,"y":456.6666666666667}]},{"networkType":"edge","gpmlType":"interaction","@type":["interaction"],"graphicalType":"path","points":[{"x":980,"y":270},{"x":980,"y":496.6666666666667}]},{"networkType":"edge","gpmlType":"interaction","@type":["interaction"],"graphicalType":"path","markerEnd":"arrow","points":[{"x":980,"y":496.6666666666667},{"x":593.3333333333334,"y":496.6666666666667}]},{"networkType":"edge","gpmlType":"interaction","@type":["interaction"],"graphicalType":"path","markerEnd":"arrow","points":[{"x":593.3333333333334,"y":503.3333333333333},{"x":1163.3333333333333,"y":503.3333333333333}]},{"networkType":"edge","gpmlType":"interaction","@type":["interaction"],"graphicalType":"path","points":[{"x":1086.6666666666667,"y":273.3333333333333},{"x":1086.6666666666667,"y":496.6666666666667}]},{"networkType":"edge","gpmlType":"interaction","@type":["interaction"],"graphicalType":"path","markerEnd":"arrow","points":[{"x":1086.6666666666667,"y":496.6666666666667},{"x":1163.3333333333333,"y":496.6666666666667}]},{"networkType":"edge","gpmlType":"interaction","@type":["interaction"],"graphicalType":"path","points":[{"x":983.3333333333334,"y":263.3333333333333},{"x":983.3333333333334,"y":440}]},{"networkType":"edge","gpmlType":"interaction","@type":["interaction"],"graphicalType":"path","points":[{"x":1090,"y":270},{"x":1090,"y":470}]},{"networkType":"edge","gpmlType":"interaction","@type":["interaction"],"graphicalType":"path","markerEnd":"arrow","points":[{"x":1090,"y":470},{"x":1060,"y":470}]},{"networkType":"edge","gpmlType":"interaction","@type":["interaction"],"graphicalType":"path","points":[{"x":1046.6666666666667,"y":1016.6666666666666},{"x":1046.6666666666667,"y":1050}]},{"networkType":"edge","gpmlType":"interaction","@type":["interaction"],"graphicalType":"path","points":[{"x":1046.6666666666667,"y":1050},{"x":930,"y":1050}]},{"networkType":"edge","gpmlType":"interaction","@type":["interaction"],"graphicalType":"path","markerEnd":"arrow","points":[{"x":930,"y":1050},{"x":930,"y":1026.6666666666667}]},{"networkType":"edge","gpmlType":"interaction","@type":["interaction"],"graphicalType":"path","markerEnd":"arrow","points":[{"x":706.6666666666666,"y":1023.3333333333334},{"x":856.6666666666666,"y":1023.3333333333334}]},{"networkType":"edge","gpmlType":"interaction","@type":["interaction"],"graphicalType":"path","points":[{"x":1263.3333333333333,"y":523.3333333333334},{"x":1083.3333333333333,"y":523.3333333333334}]},{"networkType":"edge","gpmlType":"interaction","@type":["interaction"],"graphicalType":"path","markerEnd":"arrow","points":[{"x":1116.6666666666667,"y":720},{"x":1116.6666666666667,"y":680}]},{"networkType":"edge","gpmlType":"interaction","@type":["interaction"],"graphicalType":"path","markerEnd":"arrow","points":[{"x":1233.3333333333333,"y":350},{"x":1233.3333333333333,"y":463.3333333333333}]},{"networkType":"edge","gpmlType":"interaction","@type":["interaction"],"graphicalType":"path","points":[{"x":1233.3333333333333,"y":350},{"x":1096.6666666666667,"y":350}]},{"networkType":"edge","gpmlType":"interaction","@type":["interaction"],"graphicalType":"path","points":[{"x":1093.3333333333333,"y":360},{"x":1093.3333333333333,"y":273.3333333333333}]},{"networkType":"edge","gpmlType":"interaction","@type":["interaction"],"graphicalType":"path","points":[{"x":986.6666666666666,"y":270},{"x":986.6666666666666,"y":510}]},{"networkType":"edge","gpmlType":"interaction","@type":["interaction"],"graphicalType":"path","points":[{"x":986.6666666666666,"y":510},{"x":600,"y":510}]},{"networkType":"edge","gpmlType":"interaction","@type":["interaction"],"graphicalType":"path","markerEnd":"arrow","points":[{"x":600,"y":1073.3333333333333},{"x":560,"y":1073.3333333333333}]},{"networkType":"edge","gpmlType":"interaction","@type":["interaction"],"graphicalType":"path","points":[{"x":990,"y":266.6666666666667},{"x":990,"y":470}]},{"networkType":"edge","gpmlType":"interaction","@type":["interaction"],"graphicalType":"path","markerEnd":"arrow","points":[{"x":990,"y":470},{"x":1020,"y":470}]},{"networkType":"edge","gpmlType":"interaction","@type":["interaction"],"graphicalType":"path","points":[{"x":600,"y":1073.3333333333333},{"x":600,"y":510}]},{"networkType":"edge","gpmlType":"interaction","@type":["interaction"],"graphicalType":"path","points":[{"x":993.3333333333334,"y":270},{"x":993.3333333333334,"y":516.6666666666666}]},{"networkType":"edge","gpmlType":"interaction","@type":["interaction"],"graphicalType":"path","points":[{"x":993.3333333333334,"y":516.6666666666666},{"x":606.6666666666666,"y":516.6666666666666}]},{"networkType":"edge","gpmlType":"interaction","@type":["interaction"],"graphicalType":"path","points":[{"x":606.6666666666666,"y":1056.6666666666667},{"x":606.6666666666666,"y":516.6666666666666}]},{"networkType":"edge","gpmlType":"interaction","@type":["interaction"],"graphicalType":"path","markerEnd":"arrow","points":[{"x":606.6666666666666,"y":1056.6666666666667},{"x":553.3333333333334,"y":1056.6666666666667}]},{"networkType":"edge","gpmlType":"interaction","@type":["interaction"],"graphicalType":"path","markerEnd":"arrow","points":[{"x":1206.6666666666667,"y":473.3333333333333},{"x":1160,"y":473.3333333333333}]},{"networkType":"edge","gpmlType":"interaction","@type":["interaction"],"graphicalType":"path","points":[{"x":1130,"y":360},{"x":1093.3333333333333,"y":360}]},{"networkType":"edge","gpmlType":"interaction","@type":["interaction"],"graphicalType":"path","markerEnd":"arrow","points":[{"x":1130,"y":360},{"x":1130,"y":456.6666666666667}]},{"networkType":"edge","gpmlType":"interaction","@type":["interaction"],"graphicalType":"path","points":[{"x":1096.6666666666667,"y":350},{"x":1096.6666666666667,"y":273.3333333333333}]},{"networkType":"edge","gpmlType":"interaction","@type":["interaction"],"graphicalType":"path","points":[{"x":1100,"y":346.6666666666667},{"x":1100,"y":273.3333333333333}]},{"networkType":"edge","gpmlType":"interaction","@type":["interaction"],"graphicalType":"path","points":[{"x":1456.6666666666667,"y":346.6666666666667},{"x":1100,"y":346.6666666666667}]},{"networkType":"edge","gpmlType":"interaction","@type":["interaction"],"graphicalType":"path","markerEnd":"arrow","points":[{"x":1456.6666666666667,"y":346.6666666666667},{"x":1456.6666666666667,"y":710}]},{"networkType":"edge","gpmlType":"interaction","@type":["interaction"],"graphicalType":"path","points":[{"x":996.6666666666666,"y":270},{"x":996.6666666666666,"y":530}]},{"networkType":"edge","gpmlType":"interaction","@type":["interaction"],"graphicalType":"path","points":[{"x":1180,"y":530},{"x":996.6666666666666,"y":530}]},{"networkType":"edge","gpmlType":"interaction","@type":["interaction"],"graphicalType":"path","markerEnd":"arrow","points":[{"x":1180,"y":530},{"x":1180,"y":506.6666666666667}]},{"networkType":"edge","gpmlType":"interaction","@type":["interaction"],"graphicalType":"path","markerEnd":"arrow","points":[{"x":480,"y":1086.6666666666667},{"x":513.3333333333334,"y":1086.6666666666667}]},{"networkType":"edge","gpmlType":"interaction","@type":["interaction"],"graphicalType":"path","points":[{"x":480,"y":1086.6666666666667},{"x":480,"y":1060}]},{"networkType":"edge","gpmlType":"interaction","@type":["interaction"],"graphicalType":"path","points":[{"x":480,"y":1060},{"x":500,"y":1060}]},{"networkType":"edge","gpmlType":"interaction","@type":["interaction"],"graphicalType":"path","points":[{"x":1106.6666666666667,"y":333.3333333333333},{"x":1106.6666666666667,"y":273.3333333333333}]},{"networkType":"edge","gpmlType":"interaction","@type":["interaction"],"graphicalType":"path","points":[{"x":1106.6666666666667,"y":333.3333333333333},{"x":1616.6666666666667,"y":333.3333333333333}]},{"networkType":"edge","gpmlType":"interaction","@type":["interaction"],"graphicalType":"path","markerEnd":"arrow","points":[{"x":1616.6666666666667,"y":333.3333333333333},{"x":1616.6666666666667,"y":430}]},{"networkType":"edge","gpmlType":"interaction","@type":["interaction"],"graphicalType":"path","points":[{"x":1103.3333333333333,"y":316.6666666666667},{"x":1103.3333333333333,"y":263.3333333333333}]},{"networkType":"edge","gpmlType":"interaction","@type":["interaction"],"graphicalType":"path","points":[{"x":1103.3333333333333,"y":316.6666666666667},{"x":1260,"y":316.6666666666667}]},{"networkType":"edge","gpmlType":"interaction","@type":["interaction"],"graphicalType":"path","markerEnd":"arrow","points":[{"x":1260,"y":316.6666666666667},{"x":1260,"y":490}]},{"networkType":"edge","gpmlType":"interaction","@type":["interaction"],"graphicalType":"path","points":[{"x":1406.6666666666667,"y":533.3333333333334},{"x":1406.6666666666667,"y":340}]},{"networkType":"edge","gpmlType":"interaction","@type":["interaction"],"graphicalType":"path","markerEnd":"arrow","points":[{"x":1406.6666666666667,"y":553.3333333333334},{"x":1406.6666666666667,"y":800}]},{"networkType":"edge","gpmlType":"interaction","@type":["interaction"],"graphicalType":"path","points":[{"x":690,"y":543.3333333333334},{"x":690,"y":340}]},{"networkType":"edge","gpmlType":"interaction","@type":["interaction"],"graphicalType":"path","markerEnd":"arrow","points":[{"x":690,"y":563.3333333333334},{"x":690,"y":636.6666666666666}]},{"networkType":"edge","gpmlType":"interaction","@type":["interaction"],"graphicalType":"path","points":[{"x":1143.3333333333333,"y":600},{"x":1333.3333333333333,"y":600}]},{"networkType":"edge","gpmlType":"interaction","@type":["interaction"],"graphicalType":"path","markerEnd":"arrow","points":[{"x":1143.3333333333333,"y":600},{"x":1143.3333333333333,"y":720}]},{"networkType":"edge","gpmlType":"interaction","@type":["interaction"],"graphicalType":"path","points":[{"x":716.6666666666666,"y":553.3333333333334},{"x":696.6666666666666,"y":553.3333333333334}]},{"networkType":"edge","gpmlType":"interaction","@type":["interaction"],"graphicalType":"path","markerEnd":"arrow","points":[{"x":716.6666666666666,"y":1016.6666666666666},{"x":856.6666666666666,"y":1016.6666666666666}]},{"networkType":"edge","gpmlType":"interaction","@type":["interaction"],"graphicalType":"path","points":[{"x":636.6666666666666,"y":553.3333333333334},{"x":683.3333333333334,"y":553.3333333333334}]},{"networkType":"edge","gpmlType":"interaction","@type":["interaction"],"graphicalType":"path","markerEnd":"arrow","points":[{"x":636.6666666666666,"y":553.3333333333334},{"x":636.6666666666666,"y":1113.3333333333333}]},{"networkType":"edge","gpmlType":"interaction","@type":["interaction"],"graphicalType":"path","points":[{"x":1400,"y":836.6666666666666},{"x":1570,"y":836.6666666666666}]},{"networkType":"edge","gpmlType":"interaction","@type":["interaction"],"graphicalType":"path","markerEnd":"arrow","points":[{"x":1400,"y":836.6666666666666},{"x":1400,"y":983.3333333333334}]},{"networkType":"edge","gpmlType":"interaction","@type":["interaction"],"graphicalType":"path","markerEnd":"arrow","points":[{"x":1630,"y":543.3333333333334},{"x":1630,"y":566.6666666666666}]},{"networkType":"edge","gpmlType":"interaction","@type":["interaction"],"graphicalType":"path","points":[{"x":1410,"y":543.3333333333334},{"x":1630,"y":543.3333333333334}]},{"networkType":"edge","gpmlType":"interaction","@type":["interaction"],"graphicalType":"path","markerEnd":"arrow","points":[{"x":773.3333333333334,"y":376.6666666666667},{"x":773.3333333333334,"y":426.6666666666667}]},{"networkType":"edge","gpmlType":"interaction","@type":["interaction"],"graphicalType":"path","points":[{"x":773.3333333333334,"y":376.6666666666667},{"x":1116.6666666666667,"y":376.6666666666667}]},{"networkType":"edge","gpmlType":"interaction","@type":["interaction"],"graphicalType":"path","points":[{"x":1110,"y":543.3333333333334},{"x":1396.6666666666667,"y":543.3333333333334}]},{"networkType":"edge","gpmlType":"interaction","@type":["interaction"],"graphicalType":"path","markerEnd":"arrow","points":[{"x":1110,"y":543.3333333333334},{"x":1110,"y":583.3333333333334}]},{"networkType":"edge","gpmlType":"interaction","@type":["interaction"],"graphicalType":"path","points":[{"x":1130,"y":376.6666666666667},{"x":1550,"y":376.6666666666667}]},{"networkType":"edge","gpmlType":"interaction","@type":["interaction"],"graphicalType":"path","markerEnd":"arrow","points":[{"x":1550,"y":376.6666666666667},{"x":1550,"y":506.6666666666667}]},{"networkType":"edge","gpmlType":"interaction","@type":["interaction"],"graphicalType":"path","markerEnd":"arrow","points":[{"x":1170,"y":633.3333333333334},{"x":1170,"y":750}]},{"networkType":"edge","gpmlType":"interaction","@type":["interaction"],"graphicalType":"path","markerEnd":"arrow","points":[{"x":1200,"y":633.3333333333334},{"x":1200,"y":780}]},{"networkType":"edge","gpmlType":"interaction","@type":["interaction"],"graphicalType":"path","points":[{"x":1673.3333333333333,"y":826.6666666666666},{"x":1673.3333333333333,"y":340}]},{"networkType":"edge","gpmlType":"interaction","@type":["interaction"],"graphicalType":"path","markerEnd":"arrow","points":[{"x":1673.3333333333333,"y":846.6666666666666},{"x":1673.3333333333333,"y":1176.6666666666667}]},{"networkType":"edge","gpmlType":"interaction","@type":["interaction"],"graphicalType":"path","points":[{"x":1570,"y":836.6666666666666},{"x":1670,"y":836.6666666666666}]},{"networkType":"edge","gpmlType":"interaction","@type":["interaction"],"graphicalType":"path","markerEnd":"arrow","points":[{"x":1606.6666666666667,"y":543.3333333333334},{"x":1606.6666666666667,"y":593.3333333333334}]},{"networkType":"edge","gpmlType":"interaction","@type":["interaction"],"graphicalType":"path","markerEnd":"arrow","points":[{"x":1490,"y":836.6666666666666},{"x":1490,"y":1180}]},{"networkType":"edge","gpmlType":"interaction","@type":["interaction"],"graphicalType":"path","markerEnd":"arrow","points":[{"x":1006.6666666666666,"y":536.6666666666666},{"x":1006.6666666666666,"y":270}]},{"networkType":"edge","gpmlType":"interaction","@type":["interaction"],"graphicalType":"path","points":[{"x":1006.6666666666666,"y":536.6666666666666},{"x":1170,"y":536.6666666666666}]},{"networkType":"edge","gpmlType":"interaction","@type":["interaction"],"graphicalType":"path","points":[{"x":1170,"y":506.6666666666667},{"x":1170,"y":536.6666666666666}]},{"networkType":"edge","gpmlType":"interaction","@type":["interaction"],"graphicalType":"path","markerEnd":"arrow","points":[{"x":1113.3333333333333,"y":310},{"x":1113.3333333333333,"y":273.3333333333333}]},{"networkType":"edge","gpmlType":"interaction","@type":["interaction"],"graphicalType":"path","points":[{"x":1113.3333333333333,"y":310},{"x":1276.6666666666667,"y":310}]},{"networkType":"edge","gpmlType":"interaction","@type":["interaction"],"graphicalType":"path","points":[{"x":1276.6666666666667,"y":310},{"x":1276.6666666666667,"y":533.3333333333334}]},{"networkType":"edge","gpmlType":"interaction","@type":["interaction"],"graphicalType":"path","points":[{"x":1193.3333333333333,"y":533.3333333333334},{"x":1276.6666666666667,"y":533.3333333333334}]},{"networkType":"node","nodeType":"Label","@type":["label"],"gpmlType":"label","graphicalType":"path"},{"networkType":"edge","gpmlType":"interaction","@type":["interaction"],"graphicalType":"path","markerEnd":"arrow","points":[{"x":1606.6666666666667,"y":836.6666666666666},{"x":1606.6666666666667,"y":1176.6666666666667}]},{"networkType":"edge","gpmlType":"interaction","@type":["interaction"],"graphicalType":"path","points":[{"x":1120,"y":270},{"x":1120,"y":293.3333333333333}]},{"networkType":"edge","gpmlType":"interaction","@type":["interaction"],"graphicalType":"path","points":[{"x":1143.3333333333333,"y":293.3333333333333},{"x":1120,"y":293.3333333333333}]},{"networkType":"edge","gpmlType":"interaction","@type":["interaction"],"graphicalType":"path","markerEnd":"arrow","points":[{"x":1143.3333333333333,"y":300},{"x":1143.3333333333333,"y":456.6666666666667}]},{"networkType":"edge","gpmlType":"interaction","@type":["interaction"],"graphicalType":"path","points":[{"x":1056.6666666666667,"y":1153.3333333333333},{"x":1056.6666666666667,"y":1180}]},{"networkType":"edge","gpmlType":"interaction","@type":["interaction"],"graphicalType":"path","points":[{"x":1056.6666666666667,"y":1153.3333333333333},{"x":923.3333333333334,"y":1153.3333333333333}]},{"networkType":"edge","gpmlType":"interaction","@type":["interaction"],"graphicalType":"path","markerEnd":"arrow","points":[{"x":923.3333333333334,"y":1153.3333333333333},{"x":923.3333333333334,"y":1186.6666666666667}]},{"networkType":"edge","gpmlType":"interaction","@type":["interaction"],"graphicalType":"path","markerEnd":"arrow","points":[{"x":990,"y":1060},{"x":990,"y":1143.3333333333333}]},{"networkType":"edge","gpmlType":"interaction","@type":["interaction"],"graphicalType":"path","markerEnd":"arrow","points":[{"x":1326.6666666666667,"y":1003.3333333333334},{"x":1326.6666666666667,"y":1183.3333333333333}]},{"networkType":"edge","gpmlType":"interaction","@type":["interaction"],"graphicalType":"path","markerEnd":"arrow","points":[{"x":760,"y":1056.6666666666667},{"x":760,"y":1186.6666666666667}]},{"networkType":"edge","gpmlType":"interaction","@type":["interaction"],"graphicalType":"path","markerEnd":"arrow","points":[{"x":766.6666666666666,"y":720},{"x":833.3333333333334,"y":720}]},{"networkType":"edge","gpmlType":"interaction","@type":["interaction"],"graphicalType":"path","markerEnd":"arrow","points":[{"x":1423.3333333333333,"y":736.6666666666666},{"x":1423.3333333333333,"y":300}]},{"networkType":"edge","gpmlType":"interaction","@type":["interaction"],"graphicalType":"path","points":[{"x":1000,"y":266.6666666666667},{"x":1000,"y":703.3333333333334}]},{"networkType":"edge","gpmlType":"interaction","@type":["interaction"],"graphicalType":"path","points":[{"x":1000,"y":703.3333333333334},{"x":1070,"y":703.3333333333334}]},{"networkType":"edge","gpmlType":"interaction","@type":["interaction"],"graphicalType":"path","points":[{"x":1070,"y":840},{"x":1070,"y":703.3333333333334}]},{"networkType":"edge","gpmlType":"interaction","@type":["interaction"],"graphicalType":"path","points":[{"x":1070,"y":843.3333333333334},{"x":1193.3333333333333,"y":843.3333333333334}]},{"networkType":"edge","gpmlType":"interaction","@type":["interaction"],"graphicalType":"path","markerEnd":"arrow","points":[{"x":1193.3333333333333,"y":843.3333333333334},{"x":1193.3333333333333,"y":1183.3333333333333}]},{"networkType":"edge","gpmlType":"interaction","@type":["interaction"],"graphicalType":"path","points":[{"x":1076.6666666666667,"y":273.3333333333333},{"x":1076.6666666666667,"y":830}]},{"networkType":"edge","gpmlType":"interaction","@type":["interaction"],"graphicalType":"path","points":[{"x":1076.6666666666667,"y":830},{"x":1236.6666666666667,"y":830}]},{"networkType":"edge","gpmlType":"interaction","@type":["interaction"],"graphicalType":"path","markerEnd":"arrow","points":[{"x":1236.6666666666667,"y":830},{"x":1236.6666666666667,"y":1183.3333333333333}]},{"networkType":"edge","gpmlType":"interaction","@type":["interaction"],"graphicalType":"path","points":[{"x":616.6666666666666,"y":303.3333333333333},{"x":616.6666666666666,"y":1140}]},{"networkType":"edge","gpmlType":"interaction","@type":["interaction"],"graphicalType":"path","markerEnd":"arrow","points":[{"x":616.6666666666666,"y":1136.6666666666667},{"x":616.6666666666666,"y":1183.3333333333333}]},{"networkType":"edge","gpmlType":"interaction","@type":["interaction"],"graphicalType":"path","points":[{"x":1043.3333333333333,"y":570},{"x":1003.3333333333334,"y":570}]},{"networkType":"edge","gpmlType":"interaction","@type":["interaction"],"graphicalType":"path","markerEnd":"arrow","points":[{"x":1043.3333333333333,"y":620},{"x":1043.3333333333333,"y":660}]},{"networkType":"edge","gpmlType":"interaction","@type":["interaction"],"graphicalType":"path","points":[{"x":1083.3333333333333,"y":620},{"x":970,"y":620}]},{"networkType":"edge","gpmlType":"interaction","@type":["interaction"],"graphicalType":"path","points":[{"x":1083.3333333333333,"y":620},{"x":1083.3333333333333,"y":823.3333333333334}]},{"networkType":"edge","gpmlType":"interaction","@type":["interaction"],"graphicalType":"path","markerEnd":"arrow","points":[{"x":1083.3333333333333,"y":726.6666666666666},{"x":1106.6666666666667,"y":726.6666666666666}]},{"networkType":"edge","gpmlType":"interaction","@type":["interaction"],"graphicalType":"path","points":[{"x":1073.3333333333333,"y":283.3333333333333},{"x":1073.3333333333333,"y":273.3333333333333}]},{"networkType":"edge","gpmlType":"interaction","@type":["interaction"],"graphicalType":"path","markerEnd":"arrow","points":[{"x":1033.3333333333333,"y":590},{"x":806.6666666666666,"y":590}]},{"networkType":"edge","gpmlType":"interaction","@type":["interaction"],"graphicalType":"path","markerEnd":"arrow","points":[{"x":1110,"y":633.3333333333334},{"x":1110,"y":660}]},{"networkType":"edge","gpmlType":"interaction","@type":["interaction"],"graphicalType":"path","points":[{"x":1110,"y":633.3333333333334},{"x":1083.3333333333333,"y":633.3333333333334}]},{"networkType":"edge","gpmlType":"interaction","@type":["interaction"],"graphicalType":"path","markerEnd":"arrow","points":[{"x":743.3333333333334,"y":746.6666666666666},{"x":743.3333333333334,"y":936.6666666666666}]},{"networkType":"edge","gpmlType":"interaction","@type":["interaction"],"graphicalType":"path","points":[{"x":1243.3333333333333,"y":400},{"x":1243.3333333333333,"y":340}]},{"networkType":"edge","gpmlType":"interaction","@type":["interaction"],"graphicalType":"path","markerEnd":"arrow","points":[{"x":1243.3333333333333,"y":413.3333333333333},{"x":1243.3333333333333,"y":463.3333333333333}]},{"networkType":"edge","gpmlType":"interaction","@type":["interaction"],"graphicalType":"path","points":[{"x":1590,"y":470},{"x":1590,"y":340}]},{"networkType":"edge","gpmlType":"interaction","@type":["interaction"],"graphicalType":"path","markerEnd":"arrow","points":[{"x":1653.3333333333333,"y":476.6666666666667},{"x":1653.3333333333333,"y":566.6666666666666}]},{"networkType":"edge","gpmlType":"interaction","@type":["interaction"],"graphicalType":"path","points":[{"x":1653.3333333333333,"y":476.6666666666667},{"x":1593.3333333333333,"y":476.6666666666667}]},{"networkType":"edge","gpmlType":"interaction","@type":["interaction"],"graphicalType":"path","markerEnd":"arrow","points":[{"x":530,"y":746.6666666666666},{"x":530,"y":920}]},{"networkType":"edge","gpmlType":"interaction","@type":["interaction"],"graphicalType":"path","markerEnd":"arrow","points":[{"x":860,"y":626.6666666666666},{"x":806.6666666666666,"y":626.6666666666666}]},{"networkType":"edge","gpmlType":"interaction","@type":["interaction"],"graphicalType":"path","points":[{"x":860,"y":626.6666666666666},{"x":860,"y":590}]},{"networkType":"edge","gpmlType":"interaction","@type":["interaction"],"graphicalType":"path","markerEnd":"arrow","points":[{"x":830,"y":300},{"x":746.6666666666666,"y":300}]},{"networkType":"edge","gpmlType":"interaction","@type":["interaction"],"graphicalType":"path","points":[{"x":830,"y":300},{"x":830,"y":590}]},{"networkType":"edge","gpmlType":"interaction","@type":["interaction"],"graphicalType":"path","points":[{"x":1333.3333333333333,"y":823.3333333333334},{"x":1083.3333333333333,"y":823.3333333333334}]},{"networkType":"edge","gpmlType":"interaction","@type":["interaction"],"graphicalType":"path","markerEnd":"arrow","points":[{"x":1333.3333333333333,"y":823.3333333333334},{"x":1333.3333333333333,"y":983.3333333333334}]},{"networkType":"edge","gpmlType":"interaction","@type":["interaction"],"graphicalType":"path","points":[{"x":516.6666666666666,"y":316.6666666666667},{"x":516.6666666666666,"y":340}]},{"networkType":"edge","gpmlType":"interaction","@type":["interaction"],"graphicalType":"path","points":[{"x":490,"y":313.3333333333333},{"x":510,"y":313.3333333333333}]},{"networkType":"edge","gpmlType":"interaction","@type":["interaction"],"graphicalType":"path","markerEnd":"arrow","points":[{"x":490,"y":313.3333333333333},{"x":490,"y":266.6666666666667}]},{"networkType":"edge","gpmlType":"interaction","@type":["interaction"],"graphicalType":"path","markerEnd":"arrow","points":[{"x":546.6666666666666,"y":313.3333333333333},{"x":546.6666666666666,"y":266.6666666666667}]},{"networkType":"edge","gpmlType":"interaction","@type":["interaction"],"graphicalType":"path","points":[{"x":516.6666666666666,"y":313.3333333333333},{"x":546.6666666666666,"y":313.3333333333333}]},{"networkType":"edge","gpmlType":"interaction","@type":["interaction"],"graphicalType":"path","points":[{"x":1546.6666666666667,"y":340},{"x":1546.6666666666667,"y":316.6666666666667}]},{"networkType":"edge","gpmlType":"interaction","@type":["interaction"],"graphicalType":"path","points":[{"x":1576.6666666666667,"y":300},{"x":1510,"y":300}]},{"networkType":"edge","gpmlType":"interaction","@type":["interaction"],"graphicalType":"path","points":[{"x":1546.6666666666667,"y":310},{"x":1546.6666666666667,"y":300}]},{"networkType":"edge","gpmlType":"interaction","@type":["interaction"],"graphicalType":"path","markerEnd":"arrow","points":[{"x":1510,"y":300},{"x":1510,"y":276.6666666666667}]},{"networkType":"edge","gpmlType":"interaction","@type":["interaction"],"graphicalType":"path","markerEnd":"arrow","points":[{"x":1576.6666666666667,"y":300},{"x":1576.6666666666667,"y":276.6666666666667}]},{"networkType":"edge","gpmlType":"interaction","@type":["interaction"],"graphicalType":"path","markerEnd":"arrow","points":[{"x":666.6666666666666,"y":746.6666666666666},{"x":666.6666666666666,"y":686.6666666666666}]},{"networkType":"edge","gpmlType":"interaction","@type":["interaction"],"graphicalType":"path","markerEnd":"arrow","points":[{"x":60,"y":1110},{"x":106.66666666666667,"y":1110}]},{"networkType":"edge","gpmlType":"interaction","@type":["interaction"],"graphicalType":"path","markerEnd":"arrow","points":[{"x":60,"y":1193.3333333333333},{"x":106.66666666666667,"y":1193.3333333333333}]},{"networkType":"edge","gpmlType":"interaction","@type":["interaction"],"graphicalType":"path","markerEnd":"arrow","points":[{"x":60,"y":1166.6666666666667},{"x":106.66666666666667,"y":1166.6666666666667}]},{"networkType":"edge","gpmlType":"interaction","@type":["interaction"],"graphicalType":"path","markerEnd":"arrow","points":[{"x":946.6666666666666,"y":286.6666666666667},{"x":946.6666666666666,"y":306.6666666666667}]},{"networkType":"edge","gpmlType":"interaction","@type":["interaction"],"graphicalType":"path","points":[{"x":1136.6666666666667,"y":390},{"x":950,"y":390}]},{"networkType":"edge","gpmlType":"interaction","@type":["interaction"],"graphicalType":"path","markerEnd":"arrow","points":[{"x":653.3333333333334,"y":1090},{"x":553.3333333333334,"y":1090}]},{"networkType":"edge","gpmlType":"interaction","@type":["interaction"],"graphicalType":"path","points":[{"x":653.3333333333334,"y":1090},{"x":653.3333333333334,"y":746.6666666666666}]},{"networkType":"edge","gpmlType":"interaction","@type":["interaction"],"graphicalType":"path","points":[{"x":776.6666666666666,"y":676.6666666666666},{"x":706.6666666666666,"y":676.6666666666666}]},{"networkType":"edge","gpmlType":"interaction","@type":["interaction"],"graphicalType":"path","points":[{"x":776.6666666666666,"y":676.6666666666666},{"x":776.6666666666666,"y":636.6666666666666}]},{"networkType":"edge","gpmlType":"interaction","@type":["interaction"],"graphicalType":"path","markerEnd":"arrow","points":[{"x":970,"y":620},{"x":970,"y":660}]},{"networkType":"edge","gpmlType":"interaction","@type":["interaction"],"graphicalType":"path","points":[{"x":1043.3333333333333,"y":593.3333333333334},{"x":1043.3333333333333,"y":620}]},{"networkType":"edge","gpmlType":"interaction","@type":["interaction"],"graphicalType":"path","points":[{"x":976.6666666666666,"y":286.6666666666667},{"x":976.6666666666666,"y":270}]},{"networkType":"edge","gpmlType":"interaction","@type":["interaction"],"graphicalType":"path","points":[{"x":876.6666666666666,"y":910},{"x":876.6666666666666,"y":340}]},{"networkType":"edge","gpmlType":"interaction","@type":["interaction"],"graphicalType":"path","markerEnd":"arrow","points":[{"x":1076.6666666666667,"y":106.66666666666667},{"x":1020,"y":106.66666666666667}]},{"networkType":"edge","gpmlType":"interaction","@type":["interaction"],"graphicalType":"path","markerEnd":"arrow","points":[{"x":1166.6666666666667,"y":456.6666666666667},{"x":1160,"y":466.6666666666667}]},{"networkType":"edge","gpmlType":"interaction","@type":["interaction"],"graphicalType":"path","markerEnd":"arrow","points":[{"x":1210,"y":490},{"x":1203.3333333333333,"y":500}]},{"networkType":"edge","gpmlType":"interaction","@type":["interaction"],"graphicalType":"path","markerEnd":"arrow","points":[{"x":1330,"y":490},{"x":1323.3333333333333,"y":500}]},{"networkType":"edge","gpmlType":"interaction","@type":["interaction"],"graphicalType":"path","markerEnd":"arrow","points":[{"x":1150,"y":856.6666666666666},{"x":1143.3333333333333,"y":866.6666666666666}]},{"networkType":"edge","gpmlType":"interaction","@type":["interaction"],"graphicalType":"path","markerEnd":"ligandRound","points":[{"x":990,"y":113.33333333333333},{"x":990,"y":173.33333333333334}]},{"networkType":"edge","gpmlType":"interaction","@type":["interaction"],"graphicalType":"path","markerEnd":"ligandRound","points":[{"x":1120,"y":113.33333333333333},{"x":1120,"y":173.33333333333334}]},{"networkType":"edge","gpmlType":"interaction","@type":["interaction"],"graphicalType":"path","markerEnd":"receptorRound","points":[{"x":990,"y":250},{"x":990,"y":176.66666666666666}]},{"networkType":"edge","gpmlType":"interaction","@type":["interaction"],"graphicalType":"path","markerEnd":"receptorRound","points":[{"x":1086.6666666666667,"y":253.33333333333334},{"x":1086.6666666666667,"y":180}]},{"networkType":"edge","gpmlType":"interaction","@type":["interaction"],"graphicalType":"path","markerEnd":"receptorRound","points":[{"x":1153.3333333333333,"y":253.33333333333334},{"x":1153.3333333333333,"y":180}]},{"networkType":"edge","gpmlType":"interaction","@type":["interaction"],"graphicalType":"path","markerEnd":"receptorRound","points":[{"x":1513.3333333333333,"y":256.6666666666667},{"x":1513.3333333333333,"y":183.33333333333334}]},{"networkType":"edge","gpmlType":"interaction","@type":["interaction"],"graphicalType":"path","markerEnd":"receptorRound","points":[{"x":1566.6666666666667,"y":256.6666666666667},{"x":1566.6666666666667,"y":183.33333333333334}]},{"networkType":"edge","gpmlType":"interaction","@type":["interaction"],"graphicalType":"path","markerEnd":"ligandRound","points":[{"x":93.33333333333333,"y":516.6666666666666},{"x":93.33333333333333,"y":570}]},{"networkType":"edge","gpmlType":"interaction","@type":["interaction"],"graphicalType":"path","markerEnd":"receptorRound","points":[{"x":93.33333333333333,"y":466.6666666666667},{"x":93.33333333333333,"y":433.3333333333333}]},{"networkType":"edge","gpmlType":"interaction","@type":["interaction"],"graphicalType":"path","points":[{"x":890,"y":423.3333333333333},{"x":1103.3333333333333,"y":423.3333333333333}]},{"networkType":"edge","gpmlType":"interaction","@type":["interaction"],"graphicalType":"path","points":[{"x":890,"y":896.6666666666666},{"x":890,"y":423.3333333333333}]},{"networkType":"edge","gpmlType":"interaction","@type":["interaction"],"graphicalType":"path","points":[{"x":1103.3333333333333,"y":456.6666666666667},{"x":1103.3333333333333,"y":423.3333333333333}]},{"networkType":"edge","gpmlType":"interaction","@type":["interaction"],"graphicalType":"path","points":[{"x":896.6666666666666,"y":903.3333333333334},{"x":1106.6666666666667,"y":903.3333333333334}]},{"networkType":"edge","gpmlType":"interaction","@type":["interaction"],"graphicalType":"path","markerEnd":"arrow","points":[{"x":1106.6666666666667,"y":903.3333333333334},{"x":1106.6666666666667,"y":956.6666666666666}]},{"networkType":"edge","gpmlType":"interaction","@type":["interaction"],"graphicalType":"path","points":[{"x":1043.3333333333333,"y":570},{"x":1043.3333333333333,"y":586.6666666666666}]},{"networkType":"edge","gpmlType":"interaction","@type":["interaction"],"graphicalType":"path","points":[{"x":983.3333333333334,"y":440},{"x":1113.3333333333333,"y":440}]},{"networkType":"edge","gpmlType":"interaction","@type":["interaction"],"graphicalType":"path","markerEnd":"arrow","points":[{"x":1113.3333333333333,"y":440},{"x":1113.3333333333333,"y":456.6666666666667}]},{"networkType":"edge","gpmlType":"interaction","@type":["interaction"],"graphicalType":"path","points":[{"x":1206.6666666666667,"y":450},{"x":1346.6666666666667,"y":450}]},{"networkType":"edge","gpmlType":"interaction","@type":["interaction"],"graphicalType":"path","points":[{"x":1206.6666666666667,"y":450},{"x":1206.6666666666667,"y":473.3333333333333}]},{"networkType":"edge","gpmlType":"interaction","@type":["interaction"],"graphicalType":"path","markerEnd":"arrow","points":[{"x":1033.3333333333333,"y":903.3333333333334},{"x":1033.3333333333333,"y":956.6666666666666}]},{"networkType":"edge","gpmlType":"interaction","@type":["interaction"],"graphicalType":"path","markerEnd":"arrow","points":[{"x":990,"y":903.3333333333334},{"x":990,"y":986.6666666666666}]},{"networkType":"edge","gpmlType":"interaction","@type":["interaction"],"graphicalType":"path","markerEnd":"arrow","points":[{"x":1066.6666666666667,"y":903.3333333333334},{"x":1066.6666666666667,"y":986.6666666666666}]},{"networkType":"edge","gpmlType":"interaction","@type":["interaction"],"graphicalType":"path","markerEnd":"arrow","points":[{"x":1000,"y":903.3333333333334},{"x":1000,"y":986.6666666666666}]},{"networkType":"edge","gpmlType":"interaction","@type":["interaction"],"graphicalType":"path","markerEnd":"arrow","points":[{"x":1020,"y":920},{"x":1020,"y":956.6666666666666}]},{"networkType":"edge","gpmlType":"interaction","@type":["interaction"],"graphicalType":"path","markerEnd":"arrow","points":[{"x":1093.3333333333333,"y":920},{"x":1093.3333333333333,"y":956.6666666666666}]},{"networkType":"edge","gpmlType":"interaction","@type":["interaction"],"graphicalType":"path","markerEnd":"arrow","points":[{"x":1076.6666666666667,"y":920},{"x":1076.6666666666667,"y":986.6666666666666}]},{"networkType":"edge","gpmlType":"interaction","@type":["interaction"],"graphicalType":"path","points":[{"x":886.6666666666666,"y":920},{"x":1093.3333333333333,"y":920}]},{"networkType":"edge","gpmlType":"interaction","@type":["interaction"],"graphicalType":"path","points":[{"x":716.6666666666666,"y":553.3333333333334},{"x":716.6666666666666,"y":1016.6666666666666}]},{"networkType":"edge","gpmlType":"interaction","@type":["interaction"],"graphicalType":"path","points":[{"x":706.6666666666666,"y":1023.3333333333334},{"x":706.6666666666666,"y":676.6666666666666}]},{"networkType":"edge","gpmlType":"interaction","@type":["interaction"],"graphicalType":"path","markerEnd":"arrow","points":[{"x":60,"y":720},{"x":110,"y":720}]},{"networkType":"edge","gpmlType":"interaction","@type":["interaction"],"graphicalType":"path","points":[{"x":60,"y":753.3333333333334},{"x":100,"y":753.3333333333334}]},{"networkType":"edge","gpmlType":"interaction","@type":["interaction"],"graphicalType":"path","markerEnd":"receptorRound","points":[{"x":500,"y":246.66666666666666},{"x":500,"y":173.33333333333334}]},{"networkType":"edge","gpmlType":"interaction","@type":["interaction"],"graphicalType":"path","markerEnd":"receptorRound","points":[{"x":546.6666666666666,"y":246.66666666666666},{"x":546.6666666666666,"y":173.33333333333334}]},{"networkType":"edge","gpmlType":"interaction","@type":["interaction"],"graphicalType":"path","points":[{"x":1036.6666666666667,"y":340},{"x":1036.6666666666667,"y":323.3333333333333}]},{"networkType":"edge","gpmlType":"interaction","@type":["interaction"],"graphicalType":"path","points":[{"x":1040,"y":376.6666666666667},{"x":1053.3333333333333,"y":376.6666666666667}]},{"networkType":"edge","gpmlType":"interaction","@type":["interaction"],"graphicalType":"path","markerEnd":"arrow","points":[{"x":1060,"y":296.6666666666667},{"x":1060,"y":273.3333333333333}]},{"networkType":"edge","gpmlType":"interaction","@type":["interaction"],"graphicalType":"path","points":[{"x":896.6666666666666,"y":340},{"x":896.6666666666666,"y":323.3333333333333}]},{"networkType":"edge","gpmlType":"interaction","@type":["interaction"],"graphicalType":"path","points":[{"x":896.6666666666666,"y":320},{"x":896.6666666666666,"y":260}]},{"networkType":"edge","gpmlType":"interaction","@type":["interaction"],"graphicalType":"path","markerEnd":"arrow","points":[{"x":896.6666666666666,"y":260},{"x":883.3333333333334,"y":260}]},{"networkType":"edge","gpmlType":"interaction","@type":["interaction"],"graphicalType":"path","markerEnd":"arrow","points":[{"x":896.6666666666666,"y":320},{"x":923.3333333333334,"y":320}]},{"networkType":"edge","gpmlType":"interaction","@type":["interaction"],"graphicalType":"path","points":[{"x":1036.6666666666667,"y":310},{"x":1036.6666666666667,"y":296.6666666666667}]},{"networkType":"edge","gpmlType":"interaction","@type":["interaction"],"graphicalType":"path","points":[{"x":1060,"y":296.6666666666667},{"x":1016.6666666666666,"y":296.6666666666667}]},{"networkType":"edge","gpmlType":"interaction","@type":["interaction"],"graphicalType":"path","markerEnd":"arrow","points":[{"x":1016.6666666666666,"y":296.6666666666667},{"x":1016.6666666666666,"y":270}]},{"networkType":"edge","gpmlType":"interaction","@type":["interaction"],"graphicalType":"path","points":[{"x":1066.6666666666667,"y":316.6666666666667},{"x":1043.3333333333333,"y":316.6666666666667}]},{"networkType":"edge","gpmlType":"interaction","@type":["interaction"],"graphicalType":"path","points":[{"x":976.6666666666666,"y":286.6666666666667},{"x":946.6666666666666,"y":286.6666666666667}]},{"networkType":"edge","gpmlType":"interaction","@type":["interaction"],"graphicalType":"path","markerEnd":"receptorRound","points":[{"x":860,"y":250},{"x":860,"y":176.66666666666666}]},{"networkType":"edge","gpmlType":"interaction","@type":["interaction"],"graphicalType":"path","markerEnd":"arrow","points":[{"x":60,"y":810},{"x":106.66666666666667,"y":810}]},{"networkType":"edge","gpmlType":"interaction","@type":["interaction"],"graphicalType":"path","markerEnd":"arrow","points":[{"x":60,"y":840},{"x":106.66666666666667,"y":840}]},{"networkType":"edge","gpmlType":"interaction","@type":["interaction"],"graphicalType":"path","markerEnd":"arrow","points":[{"x":60,"y":870},{"x":106.66666666666667,"y":870}]},{"networkType":"edge","gpmlType":"interaction","@type":["interaction"],"graphicalType":"path","markerEnd":"arrow","points":[{"x":60,"y":900},{"x":106.66666666666667,"y":900}]},{"networkType":"edge","gpmlType":"interaction","@type":["interaction"],"graphicalType":"path","markerEnd":"arrow","points":[{"x":60,"y":926.6666666666666},{"x":106.66666666666667,"y":926.6666666666666}]},{"networkType":"edge","gpmlType":"interaction","@type":["interaction"],"graphicalType":"path","markerEnd":"arrow","points":[{"x":60,"y":953.3333333333334},{"x":106.66666666666667,"y":953.3333333333334}]},{"networkType":"edge","gpmlType":"interaction","@type":["interaction"],"graphicalType":"path","markerEnd":"arrow","points":[{"x":60,"y":976.6666666666666},{"x":106.66666666666667,"y":976.6666666666666}]},{"networkType":"edge","gpmlType":"interaction","@type":["interaction"],"graphicalType":"path","markerEnd":"arrow","points":[{"x":60,"y":1003.3333333333334},{"x":106.66666666666667,"y":1003.3333333333334}]},{"networkType":"edge","gpmlType":"interaction","@type":["interaction"],"graphicalType":"path","markerEnd":"arrow","points":[{"x":60,"y":1030},{"x":106.66666666666667,"y":1030}]},{"networkType":"edge","gpmlType":"interaction","@type":["interaction"],"graphicalType":"path","markerEnd":"arrow","points":[{"x":60,"y":1056.6666666666667},{"x":106.66666666666667,"y":1056.6666666666667}]},{"networkType":"edge","gpmlType":"interaction","@type":["interaction"],"graphicalType":"path","markerEnd":"arrow","points":[{"x":60,"y":1086.6666666666667},{"x":106.66666666666667,"y":1086.6666666666667}]},{"networkType":"edge","gpmlType":"interaction","@type":["interaction"],"graphicalType":"path","markerEnd":"arrow","points":[{"x":60,"y":1140},{"x":106.66666666666667,"y":1140}]},{"networkType":"edge","gpmlType":"interaction","@type":["interaction"],"graphicalType":"path","markerEnd":"arrow","points":[{"x":56.666666666666664,"y":1240},{"x":106.66666666666667,"y":1240}]},{"networkType":"edge","gpmlType":"interaction","@type":["interaction"],"graphicalType":"path","markerEnd":"arrow","points":[{"x":60,"y":1216.6666666666667},{"x":106.66666666666667,"y":1216.6666666666667}]},{"networkType":"edge","gpmlType":"interaction","@type":["interaction"],"graphicalType":"path","markerEnd":"arrow","points":[{"x":653.3333333333334,"y":1046.6666666666667},{"x":733.3333333333334,"y":1046.6666666666667}]},{"networkType":"edge","gpmlType":"interaction","@type":["interaction"],"graphicalType":"path","markerEnd":"arrow","points":[{"x":760,"y":746.6666666666666},{"x":760,"y":730}]},{"networkType":"edge","gpmlType":"interaction","@type":["interaction"],"graphicalType":"path","points":[{"x":1453.3333333333333,"y":830},{"x":1333.3333333333333,"y":830}]},{"networkType":"edge","gpmlType":"interaction","@type":["interaction"],"graphicalType":"path","markerEnd":"arrow","points":[{"x":1453.3333333333333,"y":830},{"x":1453.3333333333333,"y":756.6666666666666}]},{"networkType":"edge","gpmlType":"interaction","@type":["interaction"],"graphicalType":"path","markerEnd":"arrow","points":[{"x":90,"y":773.3333333333334},{"x":96.66666666666667,"y":783.3333333333334}]},{"networkType":"node","nodeType":"DataNode","dataNodeType":"GeneProduct","@type":["DataNode","GeneProduct","datanode"],"gpmlType":"datanode","graphicalType":"path","datasourceReference":{"database":"Entrez Gene","id":"16191","organism":"Mus musculus"},"unificationXref":"http://identifiers.org/ensembl/ENSMUSG00000036117"},{"networkType":"node","nodeType":"DataNode","dataNodeType":"GeneProduct","@type":["DataNode","GeneProduct","datanode"],"gpmlType":"datanode","graphicalType":"path","datasourceReference":{"database":"Entrez Gene","id":"16192","organism":"Mus musculus"},"unificationXref":"http://identifiers.org/ensembl/ENSMUSG00000005364"},{"networkType":"node","nodeType":"DataNode","dataNodeType":"GeneProduct","@type":["DataNode","GeneProduct","datanode"],"gpmlType":"datanode","graphicalType":"path","datasourceReference":{"database":"Ensembl","id":"ENSMUSG00000071713","organism":"Mus musculus"},"unificationXref":"http://identifiers.org/ensembl/ENSMUSG00000071713"},{"networkType":"node","nodeType":"DataNode","dataNodeType":"GeneProduct","@type":["DataNode","GeneProduct","datanode"],"gpmlType":"datanode","graphicalType":"path","datasourceReference":{"database":"Entrez Gene","id":"16191","organism":"Mus musculus"},"unificationXref":"http://identifiers.org/ensembl/ENSMUSG00000036117"},{"networkType":"node","nodeType":"DataNode","dataNodeType":"GeneProduct","@type":["DataNode","GeneProduct","datanode"],"gpmlType":"datanode","graphicalType":"path","datasourceReference":{"database":"Entrez Gene","id":"20416","organism":"Mus musculus"},"unificationXref":"http://identifiers.org/ensembl/ENSMUSG00000042626"},{"networkType":"node","nodeType":"DataNode","dataNodeType":"GeneProduct","@type":["DataNode","GeneProduct","datanode"],"gpmlType":"datanode","graphicalType":"path","datasourceReference":{"database":"Entrez Gene","id":"19247","organism":"Mus musculus"},"unificationXref":"http://identifiers.org/ensembl/ENSMUSG00000043733"},{"networkType":"node","nodeType":"DataNode","dataNodeType":"GeneProduct","@type":["DataNode","GeneProduct","datanode"],"gpmlType":"datanode","graphicalType":"path","datasourceReference":{"database":"Ensembl","id":"ENSMUSG00000071713","organism":"Mus musculus"},"unificationXref":"http://identifiers.org/ensembl/ENSMUSG00000071713"},{"networkType":"node","nodeType":"DataNode","dataNodeType":"GeneProduct","@type":["DataNode","GeneProduct","datanode"],"gpmlType":"datanode","graphicalType":"path","datasourceReference":{"database":"Entrez Gene","id":"13430","organism":"Mus musculus"},"unificationXref":"http://identifiers.org/ensembl/ENSMUSG00000033335"},{"networkType":"node","nodeType":"DataNode","dataNodeType":"GeneProduct","@type":["DataNode","GeneProduct","datanode"],"gpmlType":"datanode","graphicalType":"path","datasourceReference":{"database":"Entrez Gene","id":"18751","organism":"Mus musculus"},"unificationXref":"http://identifiers.org/ensembl/ENSMUSG00000052889"},{"networkType":"node","nodeType":"DataNode","dataNodeType":"GeneProduct","@type":["DataNode","GeneProduct","datanode"],"gpmlType":"datanode","graphicalType":"path","datasourceReference":{"database":"Entrez Gene","id":"26413","organism":"Mus musculus"},"unificationXref":"http://identifiers.org/ensembl/ENSMUSG00000063358"},{"networkType":"node","nodeType":"DataNode","dataNodeType":"GeneProduct","@type":["DataNode","GeneProduct","datanode"],"gpmlType":"datanode","graphicalType":"path","datasourceReference":{"database":"Entrez Gene","id":"26417","organism":"Mus musculus"},"unificationXref":"http://identifiers.org/ensembl/ENSMUSG00000063065"},{"networkType":"node","nodeType":"DataNode","dataNodeType":"GeneProduct","@type":["DataNode","GeneProduct","datanode"],"gpmlType":"datanode","graphicalType":"path","datasourceReference":{"database":"Entrez Gene","id":"216148","organism":"Mus musculus"},"unificationXref":"http://identifiers.org/ensembl/ENSMUSG00000020312"},{"networkType":"node","nodeType":"DataNode","dataNodeType":"GeneProduct","@type":["DataNode","GeneProduct","datanode"],"gpmlType":"datanode","graphicalType":"path","datasourceReference":{"database":"Entrez Gene","id":"26416","organism":"Mus musculus"},"unificationXref":"http://identifiers.org/ensembl/ENSMUSG00000053436"},{"networkType":"node","nodeType":"DataNode","dataNodeType":"GeneProduct","@type":["DataNode","GeneProduct","datanode"],"gpmlType":"datanode","graphicalType":"path","datasourceReference":{"database":"Entrez Gene","id":"18035","organism":"Mus musculus"},"unificationXref":"http://identifiers.org/ensembl/ENSMUSG00000021025"},{"networkType":"node","nodeType":"DataNode","dataNodeType":"GeneProduct","@type":["DataNode","GeneProduct","datanode"],"gpmlType":"datanode","graphicalType":"path","datasourceReference":{"database":"Entrez Gene","id":"19229","organism":"Mus musculus"},"unificationXref":"http://identifiers.org/ensembl/ENSMUSG00000059456"},{"networkType":"node","nodeType":"DataNode","dataNodeType":"GeneProduct","@type":["DataNode","GeneProduct","datanode"],"gpmlType":"datanode","graphicalType":"path","datasourceReference":{"database":"Entrez Gene","id":"30955","organism":"Mus musculus"},"unificationXref":"http://identifiers.org/ensembl/ENSMUSG00000020573"},{"networkType":"node","nodeType":"DataNode","dataNodeType":"GeneProduct","@type":["DataNode","GeneProduct","datanode"],"gpmlType":"datanode","graphicalType":"path","datasourceReference":{"database":"Entrez Gene","id":"26396","organism":"Mus musculus"},"unificationXref":"http://identifiers.org/ensembl/ENSMUSG00000035027"},{"networkType":"node","nodeType":"DataNode","dataNodeType":"GeneProduct","@type":["DataNode","GeneProduct","datanode"],"gpmlType":"datanode","graphicalType":"path","datasourceReference":{"database":"Entrez Gene","id":"18708","organism":"Mus musculus"},"unificationXref":"http://identifiers.org/ensembl/ENSMUSG00000041417"},{"networkType":"node","nodeType":"DataNode","dataNodeType":"GeneProduct","@type":["DataNode","GeneProduct","datanode"],"gpmlType":"datanode","graphicalType":"path","datasourceReference":{"database":"Entrez Gene","id":"18709","organism":"Mus musculus"},"unificationXref":"http://identifiers.org/ensembl/ENSMUSG00000031834"},{"networkType":"node","nodeType":"DataNode","dataNodeType":"GeneProduct","@type":["DataNode","GeneProduct","datanode"],"gpmlType":"datanode","graphicalType":"path","datasourceReference":{"database":"Entrez Gene","id":"15170","organism":"Mus musculus"},"unificationXref":"http://identifiers.org/ensembl/ENSMUSG00000004266"},{"networkType":"node","nodeType":"DataNode","dataNodeType":"GeneProduct","@type":["DataNode","GeneProduct","datanode"],"gpmlType":"datanode","graphicalType":"path","datasourceReference":{"database":"Entrez Gene","id":"18033","organism":"Mus musculus"},"unificationXref":"http://identifiers.org/ensembl/ENSMUSG00000028163"},{"networkType":"node","nodeType":"DataNode","dataNodeType":"GeneProduct","@type":["DataNode","GeneProduct","datanode"],"gpmlType":"datanode","graphicalType":"path","datasourceReference":{"database":"Entrez Gene","id":"26420","organism":"Mus musculus"},"unificationXref":"http://identifiers.org/ensembl/ENSMUSG00000020366"},{"networkType":"node","nodeType":"DataNode","dataNodeType":"GeneProduct","@type":["DataNode","GeneProduct","datanode"],"gpmlType":"datanode","graphicalType":"path","datasourceReference":{"database":"Entrez Gene","id":"14784","organism":"Mus musculus"},"unificationXref":"http://identifiers.org/ensembl/ENSMUSG00000059923"},{"networkType":"node","nodeType":"DataNode","dataNodeType":"GeneProduct","@type":["DataNode","GeneProduct","datanode"],"gpmlType":"datanode","graphicalType":"path","datasourceReference":{"database":"Entrez Gene","id":"17096","organism":"Mus musculus"},"unificationXref":"http://identifiers.org/ensembl/ENSMUSG00000042228"},{"networkType":"node","nodeType":"DataNode","dataNodeType":"GeneProduct","@type":["DataNode","GeneProduct","datanode"],"gpmlType":"datanode","graphicalType":"path","datasourceReference":{"database":"Entrez Gene","id":"22248","organism":"Mus musculus"},"unificationXref":"http://identifiers.org/ensembl/ENSMUSG00000002058"},{"networkType":"node","nodeType":"DataNode","dataNodeType":"GeneProduct","@type":["DataNode","GeneProduct","datanode"],"gpmlType":"datanode","graphicalType":"path","datasourceReference":{"database":"Entrez Gene","id":"12929","organism":"Mus musculus"},"unificationXref":"http://identifiers.org/ensembl/ENSMUSG00000006134"},{"networkType":"node","nodeType":"DataNode","dataNodeType":"GeneProduct","@type":["DataNode","GeneProduct","datanode"],"gpmlType":"datanode","graphicalType":"path","datasourceReference":{"database":"Entrez Gene","id":"110157","organism":"Mus musculus"},"unificationXref":"http://identifiers.org/ensembl/ENSMUSG00000000441"},{"networkType":"node","nodeType":"DataNode","dataNodeType":"GeneProduct","@type":["DataNode","GeneProduct","datanode"],"gpmlType":"datanode","graphicalType":"path","datasourceReference":{"database":"Entrez Gene","id":"16653","organism":"Mus musculus"},"unificationXref":"http://identifiers.org/ensembl/ENSMUSG00000030265"},{"networkType":"node","nodeType":"DataNode","dataNodeType":"GeneProduct","@type":["DataNode","GeneProduct","datanode"],"gpmlType":"datanode","graphicalType":"path","datasourceReference":{"database":"Entrez Gene","id":"20963","organism":"Mus musculus"},"unificationXref":"http://identifiers.org/ensembl/ENSMUSG00000021457"},{"networkType":"node","nodeType":"DataNode","dataNodeType":"GeneProduct","@type":["DataNode","GeneProduct","datanode"],"gpmlType":"datanode","graphicalType":"path","datasourceReference":{"database":"Entrez Gene","id":"53378","organism":"Mus musculus"},"unificationXref":"http://identifiers.org/ensembl/ENSMUSG00000028249"},{"networkType":"node","nodeType":"DataNode","dataNodeType":"GeneProduct","@type":["DataNode","GeneProduct","datanode"],"gpmlType":"datanode","graphicalType":"path","datasourceReference":{"database":"Entrez Gene","id":"20677","organism":"Mus musculus"},"unificationXref":"http://identifiers.org/ensembl/ENSMUSG00000076431"},{"networkType":"node","nodeType":"DataNode","dataNodeType":"GeneProduct","@type":["DataNode","GeneProduct","datanode"],"gpmlType":"datanode","graphicalType":"path","datasourceReference":{"database":"Entrez Gene","id":"12703","organism":"Mus musculus"},"unificationXref":"http://identifiers.org/ensembl/ENSMUSG00000038037"},{"networkType":"node","nodeType":"DataNode","dataNodeType":"GeneProduct","@type":["DataNode","GeneProduct","datanode"],"gpmlType":"datanode","graphicalType":"path","datasourceReference":{"database":"Entrez Gene","id":"22631","organism":"Mus musculus"},"unificationXref":"http://identifiers.org/ensembl/ENSMUSG00000022285"},{"networkType":"node","nodeType":"DataNode","dataNodeType":"GeneProduct","@type":["DataNode","GeneProduct","datanode"],"gpmlType":"datanode","graphicalType":"path","datasourceReference":{"database":"Entrez Gene","id":"15162","organism":"Mus musculus"},"unificationXref":"http://identifiers.org/ensembl/ENSMUSG00000003283"},{"networkType":"node","nodeType":"DataNode","dataNodeType":"GeneProduct","@type":["DataNode","GeneProduct","datanode"],"gpmlType":"datanode","graphicalType":"path","datasourceReference":{"database":"Entrez Gene","id":"11651","organism":"Mus musculus"},"unificationXref":"http://identifiers.org/ensembl/ENSMUSG00000001729"},{"networkType":"node","nodeType":"DataNode","dataNodeType":"GeneProduct","@type":["DataNode","GeneProduct","datanode"],"gpmlType":"datanode","graphicalType":"path","datasourceReference":{"database":"Entrez Gene","id":"20111","organism":"Mus musculus"},"unificationXref":"http://identifiers.org/ensembl/ENSMUSG00000003644"},{"networkType":"node","nodeType":"DataNode","dataNodeType":"GeneProduct","@type":["DataNode","GeneProduct","datanode"],"gpmlType":"datanode","graphicalType":"path","datasourceReference":{"database":"Entrez Gene","id":"56484","organism":"Mus musculus"},"unificationXref":"http://identifiers.org/ensembl/ENSMUSG00000048756"},{"networkType":"node","nodeType":"DataNode","dataNodeType":"GeneProduct","@type":["DataNode","GeneProduct","datanode"],"gpmlType":"datanode","graphicalType":"path","datasourceReference":{"database":"Entrez Gene","id":"18033","organism":"Mus musculus"},"unificationXref":"http://identifiers.org/ensembl/ENSMUSG00000028163"},{"networkType":"node","nodeType":"DataNode","dataNodeType":"GeneProduct","@type":["DataNode","GeneProduct","datanode"],"gpmlType":"datanode","graphicalType":"path","datasourceReference":{"database":"Entrez Gene","id":"606496","organism":"Mus musculus"},"unificationXref":"http://identifiers.org/ensembl/ENSMUSG00000057177"},{"networkType":"node","nodeType":"DataNode","dataNodeType":"GeneProduct","@type":["DataNode","GeneProduct","datanode"],"gpmlType":"datanode","graphicalType":"path","datasourceReference":{"database":"Entrez Gene","id":"18783","organism":"Mus musculus"},"unificationXref":"http://identifiers.org/ensembl/ENSMUSG00000056220"},{"networkType":"node","nodeType":"DataNode","dataNodeType":"GeneProduct","@type":["DataNode","GeneProduct","datanode"],"gpmlType":"datanode","graphicalType":"path","datasourceReference":{"database":"Entrez Gene","id":"22324","organism":"Mus musculus"},"unificationXref":"http://identifiers.org/ensembl/ENSMUSG00000034116"},{"networkType":"node","nodeType":"DataNode","dataNodeType":"GeneProduct","@type":["DataNode","GeneProduct","datanode"],"gpmlType":"datanode","graphicalType":"path","datasourceReference":{"database":"Entrez Gene","id":"15163","organism":"Mus musculus"},"unificationXref":"http://identifiers.org/ensembl/ENSMUSG00000022831"},{"networkType":"node","nodeType":"DataNode","dataNodeType":"GeneProduct","@type":["DataNode","GeneProduct","datanode"],"gpmlType":"datanode","graphicalType":"path","datasourceReference":{"database":"Entrez Gene","id":"12402","organism":"Mus musculus"},"unificationXref":"http://identifiers.org/ensembl/ENSMUSG00000034342"},{"networkType":"node","nodeType":"DataNode","dataNodeType":"GeneProduct","@type":["DataNode","GeneProduct","datanode"],"gpmlType":"datanode","graphicalType":"path","datasourceReference":{"database":"Entrez Gene","id":"23921","organism":"Mus musculus"},"unificationXref":"http://identifiers.org/ensembl/ENSMUSG00000005057"},{"networkType":"node","nodeType":"DataNode","dataNodeType":"GeneProduct","@type":["DataNode","GeneProduct","datanode"],"gpmlType":"datanode","graphicalType":"path","datasourceReference":{"database":"Entrez Gene","id":"16476","organism":"Mus musculus"},"unificationXref":"http://identifiers.org/ensembl/ENSMUSG00000052684"},{"networkType":"node","nodeType":"DataNode","dataNodeType":"GeneProduct","@type":["DataNode","GeneProduct","datanode"],"gpmlType":"datanode","graphicalType":"path","datasourceReference":{"database":"Entrez Gene","id":"12229","organism":"Mus musculus"},"unificationXref":"http://identifiers.org/ensembl/ENSMUSG00000031264"},{"networkType":"node","nodeType":"DataNode","dataNodeType":"GeneProduct","@type":["DataNode","GeneProduct","datanode"],"gpmlType":"datanode","graphicalType":"path","datasourceReference":{"database":"Entrez Gene","id":"56637","organism":"Mus musculus"},"unificationXref":"http://identifiers.org/ensembl/ENSMUSG00000022812"},{"networkType":"node","nodeType":"DataNode","dataNodeType":"GeneProduct","@type":["DataNode","GeneProduct","datanode"],"gpmlType":"datanode","graphicalType":"path","datasourceReference":{"database":"Entrez Gene","id":"11909","organism":"Mus musculus"},"unificationXref":"http://identifiers.org/ensembl/ENSMUSG00000027104"},{"networkType":"node","nodeType":"DataNode","dataNodeType":"GeneProduct","@type":["DataNode","GeneProduct","datanode"],"gpmlType":"datanode","graphicalType":"path","datasourceReference":{"database":"Entrez Gene","id":"13712","organism":"Mus musculus"},"unificationXref":"http://identifiers.org/ensembl/ENSMUSG00000009406"},{"networkType":"node","nodeType":"DataNode","dataNodeType":"GeneProduct","@type":["DataNode","GeneProduct","datanode"],"gpmlType":"datanode","graphicalType":"path","datasourceReference":{"database":"Entrez Gene","id":"16185","organism":"Mus musculus"},"unificationXref":"http://identifiers.org/ensembl/ENSMUSG00000068227"},{"networkType":"node","nodeType":"DataNode","dataNodeType":"GeneProduct","@type":["DataNode","GeneProduct","datanode"],"gpmlType":"datanode","graphicalType":"path","datasourceReference":{"database":"Entrez Gene","id":"20850","organism":"Mus musculus"},"unificationXref":"http://identifiers.org/ensembl/ENSMUSG00000004043"},{"networkType":"node","nodeType":"DataNode","dataNodeType":"GeneProduct","@type":["DataNode","GeneProduct","datanode"],"gpmlType":"datanode","graphicalType":"path","datasourceReference":{"database":"Entrez Gene","id":"20851","organism":"Mus musculus"},"unificationXref":"http://identifiers.org/ensembl/ENSMUSG00000020919"},{"networkType":"node","nodeType":"DataNode","dataNodeType":"GeneProduct","@type":["DataNode","GeneProduct","datanode"],"gpmlType":"datanode","graphicalType":"path","datasourceReference":{"database":"Entrez Gene","id":"12929","organism":"Mus musculus"},"unificationXref":"http://identifiers.org/ensembl/ENSMUSG00000006134"},{"networkType":"node","nodeType":"DataNode","dataNodeType":"GeneProduct","@type":["DataNode","GeneProduct","datanode"],"gpmlType":"datanode","graphicalType":"path","datasourceReference":{"database":"Entrez Gene","id":"11689","organism":"Mus musculus"},"unificationXref":"http://identifiers.org/ensembl/ENSMUSG00000025701"},{"networkType":"node","nodeType":"DataNode","dataNodeType":"GeneProduct","@type":["DataNode","GeneProduct","datanode"],"gpmlType":"datanode","graphicalType":"path","datasourceReference":{"database":"Entrez Gene","id":"11689","organism":"Mus musculus"},"unificationXref":"http://identifiers.org/ensembl/ENSMUSG00000025701"},{"networkType":"node","nodeType":"DataNode","dataNodeType":"GeneProduct","@type":["DataNode","GeneProduct","datanode"],"gpmlType":"datanode","graphicalType":"path","datasourceReference":{"database":"Entrez Gene","id":"12028","organism":"Mus musculus"},"unificationXref":"http://identifiers.org/ensembl/ENSMUSG00000003873"},{"networkType":"node","nodeType":"DataNode","dataNodeType":"GeneProduct","@type":["DataNode","GeneProduct","datanode"],"gpmlType":"datanode","graphicalType":"path","datasourceReference":{"database":"Entrez Gene","id":"12028","organism":"Mus musculus"},"unificationXref":"http://identifiers.org/ensembl/ENSMUSG00000003873"},{"networkType":"node","nodeType":"DataNode","dataNodeType":"GeneProduct","@type":["DataNode","GeneProduct","datanode"],"gpmlType":"datanode","graphicalType":"path","datasourceReference":{"database":"Entrez Gene","id":"18753","organism":"Mus musculus"},"unificationXref":"http://identifiers.org/ensembl/ENSMUSG00000021948"},{"networkType":"node","nodeType":"DataNode","dataNodeType":"GeneProduct","@type":["DataNode","GeneProduct","datanode"],"gpmlType":"datanode","graphicalType":"path","datasourceReference":{"database":"Entrez Gene","id":"18753","organism":"Mus musculus"},"unificationXref":"http://identifiers.org/ensembl/ENSMUSG00000021948"},{"networkType":"node","nodeType":"DataNode","dataNodeType":"GeneProduct","@type":["DataNode","GeneProduct","datanode"],"gpmlType":"datanode","graphicalType":"path","datasourceReference":{"database":"Entrez Gene","id":"16192","organism":"Mus musculus"},"unificationXref":"http://identifiers.org/ensembl/ENSMUSG00000005364"},{"networkType":"node","nodeType":"DataNode","dataNodeType":"GeneProduct","@type":["DataNode","GeneProduct","datanode"],"gpmlType":"datanode","graphicalType":"path","datasourceReference":{"database":"Entrez Gene","id":"12983","organism":"Mus musculus"},"unificationXref":"http://identifiers.org/ensembl/ENSMUSG00000071713"},{"networkType":"node","nodeType":"DataNode","dataNodeType":"GeneProduct","@type":["DataNode","GeneProduct","datanode"],"gpmlType":"datanode","graphicalType":"path","datasourceReference":{"database":"Entrez Gene","id":"12387","organism":"Mus musculus"},"unificationXref":"http://identifiers.org/ensembl/ENSMUSG00000006932"},{"networkType":"node","nodeType":"DataNode","dataNodeType":"GeneProduct","@type":["DataNode","GeneProduct","datanode"],"gpmlType":"datanode","graphicalType":"path","datasourceReference":{"database":"Entrez Gene","id":"12387","organism":"Mus musculus"},"unificationXref":"http://identifiers.org/ensembl/ENSMUSG00000006932"},{"networkType":"node","nodeType":"DataNode","dataNodeType":"GeneProduct","@type":["DataNode","GeneProduct","datanode"],"gpmlType":"datanode","graphicalType":"path","datasourceReference":{"database":"Entrez Gene","id":"15461","organism":"Mus musculus"},"unificationXref":"http://identifiers.org/ensembl/ENSMUSG00000025499"},{"networkType":"node","nodeType":"DataNode","dataNodeType":"GeneProduct","@type":["DataNode","GeneProduct","datanode"],"gpmlType":"datanode","graphicalType":"path","datasourceReference":{"database":"Entrez Gene","id":"110351","organism":"Mus musculus"},"unificationXref":"http://identifiers.org/ensembl/ENSMUSG00000041351"},{"networkType":"node","nodeType":"DataNode","dataNodeType":"GeneProduct","@type":["DataNode","GeneProduct","datanode"],"gpmlType":"datanode","graphicalType":"path","datasourceReference":{"database":"Entrez Gene","id":"12445","organism":"Mus musculus"},"unificationXref":"http://identifiers.org/ensembl/ENSMUSG00000034165"},{"networkType":"node","nodeType":"DataNode","dataNodeType":"GeneProduct","@type":["DataNode","GeneProduct","datanode"],"gpmlType":"datanode","graphicalType":"path","datasourceReference":{"database":"Entrez Gene","id":"12576","organism":"Mus musculus"},"unificationXref":"http://identifiers.org/ensembl/ENSMUSG00000003031"},{"networkType":"node","nodeType":"DataNode","dataNodeType":"GeneProduct","@type":["DataNode","GeneProduct","datanode"],"gpmlType":"datanode","graphicalType":"path","datasourceReference":{"database":"Entrez Gene","id":"107746","organism":"Mus musculus"},"unificationXref":"http://identifiers.org/ensembl/ENSMUSG00000039844"},{"networkType":"node","nodeType":"DataNode","dataNodeType":"GeneProduct","@type":["DataNode","GeneProduct","datanode"],"gpmlType":"datanode","graphicalType":"path","datasourceReference":{"database":"Entrez Gene","id":"11690","organism":"Mus musculus"},"unificationXref":"http://identifiers.org/ensembl/ENSMUSG00000060063"},{"networkType":"node","nodeType":"DataNode","dataNodeType":"GeneProduct","@type":["DataNode","GeneProduct","datanode"],"gpmlType":"datanode","graphicalType":"path","datasourceReference":{"database":"Entrez Gene","id":"19353","organism":"Mus musculus"},"unificationXref":"http://identifiers.org/ensembl/ENSMUSG00000001847"},{"networkType":"node","nodeType":"DataNode","dataNodeType":"GeneProduct","@type":["DataNode","GeneProduct","datanode"],"gpmlType":"datanode","graphicalType":"path","datasourceReference":{"database":"Entrez Gene","id":"15894","organism":"Mus musculus"},"unificationXref":"http://identifiers.org/ensembl/ENSMUSG00000037405"},{"networkType":"node","nodeType":"DataNode","dataNodeType":"GeneProduct","@type":["DataNode","GeneProduct","datanode"],"gpmlType":"datanode","graphicalType":"path","datasourceReference":{"database":"Entrez Gene","id":"16414","organism":"Mus musculus"},"unificationXref":"http://identifiers.org/ensembl/ENSMUSG00000000290"},{"networkType":"node","nodeType":"DataNode","dataNodeType":"GeneProduct","@type":["DataNode","GeneProduct","datanode"],"gpmlType":"datanode","graphicalType":"path","datasourceReference":{"database":"Entrez Gene","id":"16409","organism":"Mus musculus"},"unificationXref":"http://identifiers.org/ensembl/ENSMUSG00000030786"},{"networkType":"node","nodeType":"DataNode","dataNodeType":"GeneProduct","@type":["DataNode","GeneProduct","datanode"],"gpmlType":"datanode","graphicalType":"path","datasourceReference":{"database":"Entrez Gene","id":"18712","organism":"Mus musculus"},"unificationXref":"http://identifiers.org/ensembl/ENSMUSG00000024014"},{"networkType":"node","nodeType":"DataNode","dataNodeType":"GeneProduct","@type":["DataNode","GeneProduct","datanode"],"gpmlType":"datanode","graphicalType":"path","datasourceReference":{"database":"Entrez Gene","id":"16451","organism":"Mus musculus"},"unificationXref":"http://identifiers.org/ensembl/ENSMUSG00000028530"},{"networkType":"node","nodeType":"DataNode","dataNodeType":"GeneProduct","@type":["DataNode","GeneProduct","datanode"],"gpmlType":"datanode","graphicalType":"path","datasourceReference":{"database":"Entrez Gene","id":"16452","organism":"Mus musculus"},"unificationXref":"http://identifiers.org/ensembl/ENSMUSG00000024789"},{"networkType":"node","nodeType":"DataNode","dataNodeType":"GeneProduct","@type":["DataNode","GeneProduct","datanode"],"gpmlType":"datanode","graphicalType":"path","datasourceReference":{"database":"Entrez Gene","id":"20848","organism":"Mus musculus"},"unificationXref":"http://identifiers.org/ensembl/ENSMUSG00000004040"},{"networkType":"node","nodeType":"DataNode","dataNodeType":"GeneProduct","@type":["DataNode","GeneProduct","datanode"],"gpmlType":"datanode","graphicalType":"path","datasourceReference":{"database":"Entrez Gene","id":"20846","organism":"Mus musculus"},"unificationXref":"http://identifiers.org/ensembl/ENSMUSG00000026104"},{"networkType":"node","nodeType":"DataNode","dataNodeType":"GeneProduct","@type":["DataNode","GeneProduct","datanode"],"gpmlType":"datanode","graphicalType":"path","datasourceReference":{"database":"Entrez Gene","id":"20851","organism":"Mus musculus"},"unificationXref":"http://identifiers.org/ensembl/ENSMUSG00000020919"},{"networkType":"edge","gpmlType":"interaction","@type":["interaction"],"graphicalType":"path","points":[{"x":1193.3333333333333,"y":506.6666666666667},{"x":1193.3333333333333,"y":533.3333333333334}]}],"xmlns":"http://pathvisio.org/GPML/2013a","lastModified":"2/21/2013","name":"IL-5 Signaling Pathway","organism":"Mus musculus","image":{"@context":{"@vocab":"http://schema.org/"},"width":1723.3333333333333,"height":1513.3436666666666},"publicationXref":[],"id":"wpId:WP151","revision":"69175"}}