{"@context":{"@vocab":"http://vocabularies.wikipathways.org/gpml#","@base":"wpId:WP1622","pathwayIri":"wpId:WP1622","ChEBI":"http://www.ebi.ac.uk/chebi/searchId.do?chebiId=","dataSource":"gpml:Data-Source","datasourceReference":"wp:DatasourceReference","Group":{"@container":"@list","@id":"gpml:Group"},"interaction":{"@id":"biopax:Interaction","@type":"@id"},"interactionType":{"@id":"biopax:InteractionType","@type":"@id"},"interactionGraph":"@graph","lastModified":"gpml:Last-Modified","pathway":"biopax:Pathway","point":{"@container":"@list","@id":"gpml:Point"},"publicationXref":"biopax:PublicationXref","unificationXref":"biopax:UnificationXref","author":"schema:author","backgroundColor":"css2:colors.html#propdef-background-color","backgroundImage":"css2:colors.html#propdef-background-image","biopax":"http://www.biopax.org/release/biopax-level3.owl#","borderColor":"css2:box.html#propdef-border-color","borderStyle":"css2:box.html#propdef-border-style","borderWidth":"css2:box.html#propdef-border-width","boxSizing":{"@id":"css3Ui:box-sizing","@value":"border-box"},"color":"css2:colors.html#propdef-color","contains":{"@id":"ex:contains","@type":"@id"},"css2":"http://www.w3.org/TR/CSS2/","css3Ui":"http://www.w3.org/TR/css3-ui/#","cssTransform":"http://www.w3.org/TR/css-transforms-1/#","gpmlDataNodeType":"gpml:Type","dcterms":"http://puri.org/dc/terms/","entrezGene":"http://www.ncbi.nlm.nih.gov/gene/","ex":"http://www.example.org/","fontFamily":"css2:fonts.html#font-family-prop","fontSize":"css2:fonts.html#propdef-font-size","fontStyle":"css2:fonts.html#propdef-font-style","fontWeight":"css2:fonts.html#propdef-font-weight","gpml":"http://vocabularies.wikipathways.org/gpml#","gpmlFolder":"file://Users/andersriutta/Sites/pathvisiojs/test/gpml/","hMDB":"http://www.hmdb.ca/metabolites/HMDB","height":"css2:visudet.html#propdef-height","id":"@id","image":"schema:image","interactsWith":{"@id":"ex:interactsWith","@type":"@id"},"isContainedBy":{"@reverse":"ex:contains","@type":"@id"},"media":"http://www.w3.org/TR/mediaont-10/","name":"http://xmlns.com/foaf/0.1/name","organism":"biopax:organism","padding":"css2:box.html#propdef-padding","elements":{"@container":"@list","@id":"ex:pathwayElements/"},"position":"css2:visuren.html#propdef-position","rotate":"cssTransform:funcdef-rotate","schema":"http://schema.org/","shapeLibrary":"http://shapelibrary.example.org/","shape":"shapeLibrary:shape","stroke":"svg:painting.html#StrokeProperty","strokeWidth":"svg:painting.html#StrokeWidthProperty","svg":"http://www.w3.org/TR/SVG11/","textAlign":"css2:text.html#propdef-text-align","verticalAlign":"css2:visudet.html#propdef-vertical-align","width":"css2:visudet.html#propdef-width","wp":"http://vocabularies.wikipathways.org/wp#","wpId":"http://identifiers.org/wikipathways/","x":{"@id":"css2:visuren.html#propdef-left","@type":"xsd:integer"},"xsd":"http://www.w3.org/2001/XMLSchema#","y":"css2:visuren.html#propdef-top","zIndex":{"@id":"css2:z-index","@type":"xsd:integer"}},"wpId:WP1622":{"elements":[{"networkType":"node","nodeType":"Label","@type":["label"],"gpmlType":"label","graphicalType":"path"},{"networkType":"node","nodeType":"DataNode","dataNodeType":"GeneProduct","@type":["DataNode","GeneProduct","datanode"],"gpmlType":"datanode","graphicalType":"path","datasourceReference":{"database":"Enzyme Nomenclature","id":"3.2.1.-","organism":"Mycobacterium tuberculosis"}},{"networkType":"node","nodeType":"Label","@type":["label"],"gpmlType":"label","graphicalType":"path"},{"networkType":"node","nodeType":"Label","@type":["label"],"gpmlType":"label","graphicalType":"path"},{"networkType":"node","nodeType":"Label","@type":["label"],"gpmlType":"label","graphicalType":"path"},{"networkType":"node","nodeType":"Label","@type":["label"],"gpmlType":"label","graphicalType":"path"},{"networkType":"node","nodeType":"Label","@type":["label"],"gpmlType":"label","graphicalType":"path"},{"networkType":"edge","gpmlType":"interaction","@type":["interaction"],"graphicalType":"path","markerEnd":"arrow","points":[{"x":950,"y":268,"isAttachedTo":"dd3d2","RelX":0,"anchor":[0.5,1,0,1],"RelY":1},{"x":950,"y":288},{"x":950,"y":288},{"x":950,"y":392,"isAttachedTo":"f3fc4","RelX":0,"anchor":[0.5,0,0,-1],"RelY":-1}],"interactionGraph":[{"id":"dd3d2","interactsWith":"f3fc4"}],"interactionType":"gpml:Arrow"},{"gpmlType":"anchor","zIndex":null,"networkType":"node","@type":["anchor"],"graphicalType":"path","x":null,"y":null},{"networkType":"edge","gpmlType":"interaction","@type":["interaction"],"graphicalType":"path","markerEnd":"arrow","points":[{"x":1166,"y":690,"isAttachedTo":"c6b35","RelX":1,"anchor":[1,0.5,1,0],"RelY":0},{"x":1186,"y":690},{"x":1186,"y":690},{"x":1302,"y":690,"isAttachedTo":"c69db","RelX":-1,"anchor":[0,0.5,-1,0],"RelY":0}],"interactionGraph":[{"id":"c6b35","interactsWith":"c69db"}],"interactionType":"gpml:Arrow"},{"gpmlType":"anchor","zIndex":null,"networkType":"node","@type":["anchor"],"graphicalType":"path","x":null,"y":null},{"networkType":"edge","gpmlType":"interaction","@type":["interaction"],"graphicalType":"path","markerEnd":"arrow","points":[{"x":622,"y":1158,"isAttachedTo":"f786f","RelX":0,"anchor":[0.5,1,0,1],"RelY":1},{"x":622,"y":1345},{"x":616,"y":1345},{"x":616,"y":1314,"isAttachedTo":"a0523","RelX":0,"anchor":[0.5,0,0,-1],"RelY":-1}],"interactionGraph":[{"id":"f786f","interactsWith":"a0523"}],"interactionType":"gpml:Arrow"},{"gpmlType":"anchor","zIndex":null,"networkType":"node","@type":["anchor"],"graphicalType":"path","x":null,"y":null},{"networkType":"edge","gpmlType":"interaction","@type":["interaction"],"graphicalType":"path","markerEnd":"arrow","points":[{"x":616,"y":1334,"isAttachedTo":"a0523","RelX":0,"anchor":[0.5,1,0,1],"RelY":1},{"x":616,"y":1354},{"x":616,"y":1354},{"x":616,"y":1432,"isAttachedTo":"bd148","RelX":0,"anchor":[0.5,0,0,-1],"RelY":-1}],"interactionGraph":[{"id":"a0523","interactsWith":"bd148"}],"interactionType":"gpml:Arrow"},{"gpmlType":"anchor","zIndex":null,"networkType":"node","@type":["anchor"],"graphicalType":"path","x":null,"y":null},{"networkType":"edge","gpmlType":"interaction","@type":["interaction"],"graphicalType":"path","markerEnd":"arrow","points":[{"x":262,"y":844,"isAttachedTo":"d97d7","RelX":0,"anchor":[0.5,1,0,1],"RelY":1},{"x":262,"y":978},{"x":406,"y":978,"isAttachedTo":"ddcb9","RelX":-1,"anchor":[0,0.5,-1,0],"RelY":0}],"interactionGraph":[{"id":"d97d7","interactsWith":"ddcb9"}],"interactionType":"gpml:Arrow"},{"gpmlType":"anchor","zIndex":null,"networkType":"node","@type":["anchor"],"graphicalType":"path","x":null,"y":null},{"networkType":"edge","gpmlType":"interaction","@type":["interaction"],"graphicalType":"path","markerEnd":"arrow","points":[{"x":262,"y":824,"isAttachedTo":"d97d7","RelX":0,"anchor":[0.5,0,0,-1],"RelY":-1},{"x":262,"y":804},{"x":262,"y":804},{"x":262,"y":700,"isAttachedTo":"d6012","RelX":0,"anchor":[0.5,1,0,1],"RelY":1}],"interactionGraph":[{"id":"d97d7","interactsWith":"d6012"}],"interactionType":"gpml:Arrow"},{"gpmlType":"anchor","zIndex":null,"networkType":"node","@type":["anchor"],"graphicalType":"path","x":null,"y":null},{"networkType":"edge","gpmlType":"interaction","@type":["interaction"],"graphicalType":"path","markerEnd":"arrow","points":[{"x":910,"y":978,"isAttachedTo":"aaf3f","RelX":-1,"anchor":[0,0.5,-1,0],"RelY":0},{"x":890,"y":978},{"x":890,"y":978},{"x":822,"y":978,"isAttachedTo":"fa6a6","RelX":1,"anchor":[1,0.5,1,0],"RelY":0}],"interactionGraph":[{"id":"aaf3f","interactsWith":"fa6a6"}],"interactionType":"gpml:Arrow"},{"gpmlType":"anchor","zIndex":null,"networkType":"node","@type":["anchor"],"graphicalType":"path","x":null,"y":null},{"networkType":"edge","gpmlType":"interaction","@type":["interaction"],"graphicalType":"path","markerEnd":"arrow","points":[{"x":446,"y":844,"isAttachedTo":"db757","RelX":0,"anchor":[0.5,1,0,1],"RelY":1},{"x":446,"y":864},{"x":446,"y":864},{"x":446,"y":968,"isAttachedTo":"ddcb9","RelX":0,"anchor":[0.5,0,0,-1],"RelY":-1}],"interactionGraph":[{"id":"db757","interactsWith":"ddcb9"}],"interactionType":"gpml:Arrow"},{"gpmlType":"anchor","zIndex":null,"networkType":"node","@type":["anchor"],"graphicalType":"path","x":null,"y":null},{"networkType":"edge","gpmlType":"interaction","@type":["interaction"],"graphicalType":"path","markerEnd":"arrow","points":[{"x":446,"y":700,"isAttachedTo":"c6fcc","RelX":0,"anchor":[0.5,1,0,1],"RelY":1},{"x":446,"y":720},{"x":446,"y":720},{"x":446,"y":824,"isAttachedTo":"db757","RelX":0,"anchor":[0.5,0,0,-1],"RelY":-1}],"interactionGraph":[{"id":"c6fcc","interactsWith":"db757"}],"interactionType":"gpml:Arrow"},{"gpmlType":"anchor","zIndex":null,"networkType":"node","@type":["anchor"],"graphicalType":"path","x":null,"y":null},{"networkType":"edge","gpmlType":"interaction","@type":["interaction"],"graphicalType":"path","markerEnd":"arrow","points":[{"x":582,"y":546,"isAttachedTo":"de64f","RelX":-1,"anchor":[0,0.5,-1,0],"RelY":0},{"x":562,"y":546},{"x":562,"y":546},{"x":486,"y":546,"isAttachedTo":"aab1b","RelX":1,"anchor":[1,0.5,1,0],"RelY":0}],"interactionGraph":[{"id":"de64f","interactsWith":"aab1b"}],"interactionType":"gpml:Arrow"},{"gpmlType":"anchor","zIndex":null,"networkType":"node","@type":["anchor"],"graphicalType":"path","x":null,"y":null},{"networkType":"edge","gpmlType":"interaction","@type":["interaction"],"graphicalType":"path","markerEnd":"arrow","points":[{"x":505,"y":402,"isAttachedTo":"db0b9","RelX":-1,"anchor":[0,0.5,-1,0],"RelY":0},{"x":446,"y":402},{"x":446,"y":536,"isAttachedTo":"aab1b","RelX":0,"anchor":[0.5,0,0,-1],"RelY":-1}],"interactionGraph":[{"id":"db0b9","interactsWith":"aab1b"}],"interactionType":"gpml:Arrow"},{"gpmlType":"anchor","zIndex":null,"networkType":"node","@type":["anchor"],"graphicalType":"path","x":null,"y":null},{"networkType":"edge","gpmlType":"interaction","@type":["interaction"],"graphicalType":"path","markerEnd":"arrow","points":[{"x":545,"y":412,"isAttachedTo":"db0b9","RelX":0,"anchor":[0.5,1,0,1],"RelY":1},{"x":545,"y":563},{"x":622,"y":563},{"x":622,"y":536,"isAttachedTo":"de64f","RelX":0,"anchor":[0.5,0,0,-1],"RelY":-1}],"interactionGraph":[{"id":"db0b9","interactsWith":"de64f"}],"interactionType":"gpml:Arrow"},{"gpmlType":"anchor","zIndex":null,"networkType":"node","@type":["anchor"],"graphicalType":"path","x":null,"y":null},{"networkType":"edge","gpmlType":"interaction","@type":["interaction"],"graphicalType":"path","markerEnd":"arrow","points":[{"x":810,"y":698,"isAttachedTo":"eb360","RelX":1,"anchor":[1,0.5,1,0],"RelY":0},{"x":830,"y":698},{"x":830,"y":690},{"x":910,"y":690,"isAttachedTo":"c662e","RelX":-1,"anchor":[0,0.5,-1,0],"RelY":0}],"interactionGraph":[{"id":"eb360","interactsWith":"c662e"}],"interactionType":"gpml:Arrow"},{"gpmlType":"anchor","zIndex":null,"networkType":"node","@type":["anchor"],"graphicalType":"path","x":null,"y":null},{"networkType":"edge","gpmlType":"interaction","@type":["interaction"],"graphicalType":"path","markerEnd":"arrow","points":[{"x":950,"y":680,"isAttachedTo":"c662e","RelX":0,"anchor":[0.5,0,0,-1],"RelY":-1},{"x":950,"y":660},{"x":950,"y":660},{"x":950,"y":556,"isAttachedTo":"efefe","RelX":0,"anchor":[0.5,1,0,1],"RelY":1}],"interactionGraph":[{"id":"c662e","interactsWith":"efefe"}],"interactionType":"gpml:Arrow"},{"gpmlType":"anchor","zIndex":null,"networkType":"node","@type":["anchor"],"graphicalType":"path","x":null,"y":null},{"networkType":"edge","gpmlType":"interaction","@type":["interaction"],"graphicalType":"path","markerEnd":"arrow","points":[{"x":950,"y":412,"isAttachedTo":"f3fc4","RelX":0,"anchor":[0.5,1,0,1],"RelY":1},{"x":950,"y":432},{"x":950,"y":432},{"x":950,"y":536,"isAttachedTo":"efefe","RelX":0,"anchor":[0.5,0,0,-1],"RelY":-1}],"interactionGraph":[{"id":"f3fc4","interactsWith":"efefe"}],"interactionType":"gpml:Arrow"},{"gpmlType":"anchor","zIndex":null,"networkType":"node","@type":["anchor"],"graphicalType":"path","x":null,"y":null},{"networkType":"edge","gpmlType":"interaction","@type":["interaction"],"graphicalType":"path","markerEnd":"arrow","points":[{"x":616,"y":1562,"isAttachedTo":"d1262","RelX":0,"anchor":[0.5,0,0,-1],"RelY":-1},{"x":616,"y":1542},{"x":616,"y":1542},{"x":616,"y":1452,"isAttachedTo":"bd148","RelX":0,"anchor":[0.5,1,0,1],"RelY":1}],"interactionGraph":[{"id":"d1262","interactsWith":"bd148"}],"interactionType":"gpml:Arrow"},{"gpmlType":"anchor","zIndex":null,"networkType":"node","@type":["anchor"],"graphicalType":"path","x":null,"y":null},{"networkType":"edge","gpmlType":"interaction","@type":["interaction"],"graphicalType":"path","markerEnd":"arrow","points":[{"x":954,"y":1582,"isAttachedTo":"ca121","RelX":0,"anchor":[0.5,1,0,1],"RelY":1},{"x":954,"y":1644},{"x":1128,"y":1644,"isAttachedTo":"fad94","RelX":-1,"anchor":[0,0.5,-1,0],"RelY":0}],"interactionGraph":[{"id":"ca121","interactsWith":"fad94"}],"interactionType":"gpml:Arrow"},{"gpmlType":"anchor","zIndex":null,"networkType":"node","@type":["anchor"],"graphicalType":"path","x":null,"y":null},{"networkType":"edge","gpmlType":"interaction","@type":["interaction"],"graphicalType":"path","markerEnd":"arrow","points":[{"x":220,"y":1442,"isAttachedTo":"ca940","RelX":-1,"anchor":[0,0.5,-1,0],"RelY":0},{"x":200,"y":1442},{"x":200,"y":1442},{"x":124,"y":1442,"isAttachedTo":"feaf4","RelX":1,"anchor":[1,0.5,1,0],"RelY":0}],"interactionGraph":[{"id":"ca940","interactsWith":"feaf4"}],"interactionType":"gpml:Arrow"},{"gpmlType":"anchor","zIndex":null,"networkType":"node","@type":["anchor"],"graphicalType":"path","x":null,"y":null},{"networkType":"edge","gpmlType":"interaction","@type":["interaction"],"graphicalType":"path","markerEnd":"arrow","points":[{"x":576,"y":1442,"isAttachedTo":"bd148","RelX":-1,"anchor":[0,0.5,-1,0],"RelY":0},{"x":556,"y":1442},{"x":556,"y":1442},{"x":486,"y":1442,"isAttachedTo":"b9837","RelX":1,"anchor":[1,0.5,1,0],"RelY":0}],"interactionGraph":[{"id":"bd148","interactsWith":"b9837"}],"interactionType":"gpml:Arrow"},{"gpmlType":"anchor","zIndex":null,"networkType":"node","@type":["anchor"],"graphicalType":"path","x":null,"y":null},{"networkType":"edge","gpmlType":"interaction","@type":["interaction"],"graphicalType":"path","markerEnd":"arrow","points":[{"x":406,"y":1442,"isAttachedTo":"b9837","RelX":-1,"anchor":[0,0.5,-1,0],"RelY":0},{"x":386,"y":1442},{"x":386,"y":1442},{"x":300,"y":1442,"isAttachedTo":"ca940","RelX":1,"anchor":[1,0.5,1,0],"RelY":0}],"interactionGraph":[{"id":"b9837","interactsWith":"ca940"}],"interactionType":"gpml:Arrow"},{"gpmlType":"anchor","zIndex":null,"networkType":"node","@type":["anchor"],"graphicalType":"path","x":null,"y":null},{"networkType":"edge","gpmlType":"interaction","@type":["interaction"],"graphicalType":"path","markerEnd":"arrow","points":[{"x":950,"y":968,"isAttachedTo":"aaf3f","RelX":0,"anchor":[0.5,0,0,-1],"RelY":-1},{"x":950,"y":919},{"x":1126,"y":919},{"x":1126,"y":700,"isAttachedTo":"c6b35","RelX":0,"anchor":[0.5,1,0,1],"RelY":1}],"interactionGraph":[{"id":"aaf3f","interactsWith":"c6b35"}],"interactionType":"gpml:Arrow"},{"gpmlType":"anchor","zIndex":null,"networkType":"node","@type":["anchor"],"graphicalType":"path","x":null,"y":null},{"networkType":"edge","gpmlType":"interaction","@type":["interaction"],"graphicalType":"path","markerEnd":"arrow","points":[{"x":950,"y":824,"isAttachedTo":"d6b8d","RelX":0,"anchor":[0.5,0,0,-1],"RelY":-1},{"x":950,"y":804},{"x":950,"y":804},{"x":950,"y":700,"isAttachedTo":"c662e","RelX":0,"anchor":[0.5,1,0,1],"RelY":1}],"interactionGraph":[{"id":"d6b8d","interactsWith":"c662e"}],"interactionType":"gpml:Arrow"},{"gpmlType":"anchor","zIndex":null,"networkType":"node","@type":["anchor"],"graphicalType":"path","x":null,"y":null},{"networkType":"edge","gpmlType":"interaction","@type":["interaction"],"graphicalType":"path","markerEnd":"arrow","points":[{"x":662,"y":1148,"isAttachedTo":"f786f","RelX":1,"anchor":[1,0.5,1,0],"RelY":0},{"x":682,"y":1148},{"x":682,"y":1148},{"x":910,"y":1148,"isAttachedTo":"f4612","RelX":-1,"anchor":[0,0.5,-1,0],"RelY":0}],"interactionGraph":[{"id":"f786f","interactsWith":"f4612"}],"interactionType":"gpml:Arrow"},{"gpmlType":"anchor","zIndex":null,"networkType":"node","@type":["anchor"],"graphicalType":"path","x":null,"y":null},{"networkType":"edge","gpmlType":"interaction","@type":["interaction"],"graphicalType":"path","markerEnd":"arrow","points":[{"x":1734,"y":690,"isAttachedTo":"c8e61","RelX":-1,"anchor":[0,0.5,-1,0],"RelY":0},{"x":1714,"y":690},{"x":1714,"y":402},{"x":1598,"y":402,"isAttachedTo":"fa0c1","RelX":1,"anchor":[1,0.5,1,0],"RelY":0}],"interactionGraph":[{"id":"c8e61","interactsWith":"fa0c1"}],"interactionType":"gpml:Arrow"},{"gpmlType":"anchor","zIndex":null,"networkType":"node","@type":["anchor"],"graphicalType":"path","x":null,"y":null},{"gpmlType":"anchor","zIndex":null,"networkType":"node","@type":["anchor"],"graphicalType":"path","x":null,"y":null},{"networkType":"edge","gpmlType":"interaction","@type":["interaction"],"graphicalType":"path","markerEnd":"arrow","points":[{"x":1382,"y":690,"isAttachedTo":"c69db","RelX":1,"anchor":[1,0.5,1,0],"RelY":0},{"x":1402,"y":690},{"x":1402,"y":690},{"x":1520,"y":690,"isAttachedTo":"d3717","RelX":-1,"anchor":[0,0.5,-1,0],"RelY":0}],"interactionGraph":[{"id":"c69db","interactsWith":"d3717"}],"interactionType":"gpml:Arrow"},{"gpmlType":"anchor","zIndex":null,"networkType":"node","@type":["anchor"],"graphicalType":"path","x":null,"y":null},{"networkType":"edge","gpmlType":"interaction","@type":["interaction"],"graphicalType":"path","markerEnd":"arrow","points":[{"x":950,"y":968,"isAttachedTo":"aaf3f","RelX":0,"anchor":[0.5,0,0,-1],"RelY":-1},{"x":950,"y":948},{"x":950,"y":948},{"x":950,"y":844,"isAttachedTo":"d6b8d","RelX":0,"anchor":[0.5,1,0,1],"RelY":1}],"interactionGraph":[{"id":"aaf3f","interactsWith":"d6b8d"}],"interactionType":"gpml:Arrow"},{"gpmlType":"anchor","zIndex":null,"networkType":"node","@type":["anchor"],"graphicalType":"path","x":null,"y":null},{"gpmlType":"anchor","zIndex":null,"networkType":"node","@type":["anchor"],"graphicalType":"path","x":null,"y":null},{"networkType":"edge","gpmlType":"interaction","@type":["interaction"],"graphicalType":"path","markerEnd":"arrow","points":[{"x":742,"y":978,"isAttachedTo":"fa6a6","RelX":-1,"anchor":[0,0.5,-1,0],"RelY":0},{"x":622,"y":978},{"x":622,"y":1138,"isAttachedTo":"f786f","RelX":0,"anchor":[0.5,0,0,-1],"RelY":-1}],"interactionGraph":[{"id":"fa6a6","interactsWith":"f786f"}],"interactionType":"gpml:Arrow"},{"gpmlType":"anchor","zIndex":null,"networkType":"node","@type":["anchor"],"graphicalType":"path","x":null,"y":null},{"networkType":"edge","gpmlType":"interaction","@type":["interaction"],"graphicalType":"path","markerEnd":"arrow","points":[{"x":1600,"y":690,"isAttachedTo":"d3717","RelX":1,"anchor":[1,0.5,1,0],"RelY":0},{"x":1620,"y":690},{"x":1620,"y":690},{"x":1734,"y":690,"isAttachedTo":"c8e61","RelX":-1,"anchor":[0,0.5,-1,0],"RelY":0}],"interactionGraph":[{"id":"d3717","interactsWith":"c8e61"}],"interactionType":"gpml:Arrow"},{"gpmlType":"anchor","zIndex":null,"networkType":"node","@type":["anchor"],"graphicalType":"path","x":null,"y":null},{"gpmlType":"anchor","zIndex":null,"networkType":"node","@type":["anchor"],"graphicalType":"path","x":null,"y":null},{"networkType":"edge","gpmlType":"interaction","@type":["interaction"],"graphicalType":"path","markerEnd":"arrow","points":[{"x":1382,"y":832,"isAttachedTo":"ec233","RelX":1,"anchor":[1,0.5,1,0],"RelY":0},{"x":1402,"y":832},{"x":1402,"y":690},{"x":1520,"y":690,"isAttachedTo":"d3717","RelX":-1,"anchor":[0,0.5,-1,0],"RelY":0}],"interactionGraph":[{"id":"ec233","interactsWith":"d3717"}],"interactionType":"gpml:Arrow"},{"gpmlType":"anchor","zIndex":null,"networkType":"node","@type":["anchor"],"graphicalType":"path","x":null,"y":null},{"networkType":"edge","gpmlType":"interaction","@type":["interaction"],"graphicalType":"path","markerEnd":"arrow","points":[{"x":1560,"y":700,"isAttachedTo":"d3717","RelX":0,"anchor":[0.5,1,0,1],"RelY":1},{"x":1560,"y":967},{"x":1568,"y":967},{"x":1568,"y":968,"isAttachedTo":"d7adb","RelX":0,"anchor":[0.5,0,0,-1],"RelY":-1}],"interactionGraph":[{"id":"d3717","interactsWith":"d7adb"}],"interactionType":"gpml:Arrow"},{"gpmlType":"anchor","zIndex":null,"networkType":"node","@type":["anchor"],"graphicalType":"path","x":null,"y":null},{"networkType":"edge","gpmlType":"interaction","@type":["interaction"],"graphicalType":"path","markerEnd":"arrow","points":[{"x":622,"y":1158,"isAttachedTo":"f786f","RelX":0,"anchor":[0.5,1,0,1],"RelY":1},{"x":622,"y":1301},{"x":890,"y":1301},{"x":890,"y":1148},{"x":910,"y":1148,"isAttachedTo":"f4612","RelX":-1,"anchor":[0,0.5,-1,0],"RelY":0}],"interactionGraph":[{"id":"f786f","interactsWith":"f4612"}],"interactionType":"gpml:Arrow"},{"gpmlType":"anchor","zIndex":null,"networkType":"node","@type":["anchor"],"graphicalType":"path","x":null,"y":null},{"networkType":"edge","gpmlType":"interaction","@type":["interaction"],"graphicalType":"path","markerEnd":"arrow","points":[{"x":622,"y":1158,"isAttachedTo":"f786f","RelX":0,"anchor":[0.5,1,0,1],"RelY":1},{"x":622,"y":1343},{"x":890,"y":1343},{"x":890,"y":1148},{"x":910,"y":1148,"isAttachedTo":"f4612","RelX":-1,"anchor":[0,0.5,-1,0],"RelY":0}],"interactionGraph":[{"id":"f786f","interactsWith":"f4612"}],"interactionType":"gpml:Arrow"},{"gpmlType":"anchor","zIndex":null,"networkType":"node","@type":["anchor"],"graphicalType":"path","x":null,"y":null},{"networkType":"edge","gpmlType":"interaction","@type":["interaction"],"graphicalType":"path","markerEnd":"arrow","points":[{"x":662,"y":1148,"isAttachedTo":"f786f","RelX":1,"anchor":[1,0.5,1,0],"RelY":0},{"x":682,"y":1148},{"x":682,"y":1148},{"x":910,"y":1148,"isAttachedTo":"f4612","RelX":-1,"anchor":[0,0.5,-1,0],"RelY":0}],"interactionGraph":[{"id":"f786f","interactsWith":"f4612"}],"interactionType":"gpml:Arrow"},{"gpmlType":"anchor","zIndex":null,"networkType":"node","@type":["anchor"],"graphicalType":"path","x":null,"y":null},{"networkType":"edge","gpmlType":"interaction","@type":["interaction"],"graphicalType":"path","markerEnd":"arrow","points":[{"x":622,"y":1138,"isAttachedTo":"f786f","RelX":0,"anchor":[0.5,0,0,-1],"RelY":-1},{"x":622,"y":1058},{"x":910,"y":1058,"isAttachedTo":"fdcac","RelX":-1,"anchor":[0,0.5,-1,0],"RelY":0}],"interactionGraph":[{"id":"f786f","interactsWith":"fdcac"}],"interactionType":"gpml:Arrow"},{"gpmlType":"anchor","zIndex":null,"networkType":"node","@type":["anchor"],"graphicalType":"path","x":null,"y":null},{"networkType":"edge","gpmlType":"interaction","@type":["interaction"],"graphicalType":"path","markerEnd":"arrow","points":[{"x":1774,"y":700,"isAttachedTo":"c8e61","RelX":0,"anchor":[0.5,1,0,1],"RelY":1},{"x":1774,"y":720},{"x":1774,"y":720},{"x":1774,"y":968,"isAttachedTo":"b3c04","RelX":0,"anchor":[0.5,0,0,-1],"RelY":-1}],"interactionGraph":[{"id":"c8e61","interactsWith":"b3c04"}],"interactionType":"gpml:Arrow"},{"gpmlType":"anchor","zIndex":null,"networkType":"node","@type":["anchor"],"graphicalType":"path","x":null,"y":null},{"networkType":"edge","gpmlType":"interaction","@type":["interaction"],"graphicalType":"path","markerEnd":"arrow","points":[{"x":1528,"y":978,"isAttachedTo":"d7adb","RelX":-1,"anchor":[0,0.5,-1,0],"RelY":0},{"x":1508,"y":978},{"x":1508,"y":978},{"x":1382,"y":978,"isAttachedTo":"be7ee","RelX":1,"anchor":[1,0.5,1,0],"RelY":0}],"interactionGraph":[{"id":"d7adb","interactsWith":"be7ee"}],"interactionType":"gpml:Arrow"},{"gpmlType":"anchor","zIndex":null,"networkType":"node","@type":["anchor"],"graphicalType":"path","x":null,"y":null},{"networkType":"edge","gpmlType":"interaction","@type":["interaction"],"graphicalType":"path","markerEnd":"arrow","points":[{"x":950,"y":968,"isAttachedTo":"aaf3f","RelX":0,"anchor":[0.5,0,0,-1],"RelY":-1},{"x":950,"y":948},{"x":950,"y":948},{"x":950,"y":844,"isAttachedTo":"d6b8d","RelX":0,"anchor":[0.5,1,0,1],"RelY":1}],"interactionGraph":[{"id":"aaf3f","interactsWith":"d6b8d"}],"interactionType":"gpml:Arrow"},{"gpmlType":"anchor","zIndex":null,"networkType":"node","@type":["anchor"],"graphicalType":"path","x":null,"y":null},{"gpmlType":"anchor","zIndex":null,"networkType":"node","@type":["anchor"],"graphicalType":"path","x":null,"y":null},{"networkType":"edge","gpmlType":"interaction","@type":["interaction"],"graphicalType":"path","markerEnd":"arrow","points":[{"x":1568,"y":1134,"isAttachedTo":"ffc6c","RelX":0,"anchor":[0.5,0,0,-1],"RelY":-1},{"x":1568,"y":1114},{"x":1568,"y":1114},{"x":1568,"y":988,"isAttachedTo":"d7adb","RelX":0,"anchor":[0.5,1,0,1],"RelY":1}],"interactionGraph":[{"id":"ffc6c","interactsWith":"d7adb"}],"interactionType":"gpml:Arrow"},{"gpmlType":"anchor","zIndex":null,"networkType":"node","@type":["anchor"],"graphicalType":"path","x":null,"y":null},{"networkType":"edge","gpmlType":"interaction","@type":["interaction"],"graphicalType":"path","markerEnd":"arrow","points":[{"x":994,"y":1572,"isAttachedTo":"ca121","RelX":1,"anchor":[1,0.5,1,0],"RelY":0},{"x":1014,"y":1572},{"x":1014,"y":1572},{"x":1128,"y":1572,"isAttachedTo":"ff0f9","RelX":-1,"anchor":[0,0.5,-1,0],"RelY":0}],"interactionGraph":[{"id":"ca121","interactsWith":"ff0f9"}],"interactionType":"gpml:Arrow"},{"gpmlType":"anchor","zIndex":null,"networkType":"node","@type":["anchor"],"graphicalType":"path","x":null,"y":null},{"networkType":"edge","gpmlType":"interaction","@type":["interaction"],"graphicalType":"path","markerEnd":"arrow","points":[{"x":1774,"y":1134,"isAttachedTo":"e484e","RelX":0,"anchor":[0.5,0,0,-1],"RelY":-1},{"x":1774,"y":1114},{"x":1774,"y":1114},{"x":1774,"y":988,"isAttachedTo":"b3c04","RelX":0,"anchor":[0.5,1,0,1],"RelY":1}],"interactionGraph":[{"id":"e484e","interactsWith":"b3c04"}],"interactionType":"gpml:Arrow"},{"gpmlType":"anchor","zIndex":null,"networkType":"node","@type":["anchor"],"graphicalType":"path","x":null,"y":null},{"networkType":"edge","gpmlType":"interaction","@type":["interaction"],"graphicalType":"path","markerEnd":"arrow","points":[{"x":1568,"y":1278,"isAttachedTo":"cb546","RelX":0,"anchor":[0.5,0,0,-1],"RelY":-1},{"x":1568,"y":1258},{"x":1568,"y":1258},{"x":1568,"y":1154,"isAttachedTo":"ffc6c","RelX":0,"anchor":[0.5,1,0,1],"RelY":1}],"interactionGraph":[{"id":"cb546","interactsWith":"ffc6c"}],"interactionType":"gpml:Arrow"},{"gpmlType":"anchor","zIndex":null,"networkType":"node","@type":["anchor"],"graphicalType":"path","x":null,"y":null},{"gpmlType":"anchor","zIndex":null,"networkType":"node","@type":["anchor"],"graphicalType":"path","x":null,"y":null},{"networkType":"edge","gpmlType":"interaction","@type":["interaction"],"graphicalType":"path","markerEnd":"arrow","points":[{"x":1568,"y":1278,"isAttachedTo":"cb546","RelX":0,"anchor":[0.5,0,0,-1],"RelY":-1},{"x":1568,"y":1258},{"x":1568,"y":1258},{"x":1568,"y":1154,"isAttachedTo":"ffc6c","RelX":0,"anchor":[0.5,1,0,1],"RelY":1}],"interactionGraph":[{"id":"cb546","interactsWith":"ffc6c"}],"interactionType":"gpml:Arrow"},{"gpmlType":"anchor","zIndex":null,"networkType":"node","@type":["anchor"],"graphicalType":"path","x":null,"y":null},{"gpmlType":"anchor","zIndex":null,"networkType":"node","@type":["anchor"],"graphicalType":"path","x":null,"y":null},{"networkType":"edge","gpmlType":"interaction","@type":["interaction"],"graphicalType":"path","markerEnd":"arrow","points":[{"x":1342,"y":680,"isAttachedTo":"c69db","RelX":0,"anchor":[0.5,0,0,-1],"RelY":-1},{"x":1342,"y":402},{"x":1518,"y":402,"isAttachedTo":"fa0c1","RelX":-1,"anchor":[0,0.5,-1,0],"RelY":0}],"interactionGraph":[{"id":"c69db","interactsWith":"fa0c1"}],"interactionType":"gpml:Arrow"},{"gpmlType":"anchor","zIndex":null,"networkType":"node","@type":["anchor"],"graphicalType":"path","x":null,"y":null},{"networkType":"edge","gpmlType":"interaction","@type":["interaction"],"graphicalType":"path","markerEnd":"arrow","points":[{"x":1086,"y":690,"isAttachedTo":"c6b35","RelX":-1,"anchor":[0,0.5,-1,0],"RelY":0},{"x":1066,"y":690},{"x":1066,"y":690},{"x":990,"y":690,"isAttachedTo":"c662e","RelX":1,"anchor":[1,0.5,1,0],"RelY":0}],"interactionGraph":[{"id":"c6b35","interactsWith":"c662e"}],"interactionType":"gpml:Arrow"},{"gpmlType":"anchor","zIndex":null,"networkType":"node","@type":["anchor"],"graphicalType":"path","x":null,"y":null},{"networkType":"edge","gpmlType":"interaction","@type":["interaction"],"graphicalType":"path","markerEnd":"arrow","points":[{"x":622,"y":1138,"isAttachedTo":"f786f","RelX":0,"anchor":[0.5,0,0,-1],"RelY":-1},{"x":622,"y":1058},{"x":910,"y":1058,"isAttachedTo":"fdcac","RelX":-1,"anchor":[0,0.5,-1,0],"RelY":0}],"interactionGraph":[{"id":"f786f","interactsWith":"fdcac"}],"interactionType":"gpml:Arrow"},{"gpmlType":"anchor","zIndex":null,"networkType":"node","@type":["anchor"],"graphicalType":"path","x":null,"y":null},{"networkType":"edge","gpmlType":"interaction","@type":["interaction"],"graphicalType":"path","markerEnd":"arrow","points":[{"x":582,"y":1148,"isAttachedTo":"f786f","RelX":-1,"anchor":[0,0.5,-1,0],"RelY":0},{"x":562,"y":1148},{"x":562,"y":1148},{"x":486,"y":1148,"isAttachedTo":"cc417","RelX":1,"anchor":[1,0.5,1,0],"RelY":0}],"interactionGraph":[{"id":"f786f","interactsWith":"cc417"}],"interactionType":"gpml:Arrow"},{"gpmlType":"anchor","zIndex":null,"networkType":"node","@type":["anchor"],"graphicalType":"path","x":null,"y":null},{"networkType":"edge","gpmlType":"interaction","@type":["interaction"],"graphicalType":"path","markerEnd":"arrow","points":[{"x":406,"y":1148,"isAttachedTo":"cc417","RelX":-1,"anchor":[0,0.5,-1,0],"RelY":0},{"x":386,"y":1148},{"x":386,"y":1148},{"x":302,"y":1148,"isAttachedTo":"a8cbc","RelX":1,"anchor":[1,0.5,1,0],"RelY":0}],"interactionGraph":[{"id":"cc417","interactsWith":"a8cbc"}],"interactionType":"gpml:Arrow"},{"gpmlType":"anchor","zIndex":null,"networkType":"node","@type":["anchor"],"graphicalType":"path","x":null,"y":null},{"networkType":"edge","gpmlType":"interaction","@type":["interaction"],"graphicalType":"path","markerEnd":"arrow","points":[{"x":1568,"y":1562,"isAttachedTo":"c763b","RelX":0,"anchor":[0.5,0,0,-1],"RelY":-1},{"x":1568,"y":1542},{"x":1568,"y":1542},{"x":1568,"y":1452,"isAttachedTo":"bdcca","RelX":0,"anchor":[0.5,1,0,1],"RelY":1}],"interactionGraph":[{"id":"c763b","interactsWith":"bdcca"}],"interactionType":"gpml:Arrow"},{"gpmlType":"anchor","zIndex":null,"networkType":"node","@type":["anchor"],"graphicalType":"path","x":null,"y":null},{"networkType":"edge","gpmlType":"interaction","@type":["interaction"],"graphicalType":"path","markerEnd":"arrow","points":[{"x":1568,"y":1432,"isAttachedTo":"bdcca","RelX":0,"anchor":[0.5,0,0,-1],"RelY":-1},{"x":1568,"y":1412},{"x":1568,"y":1412},{"x":1568,"y":1298,"isAttachedTo":"cb546","RelX":0,"anchor":[0.5,1,0,1],"RelY":1}],"interactionGraph":[{"id":"bdcca","interactsWith":"cb546"}],"interactionType":"gpml:Arrow"},{"gpmlType":"anchor","zIndex":null,"networkType":"node","@type":["anchor"],"graphicalType":"path","x":null,"y":null},{"networkType":"edge","gpmlType":"interaction","@type":["interaction"],"graphicalType":"path","markerEnd":"arrow","points":[{"x":486,"y":978,"isAttachedTo":"ddcb9","RelX":1,"anchor":[1,0.5,1,0],"RelY":0},{"x":506,"y":978},{"x":506,"y":1148},{"x":582,"y":1148,"isAttachedTo":"f786f","RelX":-1,"anchor":[0,0.5,-1,0],"RelY":0}],"interactionGraph":[{"id":"ddcb9","interactsWith":"f786f"}],"interactionType":"gpml:Arrow"},{"gpmlType":"anchor","zIndex":null,"networkType":"node","@type":["anchor"],"graphicalType":"path","x":null,"y":null},{"networkType":"edge","gpmlType":"interaction","@type":["interaction"],"graphicalType":"path","markerEnd":"arrow","points":[{"x":486,"y":978,"isAttachedTo":"ddcb9","RelX":1,"anchor":[1,0.5,1,0],"RelY":0},{"x":506,"y":978},{"x":506,"y":1148},{"x":582,"y":1148,"isAttachedTo":"f786f","RelX":-1,"anchor":[0,0.5,-1,0],"RelY":0}],"interactionGraph":[{"id":"ddcb9","interactsWith":"f786f"}],"interactionType":"gpml:Arrow"},{"gpmlType":"anchor","zIndex":null,"networkType":"node","@type":["anchor"],"graphicalType":"path","x":null,"y":null},{"networkType":"edge","gpmlType":"interaction","@type":["interaction"],"graphicalType":"path","markerEnd":"arrow","points":[{"x":910,"y":402,"isAttachedTo":"f3fc4","RelX":-1,"anchor":[0,0.5,-1,0],"RelY":0},{"x":890,"y":402},{"x":890,"y":690},{"x":910,"y":690,"isAttachedTo":"c662e","RelX":-1,"anchor":[0,0.5,-1,0],"RelY":0}],"interactionGraph":[{"id":"f3fc4","interactsWith":"c662e"}],"interactionType":"gpml:Arrow"},{"gpmlType":"anchor","zIndex":null,"networkType":"node","@type":["anchor"],"graphicalType":"path","x":null,"y":null},{"gpmlType":"anchor","zIndex":null,"networkType":"node","@type":["anchor"],"graphicalType":"path","x":null,"y":null},{"networkType":"edge","gpmlType":"interaction","@type":["interaction"],"graphicalType":"path","markerEnd":"arrow","points":[{"x":910,"y":402,"isAttachedTo":"f3fc4","RelX":-1,"anchor":[0,0.5,-1,0],"RelY":0},{"x":890,"y":402},{"x":890,"y":690},{"x":910,"y":690,"isAttachedTo":"c662e","RelX":-1,"anchor":[0,0.5,-1,0],"RelY":0}],"interactionGraph":[{"id":"f3fc4","interactsWith":"c662e"}],"interactionType":"gpml:Arrow"},{"gpmlType":"anchor","zIndex":null,"networkType":"node","@type":["anchor"],"graphicalType":"path","x":null,"y":null},{"gpmlType":"anchor","zIndex":null,"networkType":"node","@type":["anchor"],"graphicalType":"path","x":null,"y":null},{"networkType":"edge","gpmlType":"interaction","@type":["interaction"],"graphicalType":"path","markerEnd":"arrow","points":[{"x":1608,"y":1572,"isAttachedTo":"c763b","RelX":1,"anchor":[1,0.5,1,0],"RelY":0},{"x":1753,"y":1570,"isAttachedTo":"beeca","RelX":-1,"anchor":[0,0.5,-1,0],"RelY":0}],"interactionGraph":[{"id":"c763b","interactsWith":"beeca"}],"interactionType":"gpml:Arrow"},{"networkType":"edge","gpmlType":"interaction","@type":["interaction"],"graphicalType":"path","markerEnd":"arrow","points":[{"x":946,"y":165,"isAttachedTo":"d7dca","RelX":0,"anchor":[0.5,1,0,1],"RelY":1},{"x":950,"y":248,"isAttachedTo":"dd3d2","RelX":0,"anchor":[0.5,0,0,-1],"RelY":-1}],"interactionGraph":[{"id":"d7dca","interactsWith":"dd3d2"}],"interactionType":"gpml:Arrow"},{"networkType":"edge","gpmlType":"interaction","@type":["interaction"],"graphicalType":"path","markerEnd":"arrow","points":[{"x":1568,"y":1582,"isAttachedTo":"c763b","RelX":0,"anchor":[0.5,1,0,1],"RelY":1},{"x":1770,"y":1650,"isAttachedTo":"f8536","RelX":-1,"anchor":[0,0.5,-1,0],"RelY":0}],"interactionGraph":[{"id":"c763b","interactsWith":"f8536"}],"interactionType":"gpml:Arrow"},{"networkType":"edge","gpmlType":"interaction","@type":["interaction"],"graphicalType":"path","markerEnd":"arrow","points":[{"x":1342,"y":988,"isAttachedTo":"be7ee","RelX":0,"anchor":[0.5,1,0,1],"RelY":1},{"x":1342,"y":1135.5,"isAttachedTo":"a91e7","RelX":0,"anchor":[0.5,0,0,-1],"RelY":-1}],"interactionGraph":[{"id":"be7ee","interactsWith":"a91e7"}],"interactionType":"gpml:Arrow"},{"networkType":"edge","gpmlType":"interaction","@type":["interaction"],"graphicalType":"path","markerEnd":"arrow","points":[{"x":1686,"y":546,"isAttachedTo":"e5d77","RelX":-1,"anchor":[0,0.5,-1,0],"RelY":0},{"x":1504,"y":546,"isAttachedTo":"a1c4a","RelX":1,"anchor":[1,0.5,1,0],"RelY":0}],"interactionGraph":[{"id":"e5d77","interactsWith":"a1c4a"}],"interactionType":"gpml:Arrow"},{"networkType":"edge","gpmlType":"interaction","@type":["interaction"],"graphicalType":"path","markerEnd":"mimCatalysis","points":[{"x":986.0869565217381,"y":328.0362318840581,"isAttachedTo":"f9fb0","RelX":-1,"anchor":[0,0.5,-1,0],"RelY":0},{"x":950,"y":328,"isAttachedTo":"c853b","RelX":0,"anchor":[0.5,0.5,0,0],"RelY":0}],"interactionGraph":[{"id":"f9fb0","interactsWith":"c853b"}],"interactionType":"mim-catalysis"},{"networkType":"edge","gpmlType":"interaction","@type":["interaction"],"graphicalType":"path","markerEnd":"mimCatalysis","points":[{"x":1236,"y":682,"isAttachedTo":"f45cc","RelX":0,"anchor":[0.5,0,0,-1],"RelY":-1},{"x":1236,"y":690,"isAttachedTo":"af422","RelX":0,"anchor":[0.5,0.5,0,0],"RelY":0}],"interactionGraph":[{"id":"f45cc","interactsWith":"af422"}],"interactionType":"mim-catalysis"},{"networkType":"edge","gpmlType":"interaction","@type":["interaction"],"graphicalType":"path","markerEnd":"mimCatalysis","points":[{"x":616,"y":1250,"isAttachedTo":"ab8ec","RelX":0,"anchor":[0.5,0,0,-1],"RelY":-1},{"x":622,"y":1304.576070901034,"isAttachedTo":"e7063","RelX":0,"anchor":[0.5,0.5,0,0],"RelY":0}],"interactionGraph":[{"id":"ab8ec","interactsWith":"e7063"}],"interactionType":"mim-catalysis"},{"networkType":"edge","gpmlType":"interaction","@type":["interaction"],"graphicalType":"path","markerEnd":"mimCatalysis","points":[{"x":616,"y":1364,"isAttachedTo":"bb9b3","RelX":0,"anchor":[0.5,0,0,-1],"RelY":-1},{"x":616,"y":1374,"isAttachedTo":"c466b","RelX":0,"anchor":[0.5,0.5,0,0],"RelY":0}],"interactionGraph":[{"id":"bb9b3","interactsWith":"c466b"}],"interactionType":"mim-catalysis"},{"networkType":"edge","gpmlType":"interaction","@type":["interaction"],"graphicalType":"path","markerEnd":"mimCatalysis","points":[{"x":266,"y":898,"isAttachedTo":"ff0d5","RelX":0,"anchor":[0.5,0,0,-1],"RelY":-1},{"x":262,"y":909.7566421999379,"isAttachedTo":"b994c","RelX":0,"anchor":[0.5,0.5,0,0],"RelY":0}],"interactionGraph":[{"id":"ff0d5","interactsWith":"b994c"}],"interactionType":"mim-catalysis"},{"networkType":"edge","gpmlType":"interaction","@type":["interaction"],"graphicalType":"path","markerEnd":"mimCatalysis","points":[{"x":264,"y":752,"isAttachedTo":"f149b","RelX":0,"anchor":[0.5,0,0,-1],"RelY":-1},{"x":262,"y":762,"isAttachedTo":"bba87","RelX":0,"anchor":[0.5,0.5,0,0],"RelY":0}],"interactionGraph":[{"id":"f149b","interactsWith":"bba87"}],"interactionType":"mim-catalysis"},{"networkType":"edge","gpmlType":"interaction","@type":["interaction"],"graphicalType":"path","markerEnd":"mimCatalysis","points":[{"x":874,"y":968,"isAttachedTo":"b57bf","RelX":0,"anchor":[0.5,0,0,-1],"RelY":-1},{"x":874,"y":978,"isAttachedTo":"f3b52","RelX":0,"anchor":[0.5,0.5,0,0],"RelY":0}],"interactionGraph":[{"id":"b57bf","interactsWith":"f3b52"}],"interactionType":"mim-catalysis"},{"networkType":"edge","gpmlType":"interaction","@type":["interaction"],"graphicalType":"path","markerEnd":"mimCatalysis","points":[{"x":448,"y":898,"isAttachedTo":"e6e4a","RelX":0,"anchor":[0.5,0,0,-1],"RelY":-1},{"x":446,"y":908,"isAttachedTo":"afa06","RelX":0,"anchor":[0.5,0.5,0,0],"RelY":0}],"interactionGraph":[{"id":"e6e4a","interactsWith":"afa06"}],"interactionType":"mim-catalysis"},{"networkType":"edge","gpmlType":"interaction","@type":["interaction"],"graphicalType":"path","markerEnd":"mimCatalysis","points":[{"x":448,"y":752,"isAttachedTo":"fa2d0","RelX":0,"anchor":[0.5,0,0,-1],"RelY":-1},{"x":446,"y":762,"isAttachedTo":"e956d","RelX":0,"anchor":[0.5,0.5,0,0],"RelY":0}],"interactionGraph":[{"id":"fa2d0","interactsWith":"e956d"}],"interactionType":"mim-catalysis"},{"networkType":"edge","gpmlType":"interaction","@type":["interaction"],"graphicalType":"path","markerEnd":"mimCatalysis","points":[{"x":534,"y":496.3333333333335,"isAttachedTo":"b576f","RelX":0,"anchor":[0.5,0,0,-1],"RelY":-1},{"x":534,"y":546,"isAttachedTo":"d0cfc","RelX":0,"anchor":[0.5,0.5,0,0],"RelY":0}],"interactionGraph":[{"id":"b576f","interactsWith":"d0cfc"}],"interactionType":"mim-catalysis"},{"networkType":"edge","gpmlType":"interaction","@type":["interaction"],"graphicalType":"path","markerEnd":"mimCatalysis","points":[{"x":448,"y":468,"isAttachedTo":"dba84","RelX":0,"anchor":[0.5,0,0,-1],"RelY":-1},{"x":446,"y":461.04817374136223,"isAttachedTo":"d4011","RelX":0,"anchor":[0.5,0.5,0,0],"RelY":0}],"interactionGraph":[{"id":"dba84","interactsWith":"d4011"}],"interactionType":"mim-catalysis"},{"networkType":"edge","gpmlType":"interaction","@type":["interaction"],"graphicalType":"path","markerEnd":"mimCatalysis","points":[{"x":567.4637681159429,"y":600.2463768115949,"isAttachedTo":"a0963","RelX":0,"anchor":[0.5,0,0,-1],"RelY":-1},{"x":567.7352941176471,"y":563,"isAttachedTo":"f84b9","RelX":0,"anchor":[0.5,0.5,0,0],"RelY":0}],"interactionGraph":[{"id":"a0963","interactsWith":"f84b9"}],"interactionType":"mim-catalysis"},{"networkType":"edge","gpmlType":"interaction","@type":["interaction"],"graphicalType":"path","markerEnd":"mimCatalysis","points":[{"x":848.038748137109,"y":719.8450074515644,"isAttachedTo":"fdb65","RelX":0,"anchor":[0.5,0,0,-1],"RelY":-1},{"x":848.5310015898251,"y":690,"isAttachedTo":"cf4a1","RelX":0,"anchor":[0.5,0.5,0,0],"RelY":0}],"interactionGraph":[{"id":"fdb65","interactsWith":"cf4a1"}],"interactionType":"mim-catalysis"},{"networkType":"edge","gpmlType":"interaction","@type":["interaction"],"graphicalType":"path","markerEnd":"mimCatalysis","points":[{"x":986.0869565217381,"y":619.9999999999999,"isAttachedTo":"e0167","RelX":-1,"anchor":[0,0.5,-1,0],"RelY":0},{"x":950,"y":620,"isAttachedTo":"c8633","RelX":0,"anchor":[0.5,0.5,0,0],"RelY":0}],"interactionGraph":[{"id":"e0167","interactsWith":"c8633"}],"interactionType":"mim-catalysis"},{"networkType":"edge","gpmlType":"interaction","@type":["interaction"],"graphicalType":"path","markerEnd":"mimCatalysis","points":[{"x":986.0869565217381,"y":478.00000000000006,"isAttachedTo":"e2a49","RelX":-1,"anchor":[0,0.5,-1,0],"RelY":0},{"x":950,"y":478,"isAttachedTo":"e0689","RelX":0,"anchor":[0.5,0.5,0,0],"RelY":0}],"interactionGraph":[{"id":"e2a49","interactsWith":"e0689"}],"interactionType":"mim-catalysis"},{"networkType":"edge","gpmlType":"interaction","@type":["interaction"],"graphicalType":"path","markerEnd":"mimCatalysis","points":[{"x":618,"y":1508,"isAttachedTo":"db948","RelX":0,"anchor":[0.5,0,0,-1],"RelY":-1},{"x":616,"y":1518,"isAttachedTo":"ad265","RelX":0,"anchor":[0.5,0.5,0,0],"RelY":0}],"interactionGraph":[{"id":"db948","interactsWith":"ad265"}],"interactionType":"mim-catalysis"},{"networkType":"edge","gpmlType":"interaction","@type":["interaction"],"graphicalType":"path","markerEnd":"mimCatalysis","points":[{"x":1046,"y":1634,"isAttachedTo":"ca8f4","RelX":0,"anchor":[0.5,0,0,-1],"RelY":-1},{"x":1029.3116060961313,"y":1644,"isAttachedTo":"ebd62","RelX":0,"anchor":[0.5,0.5,0,0],"RelY":0}],"interactionGraph":[{"id":"ca8f4","interactsWith":"ebd62"}],"interactionType":"mim-catalysis"},{"networkType":"edge","gpmlType":"interaction","@type":["interaction"],"graphicalType":"path","markerEnd":"mimCatalysis","points":[{"x":180,"y":1434,"isAttachedTo":"e172a","RelX":0,"anchor":[0.5,0,0,-1],"RelY":-1},{"x":180,"y":1442,"isAttachedTo":"dcef3","RelX":0,"anchor":[0.5,0.5,0,0],"RelY":0}],"interactionGraph":[{"id":"e172a","interactsWith":"dcef3"}],"interactionType":"mim-catalysis"},{"networkType":"edge","gpmlType":"interaction","@type":["interaction"],"graphicalType":"path","markerEnd":"mimCatalysis","points":[{"x":540,"y":1434,"isAttachedTo":"a6e17","RelX":0,"anchor":[0.5,0,0,-1],"RelY":-1},{"x":540,"y":1442,"isAttachedTo":"b75ad","RelX":0,"anchor":[0.5,0.5,0,0],"RelY":0}],"interactionGraph":[{"id":"a6e17","interactsWith":"b75ad"}],"interactionType":"mim-catalysis"},{"networkType":"edge","gpmlType":"interaction","@type":["interaction"],"graphicalType":"path","markerEnd":"mimCatalysis","points":[{"x":362,"y":1434,"isAttachedTo":"a662e","RelX":0,"anchor":[0.5,0,0,-1],"RelY":-1},{"x":362,"y":1442,"isAttachedTo":"ff604","RelX":0,"anchor":[0.5,0.5,0,0],"RelY":0}],"interactionGraph":[{"id":"a662e","interactsWith":"ff604"}],"interactionType":"mim-catalysis"},{"networkType":"node","nodeType":"Label","@type":["label"],"gpmlType":"label","graphicalType":"path"},{"networkType":"edge","gpmlType":"interaction","@type":["interaction"],"graphicalType":"path","markerEnd":"mimCatalysis","points":[{"x":990.4769001490308,"y":777.9999999999999,"isAttachedTo":"e5773","RelX":-1,"anchor":[0,0.5,-1,0],"RelY":0},{"x":950,"y":778,"isAttachedTo":"d727e","RelX":0,"anchor":[0.5,0.5,0,0],"RelY":0}],"interactionGraph":[{"id":"e5773","interactsWith":"d727e"}],"interactionType":"mim-catalysis"},{"networkType":"edge","gpmlType":"interaction","@type":["interaction"],"graphicalType":"path","markerEnd":"mimCatalysis","points":[{"x":782,"y":1160,"isAttachedTo":"eec70","RelX":0,"anchor":[0.5,0,0,-1],"RelY":-1},{"x":782,"y":1148,"isAttachedTo":"ebe5c","RelX":0,"anchor":[0.5,0.5,0,0],"RelY":0}],"interactionGraph":[{"id":"eec70","interactsWith":"ebe5c"}],"interactionType":"mim-catalysis"},{"networkType":"edge","gpmlType":"interaction","@type":["interaction"],"graphicalType":"path","markerEnd":"arrow","points":[{"x":1686,"y":546,"isAttachedTo":"e5d77","RelX":-1,"anchor":[0,0.5,-1,0],"RelY":0},{"x":1666,"y":546},{"x":1666,"y":604.2},{"x":1714,"y":604.2},{"x":1714,"y":624.2,"isAttachedTo":"b99ff","RelX":0,"anchor":[0.5,0,0,-1],"RelY":-1}],"interactionGraph":[{"id":"e5d77","interactsWith":"b99ff"}],"interactionType":"gpml:Arrow"},{"networkType":"edge","gpmlType":"interaction","@type":["interaction"],"graphicalType":"path","markerEnd":"mimCatalysis","points":[{"x":1654,"y":392,"isAttachedTo":"d786c","RelX":0,"anchor":[0.5,0,0,-1],"RelY":-1},{"x":1629.8334384858044,"y":402,"isAttachedTo":"f65a0","RelX":0,"anchor":[0.5,0.5,0,0],"RelY":0}],"interactionGraph":[{"id":"d786c","interactsWith":"f65a0"}],"interactionType":"mim-catalysis"},{"networkType":"edge","gpmlType":"interaction","@type":["interaction"],"graphicalType":"path","markerEnd":"mimCatalysis","points":[{"x":1452,"y":680,"isAttachedTo":"af82a","RelX":0,"anchor":[0.5,0,0,-1],"RelY":-1},{"x":1452,"y":690,"isAttachedTo":"ca5fe","RelX":0,"anchor":[0.5,0.5,0,0],"RelY":0}],"interactionGraph":[{"id":"af82a","interactsWith":"ca5fe"}],"interactionType":"mim-catalysis"},{"networkType":"edge","gpmlType":"interaction","@type":["interaction"],"graphicalType":"path","markerEnd":"mimCatalysis","points":[{"x":1000,"y":898,"isAttachedTo":"b8c67","RelX":0,"anchor":[0.5,0,0,-1],"RelY":-1},{"x":950,"y":908,"isAttachedTo":"ca512","RelX":0,"anchor":[0.5,0.5,0,0],"RelY":0}],"interactionGraph":[{"id":"b8c67","interactsWith":"ca512"}],"interactionType":"mim-catalysis"},{"networkType":"edge","gpmlType":"interaction","@type":["interaction"],"graphicalType":"path","markerEnd":"mimCatalysis","points":[{"x":900,"y":898,"isAttachedTo":"a925d","RelX":0,"anchor":[0.5,0,0,-1],"RelY":-1},{"x":950,"y":908,"isAttachedTo":"a12aa","RelX":0,"anchor":[0.5,0.5,0,0],"RelY":0}],"interactionGraph":[{"id":"a925d","interactsWith":"a12aa"}],"interactionType":"mim-catalysis"},{"networkType":"edge","gpmlType":"interaction","@type":["interaction"],"graphicalType":"path","markerEnd":"mimCatalysis","points":[{"x":698,"y":968,"isAttachedTo":"d6e15","RelX":0,"anchor":[0.5,0,0,-1],"RelY":-1},{"x":705.04,"y":978,"isAttachedTo":"a84de","RelX":0,"anchor":[0.5,0.5,0,0],"RelY":0}],"interactionGraph":[{"id":"d6e15","interactsWith":"a84de"}],"interactionType":"mim-catalysis"},{"networkType":"edge","gpmlType":"interaction","@type":["interaction"],"graphicalType":"path","markerEnd":"arrow","points":[{"x":1707.2,"y":689,"isAttachedTo":"a65a1","RelX":0,"anchor":[0.5,0,0,-1],"RelY":-1},{"x":1707.2,"y":709},{"x":1726,"y":709},{"x":1726,"y":556,"isAttachedTo":"e5d77","RelX":0,"anchor":[0.5,1,0,1],"RelY":1}],"interactionGraph":[{"id":"a65a1","interactsWith":"e5d77"}],"interactionType":"gpml:Arrow"},{"networkType":"edge","gpmlType":"interaction","@type":["interaction"],"graphicalType":"path","markerEnd":"mimCatalysis","points":[{"x":1654,"y":680,"isAttachedTo":"df494","RelX":0,"anchor":[0.5,0,0,-1],"RelY":-1},{"x":1654,"y":690,"isAttachedTo":"eafcb","RelX":0,"anchor":[0.5,0.5,0,0],"RelY":0}],"interactionGraph":[{"id":"df494","interactsWith":"eafcb"}],"interactionType":"mim-catalysis"},{"networkType":"edge","gpmlType":"interaction","@type":["interaction"],"graphicalType":"path","markerEnd":"mimCatalysis","points":[{"x":1452,"y":824,"isAttachedTo":"df3a2","RelX":0,"anchor":[0.5,0,0,-1],"RelY":-1},{"x":1402,"y":785.0422362783105,"isAttachedTo":"eb15a","RelX":0,"anchor":[0.5,0.5,0,0],"RelY":0}],"interactionGraph":[{"id":"df3a2","interactsWith":"eb15a"}],"interactionType":"mim-catalysis"},{"networkType":"edge","gpmlType":"interaction","@type":["interaction"],"graphicalType":"path","markerEnd":"mimCatalysis","points":[{"x":1604.6988457502614,"y":887.2465897166844,"isAttachedTo":"b5c96","RelX":-1,"anchor":[0,0.5,-1,0],"RelY":0},{"x":1560,"y":887.4502559537059,"isAttachedTo":"f3cce","RelX":0,"anchor":[0.5,0.5,0,0],"RelY":0}],"interactionGraph":[{"id":"b5c96","interactsWith":"f3cce"}],"interactionType":"mim-catalysis"},{"networkType":"edge","gpmlType":"interaction","@type":["interaction"],"graphicalType":"path","markerEnd":"mimCatalysis","points":[{"x":782,"y":1206,"isAttachedTo":"fa7d6","RelX":0,"anchor":[0.5,0,0,-1],"RelY":-1},{"x":798.9749530369443,"y":1301,"isAttachedTo":"b0565","RelX":0,"anchor":[0.5,0.5,0,0],"RelY":0}],"interactionGraph":[{"id":"fa7d6","interactsWith":"b0565"}],"interactionType":"mim-catalysis"},{"networkType":"edge","gpmlType":"interaction","@type":["interaction"],"graphicalType":"path","markerEnd":"mimCatalysis","points":[{"x":782,"y":1248,"isAttachedTo":"b9822","RelX":0,"anchor":[0.5,0,0,-1],"RelY":-1},{"x":799.6202976735226,"y":1343,"isAttachedTo":"e69de","RelX":0,"anchor":[0.5,0.5,0,0],"RelY":0}],"interactionGraph":[{"id":"b9822","interactsWith":"e69de"}],"interactionType":"mim-catalysis"},{"networkType":"edge","gpmlType":"interaction","@type":["interaction"],"graphicalType":"path","markerEnd":"mimCatalysis","points":[{"x":782,"y":1118,"isAttachedTo":"ca8f8","RelX":0,"anchor":[0.5,0,0,-1],"RelY":-1},{"x":782,"y":1148,"isAttachedTo":"eea26","RelX":0,"anchor":[0.5,0.5,0,0],"RelY":0}],"interactionGraph":[{"id":"ca8f8","interactsWith":"eea26"}],"interactionType":"mim-catalysis"},{"networkType":"edge","gpmlType":"interaction","@type":["interaction"],"graphicalType":"path","markerEnd":"mimCatalysis","points":[{"x":782,"y":1028,"isAttachedTo":"d82a2","RelX":0,"anchor":[0.5,0,0,-1],"RelY":-1},{"x":764.7507163323781,"y":1058,"isAttachedTo":"f8629","RelX":0,"anchor":[0.5,0.5,0,0],"RelY":0}],"interactionGraph":[{"id":"d82a2","interactsWith":"f8629"}],"interactionType":"mim-catalysis"},{"networkType":"edge","gpmlType":"interaction","@type":["interaction"],"graphicalType":"path","markerEnd":"mimCatalysis","points":[{"x":1774,"y":872,"isAttachedTo":"b0bfb","RelX":0,"anchor":[0.5,0,0,-1],"RelY":-1},{"x":1774,"y":882,"isAttachedTo":"a3911","RelX":0,"anchor":[0.5,0.5,0,0],"RelY":0}],"interactionGraph":[{"id":"b0bfb","interactsWith":"a3911"}],"interactionType":"mim-catalysis"},{"networkType":"edge","gpmlType":"interaction","@type":["interaction"],"graphicalType":"path","markerEnd":"mimCatalysis","points":[{"x":1452,"y":1016.2686253934944,"isAttachedTo":"c9729","RelX":0,"anchor":[0.5,0,0,-1],"RelY":-1},{"x":1452,"y":978,"isAttachedTo":"a10b8","RelX":0,"anchor":[0.5,0.5,0,0],"RelY":0}],"interactionGraph":[{"id":"c9729","interactsWith":"a10b8"}],"interactionType":"mim-catalysis"},{"networkType":"edge","gpmlType":"interaction","@type":["interaction"],"graphicalType":"path","markerEnd":"mimCatalysis","points":[{"x":1000,"y":898,"isAttachedTo":"b8c67","RelX":0,"anchor":[0.5,0,0,-1],"RelY":-1},{"x":950,"y":908,"isAttachedTo":"b8882","RelX":0,"anchor":[0.5,0.5,0,0],"RelY":0}],"interactionGraph":[{"id":"b8c67","interactsWith":"b8882"}],"interactionType":"mim-catalysis"},{"networkType":"edge","gpmlType":"interaction","@type":["interaction"],"graphicalType":"path","markerEnd":"mimCatalysis","points":[{"x":900,"y":898,"isAttachedTo":"a925d","RelX":0,"anchor":[0.5,0,0,-1],"RelY":-1},{"x":950,"y":908,"isAttachedTo":"f0ddc","RelX":0,"anchor":[0.5,0.5,0,0],"RelY":0}],"interactionGraph":[{"id":"a925d","interactsWith":"f0ddc"}],"interactionType":"mim-catalysis"},{"networkType":"edge","gpmlType":"interaction","@type":["interaction"],"graphicalType":"path","markerEnd":"mimCatalysis","points":[{"x":1566,"y":1046,"isAttachedTo":"f352b","RelX":0,"anchor":[0.5,0,0,-1],"RelY":-1},{"x":1568,"y":1056,"isAttachedTo":"e9f26","RelX":0,"anchor":[0.5,0.5,0,0],"RelY":0}],"interactionGraph":[{"id":"f352b","interactsWith":"e9f26"}],"interactionType":"mim-catalysis"},{"networkType":"edge","gpmlType":"interaction","@type":["interaction"],"graphicalType":"path","markerEnd":"mimCatalysis","points":[{"x":1046,"y":1564,"isAttachedTo":"d8c5f","RelX":0,"anchor":[0.5,0,0,-1],"RelY":-1},{"x":1046,"y":1572,"isAttachedTo":"a0998","RelX":0,"anchor":[0.5,0.5,0,0],"RelY":0}],"interactionGraph":[{"id":"d8c5f","interactsWith":"a0998"}],"interactionType":"mim-catalysis"},{"networkType":"edge","gpmlType":"interaction","@type":["interaction"],"graphicalType":"path","markerEnd":"mimCatalysis","points":[{"x":1774,"y":1046,"isAttachedTo":"fdd22","RelX":0,"anchor":[0.5,0,0,-1],"RelY":-1},{"x":1774,"y":1056,"isAttachedTo":"e169d","RelX":0,"anchor":[0.5,0.5,0,0],"RelY":0}],"interactionGraph":[{"id":"fdd22","interactsWith":"e169d"}],"interactionType":"mim-catalysis"},{"networkType":"edge","gpmlType":"interaction","@type":["interaction"],"graphicalType":"path","markerEnd":"mimCatalysis","points":[{"x":1501.0682056663195,"y":1215.999999999999,"isAttachedTo":"b76d0","RelX":1,"anchor":[1,0.5,1,0],"RelY":0},{"x":1568,"y":1216,"isAttachedTo":"ff7da","RelX":0,"anchor":[0.5,0.5,0,0],"RelY":0}],"interactionGraph":[{"id":"b76d0","interactsWith":"ff7da"}],"interactionType":"mim-catalysis"},{"networkType":"edge","gpmlType":"interaction","@type":["interaction"],"graphicalType":"path","markerEnd":"mimCatalysis","points":[{"x":1629.0682056663181,"y":1216,"isAttachedTo":"d094b","RelX":-1,"anchor":[0,0.5,-1,0],"RelY":0},{"x":1568,"y":1216,"isAttachedTo":"e1b11","RelX":0,"anchor":[0.5,0.5,0,0],"RelY":0}],"interactionGraph":[{"id":"d094b","interactsWith":"e1b11"}],"interactionType":"mim-catalysis"},{"networkType":"edge","gpmlType":"interaction","@type":["interaction"],"graphicalType":"path","markerEnd":"mimCatalysis","points":[{"x":1452,"y":392,"isAttachedTo":"b2246","RelX":0,"anchor":[0.5,0,0,-1],"RelY":-1},{"x":1469.2870496951782,"y":402,"isAttachedTo":"cb37b","RelX":0,"anchor":[0.5,0.5,0,0],"RelY":0}],"interactionGraph":[{"id":"b2246","interactsWith":"cb37b"}],"interactionType":"mim-catalysis"},{"networkType":"edge","gpmlType":"interaction","@type":["interaction"],"graphicalType":"path","markerEnd":"mimCatalysis","points":[{"x":1039.101428947138,"y":648.8237047427014,"isAttachedTo":"bf1d3","RelX":0,"anchor":[0.5,0,0,-1],"RelY":-1},{"x":1040,"y":690,"isAttachedTo":"adb96","RelX":0,"anchor":[0.5,0.5,0,0],"RelY":0}],"interactionGraph":[{"id":"bf1d3","interactsWith":"adb96"}],"interactionType":"mim-catalysis"},{"networkType":"edge","gpmlType":"interaction","@type":["interaction"],"graphicalType":"path","markerEnd":"mimCatalysis","points":[{"x":782,"y":1070,"isAttachedTo":"d1785","RelX":0,"anchor":[0.5,0,0,-1],"RelY":-1},{"x":750.9111747851002,"y":1058,"isAttachedTo":"f0c7d","RelX":0,"anchor":[0.5,0.5,0,0],"RelY":0}],"interactionGraph":[{"id":"d1785","interactsWith":"f0c7d"}],"interactionType":"mim-catalysis"},{"networkType":"edge","gpmlType":"interaction","@type":["interaction"],"graphicalType":"path","markerEnd":"mimCatalysis","points":[{"x":540,"y":1140,"isAttachedTo":"a5143","RelX":0,"anchor":[0.5,0,0,-1],"RelY":-1},{"x":540,"y":1148,"isAttachedTo":"e5e94","RelX":0,"anchor":[0.5,0.5,0,0],"RelY":0}],"interactionGraph":[{"id":"a5143","interactsWith":"e5e94"}],"interactionType":"mim-catalysis"},{"networkType":"edge","gpmlType":"interaction","@type":["interaction"],"graphicalType":"path","markerEnd":"mimCatalysis","points":[{"x":354,"y":1140,"isAttachedTo":"eee72","RelX":0,"anchor":[0.5,0,0,-1],"RelY":-1},{"x":354,"y":1148,"isAttachedTo":"a785c","RelX":0,"anchor":[0.5,0.5,0,0],"RelY":0}],"interactionGraph":[{"id":"eee72","interactsWith":"a785c"}],"interactionType":"mim-catalysis"},{"networkType":"edge","gpmlType":"interaction","@type":["interaction"],"graphicalType":"path","markerEnd":"mimCatalysis","points":[{"x":1566,"y":1498,"isAttachedTo":"b1596","RelX":0,"anchor":[0.5,0,0,-1],"RelY":-1},{"x":1568,"y":1508,"isAttachedTo":"ce6c0","RelX":0,"anchor":[0.5,0.5,0,0],"RelY":0}],"interactionGraph":[{"id":"b1596","interactsWith":"ce6c0"}],"interactionType":"mim-catalysis"},{"networkType":"edge","gpmlType":"interaction","@type":["interaction"],"graphicalType":"path","markerEnd":"mimCatalysis","points":[{"x":1566,"y":1352,"isAttachedTo":"c5d4f","RelX":0,"anchor":[0.5,0,0,-1],"RelY":-1},{"x":1568,"y":1362,"isAttachedTo":"ed0c0","RelX":0,"anchor":[0.5,0.5,0,0],"RelY":0}],"interactionGraph":[{"id":"c5d4f","interactsWith":"ed0c0"}],"interactionType":"mim-catalysis"},{"networkType":"edge","gpmlType":"interaction","@type":["interaction"],"graphicalType":"path","markerEnd":"mimCatalysis","points":[{"x":538,"y":948,"isAttachedTo":"f844d","RelX":0,"anchor":[0.5,0,0,-1],"RelY":-1},{"x":497.110085003673,"y":978,"isAttachedTo":"d7f0b","RelX":0,"anchor":[0.5,0.5,0,0],"RelY":0}],"interactionGraph":[{"id":"f844d","interactsWith":"d7f0b"}],"interactionType":"mim-catalysis"},{"networkType":"edge","gpmlType":"interaction","@type":["interaction"],"graphicalType":"path","markerEnd":"mimCatalysis","points":[{"x":538,"y":990,"isAttachedTo":"d5d32","RelX":0,"anchor":[0.5,0,0,-1],"RelY":-1},{"x":506,"y":1018.9379788015532,"isAttachedTo":"ae3bf","RelX":0,"anchor":[0.5,0.5,0,0],"RelY":0}],"interactionGraph":[{"id":"d5d32","interactsWith":"ae3bf"}],"interactionType":"mim-catalysis"},{"networkType":"edge","gpmlType":"interaction","@type":["interaction"],"graphicalType":"path","markerEnd":"mimCatalysis","points":[{"x":785,"y":409,"isAttachedTo":"cc10d","RelX":0,"anchor":[0.5,0,0,-1],"RelY":-1},{"x":890,"y":468.55555555555554,"isAttachedTo":"dbc43","RelX":0,"anchor":[0.5,0.5,0,0],"RelY":0}],"interactionGraph":[{"id":"cc10d","interactsWith":"dbc43"}],"interactionType":"mim-catalysis"},{"networkType":"edge","gpmlType":"interaction","@type":["interaction"],"graphicalType":"path","markerEnd":"mimCatalysis","points":[{"x":812,"y":526,"isAttachedTo":"f3df3","RelX":0,"anchor":[0.5,0,0,-1],"RelY":-1},{"x":890,"y":468.55555555555554,"isAttachedTo":"efe58","RelX":0,"anchor":[0.5,0.5,0,0],"RelY":0}],"interactionGraph":[{"id":"f3df3","interactsWith":"efe58"}],"interactionType":"mim-catalysis"},{"networkType":"edge","gpmlType":"interaction","@type":["interaction"],"graphicalType":"path","markerEnd":"mimCatalysis","points":[{"x":785,"y":409,"isAttachedTo":"cc10d","RelX":0,"anchor":[0.5,0,0,-1],"RelY":-1},{"x":890,"y":468.55555555555554,"isAttachedTo":"e61ca","RelX":0,"anchor":[0.5,0.5,0,0],"RelY":0}],"interactionGraph":[{"id":"cc10d","interactsWith":"e61ca"}],"interactionType":"mim-catalysis"},{"networkType":"edge","gpmlType":"interaction","@type":["interaction"],"graphicalType":"path","markerEnd":"mimCatalysis","points":[{"x":812,"y":526,"isAttachedTo":"f3df3","RelX":0,"anchor":[0.5,0,0,-1],"RelY":-1},{"x":890,"y":468.55555555555554,"isAttachedTo":"f16a5","RelX":0,"anchor":[0.5,0.5,0,0],"RelY":0}],"interactionGraph":[{"id":"f3df3","interactsWith":"f16a5"}],"interactionType":"mim-catalysis"},{"networkType":"edge","gpmlType":"interaction","@type":["interaction"],"graphicalType":"path","points":[{"x":512.0493179433362,"y":205.95068205666317,"isAttachedTo":"c3436","RelX":1,"anchor":[1,0.5,1,0],"RelY":0},{"x":545,"y":205.95068205666317},{"x":545,"y":392,"isAttachedTo":"db0b9","RelX":0,"anchor":[0.5,0,0,-1],"RelY":-1}]},{"networkType":"edge","gpmlType":"interaction","@type":["interaction"],"graphicalType":"path","points":[{"x":525,"y":392,"isAttachedTo":"db0b9","RelX":-0.5,"anchor":[0.25,0,0,-1],"RelY":-1},{"x":525,"y":412},{"x":388.5,"y":412},{"x":388.5,"y":283,"isAttachedTo":"b3021","RelX":0,"anchor":[0.5,1,0,1],"RelY":1}]},{"networkType":"node","nodeType":"DataNode","dataNodeType":"GeneProduct","@type":["DataNode","GeneProduct","datanode"],"gpmlType":"datanode","graphicalType":"path","datasourceReference":{"database":"Kegg ortholog","id":"K02821...","organism":"Mycobacterium tuberculosis"}},{"networkType":"node","nodeType":"DataNode","dataNodeType":"GeneProduct","@type":["DataNode","GeneProduct","datanode"],"gpmlType":"datanode","graphicalType":"path","datasourceReference":{"database":"Kegg ortholog","id":"K02821...","organism":"Mycobacterium tuberculosis"}},{"networkType":"node","nodeType":"DataNode","dataNodeType":"GeneProduct","@type":["DataNode","GeneProduct","datanode"],"gpmlType":"datanode","graphicalType":"path","datasourceReference":{"database":"Kegg ortholog","id":"K00103","organism":"Mycobacterium tuberculosis"}},{"networkType":"node","nodeType":"DataNode","dataNodeType":"GeneProduct","@type":["DataNode","GeneProduct","datanode"],"gpmlType":"datanode","graphicalType":"path","datasourceReference":{"database":"Kegg ortholog","id":"K02821...","organism":"Mycobacterium tuberculosis"}},{"networkType":"node","nodeType":"DataNode","dataNodeType":"GeneProduct","@type":["DataNode","GeneProduct","datanode"],"gpmlType":"datanode","graphicalType":"path","datasourceReference":{"database":"Kegg ortholog","id":"K03476","organism":"Mycobacterium tuberculosis"}},{"networkType":"node","nodeType":"DataNode","dataNodeType":"GeneProduct","@type":["DataNode","GeneProduct","datanode"],"gpmlType":"datanode","graphicalType":"path","datasourceReference":{"database":"Kegg ortholog","id":"K00064","organism":"Mycobacterium tuberculosis"}},{"networkType":"node","nodeType":"DataNode","dataNodeType":"GeneProduct","@type":["DataNode","GeneProduct","datanode"],"gpmlType":"datanode","graphicalType":"path","datasourceReference":{"database":"Kegg ortholog","id":"K10047","organism":"Mycobacterium tuberculosis"}},{"networkType":"node","nodeType":"DataNode","dataNodeType":"GeneProduct","@type":["DataNode","GeneProduct","datanode"],"gpmlType":"datanode","graphicalType":"path","datasourceReference":{"database":"Kegg ortholog","id":"K10046","organism":"Mycobacterium tuberculosis"}},{"networkType":"node","nodeType":"DataNode","dataNodeType":"GeneProduct","@type":["DataNode","GeneProduct","datanode"],"gpmlType":"datanode","graphicalType":"path","datasourceReference":{"database":"Kegg ortholog","id":"K10046","organism":"Mycobacterium tuberculosis"}},{"networkType":"node","nodeType":"DataNode","dataNodeType":"GeneProduct","@type":["DataNode","GeneProduct","datanode"],"gpmlType":"datanode","graphicalType":"path","datasourceReference":{"database":"Kegg ortholog","id":"K10046","organism":"Mycobacterium tuberculosis"}},{"networkType":"node","nodeType":"DataNode","dataNodeType":"GeneProduct","@type":["DataNode","GeneProduct","datanode"],"gpmlType":"datanode","graphicalType":"path","datasourceReference":{"database":"Kegg ortholog","id":"K00469","organism":"Mycobacterium tuberculosis"}},{"networkType":"node","nodeType":"DataNode","dataNodeType":"GeneProduct","@type":["DataNode","GeneProduct","datanode"],"gpmlType":"datanode","graphicalType":"path","datasourceReference":{"database":"Kegg ortholog","id":"K00880","organism":"Mycobacterium tuberculosis"}},{"networkType":"node","nodeType":"DataNode","dataNodeType":"GeneProduct","@type":["DataNode","GeneProduct","datanode"],"gpmlType":"datanode","graphicalType":"path","datasourceReference":{"database":"Kegg ortholog","id":"K08092","organism":"Mycobacterium tuberculosis"}},{"networkType":"node","nodeType":"DataNode","dataNodeType":"GeneProduct","@type":["DataNode","GeneProduct","datanode"],"gpmlType":"datanode","graphicalType":"path","datasourceReference":{"database":"TubercuList","id":"Rv0322","organism":"Mycobacterium tuberculosis"}},{"networkType":"node","nodeType":"DataNode","dataNodeType":"Metabolite","@type":["DataNode","Metabolite","datanode"],"gpmlType":"datanode","graphicalType":"path","datasourceReference":{"database":"KEGG Compound","id":"C00137","organism":"Mycobacterium tuberculosis"}},{"networkType":"node","nodeType":"DataNode","dataNodeType":"Metabolite","@type":["DataNode","Metabolite","datanode"],"gpmlType":"datanode","graphicalType":"path","datasourceReference":{"database":"KEGG Compound","id":"C05385","organism":"Mycobacterium tuberculosis"}},{"networkType":"node","nodeType":"DataNode","dataNodeType":"Metabolite","@type":["DataNode","Metabolite","datanode"],"gpmlType":"datanode","graphicalType":"path","datasourceReference":{"database":"KEGG Compound","id":"C00167","organism":"Mycobacterium tuberculosis"}},{"networkType":"node","nodeType":"DataNode","dataNodeType":"Metabolite","@type":["DataNode","Metabolite","datanode"],"gpmlType":"datanode","graphicalType":"path","datasourceReference":{"database":"KEGG Compound","id":"C00029","organism":"Mycobacterium tuberculosis"}},{"networkType":"node","nodeType":"DataNode","dataNodeType":"Metabolite","@type":["DataNode","Metabolite","datanode"],"gpmlType":"datanode","graphicalType":"path","datasourceReference":{"database":"KEGG Compound","id":"C16186","organism":"Mycobacterium tuberculosis"}},{"networkType":"node","nodeType":"DataNode","dataNodeType":"Metabolite","@type":["DataNode","Metabolite","datanode"],"gpmlType":"datanode","graphicalType":"path","datasourceReference":{"database":"KEGG Compound","id":"C01825","organism":"Mycobacterium tuberculosis"}},{"networkType":"node","nodeType":"DataNode","dataNodeType":"Metabolite","@type":["DataNode","Metabolite","datanode"],"gpmlType":"datanode","graphicalType":"path","datasourceReference":{"database":"KEGG Compound","id":"C15930","organism":"Mycobacterium tuberculosis"}},{"networkType":"node","nodeType":"DataNode","dataNodeType":"Metabolite","@type":["DataNode","Metabolite","datanode"],"gpmlType":"datanode","graphicalType":"path","datasourceReference":{"database":"KEGG Compound","id":"C15926","organism":"Mycobacterium tuberculosis"}},{"networkType":"node","nodeType":"DataNode","dataNodeType":"Metabolite","@type":["DataNode","Metabolite","datanode"],"gpmlType":"datanode","graphicalType":"path","datasourceReference":{"database":"KEGG Compound","id":"C15923","organism":"Mycobacterium tuberculosis"}},{"networkType":"node","nodeType":"DataNode","dataNodeType":"Metabolite","@type":["DataNode","Metabolite","datanode"],"gpmlType":"datanode","graphicalType":"path","datasourceReference":{"database":"KEGG Compound","id":"C15925","organism":"Mycobacterium tuberculosis"}},{"networkType":"node","nodeType":"DataNode","dataNodeType":"Metabolite","@type":["DataNode","Metabolite","datanode"],"gpmlType":"datanode","graphicalType":"path","datasourceReference":{"database":"KEGG Compound","id":"C02280","organism":"Mycobacterium tuberculosis"}},{"networkType":"node","nodeType":"DataNode","dataNodeType":"Metabolite","@type":["DataNode","Metabolite","datanode"],"gpmlType":"datanode","graphicalType":"path","datasourceReference":{"database":"KEGG Compound","id":"C00096","organism":"Mycobacterium tuberculosis"}},{"networkType":"node","nodeType":"DataNode","dataNodeType":"Metabolite","@type":["DataNode","Metabolite","datanode"],"gpmlType":"datanode","graphicalType":"path","datasourceReference":{"database":"KEGG Compound","id":"C00231","organism":"Mycobacterium tuberculosis"}},{"networkType":"node","nodeType":"DataNode","dataNodeType":"Metabolite","@type":["DataNode","Metabolite","datanode"],"gpmlType":"datanode","graphicalType":"path","datasourceReference":{"database":"KEGG Compound","id":"C01101","organism":"Mycobacterium tuberculosis"}},{"networkType":"node","nodeType":"DataNode","dataNodeType":"Metabolite","@type":["DataNode","Metabolite","datanode"],"gpmlType":"datanode","graphicalType":"path","datasourceReference":{"database":"KEGG Compound","id":"C03291","organism":"Mycobacterium tuberculosis"}},{"networkType":"node","nodeType":"DataNode","dataNodeType":"Metabolite","@type":["DataNode","Metabolite","datanode"],"gpmlType":"datanode","graphicalType":"path","datasourceReference":{"database":"KEGG Compound","id":"C14899","organism":"Mycobacterium tuberculosis"}},{"networkType":"node","nodeType":"DataNode","dataNodeType":"GeneProduct","@type":["DataNode","GeneProduct","datanode"],"gpmlType":"datanode","graphicalType":"path","datasourceReference":{"database":"Kegg ortholog","id":"K03077","organism":"Mycobacterium tuberculosis"}},{"networkType":"node","nodeType":"DataNode","dataNodeType":"GeneProduct","@type":["DataNode","GeneProduct","datanode"],"gpmlType":"datanode","graphicalType":"path","datasourceReference":{"database":"Kegg ortholog","id":"K03078","organism":"Mycobacterium tuberculosis"}},{"networkType":"node","nodeType":"DataNode","dataNodeType":"GeneProduct","@type":["DataNode","GeneProduct","datanode"],"gpmlType":"datanode","graphicalType":"path","datasourceReference":{"database":"Kegg ortholog","id":"K03079","organism":"Mycobacterium tuberculosis"}},{"networkType":"node","nodeType":"DataNode","dataNodeType":"GeneProduct","@type":["DataNode","GeneProduct","datanode"],"gpmlType":"datanode","graphicalType":"path","datasourceReference":{"database":"Kegg ortholog","id":"K00225","organism":"Mycobacterium tuberculosis"}},{"networkType":"node","nodeType":"DataNode","dataNodeType":"GeneProduct","@type":["DataNode","GeneProduct","datanode"],"gpmlType":"datanode","graphicalType":"path","datasourceReference":{"database":"Kegg ortholog","id":"K01630","organism":"Mycobacterium tuberculosis"}},{"networkType":"node","nodeType":"DataNode","dataNodeType":"GeneProduct","@type":["DataNode","GeneProduct","datanode"],"gpmlType":"datanode","graphicalType":"path","datasourceReference":{"database":"Kegg ortholog","id":"K01706","organism":"Mycobacterium tuberculosis"}},{"networkType":"node","nodeType":"DataNode","dataNodeType":"GeneProduct","@type":["DataNode","GeneProduct","datanode"],"gpmlType":"datanode","graphicalType":"path","datasourceReference":{"database":"Kegg ortholog","id":"K00103","organism":"Mycobacterium tuberculosis"}},{"networkType":"node","nodeType":"DataNode","dataNodeType":"GeneProduct","@type":["DataNode","GeneProduct","datanode"],"gpmlType":"datanode","graphicalType":"path","datasourceReference":{"database":"Kegg ortholog","id":"K01630","organism":"Mycobacterium tuberculosis"}},{"networkType":"node","nodeType":"DataNode","dataNodeType":"GeneProduct","@type":["DataNode","GeneProduct","datanode"],"gpmlType":"datanode","graphicalType":"path","datasourceReference":{"database":"Kegg ortholog","id":"K01708","organism":"Mycobacterium tuberculosis"}},{"networkType":"node","nodeType":"DataNode","dataNodeType":"GeneProduct","@type":["DataNode","GeneProduct","datanode"],"gpmlType":"datanode","graphicalType":"path","datasourceReference":{"database":"Kegg ortholog","id":"K01707","organism":"Mycobacterium tuberculosis"}},{"networkType":"node","nodeType":"DataNode","dataNodeType":"GeneProduct","@type":["DataNode","GeneProduct","datanode"],"gpmlType":"datanode","graphicalType":"path","datasourceReference":{"database":"Kegg ortholog","id":"K00434","organism":"Mycobacterium tuberculosis"}},{"networkType":"node","nodeType":"DataNode","dataNodeType":"GeneProduct","@type":["DataNode","GeneProduct","datanode"],"gpmlType":"datanode","graphicalType":"path","datasourceReference":{"database":"Kegg ortholog","id":"K00423","organism":"Mycobacterium tuberculosis"}},{"networkType":"node","nodeType":"DataNode","dataNodeType":"GeneProduct","@type":["DataNode","GeneProduct","datanode"],"gpmlType":"datanode","graphicalType":"path","datasourceReference":{"database":"Kegg ortholog","id":"K08232","organism":"Mycobacterium tuberculosis"}},{"networkType":"node","nodeType":"DataNode","dataNodeType":"GeneProduct","@type":["DataNode","GeneProduct","datanode"],"gpmlType":"datanode","graphicalType":"path","datasourceReference":{"database":"Kegg ortholog","id":"K01053","organism":"Mycobacterium tuberculosis"}},{"networkType":"node","nodeType":"DataNode","dataNodeType":"GeneProduct","@type":["DataNode","GeneProduct","datanode"],"gpmlType":"datanode","graphicalType":"path","datasourceReference":{"database":"Kegg ortholog","id":"K01706","organism":"Mycobacterium tuberculosis"}},{"networkType":"node","nodeType":"DataNode","dataNodeType":"GeneProduct","@type":["DataNode","GeneProduct","datanode"],"gpmlType":"datanode","graphicalType":"path","datasourceReference":{"database":"TubercuList","id":"Rv0147","organism":"Mycobacterium tuberculosis"}},{"networkType":"node","nodeType":"DataNode","dataNodeType":"GeneProduct","@type":["DataNode","GeneProduct","datanode"],"gpmlType":"datanode","graphicalType":"path","datasourceReference":{"database":"TubercuList","id":"Rv0458","organism":"Mycobacterium tuberculosis"}},{"networkType":"node","nodeType":"DataNode","dataNodeType":"GeneProduct","@type":["DataNode","GeneProduct","datanode"],"gpmlType":"datanode","graphicalType":"path","datasourceReference":{"database":"TubercuList","id":"Rv0768","organism":"Mycobacterium tuberculosis"}},{"networkType":"node","nodeType":"DataNode","dataNodeType":"GeneProduct","@type":["DataNode","GeneProduct","datanode"],"gpmlType":"datanode","graphicalType":"path","datasourceReference":{"database":"Kegg ortholog","id":"K00225","organism":"Mycobacterium tuberculosis"}},{"networkType":"node","nodeType":"DataNode","dataNodeType":"GeneProduct","@type":["DataNode","GeneProduct","datanode"],"gpmlType":"datanode","graphicalType":"path","datasourceReference":{"database":"TubercuList","id":"Rv2858c","organism":"Mycobacterium tuberculosis"}},{"networkType":"node","nodeType":"DataNode","dataNodeType":"GeneProduct","@type":["DataNode","GeneProduct","datanode"],"gpmlType":"datanode","graphicalType":"path","datasourceReference":{"database":"Kegg ortholog","id":"K05276","organism":"Mycobacterium tuberculosis"}},{"networkType":"node","nodeType":"DataNode","dataNodeType":"Metabolite","@type":["DataNode","Metabolite","datanode"],"gpmlType":"datanode","graphicalType":"path","datasourceReference":{"database":"KEGG Compound","id":"C02670","organism":"Mycobacterium tuberculosis"}},{"networkType":"node","nodeType":"DataNode","dataNodeType":"Metabolite","@type":["DataNode","Metabolite","datanode"],"gpmlType":"datanode","graphicalType":"path","datasourceReference":{"database":"KEGG Compound","id":"C00191","organism":"Mycobacterium tuberculosis"}},{"networkType":"node","nodeType":"DataNode","dataNodeType":"Metabolite","@type":["DataNode","Metabolite","datanode"],"gpmlType":"datanode","graphicalType":"path","datasourceReference":{"database":"KEGG Compound","id":"C03921","organism":"Mycobacterium tuberculosis"}},{"networkType":"node","nodeType":"DataNode","dataNodeType":"Metabolite","@type":["DataNode","Metabolite","datanode"],"gpmlType":"datanode","graphicalType":"path","datasourceReference":{"database":"KEGG Compound","id":"C00818","organism":"Mycobacterium tuberculosis"}},{"networkType":"node","nodeType":"DataNode","dataNodeType":"Metabolite","@type":["DataNode","Metabolite","datanode"],"gpmlType":"datanode","graphicalType":"path","datasourceReference":{"database":"KEGG Compound","id":"C01040","organism":"Mycobacterium tuberculosis"}},{"networkType":"node","nodeType":"DataNode","dataNodeType":"Metabolite","@type":["DataNode","Metabolite","datanode"],"gpmlType":"datanode","graphicalType":"path","datasourceReference":{"database":"KEGG Compound","id":"C00800","organism":"Mycobacterium tuberculosis"}},{"networkType":"node","nodeType":"DataNode","dataNodeType":"Metabolite","@type":["DataNode","Metabolite","datanode"],"gpmlType":"datanode","graphicalType":"path","datasourceReference":{"database":"KEGG Compound","id":"C01146","organism":"Mycobacterium tuberculosis"}},{"networkType":"node","nodeType":"DataNode","dataNodeType":"Metabolite","@type":["DataNode","Metabolite","datanode"],"gpmlType":"datanode","graphicalType":"path","datasourceReference":{"database":"KEGG Compound","id":"C00333","organism":"Mycobacterium tuberculosis"}},{"networkType":"node","nodeType":"DataNode","dataNodeType":"Metabolite","@type":["DataNode","Metabolite","datanode"],"gpmlType":"datanode","graphicalType":"path","datasourceReference":{"database":"KEGG Compound","id":"C03289","organism":"Mycobacterium tuberculosis"}},{"networkType":"node","nodeType":"DataNode","dataNodeType":"Metabolite","@type":["DataNode","Metabolite","datanode"],"gpmlType":"datanode","graphicalType":"path","datasourceReference":{"database":"KEGG Compound","id":"C00022","organism":"Mycobacterium tuberculosis"}},{"networkType":"node","nodeType":"DataNode","dataNodeType":"Metabolite","@type":["DataNode","Metabolite","datanode"],"gpmlType":"datanode","graphicalType":"path","datasourceReference":{"database":"KEGG Compound","id":"C00679","organism":"Mycobacterium tuberculosis"}},{"networkType":"node","nodeType":"DataNode","dataNodeType":"Metabolite","@type":["DataNode","Metabolite","datanode"],"gpmlType":"datanode","graphicalType":"path","datasourceReference":{"database":"KEGG Compound","id":"C00879","organism":"Mycobacterium tuberculosis"}},{"networkType":"node","nodeType":"DataNode","dataNodeType":"Metabolite","@type":["DataNode","Metabolite","datanode"],"gpmlType":"datanode","graphicalType":"path","datasourceReference":{"database":"KEGG Compound","id":"C00072","organism":"Mycobacterium tuberculosis"}},{"networkType":"node","nodeType":"DataNode","dataNodeType":"Metabolite","@type":["DataNode","Metabolite","datanode"],"gpmlType":"datanode","graphicalType":"path","datasourceReference":{"database":"KEGG Compound","id":"C00433","organism":"Mycobacterium tuberculosis"}},{"networkType":"node","nodeType":"DataNode","dataNodeType":"Metabolite","@type":["DataNode","Metabolite","datanode"],"gpmlType":"datanode","graphicalType":"path","datasourceReference":{"database":"KEGG Compound","id":"C00026","organism":"Mycobacterium tuberculosis"}},{"networkType":"node","nodeType":"DataNode","dataNodeType":"Metabolite","@type":["DataNode","Metabolite","datanode"],"gpmlType":"datanode","graphicalType":"path","datasourceReference":{"database":"KEGG Compound","id":"C05422","organism":"Mycobacterium tuberculosis"}},{"networkType":"node","nodeType":"DataNode","dataNodeType":"Metabolite","@type":["DataNode","Metabolite","datanode"],"gpmlType":"datanode","graphicalType":"path","datasourceReference":{"database":"KEGG Compound","id":"C01041","organism":"Mycobacterium tuberculosis"}},{"networkType":"node","nodeType":"DataNode","dataNodeType":"Metabolite","@type":["DataNode","Metabolite","datanode"],"gpmlType":"datanode","graphicalType":"path","datasourceReference":{"database":"KEGG Compound","id":"C05406","organism":"Mycobacterium tuberculosis"}},{"networkType":"node","nodeType":"DataNode","dataNodeType":"Metabolite","@type":["DataNode","Metabolite","datanode"],"gpmlType":"datanode","graphicalType":"path","datasourceReference":{"database":"KEGG Compound","id":"C04575","organism":"Mycobacterium tuberculosis"}},{"networkType":"node","nodeType":"DataNode","dataNodeType":"Metabolite","@type":["DataNode","Metabolite","datanode"],"gpmlType":"datanode","graphicalType":"path","datasourceReference":{"database":"KEGG Compound","id":"C00259","organism":"Mycobacterium tuberculosis"}},{"networkType":"node","nodeType":"DataNode","dataNodeType":"Metabolite","@type":["DataNode","Metabolite","datanode"],"gpmlType":"datanode","graphicalType":"path","datasourceReference":{"database":"KEGG Compound","id":"C00684","organism":"Mycobacterium tuberculosis"}},{"networkType":"node","nodeType":"DataNode","dataNodeType":"Metabolite","@type":["DataNode","Metabolite","datanode"],"gpmlType":"datanode","graphicalType":"path","datasourceReference":{"database":"KEGG Compound","id":"C05411","organism":"Mycobacterium tuberculosis"}},{"networkType":"node","nodeType":"DataNode","dataNodeType":"Metabolite","@type":["DataNode","Metabolite","datanode"],"gpmlType":"datanode","graphicalType":"path","datasourceReference":{"database":"KEGG Compound","id":"C05412","organism":"Mycobacterium tuberculosis"}},{"networkType":"node","nodeType":"DataNode","dataNodeType":"Metabolite","@type":["DataNode","Metabolite","datanode"],"gpmlType":"datanode","graphicalType":"path","datasourceReference":{"database":"KEGG Compound","id":"C03826","organism":"Mycobacterium tuberculosis"}},{"networkType":"node","nodeType":"DataNode","dataNodeType":"Metabolite","@type":["DataNode","Metabolite","datanode"],"gpmlType":"datanode","graphicalType":"path","datasourceReference":{"database":"KEGG Compound","id":"C00545","organism":"Mycobacterium tuberculosis"}},{"networkType":"node","nodeType":"DataNode","dataNodeType":"Metabolite","@type":["DataNode","Metabolite","datanode"],"gpmlType":"datanode","graphicalType":"path","datasourceReference":{"database":"KEGG Compound","id":"C01620","organism":"Mycobacterium tuberculosis"}},{"networkType":"node","nodeType":"DataNode","dataNodeType":"Metabolite","@type":["DataNode","Metabolite","datanode"],"gpmlType":"datanode","graphicalType":"path","datasourceReference":{"database":"KEGG Compound","id":"C03064","organism":"Mycobacterium tuberculosis"}},{"networkType":"node","nodeType":"DataNode","dataNodeType":"Metabolite","@type":["DataNode","Metabolite","datanode"],"gpmlType":"datanode","graphicalType":"path","datasourceReference":{"database":"KEGG Compound","id":"C01114","organism":"Mycobacterium tuberculosis"}},{"networkType":"node","nodeType":"DataNode","dataNodeType":"Metabolite","@type":["DataNode","Metabolite","datanode"],"gpmlType":"datanode","graphicalType":"path","datasourceReference":{"database":"KEGG Compound","id":"C01115","organism":"Mycobacterium tuberculosis"}},{"networkType":"node","nodeType":"DataNode","dataNodeType":"Metabolite","@type":["DataNode","Metabolite","datanode"],"gpmlType":"datanode","graphicalType":"path","datasourceReference":{"database":"KEGG Compound","id":"C00618","organism":"Mycobacterium tuberculosis"}},{"networkType":"node","nodeType":"DataNode","dataNodeType":"GeneProduct","@type":["DataNode","GeneProduct","datanode"],"gpmlType":"datanode","graphicalType":"path","datasourceReference":{"database":"Kegg ortholog","id":"K00699","organism":"Mycobacterium tuberculosis"}},{"networkType":"node","nodeType":"DataNode","dataNodeType":"Metabolite","@type":["DataNode","Metabolite","datanode"],"gpmlType":"datanode","graphicalType":"path","datasourceReference":{"database":"KEGG Compound","id":"C15924","organism":"Mycobacterium tuberculosis"}},{"networkType":"node","nodeType":"DataNode","dataNodeType":"GeneProduct","@type":["DataNode","GeneProduct","datanode"],"gpmlType":"datanode","graphicalType":"path","datasourceReference":{"database":"Enzyme Nomenclature","id":"2.7.1.43","organism":"Mycobacterium tuberculosis"}},{"networkType":"node","nodeType":"DataNode","dataNodeType":"GeneProduct","@type":["DataNode","GeneProduct","datanode"],"gpmlType":"datanode","graphicalType":"path","datasourceReference":{"database":"Enzyme Nomenclature","id":"3.1.1.-","organism":"Mycobacterium tuberculosis"}},{"networkType":"node","nodeType":"DataNode","dataNodeType":"GeneProduct","@type":["DataNode","GeneProduct","datanode"],"gpmlType":"datanode","graphicalType":"path","datasourceReference":{"database":"Enzyme Nomenclature","id":"1.1.1.-","organism":"Mycobacterium tuberculosis"}},{"networkType":"node","nodeType":"DataNode","dataNodeType":"GeneProduct","@type":["DataNode","GeneProduct","datanode"],"gpmlType":"datanode","graphicalType":"path","datasourceReference":{"database":"Enzyme Nomenclature","id":"2.7.7.44","organism":"Mycobacterium tuberculosis"}},{"networkType":"node","nodeType":"DataNode","dataNodeType":"GeneProduct","@type":["DataNode","GeneProduct","datanode"],"gpmlType":"datanode","graphicalType":"path","datasourceReference":{"database":"Enzyme Nomenclature","id":"4.1.1.-","organism":"Mycobacterium tuberculosis"}},{"networkType":"node","nodeType":"DataNode","dataNodeType":"GeneProduct","@type":["DataNode","GeneProduct","datanode"],"gpmlType":"datanode","graphicalType":"path","datasourceReference":{"database":"Enzyme Nomenclature","id":"1.1.1.20","organism":"Mycobacterium tuberculosis"}},{"networkType":"node","nodeType":"DataNode","dataNodeType":"GeneProduct","@type":["DataNode","GeneProduct","datanode"],"gpmlType":"datanode","graphicalType":"path","datasourceReference":{"database":"Enzyme Nomenclature","id":"1.1.1.19","organism":"Mycobacterium tuberculosis"}},{"networkType":"node","nodeType":"DataNode","dataNodeType":"GeneProduct","@type":["DataNode","GeneProduct","datanode"],"gpmlType":"datanode","graphicalType":"path","datasourceReference":{"database":"Enzyme Nomenclature","id":"3.1.1.25","organism":"Mycobacterium tuberculosis"}},{"networkType":"node","nodeType":"DataNode","dataNodeType":"GeneProduct","@type":["DataNode","GeneProduct","datanode"],"gpmlType":"datanode","graphicalType":"path","datasourceReference":{"database":"Enzyme Nomenclature","id":"1.8.5.1","organism":"Mycobacterium tuberculosis"}},{"networkType":"node","nodeType":"DataNode","dataNodeType":"GeneProduct","@type":["DataNode","GeneProduct","datanode"],"gpmlType":"datanode","graphicalType":"path","datasourceReference":{"database":"Enzyme Nomenclature","id":"3.7.1.-","organism":"Mycobacterium tuberculosis"}},{"networkType":"node","nodeType":"DataNode","dataNodeType":"GeneProduct","@type":["DataNode","GeneProduct","datanode"],"gpmlType":"datanode","graphicalType":"path","datasourceReference":{"database":"Enzyme Nomenclature","id":"1.2.1.26","organism":"Mycobacterium tuberculosis"}},{"networkType":"node","nodeType":"DataNode","dataNodeType":"GeneProduct","@type":["DataNode","GeneProduct","datanode"],"gpmlType":"datanode","graphicalType":"path","datasourceReference":{"database":"Enzyme Nomenclature","id":"4.2.1.43","organism":"Mycobacterium tuberculosis"}},{"networkType":"node","nodeType":"DataNode","dataNodeType":"GeneProduct","@type":["DataNode","GeneProduct","datanode"],"gpmlType":"datanode","graphicalType":"path","datasourceReference":{"database":"Enzyme Nomenclature","id":"4.1.1.-","organism":"Mycobacterium tuberculosis"}},{"networkType":"node","nodeType":"DataNode","dataNodeType":"GeneProduct","@type":["DataNode","GeneProduct","datanode"],"gpmlType":"datanode","graphicalType":"path","datasourceReference":{"database":"Enzyme Nomenclature","id":"1.1.1.-","organism":"Mycobacterium tuberculosis"}},{"networkType":"node","nodeType":"DataNode","dataNodeType":"GeneProduct","@type":["DataNode","GeneProduct","datanode"],"gpmlType":"datanode","graphicalType":"path","datasourceReference":{"database":"Enzyme Nomenclature","id":"4.2.1.25","organism":"Mycobacterium tuberculosis"}},{"networkType":"node","nodeType":"DataNode","dataNodeType":"GeneProduct","@type":["DataNode","GeneProduct","datanode"],"gpmlType":"datanode","graphicalType":"path","datasourceReference":{"database":"Enzyme Nomenclature","id":"4.2.1.25","organism":"Mycobacterium tuberculosis"}},{"networkType":"node","nodeType":"DataNode","dataNodeType":"GeneProduct","@type":["DataNode","GeneProduct","datanode"],"gpmlType":"datanode","graphicalType":"path","datasourceReference":{"database":"Enzyme Nomenclature","id":"3.1.1.19","organism":"Mycobacterium tuberculosis"}},{"networkType":"node","nodeType":"DataNode","dataNodeType":"GeneProduct","@type":["DataNode","GeneProduct","datanode"],"gpmlType":"datanode","graphicalType":"path","datasourceReference":{"database":"Enzyme Nomenclature","id":"1.14.-.-","organism":"Mycobacterium tuberculosis"}},{"networkType":"node","nodeType":"DataNode","dataNodeType":"GeneProduct","@type":["DataNode","GeneProduct","datanode"],"gpmlType":"datanode","graphicalType":"path","datasourceReference":{"database":"Enzyme Nomenclature","id":"1.13.11.13","organism":"Mycobacterium tuberculosis"}},{"networkType":"node","nodeType":"DataNode","dataNodeType":"GeneProduct","@type":["DataNode","GeneProduct","datanode"],"gpmlType":"datanode","graphicalType":"path","datasourceReference":{"database":"Enzyme Nomenclature","id":"1.1.1.129","organism":"Mycobacterium tuberculosis"}},{"networkType":"node","nodeType":"DataNode","dataNodeType":"GeneProduct","@type":["DataNode","GeneProduct","datanode"],"gpmlType":"datanode","graphicalType":"path","datasourceReference":{"database":"Enzyme Nomenclature","id":"1.1.1.46","organism":"Mycobacterium tuberculosis"}},{"networkType":"node","nodeType":"DataNode","dataNodeType":"GeneProduct","@type":["DataNode","GeneProduct","datanode"],"gpmlType":"datanode","graphicalType":"path","datasourceReference":{"database":"Enzyme Nomenclature","id":"3.1.1.15","organism":"Mycobacterium tuberculosis"}},{"networkType":"edge","gpmlType":"interaction","@type":["interaction"],"graphicalType":"path","markerEnd":"mimCatalysis","points":[{"x":1126,"y":824,"isAttachedTo":"cef9f","RelX":0,"anchor":[0.5,0,0,-1],"RelY":-1},{"x":1126,"y":855.1063035019456,"isAttachedTo":"ed817","RelX":0,"anchor":[0.5,0.5,0,0],"RelY":0}],"interactionGraph":[{"id":"cef9f","interactsWith":"ed817"}],"interactionType":"mim-catalysis"}],"xmlns":"http://pathvisio.org/GPML/2013a","lastModified":"10/17/2013","license":"CC BY 2.0","name":"Ascorbate and aldarate metabolism","organism":"Mycobacterium tuberculosis","image":{"@context":{"@vocab":"http://schema.org/"},"width":1940,"height":1697},"publicationXref":[],"id":"wpId:WP1622","revision":"72235"}}