{"@context":{"@vocab":"http://vocabularies.wikipathways.org/gpml#","@base":"wpId:WP1765","pathwayIri":"wpId:WP1765","ChEBI":"http://www.ebi.ac.uk/chebi/searchId.do?chebiId=","dataSource":"gpml:Data-Source","datasourceReference":"wp:DatasourceReference","Group":{"@container":"@list","@id":"gpml:Group"},"interaction":{"@id":"biopax:Interaction","@type":"@id"},"interactionType":{"@id":"biopax:InteractionType","@type":"@id"},"interactionGraph":"@graph","lastModified":"gpml:Last-Modified","pathway":"biopax:Pathway","point":{"@container":"@list","@id":"gpml:Point"},"publicationXref":"biopax:PublicationXref","unificationXref":"biopax:UnificationXref","author":"schema:author","backgroundColor":"css2:colors.html#propdef-background-color","backgroundImage":"css2:colors.html#propdef-background-image","biopax":"http://www.biopax.org/release/biopax-level3.owl#","borderColor":"css2:box.html#propdef-border-color","borderStyle":"css2:box.html#propdef-border-style","borderWidth":"css2:box.html#propdef-border-width","boxSizing":{"@id":"css3Ui:box-sizing","@value":"border-box"},"color":"css2:colors.html#propdef-color","contains":{"@id":"ex:contains","@type":"@id"},"css2":"http://www.w3.org/TR/CSS2/","css3Ui":"http://www.w3.org/TR/css3-ui/#","cssTransform":"http://www.w3.org/TR/css-transforms-1/#","gpmlDataNodeType":"gpml:Type","dcterms":"http://puri.org/dc/terms/","entrezGene":"http://www.ncbi.nlm.nih.gov/gene/","ex":"http://www.example.org/","fontFamily":"css2:fonts.html#font-family-prop","fontSize":"css2:fonts.html#propdef-font-size","fontStyle":"css2:fonts.html#propdef-font-style","fontWeight":"css2:fonts.html#propdef-font-weight","gpml":"http://vocabularies.wikipathways.org/gpml#","gpmlFolder":"file://Users/andersriutta/Sites/pathvisiojs/test/gpml/","hMDB":"http://www.hmdb.ca/metabolites/HMDB","height":"css2:visudet.html#propdef-height","id":"@id","image":"schema:image","interactsWith":{"@id":"ex:interactsWith","@type":"@id"},"isContainedBy":{"@reverse":"ex:contains","@type":"@id"},"media":"http://www.w3.org/TR/mediaont-10/","name":"http://xmlns.com/foaf/0.1/name","organism":"biopax:organism","padding":"css2:box.html#propdef-padding","elements":{"@container":"@list","@id":"ex:pathwayElements/"},"position":"css2:visuren.html#propdef-position","rotate":"cssTransform:funcdef-rotate","schema":"http://schema.org/","shapeLibrary":"http://shapelibrary.example.org/","shape":"shapeLibrary:shape","stroke":"svg:painting.html#StrokeProperty","strokeWidth":"svg:painting.html#StrokeWidthProperty","svg":"http://www.w3.org/TR/SVG11/","textAlign":"css2:text.html#propdef-text-align","verticalAlign":"css2:visudet.html#propdef-vertical-align","width":"css2:visudet.html#propdef-width","wp":"http://vocabularies.wikipathways.org/wp#","wpId":"http://identifiers.org/wikipathways/","x":{"@id":"css2:visuren.html#propdef-left","@type":"xsd:integer"},"xsd":"http://www.w3.org/2001/XMLSchema#","y":"css2:visuren.html#propdef-top","zIndex":{"@id":"css2:z-index","@type":"xsd:integer"}},"wpId:WP1765":{"elements":[{"networkType":"node","nodeType":"DataNode","dataNodeType":"Unknown","@type":["DataNode","Unknown","datanode"],"gpmlType":"datanode","graphicalType":"path"},{"networkType":"node","nodeType":"DataNode","dataNodeType":"GeneProduct","@type":["DataNode","GeneProduct","datanode"],"gpmlType":"datanode","graphicalType":"path","datasourceReference":{"database":"WormBase","id":"M01D7.7","organism":"Caenorhabditis elegans"},"unificationXref":"http://identifiers.org/ensembl/M01D7.7"},{"networkType":"edge","gpmlType":"interaction","@type":["interaction"],"graphicalType":"path","markerEnd":"arrow","points":[{"x":160,"y":231.375,"isAttachedTo":"b6002","RelX":1,"anchor":[1,0.25,1,0],"RelY":-0.5},{"x":266.5,"y":56.25,"isAttachedTo":"e23a5","RelX":-1,"anchor":[0,0.5,-1,0],"RelY":0}],"interactionGraph":[{"id":"b6002","interactsWith":"e23a5"}],"interactionType":"gpml:Arrow"},{"networkType":"edge","gpmlType":"interaction","@type":["interaction"],"graphicalType":"path","markerEnd":"tBar","points":[{"x":344,"y":56.25,"isAttachedTo":"e23a5","RelX":1,"anchor":[1,0.5,1,0],"RelY":0},{"x":570.875,"y":219.5,"isAttachedTo":"e631e","RelX":0.5,"anchor":[0.75,0,0,-1],"RelY":-1}],"interactionGraph":[{"id":"e23a5","interactsWith":"e631e"}],"interactionType":"t-bar"},{"networkType":"edge","gpmlType":"interaction","@type":["interaction"],"graphicalType":"path","markerEnd":"mimInhibition","points":[{"x":346,"y":105.25,"isAttachedTo":"f2d6c","RelX":1,"anchor":[1,0.5,1,0],"RelY":0},{"x":551.75,"y":219.5,"isAttachedTo":"e631e","RelX":0,"anchor":[0.5,0,0,-1],"RelY":-1}],"interactionGraph":[{"id":"f2d6c","interactsWith":"e631e"}],"interactionType":"mim-inhibition"},{"networkType":"edge","gpmlType":"interaction","@type":["interaction"],"graphicalType":"path","markerEnd":"arrow","points":[{"x":160,"y":231.375,"isAttachedTo":"b6002","RelX":1,"anchor":[1,0.25,1,0],"RelY":-0.5},{"x":268.5,"y":98.375,"isAttachedTo":"f2d6c","RelX":-1,"anchor":[0,0.25,-1,0],"RelY":-0.5}],"interactionGraph":[{"id":"b6002","interactsWith":"f2d6c"}],"interactionType":"gpml:Arrow"},{"networkType":"edge","gpmlType":"interaction","@type":["interaction"],"graphicalType":"path","markerEnd":"arrow","points":[{"x":160,"y":244.25,"isAttachedTo":"b6002","RelX":1,"anchor":[1,0.5,1,0],"RelY":0},{"x":268.5,"y":151.25,"isAttachedTo":"fc3ed","RelX":-1,"anchor":[0,0.5,-1,0],"RelY":0}],"interactionGraph":[{"id":"b6002","interactsWith":"fc3ed"}],"interactionType":"gpml:Arrow"},{"networkType":"edge","gpmlType":"interaction","@type":["interaction"],"graphicalType":"path","markerEnd":"arrow","points":[{"x":160,"y":244.25,"isAttachedTo":"b6002","RelX":1,"anchor":[1,0.5,1,0],"RelY":0},{"x":268.5,"y":195.25,"isAttachedTo":"ffac8","RelX":-1,"anchor":[0,0.5,-1,0],"RelY":0}],"interactionGraph":[{"id":"b6002","interactsWith":"ffac8"}],"interactionType":"gpml:Arrow"},{"networkType":"edge","gpmlType":"interaction","@type":["interaction"],"graphicalType":"path","markerEnd":"arrow","points":[{"x":160,"y":244.25,"isAttachedTo":"b6002","RelX":1,"anchor":[1,0.5,1,0],"RelY":0},{"x":270.5,"y":238.25,"isAttachedTo":"a2fae","RelX":-1,"anchor":[0,0.5,-1,0],"RelY":0}],"interactionGraph":[{"id":"b6002","interactsWith":"a2fae"}],"interactionType":"gpml:Arrow"},{"networkType":"edge","gpmlType":"interaction","@type":["interaction"],"graphicalType":"path","markerEnd":"arrow","points":[{"x":160,"y":244.25,"isAttachedTo":"b6002","RelX":1,"anchor":[1,0.5,1,0],"RelY":0},{"x":270.5,"y":278.25,"isAttachedTo":"c456d","RelX":-1,"anchor":[0,0.5,-1,0],"RelY":0}],"interactionGraph":[{"id":"b6002","interactsWith":"c456d"}],"interactionType":"gpml:Arrow"},{"networkType":"edge","gpmlType":"interaction","@type":["interaction"],"graphicalType":"path","markerEnd":"arrow","points":[{"x":160,"y":257.125,"isAttachedTo":"b6002","RelX":1,"anchor":[1,0.75,1,0],"RelY":0.5},{"x":271.5,"y":316.25,"isAttachedTo":"ff997","RelX":-1,"anchor":[0,0.5,-1,0],"RelY":0}],"interactionGraph":[{"id":"b6002","interactsWith":"ff997"}],"interactionType":"gpml:Arrow"},{"networkType":"edge","gpmlType":"interaction","@type":["interaction"],"graphicalType":"path","markerEnd":"arrow","points":[{"x":160,"y":257.125},{"x":270.5,"y":356.25,"isAttachedTo":"aa095","RelX":-1,"anchor":[0,0.5,-1,0],"RelY":0}]},{"networkType":"edge","gpmlType":"interaction","@type":["interaction"],"graphicalType":"path","markerEnd":"arrow","points":[{"x":160,"y":257.125,"isAttachedTo":"b6002","RelX":1,"anchor":[1,0.75,1,0],"RelY":0.5},{"x":272.5,"y":391.375,"isAttachedTo":"b6453","RelX":-1,"anchor":[0,0.25,-1,0],"RelY":-0.5}],"interactionGraph":[{"id":"b6002","interactsWith":"b6453"}],"interactionType":"gpml:Arrow"},{"networkType":"edge","gpmlType":"interaction","@type":["interaction"],"graphicalType":"path","markerEnd":"tBar","points":[{"x":346,"y":151.25,"isAttachedTo":"fc3ed","RelX":1,"anchor":[1,0.5,1,0],"RelY":0},{"x":532.625,"y":219.5,"isAttachedTo":"e631e","RelX":-0.5,"anchor":[0.25,0,0,-1],"RelY":-1}],"interactionGraph":[{"id":"fc3ed","interactsWith":"e631e"}],"interactionType":"t-bar"},{"networkType":"node","nodeType":"DataNode","dataNodeType":"Unknown","@type":["DataNode","Unknown","datanode"],"gpmlType":"datanode","graphicalType":"path"},{"networkType":"edge","gpmlType":"interaction","@type":["interaction"],"graphicalType":"path","markerEnd":"tBar","points":[{"x":348,"y":238.25,"isAttachedTo":"a2fae","RelX":1,"anchor":[1,0.5,1,0],"RelY":0},{"x":513.5,"y":238.25,"isAttachedTo":"e631e","RelX":-1,"anchor":[0,0.5,-1,0],"RelY":0}],"interactionGraph":[{"id":"a2fae","interactsWith":"e631e"}],"interactionType":"t-bar"},{"networkType":"edge","gpmlType":"interaction","@type":["interaction"],"graphicalType":"path","markerEnd":"tBar","points":[{"x":348,"y":278.25,"isAttachedTo":"c456d","RelX":1,"anchor":[1,0.5,1,0],"RelY":0},{"x":513.5,"y":247.625,"isAttachedTo":"e631e","RelX":-1,"anchor":[0,0.75,-1,0],"RelY":0.5}],"interactionGraph":[{"id":"c456d","interactsWith":"e631e"}],"interactionType":"t-bar"},{"networkType":"edge","gpmlType":"interaction","@type":["interaction"],"graphicalType":"path","markerEnd":"arrow","points":[{"x":349,"y":316.25,"isAttachedTo":"ff997","RelX":1,"anchor":[1,0.5,1,0],"RelY":0},{"x":532.625,"y":257,"isAttachedTo":"e631e","RelX":-0.5,"anchor":[0.25,1,0,1],"RelY":1}],"interactionGraph":[{"id":"ff997","interactsWith":"e631e"}],"interactionType":"gpml:Arrow"},{"networkType":"edge","gpmlType":"interaction","@type":["interaction"],"graphicalType":"path","markerEnd":"arrow","points":[{"x":348,"y":356.25,"isAttachedTo":"aa095","RelX":1,"anchor":[1,0.5,1,0],"RelY":0},{"x":551.75,"y":257,"isAttachedTo":"e631e","RelX":0,"anchor":[0.5,1,0,1],"RelY":1}],"interactionGraph":[{"id":"aa095","interactsWith":"e631e"}],"interactionType":"gpml:Arrow"},{"networkType":"edge","gpmlType":"interaction","@type":["interaction"],"graphicalType":"path","markerEnd":"mimCatalysis","points":[{"x":350,"y":398.25,"isAttachedTo":"b6453","RelX":1,"anchor":[1,0.5,1,0],"RelY":0},{"x":570.875,"y":257,"isAttachedTo":"e631e","RelX":0.5,"anchor":[0.75,1,0,1],"RelY":1}],"interactionGraph":[{"id":"b6453","interactsWith":"e631e"}],"interactionType":"mim-catalysis"},{"networkType":"node","nodeType":"DataNode","dataNodeType":"GeneProduct","@type":["DataNode","GeneProduct","datanode"],"gpmlType":"datanode","graphicalType":"path","datasourceReference":{"database":"WormBase","id":"R07D5.1","organism":"Caenorhabditis elegans"},"unificationXref":"http://identifiers.org/ensembl/R07D5.1"},{"networkType":"node","nodeType":"DataNode","dataNodeType":"GeneProduct","@type":["DataNode","GeneProduct","datanode"],"gpmlType":"datanode","graphicalType":"path","datasourceReference":{"database":"WormBase","id":"ZK512.6","organism":"Caenorhabditis elegans"},"unificationXref":"http://identifiers.org/ensembl/ZK512.6"},{"networkType":"node","nodeType":"DataNode","dataNodeType":"GeneProduct","@type":["DataNode","GeneProduct","datanode"],"gpmlType":"datanode","graphicalType":"path","datasourceReference":{"database":"WormBase","id":"B0207.12","organism":"Caenorhabditis elegans"},"unificationXref":"http://identifiers.org/ensembl/B0207.12"},{"networkType":"node","nodeType":"DataNode","dataNodeType":"GeneProduct","@type":["DataNode","GeneProduct","datanode"],"gpmlType":"datanode","graphicalType":"path","datasourceReference":{"database":"WormBase","id":"R11G10.1","organism":"Caenorhabditis elegans"},"unificationXref":"http://identifiers.org/ensembl/R11G10.1"},{"networkType":"node","nodeType":"DataNode","dataNodeType":"GeneProduct","@type":["DataNode","GeneProduct","datanode"],"gpmlType":"datanode","graphicalType":"path","datasourceReference":{"database":"WormBase","id":"C26C6.2","organism":"Caenorhabditis elegans"},"unificationXref":"http://identifiers.org/ensembl/C26C6.2"},{"networkType":"node","nodeType":"DataNode","dataNodeType":"GeneProduct","@type":["DataNode","GeneProduct","datanode"],"gpmlType":"datanode","graphicalType":"path","datasourceReference":{"database":"WormBase","id":"Y105E8A.7","organism":"Caenorhabditis elegans"},"unificationXref":"http://identifiers.org/ensembl/Y105E8A.7"},{"networkType":"node","nodeType":"DataNode","dataNodeType":"GeneProduct","@type":["DataNode","GeneProduct","datanode"],"gpmlType":"datanode","graphicalType":"path","datasourceReference":{"database":"WormBase","id":"Y48B6A.4","organism":"Caenorhabditis elegans"},"unificationXref":"http://identifiers.org/ensembl/Y48B6A.4"},{"networkType":"node","nodeType":"DataNode","dataNodeType":"GeneProduct","@type":["DataNode","GeneProduct","datanode"],"gpmlType":"datanode","graphicalType":"path","datasourceReference":{"database":"WormBase","id":"Y37D8A.23","organism":"Caenorhabditis elegans"},"unificationXref":"http://identifiers.org/ensembl/Y37D8A.23"},{"networkType":"edge","gpmlType":"interaction","@type":["interaction"],"graphicalType":"path","markerEnd":"tBar","points":[{"x":346,"y":195.25,"isAttachedTo":"ffac8","RelX":1,"anchor":[1,0.5,1,0],"RelY":0},{"x":513.5,"y":228.875,"isAttachedTo":"e631e","RelX":-1,"anchor":[0,0.25,-1,0],"RelY":-0.5}],"interactionGraph":[{"id":"ffac8","interactsWith":"e631e"}],"interactionType":"t-bar"}],"xmlns":"http://pathvisio.org/GPML/2013a","license":"CC BY 2.0","name":"Mechanosensory inputs influence pharyngeal activity via ivermectin sensitivity genes.","organism":"Caenorhabditis elegans","image":{"@context":{"@vocab":"http://schema.org/"},"width":620,"height":442},"publicationXref":[],"id":"wpId:WP1765","revision":"68461"}}