{"@context":{"@vocab":"http://vocabularies.wikipathways.org/gpml#","@base":"wpId:WP183","pathwayIri":"wpId:WP183","ChEBI":"http://www.ebi.ac.uk/chebi/searchId.do?chebiId=","dataSource":"gpml:Data-Source","datasourceReference":"wp:DatasourceReference","Group":{"@container":"@list","@id":"gpml:Group"},"interaction":{"@id":"biopax:Interaction","@type":"@id"},"interactionType":{"@id":"biopax:InteractionType","@type":"@id"},"interactionGraph":{"@container":"@list","@type":"@id"},"lastModified":"gpml:Last-Modified","pathway":"biopax:Pathway","point":{"@container":"@list","@id":"gpml:Point"},"publicationXref":"biopax:PublicationXref","unificationXref":"biopax:UnificationXref","author":"schema:author","backgroundColor":"css2:colors.html#propdef-background-color","backgroundImage":"css2:colors.html#propdef-background-image","biopax":"http://www.biopax.org/release/biopax-level3.owl#","borderColor":"css2:box.html#propdef-border-color","borderStyle":"css2:box.html#propdef-border-style","borderWidth":"css2:box.html#propdef-border-width","boxSizing":{"@id":"css3Ui:box-sizing","@value":"border-box"},"color":"css2:colors.html#propdef-color","contains":{"@id":"ex:contains","@type":"@id"},"css2":"http://www.w3.org/TR/CSS2/","css3Ui":"http://www.w3.org/TR/css3-ui/#","cssTransform":"http://www.w3.org/TR/css-transforms-1/#","gpmlDataNodeType":"gpml:Type","dcterms":"http://puri.org/dc/terms/","entrezGene":"http://www.ncbi.nlm.nih.gov/gene/","ex":"http://www.example.org/","fontFamily":"css2:fonts.html#font-family-prop","fontSize":"css2:fonts.html#propdef-font-size","fontStyle":"css2:fonts.html#propdef-font-style","fontWeight":"css2:fonts.html#propdef-font-weight","gpml":"http://vocabularies.wikipathways.org/gpml#","gpmlFolder":"file://Users/andersriutta/Sites/pathvisiojs/test/gpml/","hMDB":"http://www.hmdb.ca/metabolites/HMDB","height":"css2:visudet.html#propdef-height","id":"@id","image":"schema:image","interactsWith":{"@id":"ex:interactsWith","@type":"@id"},"isContainedBy":{"@reverse":"ex:contains","@type":"@id"},"media":"http://www.w3.org/TR/mediaont-10/","name":"http://xmlns.com/foaf/0.1/name","organism":"biopax:organism","padding":"css2:box.html#propdef-padding","elements":{"@container":"@list","@id":"ex:pathwayElements/"},"position":"css2:visuren.html#propdef-position","rotate":"cssTransform:funcdef-rotate","schema":"http://schema.org/","shapeLibrary":"http://shapelibrary.example.org/","shape":"shapeLibrary:shape","stroke":"svg:painting.html#StrokeProperty","strokeWidth":"svg:painting.html#StrokeWidthProperty","svg":"http://www.w3.org/TR/SVG11/","textAlign":"css2:text.html#propdef-text-align","verticalAlign":"css2:visudet.html#propdef-vertical-align","width":"css2:visudet.html#propdef-width","wp":"http://vocabularies.wikipathways.org/wp#","wpId":"http://identifiers.org/wikipathways/","x":{"@id":"css2:visuren.html#propdef-left","@type":"xsd:integer"},"xsd":"http://www.w3.org/2001/XMLSchema#","y":"css2:visuren.html#propdef-top","zIndex":{"@id":"css2:z-index","@type":"xsd:integer"}},"wpId:WP183":{"elements":[{"networkType":"node","nodeType":"Label","@type":["label"],"gpmlType":"label","graphicalType":"path"},{"networkType":"node","nodeType":"DataNode","dataNodeType":"Metabolite","@type":["DataNode","Metabolite","datanode"],"gpmlType":"datanode","graphicalType":"path","datasourceReference":{"database":"CAS","id":"1927-31-7","organism":"Homo sapiens"}},{"networkType":"node","nodeType":"Label","@type":["label"],"gpmlType":"label","graphicalType":"path"},{"networkType":"node","nodeType":"Label","@type":["label"],"gpmlType":"label","graphicalType":"path"},{"networkType":"node","nodeType":"Label","@type":["label"],"gpmlType":"label","graphicalType":"path"},{"networkType":"node","nodeType":"Label","@type":["label"],"gpmlType":"label","graphicalType":"path"},{"networkType":"node","nodeType":"Label","@type":["label"],"gpmlType":"label","graphicalType":"path"},{"networkType":"node","nodeType":"Label","@type":["label"],"gpmlType":"label","graphicalType":"path"},{"networkType":"node","nodeType":"Label","@type":["label"],"gpmlType":"label","graphicalType":"path"},{"networkType":"node","nodeType":"Label","@type":["label"],"gpmlType":"label","graphicalType":"path"},{"networkType":"node","nodeType":"Label","@type":["label"],"gpmlType":"label","graphicalType":"path"},{"networkType":"node","nodeType":"Label","@type":["label"],"gpmlType":"label","graphicalType":"path"},{"networkType":"node","nodeType":"Label","@type":["label"],"gpmlType":"label","graphicalType":"path"},{"networkType":"node","nodeType":"Label","@type":["label"],"gpmlType":"label","graphicalType":"path"},{"networkType":"node","nodeType":"Label","@type":["label"],"gpmlType":"label","graphicalType":"path"},{"networkType":"node","nodeType":"Label","@type":["label"],"gpmlType":"label","graphicalType":"path"},{"networkType":"node","nodeType":"Label","@type":["label"],"gpmlType":"label","graphicalType":"path"},{"networkType":"edge","gpmlType":"interaction","@type":["interaction"],"graphicalType":"path","markerEnd":"arrow","points":[{"x":227.33333333333331,"y":362.83333333333337,"isAttachedTo":"ccbb8","RelX":-0.5,"anchor":[0.25,0,0,-1],"RelY":-1},{"x":149.66666666666666,"y":258.33333333333337,"isAttachedTo":"a1e7b","RelX":0,"anchor":[0.5,1,0,1],"RelY":1}],"interactionGraph":[{"id":"ccbb8","interactsWith":"a1e7b"}],"interactionType":"gpml:Arrow"},{"gpmlType":"anchor","zIndex":null,"networkType":"node","@type":["anchor"],"graphicalType":"path","x":null,"y":null},{"networkType":"edge","gpmlType":"interaction","@type":["interaction"],"graphicalType":"path","markerEnd":"arrow","points":[{"x":141.66666666666669,"y":308.16666666666663,"isAttachedTo":"a3f30","RelX":0.9210526315789473,"anchor":[0.9605263157894737,0.5,0,0],"RelY":0},{"x":196.60341699691782,"y":328.38701893439054,"isAttachedTo":"b0b65","RelX":10.54319682959067,"anchor":[1,1,1,1],"RelY":21.08639365918134}],"interactionGraph":[{"id":"a3f30","interactsWith":"b0b65"}],"interactionType":"gpml:Arrow"},{"networkType":"edge","gpmlType":"interaction","@type":["interaction"],"graphicalType":"path","points":[{"x":276.6666666666667,"y":98,"isAttachedTo":"cc648","RelX":0,"anchor":[0.5,0,0,-1],"RelY":-80},{"x":393.3333333333333,"y":178.66666666666666,"isAttachedTo":"f94f8","RelX":-0.9210526315789473,"anchor":[0.03947368421052633,0.5,0,0],"RelY":0}]},{"networkType":"edge","gpmlType":"interaction","@type":["interaction"],"graphicalType":"path","markerEnd":"arrow","points":[{"x":276.6666666666667,"y":243.33333333333334,"isAttachedTo":"fcd","RelX":0,"anchor":[0.5,1,0,1],"RelY":1.0526315789473684},{"x":276.6666666666667,"y":307.1666666666667,"isAttachedTo":"a15","RelX":0,"anchor":[0.5,0,0,-1],"RelY":-1}],"interactionGraph":[{"id":"fcd","interactsWith":"a15"}],"interactionType":"gpml:Arrow"},{"gpmlType":"anchor","zIndex":null,"networkType":"node","@type":["anchor"],"graphicalType":"path","x":null,"y":null},{"networkType":"edge","gpmlType":"interaction","@type":["interaction"],"graphicalType":"path","markerEnd":"arrow","points":[{"x":276.6666666666667,"y":326.1666666666667,"isAttachedTo":"a15","RelX":0,"anchor":[0.5,1,0,1],"RelY":1},{"x":276.3333333333333,"y":365.83333333333337,"isAttachedTo":"ccbb8","RelX":0,"anchor":[0.5,0.011590470057952329,0,0],"RelY":-0.9768190598840953}],"interactionGraph":[{"id":"a15","interactsWith":"ccbb8"}],"interactionType":"gpml:Arrow"},{"networkType":"edge","gpmlType":"interaction","@type":["interaction"],"graphicalType":"path","markerEnd":"arrow","points":[{"x":253.66666666666669,"y":33.33333333333333,"isAttachedTo":"f35c7","RelX":-0.9210526315789473,"anchor":[0.03947368421052633,0.5,0,0],"RelY":0},{"x":141.33333333333331,"y":114.33333333333334,"isAttachedTo":"a55ee","RelX":1,"anchor":[1,0.25,1,0],"RelY":-0.5}],"interactionGraph":[{"id":"f35c7","interactsWith":"a55ee"}],"interactionType":"gpml:Arrow"},{"networkType":"edge","gpmlType":"interaction","@type":["interaction"],"graphicalType":"path","markerEnd":"arrow","points":[{"x":516.6666666666666,"y":581.6666666666666,"isAttachedTo":"ba8b7","RelX":0,"anchor":[0.5,0.9830827067669172,0,0],"RelY":0.9661654135338346},{"x":517.5,"y":689.5,"isAttachedTo":"e62","RelX":-0.5,"anchor":[0.25,0,0,-1],"RelY":-1}],"interactionGraph":[{"id":"ba8b7","interactsWith":"e62"}],"interactionType":"gpml:Arrow"},{"networkType":"edge","gpmlType":"interaction","@type":["interaction"],"graphicalType":"path","markerEnd":"arrow","points":[{"x":275.0833333333333,"y":732,"isAttachedTo":"b61","RelX":0,"anchor":[0.5,1,0,1],"RelY":1},{"x":363.5,"y":752.5,"isAttachedTo":"f3ba3","RelX":-0.5,"anchor":[0.25,0,0,-1],"RelY":-1}],"interactionGraph":[{"id":"b61","interactsWith":"f3ba3"}],"interactionType":"gpml:Arrow"},{"networkType":"edge","gpmlType":"interaction","@type":["interaction"],"graphicalType":"path","points":[{"x":276.6666666666667,"y":268.8666666666667,"isAttachedTo":"eea42","RelX":0,"anchor":[0.5,0.5,0,0],"RelY":0},{"x":328.83333333333337,"y":268,"isAttachedTo":"e74","RelX":-1,"anchor":[0,0.5,-1,0],"RelY":0}]},{"networkType":"edge","gpmlType":"interaction","@type":["interaction"],"graphicalType":"path","markerEnd":"arrow","points":[{"x":798.3333333333334,"y":346.6666666666667,"isAttachedTo":"d19","RelX":0,"anchor":[0.5,0,0,-1],"RelY":-1},{"x":798,"y":302.3333333333333,"isAttachedTo":"d4fa1","RelX":0,"anchor":[0.5,0.9733333333333334,0,0],"RelY":0.9466666666666667}],"interactionGraph":[{"id":"d19","interactsWith":"d4fa1"}],"interactionType":"gpml:Arrow"},{"networkType":"edge","gpmlType":"interaction","@type":["interaction"],"graphicalType":"path","markerEnd":"arrow","points":[{"x":633.3333333333335,"y":581.6666666666666,"isAttachedTo":"f814e","RelX":0,"anchor":[0.5,0.9830827067669172,0,0],"RelY":0.9661654135338346},{"x":611.1666666666667,"y":689.5,"isAttachedTo":"e62","RelX":0.5,"anchor":[0.75,0,0,-1],"RelY":-1}],"interactionGraph":[{"id":"f814e","interactsWith":"e62"}],"interactionType":"gpml:Arrow"},{"networkType":"edge","gpmlType":"interaction","@type":["interaction"],"graphicalType":"path","points":[{"x":455.6666666666667,"y":268,"isAttachedTo":"ce8bb","RelX":-17,"anchor":[0,0.5,-1,0],"RelY":0},{"x":472,"y":303.1666666666667,"isAttachedTo":"a72","RelX":0,"anchor":[0.5,0,0,-1],"RelY":-1}]},{"networkType":"edge","gpmlType":"interaction","@type":["interaction"],"graphicalType":"path","markerEnd":"arrow","points":[{"x":694.5000000000001,"y":535.9583333333333,"isAttachedTo":"bf6b5","RelX":1,"anchor":[1,0.75,1,0],"RelY":0.5},{"x":674.5000000000001,"y":535.9583333333333},{"x":674.5000000000001,"y":512},{"x":774.3333333333334,"y":512,"isAttachedTo":"c0c","RelX":-1,"anchor":[0,0.5,-1,0],"RelY":0}],"interactionGraph":[{"id":"bf6b5","interactsWith":"c0c"}],"interactionType":"gpml:Arrow"},{"networkType":"edge","gpmlType":"interaction","@type":["interaction"],"graphicalType":"path","markerEnd":"arrow","points":[{"x":690,"y":141,"isAttachedTo":"d2e","RelX":0,"anchor":[0.5,1,0,1],"RelY":1},{"x":573,"y":368.83333333333337,"isAttachedTo":"bf6b5","RelX":0,"anchor":[0.5,0.013225569434239526,0,0],"RelY":-0.973548861131521}],"interactionGraph":[{"id":"d2e","interactsWith":"bf6b5"}],"interactionType":"gpml:Arrow"},{"networkType":"edge","gpmlType":"interaction","@type":["interaction"],"graphicalType":"path","markerEnd":"arrow","points":[{"x":512.3333333333334,"y":268,"isAttachedTo":"f17","RelX":-1,"anchor":[0,0.5,-1,0],"RelY":0},{"x":413.16666666666663,"y":268,"isAttachedTo":"e74","RelX":1,"anchor":[1,0.5,1,0],"RelY":0}],"interactionGraph":[{"id":"f17","interactsWith":"e74"}],"interactionType":"gpml:Arrow"},{"gpmlType":"anchor","zIndex":null,"networkType":"node","@type":["anchor"],"graphicalType":"path","x":null,"y":null},{"networkType":"edge","gpmlType":"interaction","@type":["interaction"],"graphicalType":"path","points":[{"x":288.6666666666667,"y":254.93333333333334,"isAttachedTo":"f9ca9","RelX":0,"anchor":[0.5,1,0,1],"RelY":168},{"x":395.3333333333333,"y":86,"isAttachedTo":"ab78e","RelX":-0.9210526315789473,"anchor":[0.03947368421052633,0.5,0,0],"RelY":0}]},{"gpmlType":"anchor","zIndex":null,"networkType":"node","@type":["anchor"],"graphicalType":"path","x":null,"y":null},{"networkType":"edge","gpmlType":"interaction","@type":["interaction"],"graphicalType":"path","markerEnd":"arrow","points":[{"x":801.6666666666667,"y":366.6666666666667,"isAttachedTo":"d19","RelX":0.1111111111111111,"anchor":[0.5555555555555556,1,0,1],"RelY":1},{"x":801,"y":495.3333333333333,"isAttachedTo":"c0c","RelX":-0.1111111111111111,"anchor":[0.4444444444444444,0,0,-1],"RelY":-1.6666666666666667}],"interactionGraph":[{"id":"d19","interactsWith":"c0c"}],"interactionType":"gpml:Arrow"},{"networkType":"edge","gpmlType":"interaction","@type":["interaction"],"graphicalType":"path","markerEnd":"arrow","points":[{"x":739.3333333333333,"y":277.2083333333333,"isAttachedTo":"d4fa1","RelX":-1,"anchor":[0,0.75,-1,0],"RelY":0.5},{"x":633.75,"y":365.83333333333337,"isAttachedTo":"bf6b5","RelX":0.5,"anchor":[0.75,0,0,-1],"RelY":-1}],"interactionGraph":[{"id":"d4fa1","interactsWith":"bf6b5"}],"interactionType":"gpml:Arrow"},{"networkType":"edge","gpmlType":"interaction","@type":["interaction"],"graphicalType":"path","markerEnd":"arrow","points":[{"x":275,"y":663.3333333333334,"isAttachedTo":"ffd","RelX":0,"anchor":[0.5,1,0,1],"RelY":1},{"x":275.0833333333333,"y":697.5,"isAttachedTo":"b61","RelX":0,"anchor":[0.5,0,0,-1],"RelY":-1}],"interactionGraph":[{"id":"ffd","interactsWith":"b61"}],"interactionType":"gpml:Arrow"},{"networkType":"edge","gpmlType":"interaction","@type":["interaction"],"graphicalType":"path","markerEnd":"arrow","points":[{"x":276.6666666666667,"y":150,"isAttachedTo":"be9","RelX":-0.11464968152866242,"anchor":[0.4426751592356688,1,0,1],"RelY":1.1228070175438596},{"x":276.6666666666667,"y":220,"isAttachedTo":"fcd","RelX":0,"anchor":[0.5,0,0,-1],"RelY":-1.4035087719298245}],"interactionGraph":[{"id":"be9","interactsWith":"fcd"}],"interactionType":"gpml:Arrow"},{"gpmlType":"anchor","zIndex":null,"networkType":"node","@type":["anchor"],"graphicalType":"path","x":null,"y":null},{"networkType":"edge","gpmlType":"interaction","@type":["interaction"],"graphicalType":"path","markerEnd":"arrow","points":[{"x":288.6666666666667,"y":58.33333333333333,"isAttachedTo":"f35c7","RelX":0,"anchor":[0.5,0.9464285714285714,0,0],"RelY":0.8928571428571429},{"x":288.6666666666667,"y":129.83333333333334,"isAttachedTo":"be9","RelX":0,"anchor":[0.5,0,0,-1],"RelY":-1}],"interactionGraph":[{"id":"f35c7","interactsWith":"be9"}],"interactionType":"gpml:Arrow"},{"gpmlType":"anchor","zIndex":null,"networkType":"node","@type":["anchor"],"graphicalType":"path","x":null,"y":null},{"networkType":"edge","gpmlType":"interaction","@type":["interaction"],"graphicalType":"path","markerEnd":"arrow","points":[{"x":564.3333333333334,"y":708.5,"isAttachedTo":"e62","RelX":0,"anchor":[0.5,1,0,1],"RelY":1},{"x":483.16666666666663,"y":752.5,"isAttachedTo":"f3ba3","RelX":0.5,"anchor":[0.75,0,0,-1],"RelY":-1}],"interactionGraph":[{"id":"e62","interactsWith":"f3ba3"}],"interactionType":"gpml:Arrow"},{"networkType":"edge","gpmlType":"interaction","@type":["interaction"],"graphicalType":"path","points":[{"x":363.66666666666663,"y":66.16666666666666,"isAttachedTo":"e98","RelX":0,"anchor":[0.5,1,0,1],"RelY":1},{"x":331.33333333333337,"y":187.36,"isAttachedTo":"f9109","RelX":0,"anchor":[0.5,0.5,0,0],"RelY":0}]},{"networkType":"edge","gpmlType":"interaction","@type":["interaction"],"graphicalType":"path","markerEnd":"arrow","points":[{"x":694.5000000000001,"y":535.9583333333333,"isAttachedTo":"bf6b5","RelX":1,"anchor":[1,0.75,1,0],"RelY":0.5},{"x":674.5000000000001,"y":535.9583333333333},{"x":674.5000000000001,"y":532},{"x":774.3333333333334,"y":532,"isAttachedTo":"cf9","RelX":-1,"anchor":[0,0.5,-1,0],"RelY":0}],"interactionGraph":[{"id":"bf6b5","interactsWith":"cf9"}],"interactionType":"gpml:Arrow"},{"networkType":"edge","gpmlType":"interaction","@type":["interaction"],"graphicalType":"path","markerEnd":"arrow","points":[{"x":694.5000000000001,"y":535.9583333333333,"isAttachedTo":"bf6b5","RelX":1,"anchor":[1,0.75,1,0],"RelY":0.5},{"x":674.5000000000001,"y":535.9583333333333},{"x":674.5000000000001,"y":552},{"x":774.3333333333334,"y":552,"isAttachedTo":"a05","RelX":-1,"anchor":[0,0.5,-1,0],"RelY":0}],"interactionGraph":[{"id":"bf6b5","interactsWith":"a05"}],"interactionType":"gpml:Arrow"},{"networkType":"node","nodeType":"DataNode","dataNodeType":"GeneProduct","@type":["DataNode","GeneProduct","datanode"],"gpmlType":"datanode","graphicalType":"path","datasourceReference":{"database":"Entrez Gene","id":"3014","organism":"Homo sapiens"},"unificationXref":"http://identifiers.org/ensembl/ENSG00000188486"},{"networkType":"node","nodeType":"DataNode","dataNodeType":"GeneProduct","@type":["DataNode","GeneProduct","datanode"],"gpmlType":"datanode","graphicalType":"path","datasourceReference":{"database":"Entrez Gene","id":"7318","organism":"Homo sapiens"},"unificationXref":"http://identifiers.org/ensembl/ENSG00000182179"},{"networkType":"node","nodeType":"DataNode","dataNodeType":"GeneProduct","@type":["DataNode","GeneProduct","datanode"],"gpmlType":"datanode","graphicalType":"path","datasourceReference":{"database":"Entrez Gene","id":"7320","organism":"Homo sapiens"},"unificationXref":"http://identifiers.org/ensembl/ENSG00000119048"},{"networkType":"node","nodeType":"DataNode","dataNodeType":"GeneProduct","@type":["DataNode","GeneProduct","datanode"],"gpmlType":"datanode","graphicalType":"path","datasourceReference":{"database":"Entrez Gene","id":"3015","organism":"Homo sapiens"},"unificationXref":"http://identifiers.org/ensembl/ENSG00000164032"},{"networkType":"node","nodeType":"DataNode","dataNodeType":"GeneProduct","@type":["DataNode","GeneProduct","datanode"],"gpmlType":"datanode","graphicalType":"path","datasourceReference":{"database":"Entrez Gene","id":"7317","organism":"Homo sapiens"},"unificationXref":"http://identifiers.org/ensembl/ENSG00000271310"},{"networkType":"node","nodeType":"DataNode","dataNodeType":"GeneProduct","@type":["DataNode","GeneProduct","datanode"],"gpmlType":"datanode","graphicalType":"path","datasourceReference":{"database":"Entrez Gene","id":"7321","organism":"Homo sapiens"},"unificationXref":"http://identifiers.org/ensembl/ENSG00000072401"},{"networkType":"node","nodeType":"DataNode","dataNodeType":"GeneProduct","@type":["DataNode","GeneProduct","datanode"],"gpmlType":"datanode","graphicalType":"path","datasourceReference":{"database":"Entrez Gene","id":"7322","organism":"Homo sapiens"},"unificationXref":"http://identifiers.org/ensembl/ENSG00000131508"},{"networkType":"node","nodeType":"DataNode","dataNodeType":"GeneProduct","@type":["DataNode","GeneProduct","datanode"],"gpmlType":"datanode","graphicalType":"path","datasourceReference":{"database":"Entrez Gene","id":"7323","organism":"Homo sapiens"},"unificationXref":"http://identifiers.org/ensembl/ENSG00000109332"},{"networkType":"node","nodeType":"DataNode","dataNodeType":"GeneProduct","@type":["DataNode","GeneProduct","datanode"],"gpmlType":"datanode","graphicalType":"path","datasourceReference":{"database":"Entrez Gene","id":"5700","organism":"Homo sapiens"},"unificationXref":"http://identifiers.org/ensembl/ENSG00000100764"},{"networkType":"node","nodeType":"Label","@type":["label"],"gpmlType":"label","graphicalType":"path"},{"networkType":"node","nodeType":"DataNode","dataNodeType":"GeneProduct","@type":["DataNode","GeneProduct","datanode"],"gpmlType":"datanode","graphicalType":"path","datasourceReference":{"database":"Entrez Gene","id":"5706","organism":"Homo sapiens"},"unificationXref":"http://identifiers.org/ensembl/ENSG00000100519"},{"networkType":"node","nodeType":"DataNode","dataNodeType":"GeneProduct","@type":["DataNode","GeneProduct","datanode"],"gpmlType":"datanode","graphicalType":"path","datasourceReference":{"database":"Entrez Gene","id":"5707","organism":"Homo sapiens"},"unificationXref":"http://identifiers.org/ensembl/ENSG00000173692"},{"networkType":"node","nodeType":"DataNode","dataNodeType":"GeneProduct","@type":["DataNode","GeneProduct","datanode"],"gpmlType":"datanode","graphicalType":"path","datasourceReference":{"database":"Entrez Gene","id":"5708","organism":"Homo sapiens"},"unificationXref":"http://identifiers.org/ensembl/ENSG00000175166"},{"networkType":"node","nodeType":"DataNode","dataNodeType":"GeneProduct","@type":["DataNode","GeneProduct","datanode"],"gpmlType":"datanode","graphicalType":"path","datasourceReference":{"database":"Entrez Gene","id":"5709","organism":"Homo sapiens"},"unificationXref":"http://identifiers.org/ensembl/ENSG00000108344"},{"networkType":"node","nodeType":"DataNode","dataNodeType":"GeneProduct","@type":["DataNode","GeneProduct","datanode"],"gpmlType":"datanode","graphicalType":"path","datasourceReference":{"database":"Entrez Gene","id":"5710","organism":"Homo sapiens"},"unificationXref":"http://identifiers.org/ensembl/ENSG00000159352"},{"networkType":"node","nodeType":"DataNode","dataNodeType":"GeneProduct","@type":["DataNode","GeneProduct","datanode"],"gpmlType":"datanode","graphicalType":"path","datasourceReference":{"database":"Entrez Gene","id":"5705","organism":"Homo sapiens"},"unificationXref":"http://identifiers.org/ensembl/ENSG00000087191"},{"networkType":"node","nodeType":"DataNode","dataNodeType":"GeneProduct","@type":["DataNode","GeneProduct","datanode"],"gpmlType":"datanode","graphicalType":"path","datasourceReference":{"database":"Entrez Gene","id":"5701","organism":"Homo sapiens"},"unificationXref":"http://identifiers.org/ensembl/ENSG00000161057"},{"networkType":"node","nodeType":"DataNode","dataNodeType":"GeneProduct","@type":["DataNode","GeneProduct","datanode"],"gpmlType":"datanode","graphicalType":"path","datasourceReference":{"database":"Entrez Gene","id":"5702","organism":"Homo sapiens"},"unificationXref":"http://identifiers.org/ensembl/ENSG00000165916"},{"networkType":"node","nodeType":"DataNode","dataNodeType":"GeneProduct","@type":["DataNode","GeneProduct","datanode"],"gpmlType":"datanode","graphicalType":"path","datasourceReference":{"database":"Entrez Gene","id":"5704","organism":"Homo sapiens"},"unificationXref":"http://identifiers.org/ensembl/ENSG00000013275"},{"networkType":"node","nodeType":"DataNode","dataNodeType":"GeneProduct","@type":["DataNode","GeneProduct","datanode"],"gpmlType":"datanode","graphicalType":"path","datasourceReference":{"database":"Entrez Gene","id":"5682","organism":"Homo sapiens"},"unificationXref":"http://identifiers.org/ensembl/ENSG00000256206"},{"networkType":"node","nodeType":"DataNode","dataNodeType":"GeneProduct","@type":["DataNode","GeneProduct","datanode"],"gpmlType":"datanode","graphicalType":"path","datasourceReference":{"database":"Entrez Gene","id":"5683","organism":"Homo sapiens"},"unificationXref":"http://identifiers.org/ensembl/ENSG00000106588"},{"networkType":"node","nodeType":"DataNode","dataNodeType":"GeneProduct","@type":["DataNode","GeneProduct","datanode"],"gpmlType":"datanode","graphicalType":"path","datasourceReference":{"database":"Entrez Gene","id":"5689","organism":"Homo sapiens"},"unificationXref":"http://identifiers.org/ensembl/ENSG00000008018"},{"networkType":"node","nodeType":"DataNode","dataNodeType":"GeneProduct","@type":["DataNode","GeneProduct","datanode"],"gpmlType":"datanode","graphicalType":"path","datasourceReference":{"database":"Entrez Gene","id":"5684","organism":"Homo sapiens"},"unificationXref":"http://identifiers.org/ensembl/ENSG00000100567"},{"networkType":"node","nodeType":"DataNode","dataNodeType":"GeneProduct","@type":["DataNode","GeneProduct","datanode"],"gpmlType":"datanode","graphicalType":"path","datasourceReference":{"database":"Entrez Gene","id":"5685","organism":"Homo sapiens"},"unificationXref":"http://identifiers.org/ensembl/ENSG00000041357"},{"networkType":"node","nodeType":"DataNode","dataNodeType":"GeneProduct","@type":["DataNode","GeneProduct","datanode"],"gpmlType":"datanode","graphicalType":"path","datasourceReference":{"database":"Entrez Gene","id":"5691","organism":"Homo sapiens"},"unificationXref":"http://identifiers.org/ensembl/ENSG00000108294"},{"networkType":"node","nodeType":"DataNode","dataNodeType":"GeneProduct","@type":["DataNode","GeneProduct","datanode"],"gpmlType":"datanode","graphicalType":"path","datasourceReference":{"database":"Entrez Gene","id":"5694","organism":"Homo sapiens"},"unificationXref":"http://identifiers.org/ensembl/ENSG00000142507"},{"networkType":"node","nodeType":"DataNode","dataNodeType":"GeneProduct","@type":["DataNode","GeneProduct","datanode"],"gpmlType":"datanode","graphicalType":"path","datasourceReference":{"database":"Entrez Gene","id":"5695","organism":"Homo sapiens"},"unificationXref":"http://identifiers.org/ensembl/ENSG00000136930"},{"networkType":"node","nodeType":"DataNode","dataNodeType":"GeneProduct","@type":["DataNode","GeneProduct","datanode"],"gpmlType":"datanode","graphicalType":"path","datasourceReference":{"database":"Entrez Gene","id":"5693","organism":"Homo sapiens"},"unificationXref":"http://identifiers.org/ensembl/ENSG00000100804"},{"networkType":"node","nodeType":"DataNode","dataNodeType":"GeneProduct","@type":["DataNode","GeneProduct","datanode"],"gpmlType":"datanode","graphicalType":"path","datasourceReference":{"database":"Entrez Gene","id":"5692","organism":"Homo sapiens"},"unificationXref":"http://identifiers.org/ensembl/ENSG00000159377"},{"networkType":"node","nodeType":"DataNode","dataNodeType":"GeneProduct","@type":["DataNode","GeneProduct","datanode"],"gpmlType":"datanode","graphicalType":"path","datasourceReference":{"database":"Entrez Gene","id":"5720","organism":"Homo sapiens"},"unificationXref":"http://identifiers.org/ensembl/ENSG00000092010"},{"networkType":"node","nodeType":"DataNode","dataNodeType":"GeneProduct","@type":["DataNode","GeneProduct","datanode"],"gpmlType":"datanode","graphicalType":"path","datasourceReference":{"database":"Entrez Gene","id":"5721","organism":"Homo sapiens"},"unificationXref":"http://identifiers.org/ensembl/ENSG00000100911"},{"networkType":"node","nodeType":"DataNode","dataNodeType":"GeneProduct","@type":["DataNode","GeneProduct","datanode"],"gpmlType":"datanode","graphicalType":"path","datasourceReference":{"database":"Entrez Gene","id":"3458","organism":"Homo sapiens"},"unificationXref":"http://identifiers.org/ensembl/ENSG00000111537"},{"networkType":"node","nodeType":"DataNode","dataNodeType":"GeneProduct","@type":["DataNode","GeneProduct","datanode"],"gpmlType":"datanode","graphicalType":"path","datasourceReference":{"database":"Entrez Gene","id":"5698","organism":"Homo sapiens"},"unificationXref":"http://identifiers.org/ensembl/ENSG00000240065"},{"networkType":"node","nodeType":"DataNode","dataNodeType":"GeneProduct","@type":["DataNode","GeneProduct","datanode"],"gpmlType":"datanode","graphicalType":"path","datasourceReference":{"database":"Entrez Gene","id":"5699","organism":"Homo sapiens"},"unificationXref":"http://identifiers.org/ensembl/ENSG00000205220"},{"networkType":"node","nodeType":"DataNode","dataNodeType":"GeneProduct","@type":["DataNode","GeneProduct","datanode"],"gpmlType":"datanode","graphicalType":"path","datasourceReference":{"database":"Entrez Gene","id":"5696","organism":"Homo sapiens"},"unificationXref":"http://identifiers.org/ensembl/ENSG00000226201"},{"networkType":"node","nodeType":"DataNode","dataNodeType":"GeneProduct","@type":["DataNode","GeneProduct","datanode"],"gpmlType":"datanode","graphicalType":"path","datasourceReference":{"database":"Entrez Gene","id":"10197","organism":"Homo sapiens"},"unificationXref":"http://identifiers.org/ensembl/ENSG00000131467"},{"networkType":"node","nodeType":"DataNode","dataNodeType":"GeneProduct","@type":["DataNode","GeneProduct","datanode"],"gpmlType":"datanode","graphicalType":"path","datasourceReference":{"database":"Entrez Gene","id":"5713","organism":"Homo sapiens"},"unificationXref":"http://identifiers.org/ensembl/ENSG00000103035"},{"networkType":"node","nodeType":"DataNode","dataNodeType":"GeneProduct","@type":["DataNode","GeneProduct","datanode"],"gpmlType":"datanode","graphicalType":"path","datasourceReference":{"database":"Entrez Gene","id":"9861","organism":"Homo sapiens"},"unificationXref":"http://identifiers.org/ensembl/ENSG00000163636"},{"networkType":"node","nodeType":"DataNode","dataNodeType":"GeneProduct","@type":["DataNode","GeneProduct","datanode"],"gpmlType":"datanode","graphicalType":"path","datasourceReference":{"database":"Entrez Gene","id":"5714","organism":"Homo sapiens"},"unificationXref":"http://identifiers.org/ensembl/ENSG00000099341"},{"networkType":"node","nodeType":"DataNode","dataNodeType":"GeneProduct","@type":["DataNode","GeneProduct","datanode"],"gpmlType":"datanode","graphicalType":"path","datasourceReference":{"database":"Entrez Gene","id":"5715","organism":"Homo sapiens"},"unificationXref":"http://identifiers.org/ensembl/ENSG00000110801"},{"networkType":"node","nodeType":"DataNode","dataNodeType":"GeneProduct","@type":["DataNode","GeneProduct","datanode"],"gpmlType":"datanode","graphicalType":"path","datasourceReference":{"database":"Entrez Gene","id":"5716","organism":"Homo sapiens"},"unificationXref":"http://identifiers.org/ensembl/ENSG00000101843"},{"networkType":"node","nodeType":"DataNode","dataNodeType":"GeneProduct","@type":["DataNode","GeneProduct","datanode"],"gpmlType":"datanode","graphicalType":"path","datasourceReference":{"database":"Entrez Gene","id":"5717","organism":"Homo sapiens"},"unificationXref":"http://identifiers.org/ensembl/ENSG00000108671"},{"networkType":"node","nodeType":"DataNode","dataNodeType":"GeneProduct","@type":["DataNode","GeneProduct","datanode"],"gpmlType":"datanode","graphicalType":"path","datasourceReference":{"database":"Entrez Gene","id":"5718","organism":"Homo sapiens"},"unificationXref":"http://identifiers.org/ensembl/ENSG00000197170"},{"networkType":"node","nodeType":"DataNode","dataNodeType":"GeneProduct","@type":["DataNode","GeneProduct","datanode"],"gpmlType":"datanode","graphicalType":"path","datasourceReference":{"database":"Entrez Gene","id":"5719","organism":"Homo sapiens"},"unificationXref":"http://identifiers.org/ensembl/ENSG00000185627"},{"networkType":"node","nodeType":"DataNode","dataNodeType":"GeneProduct","@type":["DataNode","GeneProduct","datanode"],"gpmlType":"datanode","graphicalType":"path","datasourceReference":{"database":"Entrez Gene","id":"5705","organism":"Homo sapiens"},"unificationXref":"http://identifiers.org/ensembl/ENSG00000087191"},{"networkType":"node","nodeType":"DataNode","dataNodeType":"GeneProduct","@type":["DataNode","GeneProduct","datanode"],"gpmlType":"datanode","graphicalType":"path","datasourceReference":{"database":"Entrez Gene","id":"5687","organism":"Homo sapiens"},"unificationXref":"http://identifiers.org/ensembl/ENSG00000100902"},{"networkType":"node","nodeType":"DataNode","dataNodeType":"GeneProduct","@type":["DataNode","GeneProduct","datanode"],"gpmlType":"datanode","graphicalType":"path","datasourceReference":{"database":"Entrez Gene","id":"5688","organism":"Homo sapiens"},"unificationXref":"http://identifiers.org/ensembl/ENSG00000101182"},{"networkType":"node","nodeType":"DataNode","dataNodeType":"GeneProduct","@type":["DataNode","GeneProduct","datanode"],"gpmlType":"datanode","graphicalType":"path","datasourceReference":{"database":"Entrez Gene","id":"5686","organism":"Homo sapiens"},"unificationXref":"http://identifiers.org/ensembl/ENSG00000143106"},{"networkType":"node","nodeType":"DataNode","dataNodeType":"GeneProduct","@type":["DataNode","GeneProduct","datanode"],"gpmlType":"datanode","graphicalType":"path","datasourceReference":{"database":"Entrez Gene","id":"5690","organism":"Homo sapiens"},"unificationXref":"http://identifiers.org/ensembl/ENSG00000126067"},{"networkType":"node","nodeType":"DataNode","dataNodeType":"GeneProduct","@type":["DataNode","GeneProduct","datanode"],"gpmlType":"datanode","graphicalType":"path","datasourceReference":{"database":"Entrez Gene","id":"3105","organism":"Homo sapiens"},"unificationXref":"http://identifiers.org/ensembl/ENSG00000227715"},{"networkType":"node","nodeType":"DataNode","dataNodeType":"GeneProduct","@type":["DataNode","GeneProduct","datanode"],"gpmlType":"datanode","graphicalType":"path","datasourceReference":{"database":"Entrez Gene","id":"3106","organism":"Homo sapiens"},"unificationXref":"http://identifiers.org/ensembl/ENSG00000232126"},{"networkType":"node","nodeType":"DataNode","dataNodeType":"GeneProduct","@type":["DataNode","GeneProduct","datanode"],"gpmlType":"datanode","graphicalType":"path","datasourceReference":{"database":"Entrez Gene","id":"3133","organism":"Homo sapiens"},"unificationXref":"http://identifiers.org/ensembl/ENSG00000225201"},{"networkType":"node","nodeType":"DataNode","dataNodeType":"GeneProduct","@type":["DataNode","GeneProduct","datanode"],"gpmlType":"datanode","graphicalType":"path","datasourceReference":{"database":"Entrez Gene","id":"3134","organism":"Homo sapiens"},"unificationXref":"http://identifiers.org/ensembl/ENSG00000206509"},{"networkType":"node","nodeType":"DataNode","dataNodeType":"GeneProduct","@type":["DataNode","GeneProduct","datanode"],"gpmlType":"datanode","graphicalType":"path","datasourceReference":{"database":"Entrez Gene","id":"3107","organism":"Homo sapiens"},"unificationXref":"http://identifiers.org/ensembl/ENSG00000237022"},{"networkType":"node","nodeType":"DataNode","dataNodeType":"GeneProduct","@type":["DataNode","GeneProduct","datanode"],"gpmlType":"datanode","graphicalType":"path","datasourceReference":{"database":"Entrez Gene","id":"3135","organism":"Homo sapiens"},"unificationXref":"http://identifiers.org/ensembl/ENSG00000230413"},{"networkType":"node","nodeType":"DataNode","dataNodeType":"GeneProduct","@type":["DataNode","GeneProduct","datanode"],"gpmlType":"datanode","graphicalType":"path","datasourceReference":{"database":"Entrez Gene","id":"6185","organism":"Homo sapiens"},"unificationXref":"http://identifiers.org/ensembl/ENSG00000118705"},{"networkType":"node","nodeType":"DataNode","dataNodeType":"GeneProduct","@type":["DataNode","GeneProduct","datanode"],"gpmlType":"datanode","graphicalType":"path","datasourceReference":{"database":"Entrez Gene","id":"6184","organism":"Homo sapiens"},"unificationXref":"http://identifiers.org/ensembl/ENSG00000163902"},{"networkType":"node","nodeType":"DataNode","dataNodeType":"GeneProduct","@type":["DataNode","GeneProduct","datanode"],"gpmlType":"datanode","graphicalType":"path","datasourceReference":{"database":"Entrez Gene","id":"5711","organism":"Homo sapiens"},"unificationXref":"http://identifiers.org/ensembl/ENSG00000095261"},{"networkType":"node","nodeType":"DataNode","dataNodeType":"GeneProduct","@type":["DataNode","GeneProduct","datanode"],"gpmlType":"datanode","graphicalType":"path","datasourceReference":{"database":"Entrez Gene","id":"7316","organism":"Homo sapiens"},"unificationXref":"http://identifiers.org/ensembl/ENSG00000150991"},{"networkType":"node","nodeType":"DataNode","dataNodeType":"GeneProduct","@type":["DataNode","GeneProduct","datanode"],"gpmlType":"datanode","graphicalType":"path","datasourceReference":{"database":"Entrez Gene","id":"3136","organism":"Homo sapiens"},"unificationXref":"http://identifiers.org/ensembl/ENSG00000226893"},{"networkType":"node","nodeType":"DataNode","dataNodeType":"GeneProduct","@type":["DataNode","GeneProduct","datanode"],"gpmlType":"datanode","graphicalType":"path","datasourceReference":{"database":"Entrez Gene","id":"3137","organism":"Homo sapiens"},"unificationXref":"http://identifiers.org/ensembl/ENSG00000235309"},{"networkType":"node","nodeType":"DataNode","dataNodeType":"GeneProduct","@type":["DataNode","GeneProduct","datanode"],"gpmlType":"datanode","graphicalType":"path","datasourceReference":{"database":"Entrez Gene","id":"8335","organism":"Homo sapiens"},"unificationXref":"http://identifiers.org/ensembl/ENSG00000137259"},{"networkType":"node","nodeType":"DataNode","dataNodeType":"GeneProduct","@type":["DataNode","GeneProduct","datanode"],"gpmlType":"datanode","graphicalType":"path","datasourceReference":{"database":"Ensembl","id":"ENSG00000170315","organism":"Homo sapiens"},"unificationXref":"http://identifiers.org/ensembl/ENSG00000170315"},{"networkType":"node","nodeType":"DataNode","dataNodeType":"GeneProduct","@type":["DataNode","GeneProduct","datanode"],"gpmlType":"datanode","graphicalType":"path","datasourceReference":{"database":"Ensembl","id":"ENSG00000118939","organism":"Homo sapiens"},"unificationXref":"http://identifiers.org/ensembl/ENSG00000118939"},{"networkType":"node","nodeType":"DataNode","dataNodeType":"GeneProduct","@type":["DataNode","GeneProduct","datanode"],"gpmlType":"datanode","graphicalType":"path","datasourceReference":{"database":"Ensembl","id":"ENSG00000154277","organism":"Homo sapiens"},"unificationXref":"http://identifiers.org/ensembl/ENSG00000154277"},{"networkType":"node","nodeType":"DataNode","dataNodeType":"Protein","@type":["DataNode","Protein","datanode"],"gpmlType":"datanode","graphicalType":"path","datasourceReference":{"database":"Uniprot-TrEMBL","id":"P62988","organism":"Homo sapiens"}},{"networkType":"node","nodeType":"DataNode","dataNodeType":"GeneProduct","@type":["DataNode","GeneProduct","datanode"],"gpmlType":"datanode","graphicalType":"path","datasourceReference":{"database":"Entrez Gene","id":"4734","organism":"Homo sapiens"},"unificationXref":"http://identifiers.org/ensembl/ENSG00000069869"}],"xmlns":"http://pathvisio.org/GPML/2013a","name":"Proteasome Degradation","organism":"Homo sapiens","image":{"@context":{"@vocab":"http://schema.org/"},"width":878.6666666666667,"height":893.3333333333334},"publicationXref":[],"id":"wpId:WP183","revision":"71712"}}