{"@context":{"@vocab":"http://vocabularies.wikipathways.org/gpml#","@base":"wpId:WP1971","pathwayIri":"wpId:WP1971","ChEBI":"http://www.ebi.ac.uk/chebi/searchId.do?chebiId=","dataSource":"gpml:Data-Source","datasourceReference":"wp:DatasourceReference","Group":{"@container":"@list","@id":"gpml:Group"},"interaction":{"@id":"biopax:Interaction","@type":"@id"},"interactionType":{"@id":"biopax:InteractionType","@type":"@id"},"interactionGraph":{"@container":"@list","@type":"@id"},"lastModified":"gpml:Last-Modified","pathway":"biopax:Pathway","point":{"@container":"@list","@id":"gpml:Point"},"publicationXref":"biopax:PublicationXref","unificationXref":"biopax:UnificationXref","author":"schema:author","backgroundColor":"css2:colors.html#propdef-background-color","backgroundImage":"css2:colors.html#propdef-background-image","biopax":"http://www.biopax.org/release/biopax-level3.owl#","borderColor":"css2:box.html#propdef-border-color","borderStyle":"css2:box.html#propdef-border-style","borderWidth":"css2:box.html#propdef-border-width","boxSizing":{"@id":"css3Ui:box-sizing","@value":"border-box"},"color":"css2:colors.html#propdef-color","contains":{"@id":"ex:contains","@type":"@id"},"css2":"http://www.w3.org/TR/CSS2/","css3Ui":"http://www.w3.org/TR/css3-ui/#","cssTransform":"http://www.w3.org/TR/css-transforms-1/#","gpmlDataNodeType":"gpml:Type","dcterms":"http://puri.org/dc/terms/","entrezGene":"http://www.ncbi.nlm.nih.gov/gene/","ex":"http://www.example.org/","fontFamily":"css2:fonts.html#font-family-prop","fontSize":"css2:fonts.html#propdef-font-size","fontStyle":"css2:fonts.html#propdef-font-style","fontWeight":"css2:fonts.html#propdef-font-weight","gpml":"http://vocabularies.wikipathways.org/gpml#","gpmlFolder":"file://Users/andersriutta/Sites/pathvisiojs/test/gpml/","hMDB":"http://www.hmdb.ca/metabolites/HMDB","height":"css2:visudet.html#propdef-height","id":"@id","image":"schema:image","interactsWith":{"@id":"ex:interactsWith","@type":"@id"},"isContainedBy":{"@reverse":"ex:contains","@type":"@id"},"media":"http://www.w3.org/TR/mediaont-10/","name":"http://xmlns.com/foaf/0.1/name","organism":"biopax:organism","padding":"css2:box.html#propdef-padding","elements":{"@container":"@list","@id":"ex:pathwayElements/"},"position":"css2:visuren.html#propdef-position","rotate":"cssTransform:funcdef-rotate","schema":"http://schema.org/","shapeLibrary":"http://shapelibrary.example.org/","shape":"shapeLibrary:shape","stroke":"svg:painting.html#StrokeProperty","strokeWidth":"svg:painting.html#StrokeWidthProperty","svg":"http://www.w3.org/TR/SVG11/","textAlign":"css2:text.html#propdef-text-align","verticalAlign":"css2:visudet.html#propdef-vertical-align","width":"css2:visudet.html#propdef-width","wp":"http://vocabularies.wikipathways.org/wp#","wpId":"http://identifiers.org/wikipathways/","x":{"@id":"css2:visuren.html#propdef-left","@type":"xsd:integer"},"xsd":"http://www.w3.org/2001/XMLSchema#","y":"css2:visuren.html#propdef-top","zIndex":{"@id":"css2:z-index","@type":"xsd:integer"}},"wpId:WP1971":{"elements":[{"networkType":"node","nodeType":"DataNode","dataNodeType":"Protein","@type":["DataNode","Protein","datanode"],"gpmlType":"datanode","graphicalType":"path"},{"networkType":"node","nodeType":"DataNode","dataNodeType":"Protein","@type":["DataNode","Protein","datanode"],"gpmlType":"datanode","graphicalType":"path","datasourceReference":{"database":"Uniprot-TrEMBL","id":"P55211","organism":"Homo sapiens"},"unificationXref":"http://identifiers.org/ensembl/ENSG00000132906"},{"networkType":"node","nodeType":"DataNode","dataNodeType":"Protein","@type":["DataNode","Protein","datanode"],"gpmlType":"datanode","graphicalType":"path"},{"networkType":"node","nodeType":"DataNode","dataNodeType":"Protein","@type":["DataNode","Protein","datanode"],"gpmlType":"datanode","graphicalType":"path"},{"networkType":"node","nodeType":"DataNode","dataNodeType":"Protein","@type":["DataNode","Protein","datanode"],"gpmlType":"datanode","graphicalType":"path"},{"networkType":"node","nodeType":"DataNode","dataNodeType":"Protein","@type":["DataNode","Protein","datanode"],"gpmlType":"datanode","graphicalType":"path"},{"networkType":"node","nodeType":"DataNode","dataNodeType":"Protein","@type":["DataNode","Protein","datanode"],"gpmlType":"datanode","graphicalType":"path"},{"networkType":"node","nodeType":"DataNode","dataNodeType":"Protein","@type":["DataNode","Protein","datanode"],"gpmlType":"datanode","graphicalType":"path"},{"networkType":"node","nodeType":"DataNode","dataNodeType":"Protein","@type":["DataNode","Protein","datanode"],"gpmlType":"datanode","graphicalType":"path"},{"networkType":"node","nodeType":"DataNode","dataNodeType":"Protein","@type":["DataNode","Protein","datanode"],"gpmlType":"datanode","graphicalType":"path"},{"networkType":"node","nodeType":"DataNode","dataNodeType":"Protein","@type":["DataNode","Protein","datanode"],"gpmlType":"datanode","graphicalType":"path"},{"networkType":"node","nodeType":"DataNode","dataNodeType":"Protein","@type":["DataNode","Protein","datanode"],"gpmlType":"datanode","graphicalType":"path"},{"networkType":"node","nodeType":"DataNode","dataNodeType":"Protein","@type":["DataNode","Protein","datanode"],"gpmlType":"datanode","graphicalType":"path"},{"networkType":"node","nodeType":"DataNode","dataNodeType":"Protein","@type":["DataNode","Protein","datanode"],"gpmlType":"datanode","graphicalType":"path"},{"networkType":"node","nodeType":"DataNode","dataNodeType":"Protein","@type":["DataNode","Protein","datanode"],"gpmlType":"datanode","graphicalType":"path"},{"networkType":"node","nodeType":"Label","@type":["label"],"gpmlType":"label","graphicalType":"path"},{"networkType":"node","nodeType":"Shape","@type":["shape"],"gpmlType":"shape","graphicalType":"path"},{"networkType":"edge","gpmlType":"interaction","@type":["interaction"],"graphicalType":"path","markerEnd":"mimStimulation","points":[{"x":251,"y":138,"isAttachedTo":"a9159","RelX":1,"anchor":[1,0.5,1,0],"RelY":0},{"x":296,"y":218,"isAttachedTo":"eb85c","RelX":0,"anchor":[0.5,0,0,-1],"RelY":-1}],"interactionGraph":[{"id":"a9159","interactsWith":"eb85c"}],"interactionType":"mim-stimulation"},{"networkType":"edge","gpmlType":"interaction","@type":["interaction"],"graphicalType":"path","markerEnd":"mimStimulation","points":[{"x":231,"y":128,"isAttachedTo":"a9159","RelX":0.5,"anchor":[0.75,0,0,-1],"RelY":-1},{"x":294,"y":72,"isAttachedTo":"c2641","RelX":-1,"anchor":[0,0.5,-1,0],"RelY":0}],"interactionGraph":[{"id":"a9159","interactsWith":"c2641"}],"interactionType":"mim-stimulation"},{"networkType":"edge","gpmlType":"interaction","@type":["interaction"],"graphicalType":"path","markerEnd":"mimStimulation","points":[{"x":171,"y":138,"isAttachedTo":"a9159","RelX":-1,"anchor":[0,0.5,-1,0],"RelY":0},{"x":99,"y":148,"isAttachedTo":"aaefd","RelX":1,"anchor":[1,0.5,1,0],"RelY":0}],"interactionGraph":[{"id":"a9159","interactsWith":"aaefd"}],"interactionType":"mim-stimulation"},{"networkType":"edge","gpmlType":"interaction","@type":["interaction"],"graphicalType":"path","markerEnd":"mimStimulation","points":[{"x":191,"y":148,"isAttachedTo":"a9159","RelX":-0.5,"anchor":[0.25,1,0,1],"RelY":1},{"x":125.75,"y":256.25,"isAttachedTo":"b7db0","RelX":0,"anchor":[0.5,0,0,-1],"RelY":-1}],"interactionGraph":[{"id":"a9159","interactsWith":"b7db0"}],"interactionType":"mim-stimulation"},{"networkType":"edge","gpmlType":"interaction","@type":["interaction"],"graphicalType":"path","markerEnd":"mimStimulation","points":[{"x":320,"y":237},{"x":390.52777777777794,"y":283.89814814814827,"isAttachedTo":"f8914","RelX":-0.5,"anchor":[0.25,0,0,-1],"RelY":-1}]},{"networkType":"edge","gpmlType":"interaction","@type":["interaction"],"graphicalType":"path","markerEnd":"mimBinding","points":[{"x":334,"y":82,"isAttachedTo":"c2641","RelX":0,"anchor":[0.5,1,0,1],"RelY":1},{"x":410.52777777777794,"y":283.89814814814827,"isAttachedTo":"f8914","RelX":0,"anchor":[0.5,0,0,-1],"RelY":-1}],"interactionGraph":[{"id":"c2641","interactsWith":"f8914"}],"interactionType":"mim-binding"},{"networkType":"edge","gpmlType":"interaction","@type":["interaction"],"graphicalType":"path","markerEnd":"mimStimulation","points":[{"x":390.52777777777794,"y":303.89814814814827,"isAttachedTo":"f8914","RelX":-0.5,"anchor":[0.25,1,0,1],"RelY":1},{"x":316.25,"y":358.75,"isAttachedTo":"eaf4e","RelX":0,"anchor":[0.5,0,0,-1],"RelY":-1}],"interactionGraph":[{"id":"f8914","interactsWith":"eaf4e"}],"interactionType":"mim-stimulation"},{"networkType":"edge","gpmlType":"interaction","@type":["interaction"],"graphicalType":"path","markerEnd":"mimStimulation","points":[{"x":410.52777777777794,"y":303.89814814814827,"isAttachedTo":"f8914","RelX":0,"anchor":[0.5,1,0,1],"RelY":1},{"x":462,"y":367,"isAttachedTo":"a2653","RelX":0,"anchor":[0.5,0,0,-1],"RelY":-1}],"interactionGraph":[{"id":"f8914","interactsWith":"a2653"}],"interactionType":"mim-stimulation"},{"networkType":"edge","gpmlType":"interaction","@type":["interaction"],"graphicalType":"path","markerEnd":"mimStimulation","points":[{"x":450.52777777777794,"y":293.89814814814827,"isAttachedTo":"f8914","RelX":1,"anchor":[1,0.5,1,0],"RelY":0},{"x":539.8611111111111,"y":298.6111111111111,"isAttachedTo":"fb6c4","RelX":-1,"anchor":[0,0.5,-1,0],"RelY":0}],"interactionGraph":[{"id":"f8914","interactsWith":"fb6c4"}],"interactionType":"mim-stimulation"},{"networkType":"edge","gpmlType":"interaction","@type":["interaction"],"graphicalType":"path","markerEnd":"mimStimulation","points":[{"x":430.52777777777794,"y":303.89814814814827,"isAttachedTo":"f8914","RelX":0.5,"anchor":[0.75,1,0,1],"RelY":1},{"x":558.3796296296296,"y":355.324074074074,"isAttachedTo":"cf938","RelX":-1,"anchor":[0,0.5,-1,0],"RelY":0}],"interactionGraph":[{"id":"f8914","interactsWith":"cf938"}],"interactionType":"mim-stimulation"},{"networkType":"edge","gpmlType":"interaction","@type":["interaction"],"graphicalType":"path","markerEnd":"mimStimulation","points":[{"x":370.52777777777794,"y":293.89814814814827,"isAttachedTo":"f8914","RelX":-1,"anchor":[0,0.5,-1,0],"RelY":0},{"x":263.322440087146,"y":321.7211328976033,"isAttachedTo":"d3eb5","RelX":1,"anchor":[1,0.5,1,0],"RelY":0}],"interactionGraph":[{"id":"f8914","interactsWith":"d3eb5"}],"interactionType":"mim-stimulation"},{"networkType":"edge","gpmlType":"interaction","@type":["interaction"],"graphicalType":"path","markerEnd":"mimStimulation","points":[{"x":390.52777777777794,"y":303.89814814814827,"isAttachedTo":"f8914","RelX":-0.5,"anchor":[0.25,1,0,1],"RelY":1},{"x":377.3148148148146,"y":426.3425925925928,"isAttachedTo":"d9e82","RelX":0,"anchor":[0.5,0,0,-1],"RelY":-1}],"interactionGraph":[{"id":"f8914","interactsWith":"d9e82"}],"interactionType":"mim-stimulation"},{"networkType":"edge","gpmlType":"interaction","@type":["interaction"],"graphicalType":"path","markerEnd":"mimBinding","points":[{"x":370.52777777777794,"y":293.89814814814827,"isAttachedTo":"f8914","RelX":-1,"anchor":[0,0.5,-1,0],"RelY":0},{"x":165.75,"y":266.25,"isAttachedTo":"b7db0","RelX":1,"anchor":[1,0.5,1,0],"RelY":0}],"interactionGraph":[{"id":"f8914","interactsWith":"b7db0"}],"interactionType":"mim-binding"},{"networkType":"edge","gpmlType":"interaction","@type":["interaction"],"graphicalType":"path","markerEnd":"mimStimulation","points":[{"x":430.52777777777794,"y":303.89814814814827,"isAttachedTo":"f8914","RelX":0.5,"anchor":[0.75,1,0,1],"RelY":1},{"x":574.398148148148,"y":430.9722222222222,"isAttachedTo":"a4487","RelX":0.5,"anchor":[0.75,0,0,-1],"RelY":-1}],"interactionGraph":[{"id":"f8914","interactsWith":"a4487"}],"interactionType":"mim-stimulation"},{"networkType":"edge","gpmlType":"interaction","@type":["interaction"],"graphicalType":"path","markerEnd":"mimStimulation","points":[{"x":445.6018518518518,"y":287.037037037037},{"x":654.4444444444443,"y":239.58333333333331,"isAttachedTo":"fef30","RelX":-1,"anchor":[0,0.5,-1,0],"RelY":0}]},{"networkType":"edge","gpmlType":"interaction","@type":["interaction"],"graphicalType":"path","markerEnd":"mimStimulation","points":[{"x":430.52777777777794,"y":283.89814814814827,"isAttachedTo":"f8914","RelX":0.5,"anchor":[0.75,0,0,-1],"RelY":-1},{"x":480.49764602430616,"y":181.42820894454022,"isAttachedTo":"f80f1","RelX":-1,"anchor":[0,0.25,-1,0],"RelY":-0.5}],"interactionGraph":[{"id":"f8914","interactsWith":"f80f1"}],"interactionType":"mim-stimulation"},{"networkType":"edge","gpmlType":"interaction","@type":["interaction"],"graphicalType":"path","markerEnd":"mimModification","points":[{"x":390.52777777777794,"y":303.89814814814827,"isAttachedTo":"f8914","RelX":-0.5,"anchor":[0.25,1,0,1],"RelY":1},{"x":467.59259259259255,"y":488.84259259259255,"isAttachedTo":"d38c2","RelX":0,"anchor":[0.5,0,0,-1],"RelY":-1}],"interactionGraph":[{"id":"f8914","interactsWith":"d38c2"}],"interactionType":"mim-modification"},{"networkType":"edge","gpmlType":"interaction","@type":["interaction"],"graphicalType":"path","markerEnd":"mimStimulation","points":[{"x":450.52777777777794,"y":293.89814814814827,"isAttachedTo":"f8914","RelX":1,"anchor":[1,0.5,1,0],"RelY":0},{"x":756.2962962962962,"y":327.5462962962962,"isAttachedTo":"eaed8","RelX":-1,"anchor":[0,0.5,-1,0],"RelY":0}],"interactionGraph":[{"id":"f8914","interactsWith":"eaed8"}],"interactionType":"mim-stimulation"},{"networkType":"edge","gpmlType":"interaction","@type":["interaction"],"graphicalType":"path","markerEnd":"mimStimulation","points":[{"x":127.31481481481472,"y":371.94444444444457,"isAttachedTo":"afa56","RelX":0,"anchor":[0.5,0,0,-1],"RelY":-1},{"x":223.322440087146,"y":331.7211328976033,"isAttachedTo":"d3eb5","RelX":0,"anchor":[0.5,1,0,1],"RelY":1}],"interactionGraph":[{"id":"afa56","interactsWith":"d3eb5"}],"interactionType":"mim-stimulation"},{"networkType":"edge","gpmlType":"interaction","@type":["interaction"],"graphicalType":"path","markerEnd":"mimStimulation","points":[{"x":256,"y":228,"isAttachedTo":"eb85c","RelX":-1,"anchor":[0,0.5,-1,0],"RelY":0},{"x":145.75,"y":256.25,"isAttachedTo":"b7db0","RelX":0.5,"anchor":[0.75,0,0,-1],"RelY":-1}],"interactionGraph":[{"id":"eb85c","interactsWith":"b7db0"}],"interactionType":"mim-stimulation"},{"networkType":"edge","gpmlType":"interaction","@type":["interaction"],"graphicalType":"path","markerEnd":"mimStimulation","points":[{"x":223.88888888888889,"y":552.6388888888889,"isAttachedTo":"dd420","RelX":0.5,"anchor":[0.75,1,0,1],"RelY":1},{"x":298.88888888888886,"y":657.7777777777777,"isAttachedTo":"c5d43","RelX":0,"anchor":[0.5,0,0,-1],"RelY":-1}],"interactionGraph":[{"id":"dd420","interactsWith":"c5d43"}],"interactionType":"mim-stimulation"},{"networkType":"edge","gpmlType":"interaction","@type":["interaction"],"graphicalType":"path","markerEnd":"mimStimulation","points":[{"x":183.88888888888889,"y":532.6388888888889,"isAttachedTo":"dd420","RelX":-0.5,"anchor":[0.25,0,0,-1],"RelY":-1},{"x":88.63888888888883,"y":486.9722222222223,"isAttachedTo":"e2391","RelX":0,"anchor":[0.5,1,0,1],"RelY":1}],"interactionGraph":[{"id":"dd420","interactsWith":"e2391"}],"interactionType":"mim-stimulation"},{"networkType":"edge","gpmlType":"interaction","@type":["interaction"],"graphicalType":"path","markerEnd":"mimInhibition","points":[{"x":60,"y":463.3333333333333},{"x":85.75,"y":266.25,"isAttachedTo":"b7db0","RelX":-1,"anchor":[0,0.5,-1,0],"RelY":0}]},{"networkType":"edge","gpmlType":"interaction","@type":["interaction"],"graphicalType":"path","markerEnd":"mimInhibition","points":[{"x":646.6666666666673,"y":474.4444444444449,"isAttachedTo":"a5677","RelX":0,"anchor":[0.5,0,0,-1],"RelY":-1},{"x":598.3796296296296,"y":365.324074074074,"isAttachedTo":"cf938","RelX":0,"anchor":[0.5,1,0,1],"RelY":1}],"interactionGraph":[{"id":"a5677","interactsWith":"cf938"}],"interactionType":"mim-inhibition"},{"networkType":"edge","gpmlType":"interaction","@type":["interaction"],"graphicalType":"path","markerEnd":"mimInhibition","points":[{"x":592.2222222222222,"y":343.3333333333333},{"x":579.8611111111111,"y":308.6111111111111,"isAttachedTo":"fb6c4","RelX":0,"anchor":[0.5,1,0,1],"RelY":1}]},{"networkType":"edge","gpmlType":"interaction","@type":["interaction"],"graphicalType":"path","markerEnd":"mimInhibition","points":[{"x":54.22222222222219,"y":555.5555555555561,"isAttachedTo":"db9fe","RelX":0,"anchor":[0.5,0,0,-1],"RelY":-1},{"x":68.63888888888883,"y":486.9722222222223,"isAttachedTo":"e2391","RelX":-0.5,"anchor":[0.25,1,0,1],"RelY":1}],"interactionGraph":[{"id":"db9fe","interactsWith":"e2391"}],"interactionType":"mim-inhibition"},{"networkType":"edge","gpmlType":"interaction","@type":["interaction"],"graphicalType":"path","markerEnd":"mimStimulation","points":[{"x":741.3235294117648,"y":422.94117647058823,"isAttachedTo":"db23b","RelX":0,"anchor":[0.5,0,0,-1],"RelY":-1},{"x":599.8611111111111,"y":308.6111111111111,"isAttachedTo":"fb6c4","RelX":0.5,"anchor":[0.75,1,0,1],"RelY":1}],"interactionGraph":[{"id":"db23b","interactsWith":"fb6c4"}],"interactionType":"mim-stimulation"},{"networkType":"edge","gpmlType":"interaction","@type":["interaction"],"graphicalType":"path","markerEnd":"mimStimulation","points":[{"x":714.1176470588235,"y":462.3529411764706},{"x":620.0000000000007,"y":571.1764705882345,"isAttachedTo":"a47b9","RelX":0,"anchor":[0.5,0,0,-1],"RelY":-1}]},{"networkType":"edge","gpmlType":"interaction","@type":["interaction"],"graphicalType":"path","markerEnd":"mimStimulation","points":[{"x":738.823529411765,"y":464.1176470588236,"isAttachedTo":"db772","RelX":0,"anchor":[0.5,1,0,1],"RelY":1},{"x":717.6470588235295,"y":571.1764705882351,"isAttachedTo":"f66da","RelX":0,"anchor":[0.5,0,0,-1],"RelY":-1}],"interactionGraph":[{"id":"db772","interactsWith":"f66da"}],"interactionType":"mim-stimulation"},{"networkType":"edge","gpmlType":"interaction","@type":["interaction"],"graphicalType":"path","markerEnd":"mimStimulation","points":[{"x":764.7058823529412,"y":463.5294117647059},{"x":815.2941176470589,"y":570.588235294118,"isAttachedTo":"f1eae","RelX":0,"anchor":[0.5,0,0,-1],"RelY":-1}]},{"networkType":"edge","gpmlType":"interaction","@type":["interaction"],"graphicalType":"path","markerEnd":"mimInhibition","points":[{"x":625.8823529411765,"y":712.9411764705883,"isAttachedTo":"d1a95","RelX":-1,"anchor":[0,0.5,-1,0],"RelY":0},{"x":512.9411764705883,"y":638.8235294117648,"isAttachedTo":"e0a89","RelX":1,"anchor":[1,0.5,1,0],"RelY":0}],"interactionGraph":[{"id":"d1a95","interactsWith":"e0a89"}],"interactionType":"mim-inhibition"},{"networkType":"edge","gpmlType":"interaction","@type":["interaction"],"graphicalType":"path","markerEnd":"mimInhibition","points":[{"x":432.9411764705883,"y":638.8235294117648,"isAttachedTo":"e0a89","RelX":-1,"anchor":[0,0.5,-1,0],"RelY":0},{"x":357.64705882352945,"y":758.2352941176471,"isAttachedTo":"efb2d","RelX":-0.5,"anchor":[0.25,0,0,-1],"RelY":-1}],"interactionGraph":[{"id":"e0a89","interactsWith":"efb2d"}],"interactionType":"mim-inhibition"},{"networkType":"edge","gpmlType":"interaction","@type":["interaction"],"graphicalType":"path","markerEnd":"mimInhibition","points":[{"x":575.294117647059,"y":753.2794117647057,"isAttachedTo":"b941a","RelX":0,"anchor":[0.5,0,0,-1],"RelY":-1},{"x":492.9411764705883,"y":648.8235294117648,"isAttachedTo":"e0a89","RelX":0.5,"anchor":[0.75,1,0,1],"RelY":1}],"interactionGraph":[{"id":"b941a","interactsWith":"e0a89"}],"interactionType":"mim-inhibition"},{"networkType":"edge","gpmlType":"interaction","@type":["interaction"],"graphicalType":"path","markerEnd":"mimStimulation","points":[{"x":472.9411764705883,"y":648.8235294117648,"isAttachedTo":"e0a89","RelX":0,"anchor":[0.5,1,0,1],"RelY":1},{"x":469.4117647058824,"y":785.2941176470589,"isAttachedTo":"eff7e","RelX":0,"anchor":[0.5,0,0,-1],"RelY":-1}],"interactionGraph":[{"id":"e0a89","interactsWith":"eff7e"}],"interactionType":"mim-stimulation"},{"networkType":"node","nodeType":"DataNode","dataNodeType":"Metabolite","@type":["DataNode","Metabolite","datanode"],"gpmlType":"datanode","graphicalType":"path"},{"networkType":"edge","gpmlType":"interaction","@type":["interaction"],"graphicalType":"path","markerEnd":"mimInhibition","points":[{"x":243.322440087146,"y":331.7211328976033,"isAttachedTo":"d3eb5","RelX":0.5,"anchor":[0.75,1,0,1],"RelY":1},{"x":227.0588235294117,"y":458.2352941176471,"isAttachedTo":"b6c28","RelX":0,"anchor":[0.5,0,0,-1],"RelY":-1}],"interactionGraph":[{"id":"d3eb5","interactsWith":"b6c28"}],"interactionType":"mim-inhibition"},{"networkType":"edge","gpmlType":"interaction","@type":["interaction"],"graphicalType":"path","markerEnd":"mimInhibition","points":[{"x":243.322440087146,"y":331.7211328976033,"isAttachedTo":"d3eb5","RelX":0.5,"anchor":[0.75,1,0,1],"RelY":1},{"x":321.17647058823536,"y":482.94117647058835,"isAttachedTo":"a9006","RelX":0,"anchor":[0.5,0,0,-1],"RelY":-1}],"interactionGraph":[{"id":"d3eb5","interactsWith":"a9006"}],"interactionType":"mim-inhibition"},{"networkType":"edge","gpmlType":"interaction","@type":["interaction"],"graphicalType":"path","markerEnd":"mimInhibition","points":[{"x":292.94117647058823,"y":237.64705882352942},{"x":301.17647058823536,"y":482.94117647058835,"isAttachedTo":"a9006","RelX":-0.5,"anchor":[0.25,0,0,-1],"RelY":-1}]},{"networkType":"edge","gpmlType":"interaction","@type":["interaction"],"graphicalType":"path","markerEnd":"mimInhibition","points":[{"x":620.0000000000007,"y":591.1764705882345,"isAttachedTo":"a47b9","RelX":0,"anchor":[0.5,1,0,1],"RelY":1},{"x":763.2794117647059,"y":704.4558823529413,"isAttachedTo":"b598c","RelX":0,"anchor":[0.5,0,0,-1],"RelY":-1}],"interactionGraph":[{"id":"a47b9","interactsWith":"b598c"}],"interactionType":"mim-inhibition"},{"networkType":"edge","gpmlType":"interaction","@type":["interaction"],"graphicalType":"path","markerEnd":"mimStimulation","points":[{"x":475.044117647059,"y":570.926470588235,"isAttachedTo":"acb10","RelX":-1,"anchor":[0,0.5,-1,0],"RelY":0},{"x":441.5147058823529,"y":569.1617647058823,"isAttachedTo":"febe1","RelX":1,"anchor":[1,0.5,1,0],"RelY":0}],"interactionGraph":[{"id":"acb10","interactsWith":"febe1"}],"interactionType":"mim-stimulation"},{"networkType":"edge","gpmlType":"interaction","@type":["interaction"],"graphicalType":"path","markerEnd":"mimStimulation","points":[{"x":762.6911764705883,"y":782.6911764705883,"isAttachedTo":"f08ca","RelX":0,"anchor":[0.5,0,0,-1],"RelY":-1},{"x":829.4117647058823,"y":755.8823529411765,"isAttachedTo":"d11be","RelX":0,"anchor":[0.5,1,0,1],"RelY":1}],"interactionGraph":[{"id":"f08ca","interactsWith":"d11be"}],"interactionType":"mim-stimulation"},{"networkType":"edge","gpmlType":"interaction","@type":["interaction"],"graphicalType":"path","markerEnd":"mimStimulation","points":[{"x":183.322440087146,"y":321.7211328976033,"isAttachedTo":"d3eb5","RelX":-1,"anchor":[0,0.5,-1,0],"RelY":0},{"x":125.75,"y":276.25,"isAttachedTo":"b7db0","RelX":0,"anchor":[0.5,1,0,1],"RelY":1}],"interactionGraph":[{"id":"d3eb5","interactsWith":"b7db0"}],"interactionType":"mim-stimulation"},{"networkType":"edge","gpmlType":"interaction","@type":["interaction"],"graphicalType":"path","markerEnd":"mimStimulation","points":[{"x":68.63888888888883,"y":466.9722222222223,"isAttachedTo":"e2391","RelX":-0.5,"anchor":[0.25,0,0,-1],"RelY":-1},{"x":105.75,"y":276.25,"isAttachedTo":"b7db0","RelX":-0.5,"anchor":[0.25,1,0,1],"RelY":1}],"interactionGraph":[{"id":"e2391","interactsWith":"b7db0"}],"interactionType":"mim-stimulation"},{"networkType":"edge","gpmlType":"interaction","@type":["interaction"],"graphicalType":"path","markerEnd":"mimInhibition","points":[{"x":640.0000000000007,"y":591.1764705882345,"isAttachedTo":"a47b9","RelX":0.5,"anchor":[0.75,1,0,1],"RelY":1},{"x":852.8528528528533,"y":691.7017017017017,"isAttachedTo":"b1378","RelX":0,"anchor":[0.5,0,0,-1],"RelY":-1}],"interactionGraph":[{"id":"a47b9","interactsWith":"b1378"}],"interactionType":"mim-inhibition"},{"networkType":"edge","gpmlType":"interaction","@type":["interaction"],"graphicalType":"path","markerEnd":"mimInhibition","points":[{"x":600.0000000000007,"y":571.1764705882345,"isAttachedTo":"a47b9","RelX":-0.5,"anchor":[0.25,0,0,-1],"RelY":-1},{"x":626.6666666666673,"y":494.4444444444449,"isAttachedTo":"a5677","RelX":-0.5,"anchor":[0.25,1,0,1],"RelY":1}],"interactionGraph":[{"id":"a47b9","interactsWith":"a5677"}],"interactionType":"mim-inhibition"},{"networkType":"edge","gpmlType":"interaction","@type":["interaction"],"graphicalType":"path","markerEnd":"mimStimulation","points":[{"x":945.1939439439439,"y":604.5945945945946,"isAttachedTo":"aded6","RelX":0,"anchor":[0.5,1,0,1],"RelY":1},{"x":1035.035035035035,"y":632.6426426426426,"isAttachedTo":"cbc51","RelX":0,"anchor":[0.5,0,0,-1],"RelY":-1}],"interactionGraph":[{"id":"aded6","interactsWith":"cbc51"}],"interactionType":"mim-stimulation"},{"networkType":"edge","gpmlType":"interaction","@type":["interaction"],"graphicalType":"path","markerEnd":"mimStimulation","points":[{"x":105.75,"y":256.25,"isAttachedTo":"b7db0","RelX":-0.5,"anchor":[0.25,0,0,-1],"RelY":-1},{"x":75.6108158631818,"y":224.76050182674786,"isAttachedTo":"f0b4c","RelX":0.5,"anchor":[0.75,1,0,1],"RelY":1}],"interactionGraph":[{"id":"b7db0","interactsWith":"f0b4c"}],"interactionType":"mim-stimulation"},{"networkType":"edge","gpmlType":"interaction","@type":["interaction"],"graphicalType":"path","markerEnd":"mimStimulation","points":[{"x":1027.5381177707677,"y":560.9989484752892,"isAttachedTo":"a9cfd","RelX":0,"anchor":[0.5,1,0,1],"RelY":1},{"x":1035.035035035035,"y":632.6426426426426}]},{"networkType":"edge","gpmlType":"interaction","@type":["interaction"],"graphicalType":"path","markerEnd":"mimStimulation","points":[{"x":105.75,"y":276.25,"isAttachedTo":"b7db0","RelX":-0.5,"anchor":[0.25,1,0,1],"RelY":1},{"x":88.63888888888883,"y":466.9722222222223,"isAttachedTo":"e2391","RelX":0,"anchor":[0.5,0,0,-1],"RelY":-1}],"interactionGraph":[{"id":"b7db0","interactsWith":"e2391"}],"interactionType":"mim-stimulation"},{"networkType":"node","nodeType":"DataNode","dataNodeType":"Protein","@type":["DataNode","Protein","datanode"],"gpmlType":"datanode","graphicalType":"path","datasourceReference":{"database":"Uniprot-TrEMBL","id":"Q13315","organism":"Homo sapiens"},"unificationXref":"http://identifiers.org/ensembl/ENSG00000149311"},{"networkType":"node","nodeType":"DataNode","dataNodeType":"Protein","@type":["DataNode","Protein","datanode"],"gpmlType":"datanode","graphicalType":"path","datasourceReference":{"database":"Uniprot-TrEMBL","id":"O96017","organism":"Homo sapiens"},"unificationXref":"http://identifiers.org/ensembl/ENSG00000183765"},{"networkType":"node","nodeType":"DataNode","dataNodeType":"Protein","@type":["DataNode","Protein","datanode"],"gpmlType":"datanode","graphicalType":"path","datasourceReference":{"database":"Uniprot-TrEMBL","id":"P42224","organism":"Homo sapiens"},"unificationXref":"http://identifiers.org/ensembl/ENSG00000115415"},{"networkType":"node","nodeType":"DataNode","dataNodeType":"Protein","@type":["DataNode","Protein","datanode"],"gpmlType":"datanode","graphicalType":"path","datasourceReference":{"database":"Uniprot-TrEMBL","id":"P04637","organism":"Homo sapiens"},"unificationXref":"http://identifiers.org/ensembl/ENSG00000141510"},{"networkType":"node","nodeType":"DataNode","dataNodeType":"Protein","@type":["DataNode","Protein","datanode"],"gpmlType":"datanode","graphicalType":"path","datasourceReference":{"database":"Uniprot-TrEMBL","id":"P38398","organism":"Homo sapiens"},"unificationXref":"http://identifiers.org/ensembl/ENSG00000012048"},{"networkType":"node","nodeType":"DataNode","dataNodeType":"Protein","@type":["DataNode","Protein","datanode"],"gpmlType":"datanode","graphicalType":"path","datasourceReference":{"database":"Uniprot-TrEMBL","id":"Q01094","organism":"Homo sapiens"},"unificationXref":"http://identifiers.org/ensembl/ENSG00000101412"},{"networkType":"node","nodeType":"DataNode","dataNodeType":"Protein","@type":["DataNode","Protein","datanode"],"gpmlType":"datanode","graphicalType":"path","datasourceReference":{"database":"Uniprot-TrEMBL","id":"P06400","organism":"Homo sapiens"},"unificationXref":"http://identifiers.org/ensembl/ENSG00000139687"},{"networkType":"node","nodeType":"DataNode","dataNodeType":"Protein","@type":["DataNode","Protein","datanode"],"gpmlType":"datanode","graphicalType":"path","datasourceReference":{"database":"Uniprot-TrEMBL","id":"O14757","organism":"Homo sapiens"},"unificationXref":"http://identifiers.org/ensembl/ENSG00000149554"},{"networkType":"node","nodeType":"DataNode","dataNodeType":"GeneProduct","@type":["DataNode","GeneProduct","datanode"],"gpmlType":"datanode","graphicalType":"path","datasourceReference":{"database":"Ensembl","id":"ENSG00000166851","organism":"Homo sapiens"},"unificationXref":"http://identifiers.org/ensembl/ENSG00000166851"},{"networkType":"node","nodeType":"DataNode","dataNodeType":"Protein","@type":["DataNode","Protein","datanode"],"gpmlType":"datanode","graphicalType":"path","datasourceReference":{"database":"Uniprot-TrEMBL","id":"P54132","organism":"Homo sapiens"},"unificationXref":"http://identifiers.org/ensembl/ENSG00000197299"},{"networkType":"node","nodeType":"DataNode","dataNodeType":"Protein","@type":["DataNode","Protein","datanode"],"gpmlType":"datanode","graphicalType":"path","datasourceReference":{"database":"Uniprot-TrEMBL","id":"P43246","organism":"Homo sapiens"},"unificationXref":"http://identifiers.org/ensembl/ENSG00000095002"},{"networkType":"node","nodeType":"DataNode","dataNodeType":"Protein","@type":["DataNode","Protein","datanode"],"gpmlType":"datanode","graphicalType":"path","datasourceReference":{"database":"Uniprot-TrEMBL","id":"P52701","organism":"Homo sapiens"},"unificationXref":"http://identifiers.org/ensembl/ENSG00000116062"},{"networkType":"node","nodeType":"DataNode","dataNodeType":"Protein","@type":["DataNode","Protein","datanode"],"gpmlType":"datanode","graphicalType":"path","datasourceReference":{"database":"Uniprot-TrEMBL","id":"Q8NBS1","organism":"Homo sapiens"}},{"networkType":"node","nodeType":"DataNode","dataNodeType":"Protein","@type":["DataNode","Protein","datanode"],"gpmlType":"datanode","graphicalType":"path","datasourceReference":{"database":"Uniprot-TrEMBL","id":"P49959","organism":"Homo sapiens"},"unificationXref":"http://identifiers.org/ensembl/ENSG00000020922"},{"networkType":"node","nodeType":"DataNode","dataNodeType":"Protein","@type":["DataNode","Protein","datanode"],"gpmlType":"datanode","graphicalType":"path","datasourceReference":{"database":"Uniprot-TrEMBL","id":"Q92878","organism":"Homo sapiens"},"unificationXref":"http://identifiers.org/ensembl/ENSG00000113522"},{"networkType":"node","nodeType":"DataNode","dataNodeType":"Protein","@type":["DataNode","Protein","datanode"],"gpmlType":"datanode","graphicalType":"path","datasourceReference":{"database":"Uniprot-TrEMBL","id":"Q99728","organism":"Homo sapiens"},"unificationXref":"http://identifiers.org/ensembl/ENSG00000138376"},{"networkType":"node","nodeType":"DataNode","dataNodeType":"Protein","@type":["DataNode","Protein","datanode"],"gpmlType":"datanode","graphicalType":"path","datasourceReference":{"database":"Uniprot-TrEMBL","id":"Q13535","organism":"Homo sapiens"},"unificationXref":"http://identifiers.org/ensembl/ENSG00000175054"},{"networkType":"node","nodeType":"DataNode","dataNodeType":"Protein","@type":["DataNode","Protein","datanode"],"gpmlType":"datanode","graphicalType":"path","datasourceReference":{"database":"Uniprot-TrEMBL","id":"P38398","organism":"Homo sapiens"},"unificationXref":"http://identifiers.org/ensembl/ENSG00000012048"},{"networkType":"node","nodeType":"DataNode","dataNodeType":"Protein","@type":["DataNode","Protein","datanode"],"gpmlType":"datanode","graphicalType":"path","datasourceReference":{"database":"Uniprot-TrEMBL","id":"P31749","organism":"Homo sapiens"},"unificationXref":"http://identifiers.org/ensembl/ENSG00000142208"},{"networkType":"node","nodeType":"DataNode","dataNodeType":"Protein","@type":["DataNode","Protein","datanode"],"gpmlType":"datanode","graphicalType":"path","datasourceReference":{"database":"Uniprot-TrEMBL","id":"Q00987","organism":"Homo sapiens"},"unificationXref":"http://identifiers.org/ensembl/ENSG00000135679"},{"networkType":"node","nodeType":"DataNode","dataNodeType":"Protein","@type":["DataNode","Protein","datanode"],"gpmlType":"datanode","graphicalType":"path","datasourceReference":{"database":"Uniprot-TrEMBL","id":"P11802","organism":"Homo sapiens"},"unificationXref":"http://identifiers.org/ensembl/ENSG00000135446"},{"networkType":"node","nodeType":"DataNode","dataNodeType":"Protein","@type":["DataNode","Protein","datanode"],"gpmlType":"datanode","graphicalType":"path","datasourceReference":{"database":"Uniprot-TrEMBL","id":"Q15796","organism":"Homo sapiens"},"unificationXref":"http://identifiers.org/ensembl/ENSG00000175387"},{"networkType":"node","nodeType":"DataNode","dataNodeType":"Protein","@type":["DataNode","Protein","datanode"],"gpmlType":"datanode","graphicalType":"path","datasourceReference":{"database":"Uniprot-TrEMBL","id":"P84022","organism":"Homo sapiens"},"unificationXref":"http://identifiers.org/ensembl/ENSG00000166949"},{"networkType":"node","nodeType":"DataNode","dataNodeType":"Protein","@type":["DataNode","Protein","datanode"],"gpmlType":"datanode","graphicalType":"path","datasourceReference":{"database":"Uniprot-TrEMBL","id":"Q92934","organism":"Homo sapiens"},"unificationXref":"http://identifiers.org/ensembl/ENSG00000002330"},{"networkType":"node","nodeType":"DataNode","dataNodeType":"Protein","@type":["DataNode","Protein","datanode"],"gpmlType":"datanode","graphicalType":"path","datasourceReference":{"database":"Uniprot-TrEMBL","id":"P10415","organism":"Homo sapiens"},"unificationXref":"http://identifiers.org/ensembl/ENSG00000171791"},{"networkType":"node","nodeType":"DataNode","dataNodeType":"Protein","@type":["DataNode","Protein","datanode"],"gpmlType":"datanode","graphicalType":"path","datasourceReference":{"database":"Uniprot-TrEMBL","id":"Q86UR1","organism":"Homo sapiens"},"unificationXref":"http://identifiers.org/ensembl/ENSG00000188747"},{"networkType":"node","nodeType":"DataNode","dataNodeType":"Protein","@type":["DataNode","Protein","datanode"],"gpmlType":"datanode","graphicalType":"path","datasourceReference":{"database":"Uniprot-TrEMBL","id":"Q07812","organism":"Homo sapiens"},"unificationXref":"http://identifiers.org/ensembl/ENSG00000087088"},{"networkType":"node","nodeType":"DataNode","dataNodeType":"Protein","@type":["DataNode","Protein","datanode"],"gpmlType":"datanode","graphicalType":"path","datasourceReference":{"database":"Uniprot-TrEMBL","id":"P03956","organism":"Homo sapiens"},"unificationXref":"http://identifiers.org/ensembl/ENSG00000196611"},{"networkType":"node","nodeType":"DataNode","dataNodeType":"GeneProduct","@type":["DataNode","GeneProduct","datanode"],"gpmlType":"datanode","graphicalType":"path","datasourceReference":{"database":"Ensembl","id":"ENSG00000164045","organism":"Homo sapiens"},"unificationXref":"http://identifiers.org/ensembl/ENSG00000164045"},{"networkType":"node","nodeType":"DataNode","dataNodeType":"GeneProduct","@type":["DataNode","GeneProduct","datanode"],"gpmlType":"datanode","graphicalType":"path","datasourceReference":{"database":"Ensembl","id":"ENSG00000101224","organism":"Homo sapiens"},"unificationXref":"http://identifiers.org/ensembl/ENSG00000101224"},{"networkType":"node","nodeType":"DataNode","dataNodeType":"Protein","@type":["DataNode","Protein","datanode"],"gpmlType":"datanode","graphicalType":"path","datasourceReference":{"database":"Uniprot-TrEMBL","id":"P06493","organism":"Homo sapiens"},"unificationXref":"http://identifiers.org/ensembl/ENSG00000170312"},{"networkType":"node","nodeType":"DataNode","dataNodeType":"Protein","@type":["DataNode","Protein","datanode"],"gpmlType":"datanode","graphicalType":"path","datasourceReference":{"database":"Uniprot-TrEMBL","id":"P23458","organism":"Homo sapiens"},"unificationXref":"http://identifiers.org/ensembl/ENSG00000162434"},{"networkType":"node","nodeType":"DataNode","dataNodeType":"Protein","@type":["DataNode","Protein","datanode"],"gpmlType":"datanode","graphicalType":"path","datasourceReference":{"database":"Uniprot-TrEMBL","id":"P24941","organism":"Homo sapiens"},"unificationXref":"http://identifiers.org/ensembl/ENSG00000123374"},{"networkType":"node","nodeType":"DataNode","dataNodeType":"Protein","@type":["DataNode","Protein","datanode"],"gpmlType":"datanode","graphicalType":"path","datasourceReference":{"database":"Uniprot-TrEMBL","id":"Q14790","organism":"Homo sapiens"},"unificationXref":"http://identifiers.org/ensembl/ENSG00000064012"},{"networkType":"node","nodeType":"DataNode","dataNodeType":"Protein","@type":["DataNode","Protein","datanode"],"gpmlType":"datanode","graphicalType":"path","datasourceReference":{"database":"Uniprot-TrEMBL","id":"P42574","organism":"Homo sapiens"},"unificationXref":"http://identifiers.org/ensembl/ENSG00000164305"},{"networkType":"node","nodeType":"DataNode","dataNodeType":"Protein","@type":["DataNode","Protein","datanode"],"gpmlType":"datanode","graphicalType":"path","datasourceReference":{"database":"Uniprot-TrEMBL","id":"P60484","organism":"Homo sapiens"},"unificationXref":"http://identifiers.org/ensembl/ENSG00000171862"},{"networkType":"edge","gpmlType":"interaction","@type":["interaction"],"graphicalType":"path","markerEnd":"mimStimulation","points":[{"x":251,"y":138,"isAttachedTo":"a9159","RelX":1,"anchor":[1,0.5,1,0],"RelY":0},{"x":410.52777777777794,"y":283.89814814814827,"isAttachedTo":"f8914","RelX":0,"anchor":[0.5,0,0,-1],"RelY":-1}],"interactionGraph":[{"id":"a9159","interactsWith":"f8914"}],"interactionType":"mim-stimulation"}],"xmlns":"http://pathvisio.org/GPML/2013a","lastModified":"10/16/2013","license":"CC BY 2.0","name":"Integrated Cancer pathway","organism":"Homo sapiens","image":{"@context":{"@vocab":"http://schema.org/"},"width":1105.035035035035,"height":835.2941176470589},"publicationXref":[],"id":"wpId:WP1971","revision":"71249"}}