{"@context":{"@vocab":"http://vocabularies.wikipathways.org/gpml#","@base":"wpId:WP1981","pathwayIri":"wpId:WP1981","ChEBI":"http://www.ebi.ac.uk/chebi/searchId.do?chebiId=","dataSource":"gpml:Data-Source","datasourceReference":"wp:DatasourceReference","Group":{"@container":"@list","@id":"gpml:Group"},"interaction":{"@id":"biopax:Interaction","@type":"@id"},"interactionType":{"@id":"biopax:InteractionType","@type":"@id"},"interactionGraph":{"@container":"@list","@type":"@id"},"lastModified":"gpml:Last-Modified","pathway":"biopax:Pathway","point":{"@container":"@list","@id":"gpml:Point"},"publicationXref":"biopax:PublicationXref","unificationXref":"biopax:UnificationXref","author":"schema:author","backgroundColor":"css2:colors.html#propdef-background-color","backgroundImage":"css2:colors.html#propdef-background-image","biopax":"http://www.biopax.org/release/biopax-level3.owl#","borderColor":"css2:box.html#propdef-border-color","borderStyle":"css2:box.html#propdef-border-style","borderWidth":"css2:box.html#propdef-border-width","boxSizing":{"@id":"css3Ui:box-sizing","@value":"border-box"},"color":"css2:colors.html#propdef-color","contains":{"@id":"ex:contains","@type":"@id"},"css2":"http://www.w3.org/TR/CSS2/","css3Ui":"http://www.w3.org/TR/css3-ui/#","cssTransform":"http://www.w3.org/TR/css-transforms-1/#","gpmlDataNodeType":"gpml:Type","dcterms":"http://puri.org/dc/terms/","entrezGene":"http://www.ncbi.nlm.nih.gov/gene/","ex":"http://www.example.org/","fontFamily":"css2:fonts.html#font-family-prop","fontSize":"css2:fonts.html#propdef-font-size","fontStyle":"css2:fonts.html#propdef-font-style","fontWeight":"css2:fonts.html#propdef-font-weight","gpml":"http://vocabularies.wikipathways.org/gpml#","gpmlFolder":"file://Users/andersriutta/Sites/pathvisiojs/test/gpml/","hMDB":"http://www.hmdb.ca/metabolites/HMDB","height":"css2:visudet.html#propdef-height","id":"@id","image":"schema:image","interactsWith":{"@id":"ex:interactsWith","@type":"@id"},"isContainedBy":{"@reverse":"ex:contains","@type":"@id"},"media":"http://www.w3.org/TR/mediaont-10/","name":"http://xmlns.com/foaf/0.1/name","organism":"biopax:organism","padding":"css2:box.html#propdef-padding","elements":{"@container":"@list","@id":"ex:pathwayElements/"},"position":"css2:visuren.html#propdef-position","rotate":"cssTransform:funcdef-rotate","schema":"http://schema.org/","shapeLibrary":"http://shapelibrary.example.org/","shape":"shapeLibrary:shape","stroke":"svg:painting.html#StrokeProperty","strokeWidth":"svg:painting.html#StrokeWidthProperty","svg":"http://www.w3.org/TR/SVG11/","textAlign":"css2:text.html#propdef-text-align","verticalAlign":"css2:visudet.html#propdef-vertical-align","width":"css2:visudet.html#propdef-width","wp":"http://vocabularies.wikipathways.org/wp#","wpId":"http://identifiers.org/wikipathways/","x":{"@id":"css2:visuren.html#propdef-left","@type":"xsd:integer"},"xsd":"http://www.w3.org/2001/XMLSchema#","y":"css2:visuren.html#propdef-top","zIndex":{"@id":"css2:z-index","@type":"xsd:integer"}},"wpId:WP1981":{"elements":[{"networkType":"node","nodeType":"Label","@type":["label"],"gpmlType":"label","graphicalType":"path"},{"networkType":"node","nodeType":"DataNode","dataNodeType":"Metabolite","@type":["DataNode","Metabolite","datanode"],"gpmlType":"datanode","graphicalType":"path","datasourceReference":{"database":"HMDB","id":"HMDB12238","organism":"Homo sapiens"}},{"networkType":"node","nodeType":"Label","@type":["label"],"gpmlType":"label","graphicalType":"path"},{"networkType":"node","nodeType":"Label","@type":["label"],"gpmlType":"label","graphicalType":"path"},{"networkType":"node","nodeType":"Label","@type":["label"],"gpmlType":"label","graphicalType":"path"},{"networkType":"node","nodeType":"Label","@type":["label"],"gpmlType":"label","graphicalType":"path"},{"networkType":"node","nodeType":"Label","@type":["label"],"gpmlType":"label","graphicalType":"path"},{"networkType":"node","nodeType":"Shape","@type":["shape"],"gpmlType":"shape","graphicalType":"path"},{"networkType":"node","nodeType":"Shape","@type":["shape"],"gpmlType":"shape","graphicalType":"path"},{"networkType":"node","nodeType":"Shape","@type":["shape"],"gpmlType":"shape","graphicalType":"path"},{"networkType":"edge","gpmlType":"interaction","@type":["interaction"],"graphicalType":"path","markerEnd":"mimConversion","points":[{"x":383,"y":137,"isAttachedTo":"a06aa","RelX":1,"anchor":[1,0.75,1,0],"RelY":0.5},{"x":492.9765158224973,"y":214.76519507166086,"isAttachedTo":"a1f14","RelX":-0.5,"anchor":[0.25,0,0,-1],"RelY":-1}],"interactionGraph":[{"id":"a06aa","interactsWith":"a1f14"}],"interactionType":"mim-conversion"},{"gpmlType":"anchor","zIndex":null,"networkType":"node","@type":["anchor"],"graphicalType":"path","x":null,"y":null},{"networkType":"edge","gpmlType":"interaction","@type":["interaction"],"graphicalType":"path","markerEnd":"mimConversion","points":[{"x":679.4295294542385,"y":240.68298976867717,"isAttachedTo":"bfddd","RelX":0,"anchor":[0.5,1,0,1],"RelY":1},{"x":679.4295294542386,"y":312.2690459407202,"isAttachedTo":"d7d5b","RelX":0,"anchor":[0.5,0,0,-1],"RelY":-1}],"interactionGraph":[{"id":"bfddd","interactsWith":"d7d5b"}],"interactionType":"mim-conversion"},{"gpmlType":"anchor","zIndex":null,"networkType":"node","@type":["anchor"],"graphicalType":"path","x":null,"y":null},{"networkType":"edge","gpmlType":"interaction","@type":["interaction"],"graphicalType":"path","markerEnd":"mimConversion","points":[{"x":166.01996370235938,"y":130.8584392014521,"isAttachedTo":"adcdb","RelX":0,"anchor":[0.5,1,0,1],"RelY":1},{"x":164.79372213277017,"y":255.2329858982219,"isAttachedTo":"abd53","RelX":0,"anchor":[0.5,0,0,-1],"RelY":-1}],"interactionGraph":[{"id":"adcdb","interactsWith":"abd53"}],"interactionType":"mim-conversion"},{"networkType":"edge","gpmlType":"interaction","@type":["interaction"],"graphicalType":"path","points":[{"x":564.9765158224973,"y":242.76519507166108,"isAttachedTo":"a1f14","RelX":1,"anchor":[1,0.5,1,0],"RelY":0},{"x":679.4295294542385,"y":276.43734265853243,"isAttachedTo":"d2079","RelX":0,"anchor":[0.5,0.5,0,0],"RelY":0}]},{"networkType":"edge","gpmlType":"interaction","@type":["interaction"],"graphicalType":"path","markerEnd":"mimConversion","points":[{"x":679.4295294542386,"y":345.7690459407202,"isAttachedTo":"d7d5b","RelX":0,"anchor":[0.5,1,0,1],"RelY":1},{"x":679.4295294542385,"y":388.6559251559257,"isAttachedTo":"cf33e","RelX":0,"anchor":[0.5,0,0,-1],"RelY":-1}],"interactionGraph":[{"id":"d7d5b","interactsWith":"cf33e"}],"interactionType":"mim-conversion"},{"networkType":"edge","gpmlType":"interaction","@type":["interaction"],"graphicalType":"path","markerEnd":"mimConversion","points":[{"x":215.7737584304108,"y":268.2329858982219,"isAttachedTo":"abd53","RelX":1,"anchor":[1,0.5,1,0],"RelY":0},{"x":284.79287658802184,"y":268.09142468239554,"isAttachedTo":"b0a8e","RelX":-1,"anchor":[0,0.5,-1,0],"RelY":0}],"interactionGraph":[{"id":"abd53","interactsWith":"b0a8e"}],"interactionType":"mim-conversion"},{"networkType":"node","nodeType":"Label","@type":["label"],"gpmlType":"label","graphicalType":"path"},{"networkType":"edge","gpmlType":"interaction","@type":["interaction"],"graphicalType":"path","markerEnd":"mimConversion","points":[{"x":733.4295294542385,"y":404.1559251559257,"isAttachedTo":"cf33e","RelX":1,"anchor":[1,0.5,1,0],"RelY":0},{"x":943.2579161106228,"y":404.15592515592556,"isAttachedTo":"f95aa","RelX":-1,"anchor":[0,0.5,-1,0],"RelY":0}],"interactionGraph":[{"id":"cf33e","interactsWith":"f95aa"}],"interactionType":"mim-conversion"},{"gpmlType":"anchor","zIndex":null,"networkType":"node","@type":["anchor"],"graphicalType":"path","x":null,"y":null},{"networkType":"edge","gpmlType":"interaction","@type":["interaction"],"graphicalType":"path","points":[{"x":365.25,"y":229.7262415695892,"isAttachedTo":"ecc11","RelX":0,"anchor":[0.5,0,0,-1],"RelY":-1},{"x":436.73130501391574,"y":174.99379699031445,"isAttachedTo":"b3fac","RelX":0,"anchor":[0.5,0.5,0,0],"RelY":0}]},{"networkType":"edge","gpmlType":"interaction","@type":["interaction"],"graphicalType":"path","markerEnd":"mimCatalysis","points":[{"x":743.1361746361736,"y":277.29883339218145,"isAttachedTo":"a85d9","RelX":-1,"anchor":[0,0.5,-1,0],"RelY":0},{"x":679.4295294542385,"y":276.43734265853243,"isAttachedTo":"d2079","RelX":0,"anchor":[0.5,0.5,0,0],"RelY":0}],"interactionGraph":[{"id":"a85d9","interactsWith":"d2079"}],"interactionType":"mim-catalysis"},{"networkType":"node","nodeType":"DataNode","dataNodeType":"Metabolite","@type":["DataNode","Metabolite","datanode"],"gpmlType":"datanode","graphicalType":"path","datasourceReference":{"database":"Chemspider","id":"5707","organism":"Homo sapiens"}},{"networkType":"node","nodeType":"DataNode","dataNodeType":"GeneProduct","@type":["DataNode","GeneProduct","datanode"],"gpmlType":"datanode","graphicalType":"path","datasourceReference":{"database":"Entrez Gene","id":"1081","organism":"Homo sapiens"},"unificationXref":"http://identifiers.org/ensembl/ENSG00000135346"},{"networkType":"node","nodeType":"DataNode","dataNodeType":"Metabolite","@type":["DataNode","Metabolite","datanode"],"gpmlType":"datanode","graphicalType":"path","datasourceReference":{"database":"HMDB","id":"HMDB12238","organism":"Homo sapiens"}},{"networkType":"node","nodeType":"DataNode","dataNodeType":"GeneProduct","@type":["DataNode","GeneProduct","datanode"],"gpmlType":"datanode","graphicalType":"path","datasourceReference":{"database":"Entrez Gene","id":"7200","organism":"Homo sapiens"},"unificationXref":"http://identifiers.org/ensembl/ENSG00000170893"},{"networkType":"node","nodeType":"DataNode","dataNodeType":"GeneProduct","@type":["DataNode","GeneProduct","datanode"],"gpmlType":"datanode","graphicalType":"path","datasourceReference":{"database":"Entrez Gene","id":"7253","organism":"Homo sapiens"},"unificationXref":"http://identifiers.org/ensembl/ENSG00000165409"},{"networkType":"node","nodeType":"DataNode","dataNodeType":"GeneProduct","@type":["DataNode","GeneProduct","datanode"],"gpmlType":"datanode","graphicalType":"path","datasourceReference":{"database":"Entrez Gene","id":"6528","organism":"Homo sapiens"},"unificationXref":"http://identifiers.org/ensembl/ENSG00000105641"},{"networkType":"node","nodeType":"DataNode","dataNodeType":"Metabolite","@type":["DataNode","Metabolite","datanode"],"gpmlType":"datanode","graphicalType":"path","datasourceReference":{"database":"PubChem-compound","id":"167195","organism":"Homo sapiens"}},{"networkType":"node","nodeType":"DataNode","dataNodeType":"GeneProduct","@type":["DataNode","GeneProduct","datanode"],"gpmlType":"datanode","graphicalType":"path","datasourceReference":{"database":"Entrez Gene","id":"7038","organism":"Homo sapiens"},"unificationXref":"http://identifiers.org/ensembl/ENSG00000042832"},{"networkType":"node","nodeType":"DataNode","dataNodeType":"GeneProduct","@type":["DataNode","GeneProduct","datanode"],"gpmlType":"datanode","graphicalType":"path","datasourceReference":{"database":"Entrez Gene","id":"7173","organism":"Homo sapiens"},"unificationXref":"http://identifiers.org/ensembl/ENSG00000115705"},{"networkType":"node","nodeType":"DataNode","dataNodeType":"Metabolite","@type":["DataNode","Metabolite","datanode"],"gpmlType":"datanode","graphicalType":"path","datasourceReference":{"database":"HMDB","id":"HMDB00158","organism":"Homo sapiens"}},{"networkType":"node","nodeType":"DataNode","dataNodeType":"Metabolite","@type":["DataNode","Metabolite","datanode"],"gpmlType":"datanode","graphicalType":"path","datasourceReference":{"database":"HMDB","id":"HMDB00248","organism":"Homo sapiens"}},{"networkType":"node","nodeType":"DataNode","dataNodeType":"Metabolite","@type":["DataNode","Metabolite","datanode"],"gpmlType":"datanode","graphicalType":"path","datasourceReference":{"database":"PubChem-compound","id":"167195","organism":"Homo sapiens"}},{"networkType":"edge","gpmlType":"interaction","@type":["interaction"],"graphicalType":"path","markerEnd":"mimConversion","points":[{"x":780.947378112857,"y":404.1559251559257,"isAttachedTo":"d0ba9","RelX":0,"anchor":[0.5,0.5,0,0],"RelY":0},{"x":943.2579161106228,"y":357.8999233043232,"isAttachedTo":"fcff2","RelX":-1,"anchor":[0,0.5,-1,0],"RelY":0}],"interactionGraph":[{"id":"d0ba9","interactsWith":"fcff2"}],"interactionType":"mim-conversion"}],"xmlns":"http://pathvisio.org/GPML/2013a","version":"20110313","author":"Andra Waagmeester","name":"Thyroxine (Thyroid Hormone) Production","organism":"Homo sapiens","image":{"@context":{"@vocab":"http://schema.org/"},"width":1309,"height":617},"publicationXref":[],"id":"wpId:WP1981","revision":"70955"}}