{"@context":{"@vocab":"http://vocabularies.wikipathways.org/gpml#","@base":"wpId:WP1946","pathwayIri":"wpId:WP1946","ChEBI":"http://www.ebi.ac.uk/chebi/searchId.do?chebiId=","dataSource":"gpml:Data-Source","datasourceReference":"wp:DatasourceReference","Group":{"@container":"@list","@id":"gpml:Group"},"interaction":{"@id":"biopax:Interaction","@type":"@id"},"interactionType":{"@id":"biopax:InteractionType","@type":"@id"},"interactionGraph":{"@container":"@list","@type":"@id"},"lastModified":"gpml:Last-Modified","pathway":"biopax:Pathway","point":{"@container":"@list","@id":"gpml:Point"},"publicationXref":"biopax:PublicationXref","unificationXref":"biopax:UnificationXref","author":"schema:author","backgroundColor":"css2:colors.html#propdef-background-color","backgroundImage":"css2:colors.html#propdef-background-image","biopax":"http://www.biopax.org/release/biopax-level3.owl#","borderColor":"css2:box.html#propdef-border-color","borderStyle":"css2:box.html#propdef-border-style","borderWidth":"css2:box.html#propdef-border-width","boxSizing":{"@id":"css3Ui:box-sizing","@value":"border-box"},"color":"css2:colors.html#propdef-color","contains":{"@id":"ex:contains","@type":"@id"},"css2":"http://www.w3.org/TR/CSS2/","css3Ui":"http://www.w3.org/TR/css3-ui/#","cssTransform":"http://www.w3.org/TR/css-transforms-1/#","gpmlDataNodeType":"gpml:Type","dcterms":"http://puri.org/dc/terms/","entrezGene":"http://www.ncbi.nlm.nih.gov/gene/","ex":"http://www.example.org/","fontFamily":"css2:fonts.html#font-family-prop","fontSize":"css2:fonts.html#propdef-font-size","fontStyle":"css2:fonts.html#propdef-font-style","fontWeight":"css2:fonts.html#propdef-font-weight","gpml":"http://vocabularies.wikipathways.org/gpml#","gpmlFolder":"file://Users/andersriutta/Sites/pathvisiojs/test/gpml/","hMDB":"http://www.hmdb.ca/metabolites/HMDB","height":"css2:visudet.html#propdef-height","id":"@id","image":"schema:image","interactsWith":{"@id":"ex:interactsWith","@type":"@id"},"isContainedBy":{"@reverse":"ex:contains","@type":"@id"},"media":"http://www.w3.org/TR/mediaont-10/","name":"http://xmlns.com/foaf/0.1/name","organism":"biopax:organism","padding":"css2:box.html#propdef-padding","elements":{"@container":"@list","@id":"ex:pathwayElements/"},"position":"css2:visuren.html#propdef-position","rotate":"cssTransform:funcdef-rotate","schema":"http://schema.org/","shapeLibrary":"http://shapelibrary.example.org/","shape":"shapeLibrary:shape","stroke":"svg:painting.html#StrokeProperty","strokeWidth":"svg:painting.html#StrokeWidthProperty","svg":"http://www.w3.org/TR/SVG11/","textAlign":"css2:text.html#propdef-text-align","verticalAlign":"css2:visudet.html#propdef-vertical-align","width":"css2:visudet.html#propdef-width","wp":"http://vocabularies.wikipathways.org/wp#","wpId":"http://identifiers.org/wikipathways/","x":{"@id":"css2:visuren.html#propdef-left","@type":"xsd:integer"},"xsd":"http://www.w3.org/2001/XMLSchema#","y":"css2:visuren.html#propdef-top","zIndex":{"@id":"css2:z-index","@type":"xsd:integer"}},"wpId:WP1946":{"elements":[{"networkType":"node","nodeType":"DataNode","dataNodeType":"Protein","@type":["DataNode","Protein","datanode"],"gpmlType":"datanode","graphicalType":"path"},{"networkType":"node","nodeType":"DataNode","dataNodeType":"GeneProduct","@type":["DataNode","GeneProduct","datanode"],"gpmlType":"datanode","graphicalType":"path","datasourceReference":{"database":"Ensembl","id":"ENSG00000170950","organism":"Homo sapiens"},"unificationXref":"http://identifiers.org/ensembl/ENSG00000170950"},{"networkType":"node","nodeType":"DataNode","dataNodeType":"Metabolite","@type":["DataNode","Metabolite","datanode"],"gpmlType":"datanode","graphicalType":"path"},{"networkType":"node","nodeType":"DataNode","dataNodeType":"Metabolite","@type":["DataNode","Metabolite","datanode"],"gpmlType":"datanode","graphicalType":"path"},{"networkType":"node","nodeType":"DataNode","dataNodeType":"Metabolite","@type":["DataNode","Metabolite","datanode"],"gpmlType":"datanode","graphicalType":"path"},{"networkType":"node","nodeType":"DataNode","dataNodeType":"Metabolite","@type":["DataNode","Metabolite","datanode"],"gpmlType":"datanode","graphicalType":"path"},{"networkType":"node","nodeType":"DataNode","dataNodeType":"Pathway","@type":["DataNode","Pathway","datanode"],"gpmlType":"datanode","graphicalType":"path"},{"networkType":"node","nodeType":"DataNode","dataNodeType":"Pathway","@type":["DataNode","Pathway","datanode"],"gpmlType":"datanode","graphicalType":"path"},{"networkType":"node","nodeType":"DataNode","dataNodeType":"Metabolite","@type":["DataNode","Metabolite","datanode"],"gpmlType":"datanode","graphicalType":"path"},{"networkType":"node","nodeType":"DataNode","dataNodeType":"Pathway","@type":["DataNode","Pathway","datanode"],"gpmlType":"datanode","graphicalType":"path"},{"networkType":"node","nodeType":"DataNode","dataNodeType":"Metabolite","@type":["DataNode","Metabolite","datanode"],"gpmlType":"datanode","graphicalType":"path"},{"networkType":"node","nodeType":"DataNode","dataNodeType":"Metabolite","@type":["DataNode","Metabolite","datanode"],"gpmlType":"datanode","graphicalType":"path"},{"networkType":"node","nodeType":"DataNode","dataNodeType":"Metabolite","@type":["DataNode","Metabolite","datanode"],"gpmlType":"datanode","graphicalType":"path"},{"networkType":"node","nodeType":"DataNode","dataNodeType":"Metabolite","@type":["DataNode","Metabolite","datanode"],"gpmlType":"datanode","graphicalType":"path"},{"networkType":"node","nodeType":"DataNode","dataNodeType":"Metabolite","@type":["DataNode","Metabolite","datanode"],"gpmlType":"datanode","graphicalType":"path"},{"networkType":"node","nodeType":"DataNode","dataNodeType":"Metabolite","@type":["DataNode","Metabolite","datanode"],"gpmlType":"datanode","graphicalType":"path"},{"networkType":"node","nodeType":"DataNode","dataNodeType":"Pathway","@type":["DataNode","Pathway","datanode"],"gpmlType":"datanode","graphicalType":"path"},{"networkType":"node","nodeType":"DataNode","dataNodeType":"Metabolite","@type":["DataNode","Metabolite","datanode"],"gpmlType":"datanode","graphicalType":"path"},{"networkType":"node","nodeType":"DataNode","dataNodeType":"Metabolite","@type":["DataNode","Metabolite","datanode"],"gpmlType":"datanode","graphicalType":"path"},{"networkType":"node","nodeType":"DataNode","dataNodeType":"Metabolite","@type":["DataNode","Metabolite","datanode"],"gpmlType":"datanode","graphicalType":"path"},{"networkType":"node","nodeType":"DataNode","dataNodeType":"Metabolite","@type":["DataNode","Metabolite","datanode"],"gpmlType":"datanode","graphicalType":"path"},{"networkType":"node","nodeType":"DataNode","dataNodeType":"Metabolite","@type":["DataNode","Metabolite","datanode"],"gpmlType":"datanode","graphicalType":"path"},{"networkType":"node","nodeType":"DataNode","dataNodeType":"Metabolite","@type":["DataNode","Metabolite","datanode"],"gpmlType":"datanode","graphicalType":"path"},{"networkType":"node","nodeType":"DataNode","dataNodeType":"Metabolite","@type":["DataNode","Metabolite","datanode"],"gpmlType":"datanode","graphicalType":"path"},{"networkType":"node","nodeType":"DataNode","dataNodeType":"Pathway","@type":["DataNode","Pathway","datanode"],"gpmlType":"datanode","graphicalType":"path"},{"networkType":"node","nodeType":"DataNode","dataNodeType":"Metabolite","@type":["DataNode","Metabolite","datanode"],"gpmlType":"datanode","graphicalType":"path"},{"networkType":"node","nodeType":"DataNode","dataNodeType":"Pathway","@type":["DataNode","Pathway","datanode"],"gpmlType":"datanode","graphicalType":"path"},{"networkType":"node","nodeType":"DataNode","dataNodeType":"Metabolite","@type":["DataNode","Metabolite","datanode"],"gpmlType":"datanode","graphicalType":"path"},{"networkType":"node","nodeType":"Label","@type":["label"],"gpmlType":"label","graphicalType":"path"},{"networkType":"node","nodeType":"Label","@type":["label"],"gpmlType":"label","graphicalType":"path"},{"networkType":"node","nodeType":"Label","@type":["label"],"gpmlType":"label","graphicalType":"path"},{"networkType":"node","nodeType":"Label","@type":["label"],"gpmlType":"label","graphicalType":"path"},{"networkType":"node","nodeType":"Label","@type":["label"],"gpmlType":"label","graphicalType":"path"},{"networkType":"node","nodeType":"Shape","@type":["shape"],"gpmlType":"shape","graphicalType":"path"},{"networkType":"node","nodeType":"Shape","@type":["shape"],"gpmlType":"shape","graphicalType":"path"},{"networkType":"node","nodeType":"Shape","@type":["shape"],"gpmlType":"shape","graphicalType":"path"},{"networkType":"node","nodeType":"Shape","@type":["shape"],"gpmlType":"shape","graphicalType":"path"},{"networkType":"node","nodeType":"Shape","@type":["shape"],"gpmlType":"shape","graphicalType":"path"},{"networkType":"node","nodeType":"Shape","@type":["shape"],"gpmlType":"shape","graphicalType":"path"},{"networkType":"edge","gpmlType":"interaction","@type":["interaction"],"graphicalType":"path","markerEnd":"mimCatalysis","points":[{"x":641.25,"y":158,"isAttachedTo":"f107c","RelX":-0.5,"anchor":[0.25,1,0,1],"RelY":1},{"x":573.5,"y":200,"isAttachedTo":"a86e4","RelX":0.5,"anchor":[0.75,0,0,-1],"RelY":-1}],"interactionGraph":[{"id":"f107c","interactsWith":"a86e4"}],"interactionType":"mim-catalysis"},{"networkType":"edge","gpmlType":"interaction","@type":["interaction"],"graphicalType":"path","markerEnd":"mimCatalysis","points":[{"x":665.75,"y":138,"isAttachedTo":"f107c","RelX":0.5,"anchor":[0.75,0,0,-1],"RelY":-1},{"x":679.25,"y":103,"isAttachedTo":"e4036","RelX":-0.5,"anchor":[0.25,1,0,1],"RelY":1}],"interactionGraph":[{"id":"f107c","interactsWith":"e4036"}],"interactionType":"mim-catalysis"},{"networkType":"edge","gpmlType":"interaction","@type":["interaction"],"graphicalType":"path","markerEnd":"mimModification","points":[{"x":560,"y":122,"isAttachedTo":"f3f1f","RelX":0.5,"anchor":[0.75,1,0,1],"RelY":1},{"x":558,"y":272,"isAttachedTo":"aafc2","RelX":0.5,"anchor":[0.75,0,0,-1],"RelY":-1}],"interactionGraph":[{"id":"f3f1f","interactsWith":"aafc2"}],"interactionType":"mim-modification"},{"gpmlType":"anchor","zIndex":null,"networkType":"node","@type":["anchor"],"graphicalType":"path","x":null,"y":null},{"networkType":"edge","gpmlType":"interaction","@type":["interaction"],"graphicalType":"path","markerEnd":"mimBinding","points":[{"x":580,"y":112,"isAttachedTo":"f3f1f","RelX":1,"anchor":[1,0.5,1,0],"RelY":0},{"x":741,"y":85,"isAttachedTo":"dc064","RelX":-1,"anchor":[0,0.5,-1,0],"RelY":0}],"interactionGraph":[{"id":"f3f1f","interactsWith":"dc064"}],"interactionType":"mim-binding"},{"networkType":"edge","gpmlType":"interaction","@type":["interaction"],"graphicalType":"path","markerEnd":"mimCatalysis","points":[{"x":440,"y":237,"isAttachedTo":"c2807","RelX":-1,"anchor":[0,0.5,-1,0],"RelY":0},{"x":558.4534305012443,"y":237.99271240668327,"isAttachedTo":"cd931","RelX":0,"anchor":[0.5,0.5,0,0],"RelY":0}],"interactionGraph":[{"id":"c2807","interactsWith":"cd931"}],"interactionType":"mim-catalysis"},{"networkType":"edge","gpmlType":"interaction","@type":["interaction"],"graphicalType":"path","markerEnd":"arrow","points":[{"x":538,"y":292,"isAttachedTo":"aafc2","RelX":0,"anchor":[0.5,1,0,1],"RelY":1},{"x":539,"y":330,"isAttachedTo":"c183e","RelX":0,"anchor":[0.5,0,0,-1],"RelY":-1}],"interactionGraph":[{"id":"aafc2","interactsWith":"c183e"}],"interactionType":"gpml:Arrow"},{"gpmlType":"anchor","zIndex":null,"networkType":"node","@type":["anchor"],"graphicalType":"path","x":null,"y":null},{"networkType":"edge","gpmlType":"interaction","@type":["interaction"],"graphicalType":"path","markerEnd":"mimCatalysis","points":[{"x":593.3539094650207,"y":306.6460905349794,"isAttachedTo":"b550b","RelX":-1,"anchor":[0,0.5,-1,0],"RelY":0},{"x":538.4,"y":307.2,"isAttachedTo":"a94f2","RelX":0,"anchor":[0.5,0.5,0,0],"RelY":0}],"interactionGraph":[{"id":"b550b","interactsWith":"a94f2"}],"interactionType":"mim-catalysis"},{"networkType":"edge","gpmlType":"interaction","@type":["interaction"],"graphicalType":"path","markerEnd":"arrow","points":[{"x":539,"y":405,"isAttachedTo":"c5fa4","RelX":0,"anchor":[0.5,1,0,1],"RelY":1},{"x":470,"y":429,"isAttachedTo":"c9023","RelX":1,"anchor":[1,0.5,1,0],"RelY":0}],"interactionGraph":[{"id":"c5fa4","interactsWith":"c9023"}],"interactionType":"gpml:Arrow"},{"networkType":"edge","gpmlType":"interaction","@type":["interaction"],"graphicalType":"path","markerEnd":"arrow","points":[{"x":539,"y":466,"isAttachedTo":"eab04","RelX":0,"anchor":[0.5,1,0,1],"RelY":1},{"x":539,"y":518,"isAttachedTo":"a3230","RelX":0,"anchor":[0.5,0,0,-1],"RelY":-1}],"interactionGraph":[{"id":"eab04","interactsWith":"a3230"}],"interactionType":"gpml:Arrow"},{"gpmlType":"anchor","zIndex":null,"networkType":"node","@type":["anchor"],"graphicalType":"path","x":null,"y":null},{"networkType":"edge","gpmlType":"interaction","@type":["interaction"],"graphicalType":"path","markerEnd":"mimCatalysis","points":[{"x":595,"y":484,"isAttachedTo":"fdc7a","RelX":-1,"anchor":[0,0.5,-1,0],"RelY":0},{"x":539,"y":492,"isAttachedTo":"ba9d9","RelX":0,"anchor":[0.5,0.5,0,0],"RelY":0}],"interactionGraph":[{"id":"fdc7a","interactsWith":"ba9d9"}],"interactionType":"mim-catalysis"},{"networkType":"edge","gpmlType":"interaction","@type":["interaction"],"graphicalType":"path","markerEnd":"mimConversion","points":[{"x":539,"y":350,"isAttachedTo":"c183e","RelX":0,"anchor":[0.5,1,0,1],"RelY":1},{"x":539,"y":385,"isAttachedTo":"c5fa4","RelX":0,"anchor":[0.5,0,0,-1],"RelY":-1}],"interactionGraph":[{"id":"c183e","interactsWith":"c5fa4"}],"interactionType":"mim-conversion"},{"gpmlType":"anchor","zIndex":null,"networkType":"node","@type":["anchor"],"graphicalType":"path","x":null,"y":null},{"networkType":"edge","gpmlType":"interaction","@type":["interaction"],"graphicalType":"path","markerEnd":"mimConversion","points":[{"x":539,"y":405,"isAttachedTo":"c5fa4","RelX":0,"anchor":[0.5,1,0,1],"RelY":1},{"x":539,"y":446,"isAttachedTo":"eab04","RelX":0,"anchor":[0.5,0,0,-1],"RelY":-1}],"interactionGraph":[{"id":"c5fa4","interactsWith":"eab04"}],"interactionType":"mim-conversion"},{"gpmlType":"anchor","zIndex":null,"networkType":"node","@type":["anchor"],"graphicalType":"path","x":null,"y":null},{"networkType":"edge","gpmlType":"interaction","@type":["interaction"],"graphicalType":"path","markerEnd":"arrow","points":[{"x":539,"y":613,"isAttachedTo":"b7dfa","RelX":0,"anchor":[0.5,1,0,1],"RelY":1},{"x":539,"y":645,"isAttachedTo":"ce77a","RelX":0,"anchor":[0.5,0,0,-1],"RelY":-1}],"interactionGraph":[{"id":"b7dfa","interactsWith":"ce77a"}],"interactionType":"gpml:Arrow"},{"gpmlType":"anchor","zIndex":null,"networkType":"node","@type":["anchor"],"graphicalType":"path","x":null,"y":null},{"networkType":"edge","gpmlType":"interaction","@type":["interaction"],"graphicalType":"path","markerEnd":"mimCatalysis","points":[{"x":597.809523809524,"y":625.1904761904761,"isAttachedTo":"e1fcb","RelX":-1,"anchor":[0,0.5,-1,0],"RelY":0},{"x":539,"y":625.8,"isAttachedTo":"ea5a5","RelX":0,"anchor":[0.5,0.5,0,0],"RelY":0}],"interactionGraph":[{"id":"e1fcb","interactsWith":"ea5a5"}],"interactionType":"mim-catalysis"},{"networkType":"edge","gpmlType":"interaction","@type":["interaction"],"graphicalType":"path","markerEnd":"mimConversion","points":[{"x":539,"y":538,"isAttachedTo":"a3230","RelX":0,"anchor":[0.5,1,0,1],"RelY":1},{"x":539,"y":593,"isAttachedTo":"b7dfa","RelX":0,"anchor":[0.5,0,0,-1],"RelY":-1}],"interactionGraph":[{"id":"a3230","interactsWith":"b7dfa"}],"interactionType":"mim-conversion"},{"gpmlType":"anchor","zIndex":null,"networkType":"node","@type":["anchor"],"graphicalType":"path","x":null,"y":null},{"networkType":"edge","gpmlType":"interaction","@type":["interaction"],"graphicalType":"path","markerEnd":"arrow","points":[{"x":539,"y":736,"isAttachedTo":"f1a9d","RelX":0,"anchor":[0.5,1,0,1],"RelY":1},{"x":539,"y":790,"isAttachedTo":"bf92f","RelX":0,"anchor":[0.5,0,0,-1],"RelY":-1}],"interactionGraph":[{"id":"f1a9d","interactsWith":"bf92f"}],"interactionType":"gpml:Arrow"},{"gpmlType":"anchor","zIndex":null,"networkType":"node","@type":["anchor"],"graphicalType":"path","x":null,"y":null},{"networkType":"edge","gpmlType":"interaction","@type":["interaction"],"graphicalType":"path","markerEnd":"mimCatalysis","points":[{"x":599,"y":754,"isAttachedTo":"bf5ee","RelX":-1,"anchor":[0,0.5,-1,0],"RelY":0},{"x":539,"y":755,"isAttachedTo":"bebf9","RelX":0,"anchor":[0.5,0.5,0,0],"RelY":0}],"interactionGraph":[{"id":"bf5ee","interactsWith":"bebf9"}],"interactionType":"mim-catalysis"},{"networkType":"edge","gpmlType":"interaction","@type":["interaction"],"graphicalType":"path","markerEnd":"mimConversion","points":[{"x":539,"y":665,"isAttachedTo":"ce77a","RelX":0,"anchor":[0.5,1,0,1],"RelY":1},{"x":539,"y":716,"isAttachedTo":"f1a9d","RelX":0,"anchor":[0.5,0,0,-1],"RelY":-1}],"interactionGraph":[{"id":"ce77a","interactsWith":"f1a9d"}],"interactionType":"mim-conversion"},{"gpmlType":"anchor","zIndex":null,"networkType":"node","@type":["anchor"],"graphicalType":"path","x":null,"y":null},{"gpmlType":"anchor","zIndex":null,"networkType":"node","@type":["anchor"],"graphicalType":"path","x":null,"y":null},{"networkType":"edge","gpmlType":"interaction","@type":["interaction"],"graphicalType":"path","markerEnd":"mimConversion","points":[{"x":417,"y":272,"isAttachedTo":"bcd12","RelX":0.5,"anchor":[0.75,0,0,-1],"RelY":-1},{"x":518,"y":272,"isAttachedTo":"aafc2","RelX":-0.5,"anchor":[0.25,0,0,-1],"RelY":-1}],"interactionGraph":[{"id":"bcd12","interactsWith":"aafc2"}],"interactionType":"mim-conversion"},{"networkType":"edge","gpmlType":"interaction","@type":["interaction"],"graphicalType":"path","markerEnd":"mimConversion","points":[{"x":518,"y":292,"isAttachedTo":"aafc2","RelX":-0.5,"anchor":[0.25,1,0,1],"RelY":1},{"x":417,"y":292,"isAttachedTo":"bcd12","RelX":0.5,"anchor":[0.75,1,0,1],"RelY":1}],"interactionGraph":[{"id":"aafc2","interactsWith":"bcd12"}],"interactionType":"mim-conversion"},{"networkType":"edge","gpmlType":"interaction","@type":["interaction"],"graphicalType":"path","markerEnd":"mimConversion","points":[{"x":450,"y":439,"isAttachedTo":"c9023","RelX":0.5,"anchor":[0.75,1,0,1],"RelY":1},{"x":499,"y":456,"isAttachedTo":"eab04","RelX":-1,"anchor":[0,0.5,-1,0],"RelY":0}],"interactionGraph":[{"id":"c9023","interactsWith":"eab04"}],"interactionType":"mim-conversion"},{"gpmlType":"anchor","zIndex":null,"networkType":"node","@type":["anchor"],"graphicalType":"path","x":null,"y":null},{"networkType":"edge","gpmlType":"interaction","@type":["interaction"],"graphicalType":"path","markerEnd":"mimCatalysis","points":[{"x":421.1711322385481,"y":473.8789974070872,"isAttachedTo":"a2a61","RelX":1,"anchor":[1,0.5,1,0],"RelY":0},{"x":469.6,"y":445.8,"isAttachedTo":"d31cd","RelX":0,"anchor":[0.5,0.5,0,0],"RelY":0}],"interactionGraph":[{"id":"a2a61","interactsWith":"d31cd"}],"interactionType":"mim-catalysis"},{"networkType":"edge","gpmlType":"interaction","@type":["interaction"],"graphicalType":"path","markerEnd":"mimConversion","points":[{"x":578,"y":282,"isAttachedTo":"aafc2","RelX":1,"anchor":[1,0.5,1,0],"RelY":0},{"x":631,"y":282,"isAttachedTo":"faf26","RelX":-1,"anchor":[0,0.5,-1,0],"RelY":0}],"interactionGraph":[{"id":"aafc2","interactsWith":"faf26"}],"interactionType":"mim-conversion"},{"gpmlType":"anchor","zIndex":null,"networkType":"node","@type":["anchor"],"graphicalType":"path","x":null,"y":null},{"networkType":"edge","gpmlType":"interaction","@type":["interaction"],"graphicalType":"path","markerEnd":"mimConversion","points":[{"x":579,"y":800,"isAttachedTo":"bf92f","RelX":1,"anchor":[1,0.5,1,0],"RelY":0},{"x":817.1193415637867,"y":746.6008230452663,"isAttachedTo":"a1578","RelX":-1,"anchor":[0,0.5,-1,0],"RelY":0}],"interactionGraph":[{"id":"bf92f","interactsWith":"a1578"}],"interactionType":"mim-conversion"},{"networkType":"edge","gpmlType":"interaction","@type":["interaction"],"graphicalType":"path","markerEnd":"mimConversion","points":[{"x":199,"y":311,"isAttachedTo":"d829a","RelX":0,"anchor":[0.5,1,0,1],"RelY":1},{"x":199,"y":369,"isAttachedTo":"de995","RelX":0,"anchor":[0.5,0,0,-1],"RelY":-1}],"interactionGraph":[{"id":"d829a","interactsWith":"de995"}],"interactionType":"mim-conversion"},{"networkType":"edge","gpmlType":"interaction","@type":["interaction"],"graphicalType":"path","markerEnd":"arrow","points":[{"x":152,"y":757,"isAttachedTo":"b6a8c","RelX":-1,"anchor":[0,0.5,-1,0],"RelY":0},{"x":133,"y":757},{"x":133,"y":615,"isAttachedTo":"edd8a","RelX":-0.5,"anchor":[0.25,1,0,1],"RelY":1}],"interactionGraph":[{"id":"b6a8c","interactsWith":"edd8a"}],"interactionType":"gpml:Arrow"},{"gpmlType":"anchor","zIndex":null,"networkType":"node","@type":["anchor"],"graphicalType":"path","x":null,"y":null},{"networkType":"edge","gpmlType":"interaction","@type":["interaction"],"graphicalType":"path","markerEnd":"mimCatalysis","points":[{"x":374.02182368193604,"y":674,"isAttachedTo":"e26f1","RelX":-0.5,"anchor":[0.25,1,0,1],"RelY":1},{"x":320.6344073514016,"y":722,"isAttachedTo":"d8630","RelX":0,"anchor":[0.5,0.5,0,0],"RelY":0}],"interactionGraph":[{"id":"e26f1","interactsWith":"d8630"}],"interactionType":"mim-catalysis"},{"networkType":"edge","gpmlType":"interaction","@type":["interaction"],"graphicalType":"path","markerEnd":"mimCatalysis","points":[{"x":270,"y":794,"isAttachedTo":"b88ff","RelX":1,"anchor":[1,0.5,1,0],"RelY":0},{"x":316.2122855724503,"y":821,"isAttachedTo":"c719c","RelX":0,"anchor":[0.5,0.5,0,0],"RelY":0}],"interactionGraph":[{"id":"b88ff","interactsWith":"c719c"}],"interactionType":"mim-catalysis"},{"networkType":"edge","gpmlType":"interaction","@type":["interaction"],"graphicalType":"path","points":[{"x":239,"y":379,"isAttachedTo":"de995","RelX":1,"anchor":[1,0.5,1,0],"RelY":0},{"x":320.6344073514016,"y":379},{"x":320.6344073514016,"y":722,"isAttachedTo":"d8630","RelX":0,"anchor":[0.5,0.5,0,0],"RelY":0}]},{"networkType":"edge","gpmlType":"interaction","@type":["interaction"],"graphicalType":"path","markerEnd":"mimConversion","points":[{"x":172,"y":712,"isAttachedTo":"eb859","RelX":-0.5,"anchor":[0.25,0,0,-1],"RelY":-1},{"x":173,"y":615,"isAttachedTo":"edd8a","RelX":0.5,"anchor":[0.75,1,0,1],"RelY":1}],"interactionGraph":[{"id":"eb859","interactsWith":"edd8a"}],"interactionType":"mim-conversion"},{"gpmlType":"anchor","zIndex":null,"networkType":"node","@type":["anchor"],"graphicalType":"path","x":null,"y":null},{"networkType":"edge","gpmlType":"interaction","@type":["interaction"],"graphicalType":"path","markerEnd":"mimConversion","points":[{"x":133,"y":595,"isAttachedTo":"edd8a","RelX":-0.5,"anchor":[0.25,0,0,-1],"RelY":-1},{"x":133.75,"y":545,"isAttachedTo":"b7454","RelX":0.5,"anchor":[0.75,1,0,1],"RelY":1}],"interactionGraph":[{"id":"edd8a","interactsWith":"b7454"}],"interactionType":"mim-conversion"},{"networkType":"edge","gpmlType":"interaction","@type":["interaction"],"graphicalType":"path","markerEnd":"arrow","points":[{"x":500,"y":112,"isAttachedTo":"f3f1f","RelX":-1,"anchor":[0,0.5,-1,0],"RelY":0},{"x":74,"y":112},{"x":74,"y":535},{"x":91,"y":535,"isAttachedTo":"b7454","RelX":-1,"anchor":[0,0.5,-1,0],"RelY":0}],"interactionGraph":[{"id":"f3f1f","interactsWith":"b7454"}],"interactionType":"gpml:Arrow"},{"networkType":"edge","gpmlType":"interaction","@type":["interaction"],"graphicalType":"path","markerEnd":"mimConversion","points":[{"x":200,"y":220.4691358024691,"isAttachedTo":"cd489","RelX":0,"anchor":[0.5,1,0,1],"RelY":1},{"x":199,"y":291,"isAttachedTo":"d829a","RelX":0,"anchor":[0.5,0,0,-1],"RelY":-1}],"interactionGraph":[{"id":"cd489","interactsWith":"d829a"}],"interactionType":"mim-conversion"},{"gpmlType":"anchor","zIndex":null,"networkType":"node","@type":["anchor"],"graphicalType":"path","x":null,"y":null},{"networkType":"edge","gpmlType":"interaction","@type":["interaction"],"graphicalType":"path","markerEnd":"arrow","points":[{"x":540,"y":102,"isAttachedTo":"f3f1f","RelX":0,"anchor":[0.5,0,0,-1],"RelY":-1},{"x":540,"y":44},{"x":400.5,"y":44,"isAttachedTo":"a50e1","RelX":1,"anchor":[1,0.5,1,0],"RelY":0}],"interactionGraph":[{"id":"f3f1f","interactsWith":"a50e1"}],"interactionType":"gpml:Arrow"},{"networkType":"edge","gpmlType":"interaction","@type":["interaction"],"graphicalType":"path","markerEnd":"arrow","points":[{"x":771,"y":282,"isAttachedTo":"faf26","RelX":1,"anchor":[1,0.5,1,0],"RelY":0},{"x":804,"y":282,"isAttachedTo":"a3057","RelX":-1,"anchor":[0,0.5,-1,0],"RelY":0}],"interactionGraph":[{"id":"faf26","interactsWith":"a3057"}],"interactionType":"gpml:Arrow"},{"gpmlType":"anchor","zIndex":null,"networkType":"node","@type":["anchor"],"graphicalType":"path","x":null,"y":null},{"networkType":"node","nodeType":"DataNode","dataNodeType":"Metabolite","@type":["DataNode","Metabolite","datanode"],"gpmlType":"datanode","graphicalType":"path"},{"networkType":"edge","gpmlType":"interaction","@type":["interaction"],"graphicalType":"path","markerEnd":"arrow","points":[{"x":987,"y":293,"isAttachedTo":"bbbc5","RelX":0.5,"anchor":[0.75,1,0,1],"RelY":1},{"x":1026.5,"y":340,"isAttachedTo":"fd5a8","RelX":-0.5,"anchor":[0.25,0,0,-1],"RelY":-1}],"interactionGraph":[{"id":"bbbc5","interactsWith":"fd5a8"}],"interactionType":"gpml:Arrow"},{"gpmlType":"anchor","zIndex":null,"networkType":"node","@type":["anchor"],"graphicalType":"path","x":null,"y":null},{"networkType":"edge","gpmlType":"interaction","@type":["interaction"],"graphicalType":"path","markerEnd":"mimCatalysis","points":[{"x":1076.415637860082,"y":290.16049382716045,"isAttachedTo":"af51d","RelX":0,"anchor":[0.5,1,0,1],"RelY":1},{"x":1006.75,"y":316.5,"isAttachedTo":"ba3bb","RelX":0,"anchor":[0.5,0.5,0,0],"RelY":0}],"interactionGraph":[{"id":"af51d","interactsWith":"ba3bb"}],"interactionType":"mim-catalysis"},{"networkType":"edge","gpmlType":"interaction","@type":["interaction"],"graphicalType":"path","markerEnd":"arrow","points":[{"x":934,"y":350,"isAttachedTo":"b8b8e","RelX":1,"anchor":[1,0.5,1,0],"RelY":0},{"x":969.5238095238095,"y":350},{"x":969.5238095238095,"y":407},{"x":934,"y":407,"isAttachedTo":"f29bf","RelX":1,"anchor":[1,0.5,1,0],"RelY":0}],"interactionGraph":[{"id":"b8b8e","interactsWith":"f29bf"}],"interactionType":"gpml:Arrow"},{"networkType":"edge","gpmlType":"interaction","@type":["interaction"],"graphicalType":"path","markerEnd":"arrow","points":[{"x":1006.5,"y":350,"isAttachedTo":"fd5a8","RelX":-1,"anchor":[0,0.5,-1,0],"RelY":0},{"x":975.2380952380952,"y":350},{"x":975.2380952380952,"y":407},{"x":1003,"y":407,"isAttachedTo":"ec26c","RelX":-1,"anchor":[0,0.5,-1,0],"RelY":0}],"interactionGraph":[{"id":"fd5a8","interactsWith":"ec26c"}],"interactionType":"gpml:Arrow"},{"networkType":"edge","gpmlType":"interaction","@type":["interaction"],"graphicalType":"path","points":[{"x":854,"y":461,"isAttachedTo":"f6a51","RelX":-1,"anchor":[0,0.5,-1,0],"RelY":0},{"x":814,"y":461},{"x":814,"y":340},{"x":579,"y":340,"isAttachedTo":"c183e","RelX":1,"anchor":[1,0.5,1,0],"RelY":0}]},{"networkType":"edge","gpmlType":"interaction","@type":["interaction"],"graphicalType":"path","markerEnd":"mimConversion","points":[{"x":1024.75,"y":470,"isAttachedTo":"c90c7","RelX":-0.5,"anchor":[0.25,1,0,1],"RelY":1},{"x":934,"y":511,"isAttachedTo":"b84f5","RelX":1,"anchor":[1,0.5,1,0],"RelY":0}],"interactionGraph":[{"id":"c90c7","interactsWith":"b84f5"}],"interactionType":"mim-conversion"},{"networkType":"edge","gpmlType":"interaction","@type":["interaction"],"graphicalType":"path","markerEnd":"arrow","points":[{"x":854,"y":511,"isAttachedTo":"b84f5","RelX":-1,"anchor":[0,0.5,-1,0],"RelY":0},{"x":814,"y":511},{"x":814,"y":340},{"x":579,"y":340,"isAttachedTo":"c183e","RelX":1,"anchor":[1,0.5,1,0],"RelY":0}],"interactionGraph":[{"id":"b84f5","interactsWith":"c183e"}],"interactionType":"gpml:Arrow"},{"networkType":"edge","gpmlType":"interaction","@type":["interaction"],"graphicalType":"path","points":[{"x":934,"y":561,"isAttachedTo":"e580d","RelX":1,"anchor":[1,0.5,1,0],"RelY":0},{"x":964,"y":561},{"x":964,"y":491},{"x":1027.5,"y":491},{"x":1027.5,"y":524,"isAttachedTo":"bc47c","RelX":-0.5,"anchor":[0.25,0,0,-1],"RelY":-1}]},{"networkType":"edge","gpmlType":"interaction","@type":["interaction"],"graphicalType":"path","markerEnd":"mimConversion","points":[{"x":948,"y":556},{"x":934,"y":561,"isAttachedTo":"e580d","RelX":1,"anchor":[1,0.5,1,0],"RelY":0}]},{"networkType":"edge","gpmlType":"interaction","@type":["interaction"],"graphicalType":"path","markerEnd":"arrow","points":[{"x":854,"y":561,"isAttachedTo":"e580d","RelX":-1,"anchor":[0,0.5,-1,0],"RelY":0},{"x":752,"y":561},{"x":752,"y":456},{"x":579,"y":456,"isAttachedTo":"eab04","RelX":1,"anchor":[1,0.5,1,0],"RelY":0}],"interactionGraph":[{"id":"e580d","interactsWith":"eab04"}],"interactionType":"gpml:Arrow"},{"networkType":"edge","gpmlType":"interaction","@type":["interaction"],"graphicalType":"path","markerEnd":"mimConversion","points":[{"x":884,"y":282,"isAttachedTo":"a3057","RelX":1,"anchor":[1,0.5,1,0],"RelY":0},{"x":927,"y":283,"isAttachedTo":"bbbc5","RelX":-1,"anchor":[0,0.5,-1,0],"RelY":0}],"interactionGraph":[{"id":"a3057","interactsWith":"bbbc5"}],"interactionType":"mim-conversion"},{"gpmlType":"anchor","zIndex":null,"networkType":"node","@type":["anchor"],"graphicalType":"path","x":null,"y":null},{"networkType":"edge","gpmlType":"interaction","@type":["interaction"],"graphicalType":"path","markerEnd":"mimConversion","points":[{"x":947,"y":293,"isAttachedTo":"bbbc5","RelX":-0.5,"anchor":[0.25,1,0,1],"RelY":1},{"x":914,"y":340,"isAttachedTo":"b8b8e","RelX":0.5,"anchor":[0.75,0,0,-1],"RelY":-1}],"interactionGraph":[{"id":"bbbc5","interactsWith":"b8b8e"}],"interactionType":"mim-conversion"},{"gpmlType":"anchor","zIndex":null,"networkType":"node","@type":["anchor"],"graphicalType":"path","x":null,"y":null},{"networkType":"edge","gpmlType":"interaction","@type":["interaction"],"graphicalType":"path","markerEnd":"mimCatalysis","points":[{"x":1043,"y":495,"isAttachedTo":"a91d5","RelX":-1,"anchor":[0,0.5,-1,0],"RelY":0},{"x":991.4285714285713,"y":486.66666666666663}]},{"networkType":"edge","gpmlType":"interaction","@type":["interaction"],"graphicalType":"path","markerEnd":"mimCatalysis","points":[{"x":1042.9999999999998,"y":434,"isAttachedTo":"a9152","RelX":-1,"anchor":[0,0.5,-1,0],"RelY":0},{"x":963.8095238095237,"y":434.2857142857143}]},{"networkType":"edge","gpmlType":"interaction","@type":["interaction"],"graphicalType":"path","markerEnd":"mimCatalysis","points":[{"x":1043,"y":378,"isAttachedTo":"d02bf","RelX":-1,"anchor":[0,0.5,-1,0],"RelY":0},{"x":965.7142857142857,"y":378.0952380952381}]},{"networkType":"edge","gpmlType":"interaction","@type":["interaction"],"graphicalType":"path","markerEnd":"mimCatalysis","points":[{"x":893,"y":315,"isAttachedTo":"fd93c","RelX":1,"anchor":[1,0.5,1,0],"RelY":0},{"x":933.8,"y":311.8,"isAttachedTo":"b6d43","RelX":0,"anchor":[0.5,0.5,0,0],"RelY":0}],"interactionGraph":[{"id":"fd93c","interactsWith":"b6d43"}],"interactionType":"mim-catalysis"},{"networkType":"edge","gpmlType":"interaction","@type":["interaction"],"graphicalType":"path","markerEnd":"mimCatalysis","points":[{"x":905.5,"y":252,"isAttachedTo":"d8954","RelX":0,"anchor":[0.5,1,0,1],"RelY":1},{"x":906.1870626181736,"y":282.51597820042264,"isAttachedTo":"c2a6c","RelX":0,"anchor":[0.5,0.5,0,0],"RelY":0}],"interactionGraph":[{"id":"d8954","interactsWith":"c2a6c"}],"interactionType":"mim-catalysis"},{"networkType":"edge","gpmlType":"interaction","@type":["interaction"],"graphicalType":"path","markerEnd":"mimCatalysis","points":[{"x":616,"y":252,"isAttachedTo":"dd24e","RelX":0,"anchor":[0.5,1,0,1],"RelY":1},{"x":615.6378600823045,"y":282,"isAttachedTo":"af428","RelX":0,"anchor":[0.5,0.5,0,0],"RelY":0}],"interactionGraph":[{"id":"dd24e","interactsWith":"af428"}],"interactionType":"mim-catalysis"},{"networkType":"edge","gpmlType":"interaction","@type":["interaction"],"graphicalType":"path","points":[{"x":489,"y":476,"isAttachedTo":"b2eb0","RelX":1,"anchor":[1,0.5,1,0],"RelY":0},{"x":538,"y":476},{"x":538,"y":501},{"x":489,"y":501,"isAttachedTo":"da2cc","RelX":1,"anchor":[1,0.5,1,0],"RelY":0}]},{"networkType":"edge","gpmlType":"interaction","@type":["interaction"],"graphicalType":"path","markerEnd":"mimBinding","points":[{"x":539,"y":676,"isAttachedTo":"c525d","RelX":0,"anchor":[0.5,0.5,0,0],"RelY":0},{"x":488,"y":692,"isAttachedTo":"f96d5","RelX":1,"anchor":[1,0.5,1,0],"RelY":0}],"interactionGraph":[{"id":"c525d","interactsWith":"f96d5"}],"interactionType":"mim-binding"},{"networkType":"edge","gpmlType":"interaction","@type":["interaction"],"graphicalType":"path","markerEnd":"arrow","points":[{"x":499,"y":800,"isAttachedTo":"bf92f","RelX":-1,"anchor":[0,0.5,-1,0],"RelY":0},{"x":470,"y":800},{"x":470,"y":722},{"x":232,"y":722,"isAttachedTo":"eb859","RelX":1,"anchor":[1,0.5,1,0],"RelY":0}],"interactionGraph":[{"id":"bf92f","interactsWith":"eb859"}],"interactionType":"gpml:Arrow"},{"gpmlType":"anchor","zIndex":null,"networkType":"node","@type":["anchor"],"graphicalType":"path","x":null,"y":null},{"networkType":"edge","gpmlType":"interaction","@type":["interaction"],"graphicalType":"path","points":[{"x":192,"y":767,"isAttachedTo":"b6a8c","RelX":0,"anchor":[0.5,1,0,1],"RelY":1},{"x":192,"y":821},{"x":519,"y":821},{"x":519,"y":810,"isAttachedTo":"bf92f","RelX":-0.5,"anchor":[0.25,1,0,1],"RelY":1}]},{"gpmlType":"anchor","zIndex":null,"networkType":"node","@type":["anchor"],"graphicalType":"path","x":null,"y":null},{"networkType":"edge","gpmlType":"interaction","@type":["interaction"],"graphicalType":"path","points":[{"x":520,"y":122,"isAttachedTo":"f3f1f","RelX":-0.5,"anchor":[0.25,1,0,1],"RelY":1},{"x":520,"y":157.20164609053498},{"x":200,"y":157.20164609053498},{"x":200,"y":200.4691358024691,"isAttachedTo":"cd489","RelX":0,"anchor":[0.5,0,0,-1],"RelY":-1}]},{"networkType":"edge","gpmlType":"interaction","@type":["interaction"],"graphicalType":"path","markerEnd":"mimCatalysis","points":[{"x":595,"y":363.6460905349794,"isAttachedTo":"df465","RelX":-1,"anchor":[0,0.5,-1,0],"RelY":0},{"x":539,"y":364,"isAttachedTo":"db723","RelX":0,"anchor":[0.5,0.5,0,0],"RelY":0}],"interactionGraph":[{"id":"df465","interactsWith":"db723"}],"interactionType":"mim-catalysis"},{"networkType":"edge","gpmlType":"interaction","@type":["interaction"],"graphicalType":"path","markerEnd":"mimCatalysis","points":[{"x":595,"y":421,"isAttachedTo":"fc248","RelX":-1,"anchor":[0,0.5,-1,0],"RelY":0},{"x":539,"y":421.4,"isAttachedTo":"b38d6","RelX":0,"anchor":[0.5,0.5,0,0],"RelY":0}],"interactionGraph":[{"id":"fc248","interactsWith":"b38d6"}],"interactionType":"mim-catalysis"},{"networkType":"edge","gpmlType":"interaction","@type":["interaction"],"graphicalType":"path","markerEnd":"mimCatalysis","points":[{"x":607.4939498703553,"y":563.6283491789106,"isAttachedTo":"a7271","RelX":-1,"anchor":[0,0.5,-1,0],"RelY":0},{"x":539,"y":563.8095238095237,"isAttachedTo":"ba30d","RelX":0,"anchor":[0.5,0.5,0,0],"RelY":0}],"interactionGraph":[{"id":"a7271","interactsWith":"ba30d"}],"interactionType":"mim-catalysis"},{"networkType":"edge","gpmlType":"interaction","@type":["interaction"],"graphicalType":"path","markerEnd":"mimCatalysis","points":[{"x":594,"y":689,"isAttachedTo":"d221f","RelX":-1,"anchor":[0,0.5,-1,0],"RelY":0},{"x":539,"y":690,"isAttachedTo":"a93a6","RelX":0,"anchor":[0.5,0.5,0,0],"RelY":0}],"interactionGraph":[{"id":"d221f","interactsWith":"a93a6"}],"interactionType":"mim-catalysis"},{"networkType":"edge","gpmlType":"interaction","@type":["interaction"],"graphicalType":"path","markerEnd":"mimCatalysis","points":[{"x":231,"y":253,"isAttachedTo":"cb454","RelX":-1,"anchor":[0,0.5,-1,0],"RelY":0},{"x":199.54320563139342,"y":252.68723738085663,"isAttachedTo":"de4a4","RelX":0,"anchor":[0.5,0.5,0,0],"RelY":0}],"interactionGraph":[{"id":"cb454","interactsWith":"de4a4"}],"interactionType":"mim-catalysis"},{"networkType":"edge","gpmlType":"interaction","@type":["interaction"],"graphicalType":"path","markerEnd":"mimCatalysis","points":[{"x":95,"y":642,"isAttachedTo":"cc25b","RelX":1,"anchor":[1,0.5,1,0],"RelY":0},{"x":133,"y":642.9955663824605,"isAttachedTo":"f10a4","RelX":0,"anchor":[0.5,0.5,0,0],"RelY":0}],"interactionGraph":[{"id":"cc25b","interactsWith":"f10a4"}],"interactionType":"mim-catalysis"},{"networkType":"edge","gpmlType":"interaction","@type":["interaction"],"graphicalType":"path","markerEnd":"mimCatalysis","points":[{"x":200.00000000000006,"y":643,"isAttachedTo":"f2066","RelX":-1,"anchor":[0,0.5,-1,0],"RelY":0},{"x":172.7008501594049,"y":644.0175345377259,"isAttachedTo":"a3c29","RelX":0,"anchor":[0.5,0.5,0,0],"RelY":0}],"interactionGraph":[{"id":"f2066","interactsWith":"a3c29"}],"interactionType":"mim-catalysis"},{"networkType":"edge","gpmlType":"interaction","@type":["interaction"],"graphicalType":"path","markerEnd":"arrow","points":[{"x":1003,"y":407,"isAttachedTo":"ec26c","RelX":-1,"anchor":[0,0.5,-1,0],"RelY":0},{"x":974,"y":407},{"x":974,"y":460},{"x":1003,"y":460,"isAttachedTo":"c90c7","RelX":-1,"anchor":[0,0.5,-1,0],"RelY":0}],"interactionGraph":[{"id":"ec26c","interactsWith":"c90c7"}],"interactionType":"gpml:Arrow"},{"networkType":"edge","gpmlType":"interaction","@type":["interaction"],"graphicalType":"path","markerEnd":"arrow","points":[{"x":934,"y":407,"isAttachedTo":"f29bf","RelX":1,"anchor":[1,0.5,1,0],"RelY":0},{"x":967.6190476190476,"y":407},{"x":967.6190476190476,"y":461},{"x":934,"y":461,"isAttachedTo":"f6a51","RelX":1,"anchor":[1,0.5,1,0],"RelY":0}],"interactionGraph":[{"id":"f29bf","interactsWith":"f6a51"}],"interactionType":"gpml:Arrow"},{"networkType":"edge","gpmlType":"interaction","@type":["interaction"],"graphicalType":"path","points":[{"x":489,"y":553,"isAttachedTo":"e63d3","RelX":1,"anchor":[1,0.5,1,0],"RelY":0},{"x":538,"y":553},{"x":538,"y":578},{"x":489,"y":578,"isAttachedTo":"da53c","RelX":1,"anchor":[1,0.5,1,0],"RelY":0}]},{"networkType":"edge","gpmlType":"interaction","@type":["interaction"],"graphicalType":"path","points":[{"x":489,"y":750,"isAttachedTo":"df068","RelX":1,"anchor":[1,0.5,1,0],"RelY":0},{"x":539,"y":750},{"x":539,"y":774},{"x":489,"y":774,"isAttachedTo":"dc5ca","RelX":1,"anchor":[1,0.5,1,0],"RelY":0}]},{"networkType":"edge","gpmlType":"interaction","@type":["interaction"],"graphicalType":"path","markerEnd":"mimConversion","points":[{"x":204,"y":544,"isAttachedTo":"ea499","RelX":-0.5,"anchor":[0.25,1,0,1],"RelY":1},{"x":133.75,"y":545,"isAttachedTo":"b7454","RelX":0.5,"anchor":[0.75,1,0,1],"RelY":1}],"interactionGraph":[{"id":"ea499","interactsWith":"b7454"}],"interactionType":"mim-conversion"},{"networkType":"edge","gpmlType":"interaction","@type":["interaction"],"graphicalType":"path","markerEnd":"mimConversion","points":[{"x":133.75,"y":525,"isAttachedTo":"b7454","RelX":0.5,"anchor":[0.75,0,0,-1],"RelY":-1},{"x":204,"y":524,"isAttachedTo":"ea499","RelX":-0.5,"anchor":[0.25,0,0,-1],"RelY":-1}],"interactionGraph":[{"id":"b7454","interactsWith":"ea499"}],"interactionType":"mim-conversion"},{"networkType":"node","nodeType":"DataNode","dataNodeType":"Metabolite","@type":["DataNode","Metabolite","datanode"],"gpmlType":"datanode","graphicalType":"path","datasourceReference":{"database":"HMDB","id":"HMDB00122","organism":"Homo sapiens"}},{"networkType":"node","nodeType":"DataNode","dataNodeType":"Metabolite","@type":["DataNode","Metabolite","datanode"],"gpmlType":"datanode","graphicalType":"path","datasourceReference":{"database":"HMDB","id":"HMDB00124","organism":"Homo sapiens"}},{"networkType":"node","nodeType":"DataNode","dataNodeType":"Metabolite","@type":["DataNode","Metabolite","datanode"],"gpmlType":"datanode","graphicalType":"path","datasourceReference":{"database":"HMDB","id":"HMDB01401","organism":"Homo sapiens"}},{"networkType":"node","nodeType":"DataNode","dataNodeType":"GeneProduct","@type":["DataNode","GeneProduct","datanode"],"gpmlType":"datanode","graphicalType":"path","datasourceReference":{"database":"Ensembl","id":"ENSG00000181856","organism":"Homo sapiens"},"unificationXref":"http://identifiers.org/ensembl/ENSG00000181856"},{"networkType":"node","nodeType":"DataNode","dataNodeType":"GeneProduct","@type":["DataNode","GeneProduct","datanode"],"gpmlType":"datanode","graphicalType":"path","datasourceReference":{"database":"Entrez Gene","id":"3098","organism":"Homo sapiens"},"unificationXref":"http://identifiers.org/ensembl/ENSG00000156515"},{"networkType":"node","nodeType":"DataNode","dataNodeType":"GeneProduct","@type":["DataNode","GeneProduct","datanode"],"gpmlType":"datanode","graphicalType":"path","datasourceReference":{"database":"Ensembl","id":"ENSG00000105220","organism":"Homo sapiens"},"unificationXref":"http://identifiers.org/ensembl/ENSG00000105220"},{"networkType":"node","nodeType":"DataNode","dataNodeType":"Metabolite","@type":["DataNode","Metabolite","datanode"],"gpmlType":"datanode","graphicalType":"path","datasourceReference":{"database":"HMDB","id":"HMDB01058","organism":"Homo sapiens"}},{"networkType":"node","nodeType":"DataNode","dataNodeType":"Metabolite","@type":["DataNode","Metabolite","datanode"],"gpmlType":"datanode","graphicalType":"path","datasourceReference":{"database":"HMDB","id":"HMDB01112","organism":"Homo sapiens"}},{"networkType":"node","nodeType":"DataNode","dataNodeType":"GeneProduct","@type":["DataNode","GeneProduct","datanode"],"gpmlType":"datanode","graphicalType":"path","datasourceReference":{"database":"Ensembl","id":"ENSG00000111640","organism":"Homo sapiens"},"unificationXref":"http://identifiers.org/ensembl/ENSG00000111640"},{"networkType":"node","nodeType":"DataNode","dataNodeType":"GeneProduct","@type":["DataNode","GeneProduct","datanode"],"gpmlType":"datanode","graphicalType":"path","datasourceReference":{"database":"Ensembl","id":"ENSG00000171314","organism":"Homo sapiens"},"unificationXref":"http://identifiers.org/ensembl/ENSG00000171314"},{"networkType":"node","nodeType":"DataNode","dataNodeType":"Metabolite","@type":["DataNode","Metabolite","datanode"],"gpmlType":"datanode","graphicalType":"path","datasourceReference":{"database":"ChEBI","id":"CHEBI:15361","organism":"Homo sapiens"}},{"networkType":"node","nodeType":"DataNode","dataNodeType":"GeneProduct","@type":["DataNode","GeneProduct","datanode"],"gpmlType":"datanode","graphicalType":"path","datasourceReference":{"database":"Enzyme Nomenclature","id":"2.7.1.40","organism":"Homo sapiens"}},{"networkType":"node","nodeType":"DataNode","dataNodeType":"Metabolite","@type":["DataNode","Metabolite","datanode"],"gpmlType":"datanode","graphicalType":"path","datasourceReference":{"database":"ChEBI","id":"CHEBI:28087","organism":"Homo sapiens"}},{"networkType":"node","nodeType":"DataNode","dataNodeType":"GeneProduct","@type":["DataNode","GeneProduct","datanode"],"gpmlType":"datanode","graphicalType":"path","datasourceReference":{"database":"Ensembl","id":"ENSG00000111669","organism":"Homo sapiens"},"unificationXref":"http://identifiers.org/ensembl/ENSG00000111669"},{"networkType":"node","nodeType":"DataNode","dataNodeType":"Metabolite","@type":["DataNode","Metabolite","datanode"],"gpmlType":"datanode","graphicalType":"path","datasourceReference":{"database":"ChEBI","id":"CHEBI:24996","organism":"Homo sapiens"}},{"networkType":"node","nodeType":"DataNode","dataNodeType":"Metabolite","@type":["DataNode","Metabolite","datanode"],"gpmlType":"datanode","graphicalType":"path","datasourceReference":{"database":"ChEBI","id":"CHEBI:16449","organism":"Homo sapiens"}},{"networkType":"node","nodeType":"DataNode","dataNodeType":"GeneProduct","@type":["DataNode","GeneProduct","datanode"],"gpmlType":"datanode","graphicalType":"path","datasourceReference":{"database":"Ensembl","id":"ENSG00000117394","organism":"Homo sapiens"},"unificationXref":"http://identifiers.org/ensembl/ENSG00000117394"},{"networkType":"node","nodeType":"DataNode","dataNodeType":"Metabolite","@type":["DataNode","Metabolite","datanode"],"gpmlType":"datanode","graphicalType":"path","datasourceReference":{"database":"ChEBI","id":"CHEBI:15361","organism":"Homo sapiens"}},{"networkType":"node","nodeType":"DataNode","dataNodeType":"Pathway","@type":["DataNode","Pathway","datanode"],"gpmlType":"datanode","graphicalType":"path","datasourceReference":{"database":"WikiPathways","id":"WP78","organism":"Homo sapiens"}},{"networkType":"node","nodeType":"DataNode","dataNodeType":"GeneProduct","@type":["DataNode","GeneProduct","datanode"],"gpmlType":"datanode","graphicalType":"path","datasourceReference":{"database":"Ensembl","id":"ENSG00000134333","organism":"Homo sapiens"},"unificationXref":"http://identifiers.org/ensembl/ENSG00000134333"},{"networkType":"node","nodeType":"DataNode","dataNodeType":"GeneProduct","@type":["DataNode","GeneProduct","datanode"],"gpmlType":"datanode","graphicalType":"path","datasourceReference":{"database":"Ensembl","id":"ENSG00000167701","organism":"Homo sapiens"},"unificationXref":"http://identifiers.org/ensembl/ENSG00000167701"},{"networkType":"node","nodeType":"DataNode","dataNodeType":"GeneProduct","@type":["DataNode","GeneProduct","datanode"],"gpmlType":"datanode","graphicalType":"path","datasourceReference":{"database":"Ensembl","id":"ENSG00000163581","organism":"Homo sapiens"},"unificationXref":"http://identifiers.org/ensembl/ENSG00000163581"},{"networkType":"node","nodeType":"DataNode","dataNodeType":"GeneProduct","@type":["DataNode","GeneProduct","datanode"],"gpmlType":"datanode","graphicalType":"path","datasourceReference":{"database":"Enzyme Nomenclature","id":"3.1.1.17","organism":"Homo sapiens"}},{"networkType":"node","nodeType":"DataNode","dataNodeType":"Metabolite","@type":["DataNode","Metabolite","datanode"],"gpmlType":"datanode","graphicalType":"path","datasourceReference":{"database":"ChEBI","id":"CHEBI:33942","organism":"Homo sapiens"}},{"networkType":"node","nodeType":"DataNode","dataNodeType":"GeneProduct","@type":["DataNode","GeneProduct","datanode"],"gpmlType":"datanode","graphicalType":"path","datasourceReference":{"database":"Enzyme Nomenclature","id":"5.3.1.6","organism":"Homo sapiens"}},{"networkType":"node","nodeType":"DataNode","dataNodeType":"Metabolite","@type":["DataNode","Metabolite","datanode"],"gpmlType":"datanode","graphicalType":"path","datasourceReference":{"database":"ChEBI","id":"CHEBI:27353","organism":"Homo sapiens"}},{"networkType":"node","nodeType":"DataNode","dataNodeType":"Metabolite","@type":["DataNode","Metabolite","datanode"],"gpmlType":"datanode","graphicalType":"path","datasourceReference":{"database":"ChEBI","id":"CHEBI:16802","organism":"Homo sapiens"}},{"networkType":"node","nodeType":"DataNode","dataNodeType":"Metabolite","@type":["DataNode","Metabolite","datanode"],"gpmlType":"datanode","graphicalType":"path","datasourceReference":{"database":"ChEBI","id":"CHEBI:27353","organism":"Homo sapiens"}},{"networkType":"node","nodeType":"DataNode","dataNodeType":"Protein","@type":["DataNode","Protein","datanode"],"gpmlType":"datanode","graphicalType":"path","datasourceReference":{"database":"Enzyme Nomenclature","id":"5.1.3.22","organism":"Homo sapiens"}},{"networkType":"node","nodeType":"DataNode","dataNodeType":"Protein","@type":["DataNode","Protein","datanode"],"gpmlType":"datanode","graphicalType":"path","datasourceReference":{"database":"Ensembl","id":"ENSG00000160211","organism":"Homo sapiens"},"unificationXref":"http://identifiers.org/ensembl/ENSG00000160211"},{"networkType":"node","nodeType":"DataNode","dataNodeType":"Protein","@type":["DataNode","Protein","datanode"],"gpmlType":"datanode","graphicalType":"path","datasourceReference":{"database":"Enzyme Nomenclature","id":"2.2.1.1","organism":"Homo sapiens"}},{"networkType":"node","nodeType":"DataNode","dataNodeType":"Metabolite","@type":["DataNode","Metabolite","datanode"],"gpmlType":"datanode","graphicalType":"path","datasourceReference":{"database":"ChEBI","id":"CHEBI:15846","organism":"Homo sapiens"}},{"networkType":"node","nodeType":"DataNode","dataNodeType":"Metabolite","@type":["DataNode","Metabolite","datanode"],"gpmlType":"datanode","graphicalType":"path","datasourceReference":{"database":"ChEBI","id":"CHEBI:16908","organism":"Homo sapiens"}},{"networkType":"node","nodeType":"DataNode","dataNodeType":"Metabolite","@type":["DataNode","Metabolite","datanode"],"gpmlType":"datanode","graphicalType":"path","datasourceReference":{"database":"ChEBI","id":"CHEBI:15377","organism":"Homo sapiens"}},{"networkType":"node","nodeType":"DataNode","dataNodeType":"GeneProduct","@type":["DataNode","GeneProduct","datanode"],"gpmlType":"datanode","graphicalType":"path","datasourceReference":{"database":"Ensembl","id":"ENSG00000181856","organism":"Homo sapiens"},"unificationXref":"http://identifiers.org/ensembl/ENSG00000181856"},{"networkType":"node","nodeType":"DataNode","dataNodeType":"GeneProduct","@type":["DataNode","GeneProduct","datanode"],"gpmlType":"datanode","graphicalType":"path","datasourceReference":{"database":"Ensembl","id":"ENSG00000067057","organism":"Homo sapiens"},"unificationXref":"http://identifiers.org/ensembl/ENSG00000067057"},{"networkType":"node","nodeType":"DataNode","dataNodeType":"Protein","@type":["DataNode","Protein","datanode"],"gpmlType":"datanode","graphicalType":"path","datasourceReference":{"database":"Uniprot-TrEMBL","id":"ALDOA","organism":"Homo sapiens"}},{"networkType":"node","nodeType":"DataNode","dataNodeType":"GeneProduct","@type":["DataNode","GeneProduct","datanode"],"gpmlType":"datanode","graphicalType":"path","datasourceReference":{"database":"Ensembl","id":"ENSG00000102144","organism":"Homo sapiens"},"unificationXref":"http://identifiers.org/ensembl/ENSG00000102144"},{"networkType":"node","nodeType":"DataNode","dataNodeType":"GeneProduct","@type":["DataNode","GeneProduct","datanode"],"gpmlType":"datanode","graphicalType":"path","datasourceReference":{"database":"Enzyme Nomenclature","id":"4.2.1.11","organism":"Homo sapiens"}},{"networkType":"node","nodeType":"DataNode","dataNodeType":"GeneProduct","@type":["DataNode","GeneProduct","datanode"],"gpmlType":"datanode","graphicalType":"path","datasourceReference":{"database":"Entrez Gene","id":"3098","organism":"Homo sapiens"},"unificationXref":"http://identifiers.org/ensembl/ENSG00000156515"},{"networkType":"node","nodeType":"DataNode","dataNodeType":"Metabolite","@type":["DataNode","Metabolite","datanode"],"gpmlType":"datanode","graphicalType":"path","datasourceReference":{"database":"HMDB","id":"HMDB01401","organism":"Homo sapiens"}},{"networkType":"node","nodeType":"DataNode","dataNodeType":"GeneProduct","@type":["DataNode","GeneProduct","datanode"],"gpmlType":"datanode","graphicalType":"path","datasourceReference":{"database":"Ensembl","id":"ENSG00000167701","organism":"Homo sapiens"},"unificationXref":"http://identifiers.org/ensembl/ENSG00000167701"},{"networkType":"node","nodeType":"DataNode","dataNodeType":"GeneProduct","@type":["DataNode","GeneProduct","datanode"],"gpmlType":"datanode","graphicalType":"path","datasourceReference":{"database":"Ensembl","id":"ENSG00000134333","organism":"Homo sapiens"},"unificationXref":"http://identifiers.org/ensembl/ENSG00000134333"},{"networkType":"node","nodeType":"DataNode","dataNodeType":"GeneProduct","@type":["DataNode","GeneProduct","datanode"],"gpmlType":"datanode","graphicalType":"path","datasourceReference":{"database":"Ensembl","id":"ENSG00000117394","organism":"Homo sapiens"},"unificationXref":"http://identifiers.org/ensembl/ENSG00000117394"},{"networkType":"node","nodeType":"DataNode","dataNodeType":"Metabolite","@type":["DataNode","Metabolite","datanode"],"gpmlType":"datanode","graphicalType":"path","datasourceReference":{"database":"HMDB","id":"HMDB01401","organism":"Homo sapiens"}},{"networkType":"node","nodeType":"DataNode","dataNodeType":"GeneProduct","@type":["DataNode","GeneProduct","datanode"],"gpmlType":"datanode","graphicalType":"path","datasourceReference":{"database":"Ensembl","id":"ENSG00000160211","organism":"Homo sapiens"},"unificationXref":"http://identifiers.org/ensembl/ENSG00000160211"},{"networkType":"node","nodeType":"DataNode","dataNodeType":"Protein","@type":["DataNode","Protein","datanode"],"gpmlType":"datanode","graphicalType":"path","datasourceReference":{"database":"Enzyme Nomenclature","id":"2.2.1.1","organism":"Homo sapiens"}},{"networkType":"node","nodeType":"DataNode","dataNodeType":"GeneProduct","@type":["DataNode","GeneProduct","datanode"],"gpmlType":"datanode","graphicalType":"path","datasourceReference":{"database":"Ensembl","id":"ENSG00000177156","organism":"Homo sapiens"},"unificationXref":"http://identifiers.org/ensembl/ENSG00000177156"},{"networkType":"edge","gpmlType":"interaction","@type":["interaction"],"graphicalType":"path","markerEnd":"mimCatalysis","points":[{"x":788.3971193415643,"y":253,"isAttachedTo":"c6585","RelX":0,"anchor":[0.5,1,0,1],"RelY":1},{"x":787.5,"y":282,"isAttachedTo":"fafa7","RelX":0,"anchor":[0.5,0.5,0,0],"RelY":0}],"interactionGraph":[{"id":"c6585","interactsWith":"fafa7"}],"interactionType":"mim-catalysis"}],"xmlns":"http://pathvisio.org/GPML/2013a","lastModified":"10/16/2013","license":"CC BY 2.0","name":"Cori Cycle","organism":"Homo sapiens","image":{"@context":{"@vocab":"http://schema.org/"},"width":1161,"height":867},"publicationXref":[],"id":"wpId:WP1946","revision":"74091"}}