{"@context":{"@vocab":"http://vocabularies.wikipathways.org/gpml#","@base":"wpId:WP2034","pathwayIri":"wpId:WP2034","ChEBI":"http://www.ebi.ac.uk/chebi/searchId.do?chebiId=","dataSource":"gpml:Data-Source","datasourceReference":"wp:DatasourceReference","Group":{"@container":"@list","@id":"gpml:Group"},"interaction":{"@id":"biopax:Interaction","@type":"@id"},"interactionType":{"@id":"biopax:InteractionType","@type":"@id"},"interactionGraph":{"@container":"@list","@type":"@id"},"lastModified":"gpml:Last-Modified","pathway":"biopax:Pathway","point":{"@container":"@list","@id":"gpml:Point"},"publicationXref":"biopax:PublicationXref","unificationXref":"biopax:UnificationXref","author":"schema:author","backgroundColor":"css2:colors.html#propdef-background-color","backgroundImage":"css2:colors.html#propdef-background-image","biopax":"http://www.biopax.org/release/biopax-level3.owl#","borderColor":"css2:box.html#propdef-border-color","borderStyle":"css2:box.html#propdef-border-style","borderWidth":"css2:box.html#propdef-border-width","boxSizing":{"@id":"css3Ui:box-sizing","@value":"border-box"},"color":"css2:colors.html#propdef-color","contains":{"@id":"ex:contains","@type":"@id"},"css2":"http://www.w3.org/TR/CSS2/","css3Ui":"http://www.w3.org/TR/css3-ui/#","cssTransform":"http://www.w3.org/TR/css-transforms-1/#","gpmlDataNodeType":"gpml:Type","dcterms":"http://puri.org/dc/terms/","entrezGene":"http://www.ncbi.nlm.nih.gov/gene/","ex":"http://www.example.org/","fontFamily":"css2:fonts.html#font-family-prop","fontSize":"css2:fonts.html#propdef-font-size","fontStyle":"css2:fonts.html#propdef-font-style","fontWeight":"css2:fonts.html#propdef-font-weight","gpml":"http://vocabularies.wikipathways.org/gpml#","gpmlFolder":"file://Users/andersriutta/Sites/pathvisiojs/test/gpml/","hMDB":"http://www.hmdb.ca/metabolites/HMDB","height":"css2:visudet.html#propdef-height","id":"@id","image":"schema:image","interactsWith":{"@id":"ex:interactsWith","@type":"@id"},"isContainedBy":{"@reverse":"ex:contains","@type":"@id"},"media":"http://www.w3.org/TR/mediaont-10/","name":"http://xmlns.com/foaf/0.1/name","organism":"biopax:organism","padding":"css2:box.html#propdef-padding","elements":{"@container":"@list","@id":"ex:pathwayElements/"},"position":"css2:visuren.html#propdef-position","rotate":"cssTransform:funcdef-rotate","schema":"http://schema.org/","shapeLibrary":"http://shapelibrary.example.org/","shape":"shapeLibrary:shape","stroke":"svg:painting.html#StrokeProperty","strokeWidth":"svg:painting.html#StrokeWidthProperty","svg":"http://www.w3.org/TR/SVG11/","textAlign":"css2:text.html#propdef-text-align","verticalAlign":"css2:visudet.html#propdef-vertical-align","width":"css2:visudet.html#propdef-width","wp":"http://vocabularies.wikipathways.org/wp#","wpId":"http://identifiers.org/wikipathways/","x":{"@id":"css2:visuren.html#propdef-left","@type":"xsd:integer"},"xsd":"http://www.w3.org/2001/XMLSchema#","y":"css2:visuren.html#propdef-top","zIndex":{"@id":"css2:z-index","@type":"xsd:integer"}},"wpId:WP2034":{"elements":[{"networkType":"node","nodeType":"DataNode","dataNodeType":"Protein","@type":["DataNode","Protein","datanode"],"gpmlType":"datanode","graphicalType":"path"},{"networkType":"node","nodeType":"DataNode","dataNodeType":"Protein","@type":["DataNode","Protein","datanode"],"gpmlType":"datanode","graphicalType":"path","datasourceReference":{"database":"Entrez Gene","id":"4790","organism":"Homo sapiens"},"unificationXref":"http://identifiers.org/ensembl/ENSG00000109320"},{"networkType":"node","nodeType":"DataNode","dataNodeType":"Protein","@type":["DataNode","Protein","datanode"],"gpmlType":"datanode","graphicalType":"path"},{"networkType":"node","nodeType":"DataNode","dataNodeType":"Protein","@type":["DataNode","Protein","datanode"],"gpmlType":"datanode","graphicalType":"path"},{"networkType":"node","nodeType":"DataNode","dataNodeType":"Protein","@type":["DataNode","Protein","datanode"],"gpmlType":"datanode","graphicalType":"path"},{"networkType":"node","nodeType":"DataNode","dataNodeType":"Protein","@type":["DataNode","Protein","datanode"],"gpmlType":"datanode","graphicalType":"path"},{"networkType":"node","nodeType":"DataNode","dataNodeType":"Protein","@type":["DataNode","Protein","datanode"],"gpmlType":"datanode","graphicalType":"path"},{"networkType":"node","nodeType":"DataNode","dataNodeType":"Protein","@type":["DataNode","Protein","datanode"],"gpmlType":"datanode","graphicalType":"path"},{"networkType":"node","nodeType":"DataNode","dataNodeType":"Protein","@type":["DataNode","Protein","datanode"],"gpmlType":"datanode","graphicalType":"path"},{"networkType":"node","nodeType":"DataNode","dataNodeType":"Protein","@type":["DataNode","Protein","datanode"],"gpmlType":"datanode","graphicalType":"path"},{"networkType":"node","nodeType":"DataNode","dataNodeType":"Protein","@type":["DataNode","Protein","datanode"],"gpmlType":"datanode","graphicalType":"path"},{"networkType":"node","nodeType":"DataNode","dataNodeType":"Protein","@type":["DataNode","Protein","datanode"],"gpmlType":"datanode","graphicalType":"path"},{"networkType":"node","nodeType":"DataNode","dataNodeType":"Protein","@type":["DataNode","Protein","datanode"],"gpmlType":"datanode","graphicalType":"path"},{"networkType":"node","nodeType":"DataNode","dataNodeType":"Protein","@type":["DataNode","Protein","datanode"],"gpmlType":"datanode","graphicalType":"path"},{"networkType":"node","nodeType":"DataNode","dataNodeType":"Protein","@type":["DataNode","Protein","datanode"],"gpmlType":"datanode","graphicalType":"path"},{"networkType":"node","nodeType":"DataNode","dataNodeType":"Protein","@type":["DataNode","Protein","datanode"],"gpmlType":"datanode","graphicalType":"path"},{"networkType":"node","nodeType":"Label","@type":["label"],"gpmlType":"label","graphicalType":"path"},{"networkType":"node","nodeType":"Label","@type":["label"],"gpmlType":"label","graphicalType":"path"},{"networkType":"node","nodeType":"Label","@type":["label"],"gpmlType":"label","graphicalType":"path"},{"networkType":"node","nodeType":"Label","@type":["label"],"gpmlType":"label","graphicalType":"path"},{"networkType":"node","nodeType":"Label","@type":["label"],"gpmlType":"label","graphicalType":"path"},{"networkType":"node","nodeType":"Label","@type":["label"],"gpmlType":"label","graphicalType":"path"},{"networkType":"node","nodeType":"Label","@type":["label"],"gpmlType":"label","graphicalType":"path"},{"networkType":"node","nodeType":"Label","@type":["label"],"gpmlType":"label","graphicalType":"path"},{"networkType":"node","nodeType":"Label","@type":["label"],"gpmlType":"label","graphicalType":"path"},{"networkType":"node","nodeType":"Label","@type":["label"],"gpmlType":"label","graphicalType":"path"},{"networkType":"node","nodeType":"Label","@type":["label"],"gpmlType":"label","graphicalType":"path"},{"networkType":"node","nodeType":"Label","@type":["label"],"gpmlType":"label","graphicalType":"path"},{"networkType":"node","nodeType":"Label","@type":["label"],"gpmlType":"label","graphicalType":"path"},{"networkType":"node","nodeType":"Label","@type":["label"],"gpmlType":"label","graphicalType":"path"},{"networkType":"node","nodeType":"Label","@type":["label"],"gpmlType":"label","graphicalType":"path"},{"networkType":"node","nodeType":"Label","@type":["label"],"gpmlType":"label","graphicalType":"path"},{"networkType":"node","nodeType":"Label","@type":["label"],"gpmlType":"label","graphicalType":"path"},{"networkType":"node","nodeType":"Label","@type":["label"],"gpmlType":"label","graphicalType":"path"},{"networkType":"node","nodeType":"Label","@type":["label"],"gpmlType":"label","graphicalType":"path"},{"networkType":"node","nodeType":"Label","@type":["label"],"gpmlType":"label","graphicalType":"path"},{"networkType":"node","nodeType":"Label","@type":["label"],"gpmlType":"label","graphicalType":"path"},{"networkType":"node","nodeType":"Label","@type":["label"],"gpmlType":"label","graphicalType":"path"},{"networkType":"node","nodeType":"Label","@type":["label"],"gpmlType":"label","graphicalType":"path"},{"networkType":"node","nodeType":"Label","@type":["label"],"gpmlType":"label","graphicalType":"path"},{"networkType":"node","nodeType":"Label","@type":["label"],"gpmlType":"label","graphicalType":"path"},{"networkType":"node","nodeType":"Label","@type":["label"],"gpmlType":"label","graphicalType":"path"},{"networkType":"node","nodeType":"Label","@type":["label"],"gpmlType":"label","graphicalType":"path"},{"networkType":"node","nodeType":"Label","@type":["label"],"gpmlType":"label","graphicalType":"path"},{"networkType":"node","nodeType":"Label","@type":["label"],"gpmlType":"label","graphicalType":"path"},{"networkType":"node","nodeType":"Label","@type":["label"],"gpmlType":"label","graphicalType":"path"},{"networkType":"node","nodeType":"Label","@type":["label"],"gpmlType":"label","graphicalType":"path"},{"networkType":"node","nodeType":"Label","@type":["label"],"gpmlType":"label","graphicalType":"path"},{"networkType":"node","nodeType":"Label","@type":["label"],"gpmlType":"label","graphicalType":"path"},{"networkType":"node","nodeType":"Label","@type":["label"],"gpmlType":"label","graphicalType":"path"},{"networkType":"node","nodeType":"Label","@type":["label"],"gpmlType":"label","graphicalType":"path"},{"networkType":"node","nodeType":"Label","@type":["label"],"gpmlType":"label","graphicalType":"path"},{"networkType":"node","nodeType":"Label","@type":["label"],"gpmlType":"label","graphicalType":"path"},{"networkType":"node","nodeType":"Label","@type":["label"],"gpmlType":"label","graphicalType":"path"},{"networkType":"node","nodeType":"Label","@type":["label"],"gpmlType":"label","graphicalType":"path"},{"networkType":"node","nodeType":"Label","@type":["label"],"gpmlType":"label","graphicalType":"path"},{"networkType":"node","nodeType":"Label","@type":["label"],"gpmlType":"label","graphicalType":"path"},{"networkType":"node","nodeType":"Label","@type":["label"],"gpmlType":"label","graphicalType":"path"},{"networkType":"node","nodeType":"Label","@type":["label"],"gpmlType":"label","graphicalType":"path"},{"networkType":"node","nodeType":"Label","@type":["label"],"gpmlType":"label","graphicalType":"path"},{"networkType":"node","nodeType":"Label","@type":["label"],"gpmlType":"label","graphicalType":"path"},{"networkType":"node","nodeType":"Label","@type":["label"],"gpmlType":"label","graphicalType":"path"},{"networkType":"node","nodeType":"Label","@type":["label"],"gpmlType":"label","graphicalType":"path"},{"networkType":"node","nodeType":"Label","@type":["label"],"gpmlType":"label","graphicalType":"path"},{"networkType":"node","nodeType":"Label","@type":["label"],"gpmlType":"label","graphicalType":"path"},{"networkType":"node","nodeType":"Label","@type":["label"],"gpmlType":"label","graphicalType":"path"},{"networkType":"node","nodeType":"Label","@type":["label"],"gpmlType":"label","graphicalType":"path"},{"networkType":"node","nodeType":"Label","@type":["label"],"gpmlType":"label","graphicalType":"path"},{"networkType":"node","nodeType":"Label","@type":["label"],"gpmlType":"label","graphicalType":"path"},{"networkType":"node","nodeType":"Label","@type":["label"],"gpmlType":"label","graphicalType":"path"},{"networkType":"node","nodeType":"Label","@type":["label"],"gpmlType":"label","graphicalType":"path"},{"networkType":"node","nodeType":"Label","@type":["label"],"gpmlType":"label","graphicalType":"path"},{"networkType":"node","nodeType":"Label","@type":["label"],"gpmlType":"label","graphicalType":"path"},{"networkType":"node","nodeType":"Label","@type":["label"],"gpmlType":"label","graphicalType":"path"},{"networkType":"node","nodeType":"Label","@type":["label"],"gpmlType":"label","graphicalType":"path"},{"networkType":"node","nodeType":"Label","@type":["label"],"gpmlType":"label","graphicalType":"path"},{"networkType":"node","nodeType":"Label","@type":["label"],"gpmlType":"label","graphicalType":"path"},{"networkType":"node","nodeType":"Label","@type":["label"],"gpmlType":"label","graphicalType":"path"},{"networkType":"node","nodeType":"Label","@type":["label"],"gpmlType":"label","graphicalType":"path"},{"networkType":"node","nodeType":"Label","@type":["label"],"gpmlType":"label","graphicalType":"path"},{"networkType":"node","nodeType":"Shape","@type":["shape"],"gpmlType":"shape","graphicalType":"path"},{"networkType":"node","nodeType":"Shape","@type":["shape"],"gpmlType":"shape","graphicalType":"path"},{"networkType":"node","nodeType":"Shape","@type":["shape"],"gpmlType":"shape","graphicalType":"path"},{"networkType":"node","nodeType":"Shape","@type":["shape"],"gpmlType":"shape","graphicalType":"path"},{"networkType":"node","nodeType":"Shape","@type":["shape"],"gpmlType":"shape","graphicalType":"path"},{"networkType":"node","nodeType":"Shape","@type":["shape"],"gpmlType":"shape","graphicalType":"path"},{"networkType":"node","nodeType":"Shape","@type":["shape"],"gpmlType":"shape","graphicalType":"path"},{"networkType":"node","nodeType":"Shape","@type":["shape"],"gpmlType":"shape","graphicalType":"path"},{"networkType":"node","nodeType":"Shape","@type":["shape"],"gpmlType":"shape","graphicalType":"path"},{"networkType":"node","nodeType":"Shape","@type":["shape"],"gpmlType":"shape","graphicalType":"path"},{"networkType":"node","nodeType":"Shape","@type":["shape"],"gpmlType":"shape","graphicalType":"path"},{"networkType":"node","nodeType":"Shape","@type":["shape"],"gpmlType":"shape","graphicalType":"path"},{"networkType":"node","nodeType":"Shape","@type":["shape"],"gpmlType":"shape","graphicalType":"path"},{"networkType":"node","nodeType":"Shape","@type":["shape"],"gpmlType":"shape","graphicalType":"path"},{"networkType":"node","nodeType":"Shape","@type":["shape"],"gpmlType":"shape","graphicalType":"path"},{"networkType":"node","nodeType":"Shape","@type":["shape"],"gpmlType":"shape","graphicalType":"path"},{"networkType":"node","nodeType":"Shape","@type":["shape"],"gpmlType":"shape","graphicalType":"path"},{"networkType":"node","nodeType":"Shape","@type":["shape"],"gpmlType":"shape","graphicalType":"path"},{"networkType":"node","nodeType":"Shape","@type":["shape"],"gpmlType":"shape","graphicalType":"path"},{"networkType":"node","nodeType":"Shape","@type":["shape"],"gpmlType":"shape","graphicalType":"path"},{"networkType":"node","nodeType":"State","@type":["state"],"gpmlType":"state","graphicalType":"path"},{"networkType":"node","nodeType":"State","@type":["state"],"gpmlType":"state","graphicalType":"path"},{"networkType":"node","nodeType":"State","@type":["state"],"gpmlType":"state","graphicalType":"path"},{"networkType":"node","nodeType":"State","@type":["state"],"gpmlType":"state","graphicalType":"path"},{"networkType":"node","nodeType":"State","@type":["state"],"gpmlType":"state","graphicalType":"path"},{"networkType":"node","nodeType":"State","@type":["state"],"gpmlType":"state","graphicalType":"path"},{"networkType":"node","nodeType":"State","@type":["state"],"gpmlType":"state","graphicalType":"path"},{"networkType":"node","nodeType":"State","@type":["state"],"gpmlType":"state","graphicalType":"path"},{"networkType":"node","nodeType":"State","@type":["state"],"gpmlType":"state","graphicalType":"path"},{"networkType":"node","nodeType":"State","@type":["state"],"gpmlType":"state","graphicalType":"path"},{"networkType":"node","nodeType":"State","@type":["state"],"gpmlType":"state","graphicalType":"path"},{"networkType":"node","nodeType":"State","@type":["state"],"gpmlType":"state","graphicalType":"path"},{"networkType":"node","nodeType":"State","@type":["state"],"gpmlType":"state","graphicalType":"path"},{"networkType":"node","nodeType":"State","@type":["state"],"gpmlType":"state","graphicalType":"path"},{"networkType":"node","nodeType":"State","@type":["state"],"gpmlType":"state","graphicalType":"path"},{"networkType":"node","nodeType":"State","@type":["state"],"gpmlType":"state","graphicalType":"path"},{"networkType":"node","nodeType":"State","@type":["state"],"gpmlType":"state","graphicalType":"path"},{"networkType":"node","nodeType":"State","@type":["state"],"gpmlType":"state","graphicalType":"path"},{"networkType":"node","nodeType":"State","@type":["state"],"gpmlType":"state","graphicalType":"path"},{"networkType":"node","nodeType":"State","@type":["state"],"gpmlType":"state","graphicalType":"path"},{"networkType":"node","nodeType":"State","@type":["state"],"gpmlType":"state","graphicalType":"path"},{"networkType":"node","nodeType":"State","@type":["state"],"gpmlType":"state","graphicalType":"path"},{"networkType":"node","nodeType":"State","@type":["state"],"gpmlType":"state","graphicalType":"path"},{"networkType":"node","nodeType":"State","@type":["state"],"gpmlType":"state","graphicalType":"path"},{"networkType":"node","nodeType":"State","@type":["state"],"gpmlType":"state","graphicalType":"path"},{"networkType":"node","nodeType":"State","@type":["state"],"gpmlType":"state","graphicalType":"path"},{"networkType":"node","nodeType":"State","@type":["state"],"gpmlType":"state","graphicalType":"path"},{"networkType":"node","nodeType":"State","@type":["state"],"gpmlType":"state","graphicalType":"path"},{"networkType":"node","nodeType":"State","@type":["state"],"gpmlType":"state","graphicalType":"path"},{"networkType":"node","nodeType":"State","@type":["state"],"gpmlType":"state","graphicalType":"path"},{"networkType":"node","nodeType":"State","@type":["state"],"gpmlType":"state","graphicalType":"path"},{"networkType":"node","nodeType":"State","@type":["state"],"gpmlType":"state","graphicalType":"path"},{"networkType":"node","nodeType":"State","@type":["state"],"gpmlType":"state","graphicalType":"path"},{"networkType":"node","nodeType":"State","@type":["state"],"gpmlType":"state","graphicalType":"path"},{"networkType":"node","nodeType":"State","@type":["state"],"gpmlType":"state","graphicalType":"path"},{"networkType":"node","nodeType":"State","@type":["state"],"gpmlType":"state","graphicalType":"path"},{"networkType":"node","nodeType":"State","@type":["state"],"gpmlType":"state","graphicalType":"path"},{"networkType":"node","nodeType":"State","@type":["state"],"gpmlType":"state","graphicalType":"path"},{"networkType":"node","nodeType":"State","@type":["state"],"gpmlType":"state","graphicalType":"path"},{"networkType":"node","nodeType":"State","@type":["state"],"gpmlType":"state","graphicalType":"path"},{"networkType":"node","nodeType":"State","@type":["state"],"gpmlType":"state","graphicalType":"path"},{"networkType":"node","nodeType":"State","@type":["state"],"gpmlType":"state","graphicalType":"path"},{"networkType":"node","nodeType":"State","@type":["state"],"gpmlType":"state","graphicalType":"path"},{"networkType":"node","nodeType":"State","@type":["state"],"gpmlType":"state","graphicalType":"path"},{"networkType":"node","nodeType":"State","@type":["state"],"gpmlType":"state","graphicalType":"path"},{"networkType":"node","nodeType":"State","@type":["state"],"gpmlType":"state","graphicalType":"path"},{"networkType":"node","nodeType":"State","@type":["state"],"gpmlType":"state","graphicalType":"path"},{"networkType":"node","nodeType":"State","@type":["state"],"gpmlType":"state","graphicalType":"path"},{"networkType":"node","nodeType":"State","@type":["state"],"gpmlType":"state","graphicalType":"path"},{"networkType":"node","nodeType":"State","@type":["state"],"gpmlType":"state","graphicalType":"path"},{"networkType":"node","nodeType":"State","@type":["state"],"gpmlType":"state","graphicalType":"path"},{"networkType":"node","nodeType":"State","@type":["state"],"gpmlType":"state","graphicalType":"path"},{"networkType":"node","nodeType":"State","@type":["state"],"gpmlType":"state","graphicalType":"path"},{"networkType":"node","nodeType":"State","@type":["state"],"gpmlType":"state","graphicalType":"path"},{"networkType":"node","nodeType":"State","@type":["state"],"gpmlType":"state","graphicalType":"path"},{"networkType":"node","nodeType":"State","@type":["state"],"gpmlType":"state","graphicalType":"path"},{"networkType":"edge","gpmlType":"interaction","@type":["interaction"],"graphicalType":"path","markerEnd":"arrow","points":[{"x":370,"y":565.5,"isAttachedTo":"d0bed","RelX":-1,"anchor":[0,0.5,-1,0],"RelY":0},{"x":348,"y":565,"isAttachedTo":"cda15","RelX":1,"anchor":[1,0.5,1,0],"RelY":0}],"interactionGraph":[{"id":"d0bed","interactsWith":"cda15"}],"interactionType":"gpml:Arrow"},{"networkType":"edge","gpmlType":"interaction","@type":["interaction"],"graphicalType":"path","markerEnd":"tBar","points":[{"x":863.7906976744189,"y":540},{"x":887.7906976744189,"y":540}]},{"networkType":"edge","gpmlType":"interaction","@type":["interaction"],"graphicalType":"path","markerEnd":"arrow","points":[{"x":338.74892081945256,"y":471.4296019648814,"isAttachedTo":"f4261","RelX":-0.5,"anchor":[0.25,1,0,1],"RelY":1},{"x":338.74892081945256,"y":496},{"x":305.43902186117464,"y":496},{"x":305.43902186117464,"y":522.3785796678217,"isAttachedTo":"c28f5","RelX":0,"anchor":[0.5,0,0,-1],"RelY":-1}],"interactionGraph":[{"id":"f4261","interactsWith":"c28f5"}],"interactionType":"gpml:Arrow"},{"networkType":"edge","gpmlType":"interaction","@type":["interaction"],"graphicalType":"path","markerEnd":"arrow","points":[{"x":623.2239000203715,"y":731.9653924848258,"isAttachedTo":"d0029","RelX":-0.5,"anchor":[0.25,1,0,1],"RelY":1},{"x":623.2239000203715,"y":763},{"x":588.1463119853549,"y":763},{"x":588.1463119853549,"y":859.8115596268191,"isAttachedTo":"f3b95","RelX":0,"anchor":[0.5,0,0,-1],"RelY":-1}],"interactionGraph":[{"id":"d0029","interactsWith":"f3b95"}],"interactionType":"gpml:Arrow"},{"networkType":"edge","gpmlType":"interaction","@type":["interaction"],"graphicalType":"path","markerEnd":"arrow","points":[{"x":648.282800919718,"y":731.9653924848258,"isAttachedTo":"d0029","RelX":0.5,"anchor":[0.75,1,0,1],"RelY":1},{"x":648.282800919718,"y":763},{"x":690.9062000887715,"y":763},{"x":690.9062000887715,"y":814.841299552839,"isAttachedTo":"e8989","RelX":0,"anchor":[0.5,0,0,-1],"RelY":-1}],"interactionGraph":[{"id":"d0029","interactsWith":"e8989"}],"interactionType":"gpml:Arrow"},{"networkType":"edge","gpmlType":"interaction","@type":["interaction"],"graphicalType":"path","markerEnd":"arrow","points":[{"x":368.57299832348724,"y":471.4296019648814,"isAttachedTo":"f4261","RelX":0.5,"anchor":[0.75,1,0,1],"RelY":1},{"x":368.57299832348724,"y":499.97385439922164},{"x":402.76136639637525,"y":499.97385439922164,"isAttachedTo":"b71d6","RelX":-1,"anchor":[0,0.5,-1,0],"RelY":0}],"interactionGraph":[{"id":"f4261","interactsWith":"b71d6"}],"interactionType":"gpml:Arrow"},{"networkType":"edge","gpmlType":"interaction","@type":["interaction"],"graphicalType":"path","markerEnd":"arrow","points":[{"x":165.45545509965012,"y":471.39294112749303,"isAttachedTo":"a98a3","RelX":-0.5,"anchor":[0.25,0,0,-1],"RelY":-1},{"x":165.45545509965012,"y":471},{"x":102.09174495918306,"y":471},{"x":102.09174495918306,"y":512.7560416598997,"isAttachedTo":"e5f9e","RelX":0,"anchor":[0.5,0,0,-1],"RelY":-1}],"interactionGraph":[{"id":"a98a3","interactsWith":"e5f9e"}],"interactionType":"gpml:Arrow"},{"networkType":"edge","gpmlType":"interaction","@type":["interaction"],"graphicalType":"path","markerEnd":"mimTranscriptionTranslation","points":[{"x":309.876818063084,"y":889.0832479127181,"isAttachedTo":"d24d8","RelX":-1,"anchor":[0,0.5,-1,0],"RelY":0},{"x":283.80766491127895,"y":889.0832479127181},{"x":283.80766491127895,"y":998.3130977094904,"isAttachedTo":"ecc12","RelX":0,"anchor":[0.5,0,0,-1],"RelY":-1}],"interactionGraph":[{"id":"d24d8","interactsWith":"ecc12"}],"interactionType":"mim-transcription-translation"},{"networkType":"edge","gpmlType":"interaction","@type":["interaction"],"graphicalType":"path","markerEnd":"arrow","points":[{"x":165.45545509965012,"y":491.39294112749303,"isAttachedTo":"a98a3","RelX":-0.5,"anchor":[0.25,1,0,1],"RelY":1},{"x":165.45545509965012,"y":563},{"x":114.74386683862636,"y":563},{"x":114.74386683862636,"y":623.4474904751432,"isAttachedTo":"dd3c1","RelX":0,"anchor":[0.5,0,0,-1],"RelY":-1}],"interactionGraph":[{"id":"a98a3","interactsWith":"dd3c1"}],"interactionType":"gpml:Arrow"},{"networkType":"edge","gpmlType":"interaction","@type":["interaction"],"graphicalType":"path","markerEnd":"arrow","points":[{"x":166.38642778365283,"y":915.8643064789903,"isAttachedTo":"e7fba","RelX":-0.5,"anchor":[0.25,1,0,1],"RelY":1},{"x":166.38642778365283,"y":895.8643064789903},{"x":136.37507360103913,"y":895.8643064789903},{"x":136.37507360103913,"y":958.630782900304,"isAttachedTo":"cd8ba","RelX":0,"anchor":[0.5,0,0,-1],"RelY":-1}],"interactionGraph":[{"id":"e7fba","interactsWith":"cd8ba"}],"interactionType":"gpml:Arrow"},{"networkType":"edge","gpmlType":"interaction","@type":["interaction"],"graphicalType":"path","markerEnd":"arrow","points":[{"x":189.38642778365283,"y":915.8643064789903,"isAttachedTo":"e7fba","RelX":0.5,"anchor":[0.75,1,0,1],"RelY":1},{"x":189.38642778365283,"y":895.8643064789903},{"x":213.49590727039345,"y":895.8643064789903},{"x":213.49590727039345,"y":957.6058841680413,"isAttachedTo":"a3ab6","RelX":0,"anchor":[0.5,0,0,-1],"RelY":-1}],"interactionGraph":[{"id":"e7fba","interactsWith":"a3ab6"}],"interactionType":"gpml:Arrow"},{"networkType":"edge","gpmlType":"interaction","@type":["interaction"],"graphicalType":"path","markerEnd":"arrow","points":[{"x":389.802176676538,"y":783.1737838942686,"isAttachedTo":"ef854","RelX":0.5,"anchor":[0.75,1,0,1],"RelY":1},{"x":389.802176676538,"y":811},{"x":424.3231455176449,"y":811},{"x":424.3231455176449,"y":833.4116850088267,"isAttachedTo":"b8d3e","RelX":0,"anchor":[0.5,0,0,-1],"RelY":-1}],"interactionGraph":[{"id":"ef854","interactsWith":"b8d3e"}],"interactionType":"gpml:Arrow"},{"networkType":"edge","gpmlType":"interaction","@type":["interaction"],"graphicalType":"path","markerEnd":"arrow","points":[{"x":369.802176676538,"y":783.1737838942686,"isAttachedTo":"ef854","RelX":-0.5,"anchor":[0.25,1,0,1],"RelY":1},{"x":369.802176676538,"y":834},{"x":338.96731527598,"y":834},{"x":338.96731527598,"y":879.0832479127181,"isAttachedTo":"d24d8","RelX":0,"anchor":[0.5,0,0,-1],"RelY":-1}],"interactionGraph":[{"id":"ef854","interactsWith":"d24d8"}],"interactionType":"gpml:Arrow"},{"networkType":"edge","gpmlType":"interaction","@type":["interaction"],"graphicalType":"path","markerEnd":"arrow","points":[{"x":331,"y":619},{"x":295.09250358902614,"y":635.9997477223507,"isAttachedTo":"ecb3c","RelX":1,"anchor":[1,0.5,1,0],"RelY":0}]},{"networkType":"edge","gpmlType":"interaction","@type":["interaction"],"graphicalType":"path","markerEnd":"arrow","points":[{"x":562.6060606060606,"y":344.0808080808081},{"x":562.8323842914685,"y":403.6215458968618,"isAttachedTo":"f25f7","RelX":0,"anchor":[0.5,0,0,-1],"RelY":-1}]},{"networkType":"edge","gpmlType":"interaction","@type":["interaction"],"graphicalType":"path","markerEnd":"arrow","points":[{"x":562.8323842914685,"y":423.6215458968618,"isAttachedTo":"f25f7","RelX":0,"anchor":[0.5,1,0,1],"RelY":1},{"x":562.5191474619692,"y":496.8295742644102,"isAttachedTo":"e5662","RelX":0.5,"anchor":[0.75,0,0,-1],"RelY":-1}],"interactionGraph":[{"id":"f25f7","interactsWith":"e5662"}],"interactionType":"gpml:Arrow"},{"networkType":"edge","gpmlType":"interaction","@type":["interaction"],"graphicalType":"path","points":[{"x":332.5,"y":573,"isAttachedTo":"cda15","RelX":0,"anchor":[0.5,1,0,1],"RelY":1},{"x":332,"y":620}]},{"networkType":"edge","gpmlType":"interaction","@type":["interaction"],"graphicalType":"path","markerEnd":"arrow","points":[{"x":383,"y":646,"isAttachedTo":"cb849","RelX":0,"anchor":[0.5,1,0,1],"RelY":1},{"x":383.0208258562393,"y":666,"isAttachedTo":"d7ad7","RelX":0,"anchor":[0.5,0,0,-1],"RelY":-1}],"interactionGraph":[{"id":"cb849","interactsWith":"d7ad7"}],"interactionType":"gpml:Arrow"},{"networkType":"edge","gpmlType":"interaction","@type":["interaction"],"graphicalType":"path","markerEnd":"arrow","points":[{"x":419.450304725827,"y":565.0422860438784,"isAttachedTo":"a4c85","RelX":-1,"anchor":[0,0.5,-1,0],"RelY":0},{"x":399,"y":565.5,"isAttachedTo":"d0bed","RelX":1,"anchor":[1,0.5,1,0],"RelY":0}],"interactionGraph":[{"id":"a4c85","interactsWith":"d0bed"}],"interactionType":"gpml:Arrow"},{"networkType":"edge","gpmlType":"interaction","@type":["interaction"],"graphicalType":"path","markerEnd":"arrow","points":[{"x":285,"y":595,"isAttachedTo":"a426d","RelX":0,"anchor":[0.5,0,0,-1],"RelY":-1},{"x":331,"y":595}]},{"networkType":"edge","gpmlType":"interaction","@type":["interaction"],"graphicalType":"path","markerEnd":"arrow","points":[{"x":361.9004927526354,"y":542.4403798653386,"isAttachedTo":"aa056","RelX":0,"anchor":[0.5,1,0,1],"RelY":1},{"x":361,"y":566}]},{"networkType":"edge","gpmlType":"interaction","@type":["interaction"],"graphicalType":"path","markerEnd":"arrow","points":[{"x":332,"y":619},{"x":368,"y":638,"isAttachedTo":"cb849","RelX":-1,"anchor":[0,0.5,-1,0],"RelY":0}]},{"networkType":"edge","gpmlType":"interaction","@type":["interaction"],"graphicalType":"path","markerEnd":"mimInhibition","points":[{"x":140.09575455730052,"y":432.0326923047562,"isAttachedTo":"d549e","RelX":1,"anchor":[1,0.5,1,0],"RelY":0},{"x":162.86591271130578,"y":432.0665720920281}]},{"networkType":"edge","gpmlType":"interaction","@type":["interaction"],"graphicalType":"path","markerEnd":"tBar","points":[{"x":400.2270742358089,"y":386.2008733624456},{"x":400.2270742358089,"y":302.2008733624456}]},{"networkType":"edge","gpmlType":"interaction","@type":["interaction"],"graphicalType":"path","markerEnd":"arrow","points":[{"x":282.00489948747395,"y":645.1265318331532,"isAttachedTo":"ecb3c","RelX":0,"anchor":[0.5,1,0,1],"RelY":1},{"x":282.47469864240543,"y":666,"isAttachedTo":"e99c9","RelX":0,"anchor":[0.5,0,0,-1],"RelY":-1}],"interactionGraph":[{"id":"ecb3c","interactsWith":"e99c9"}],"interactionType":"gpml:Arrow"},{"networkType":"edge","gpmlType":"interaction","@type":["interaction"],"graphicalType":"path","points":[{"x":59.87316477078676,"y":343.2008733624456},{"x":761,"y":343}]},{"networkType":"edge","gpmlType":"interaction","@type":["interaction"],"graphicalType":"path","markerEnd":"arrow","points":[{"x":379.802176676538,"y":783.1737838942686,"isAttachedTo":"ef854","RelX":0,"anchor":[0.5,1,0,1],"RelY":1},{"x":379.1719178850997,"y":912.3452126434909,"isAttachedTo":"d134a","RelX":0,"anchor":[0.5,0,0,-1],"RelY":-1}],"interactionGraph":[{"id":"ef854","interactsWith":"d134a"}],"interactionType":"gpml:Arrow"},{"networkType":"edge","gpmlType":"interaction","@type":["interaction"],"graphicalType":"path","markerEnd":"mimInhibition","points":[{"x":206.56459908240583,"y":432.81733309322954,"isAttachedTo":"f1293","RelX":-1,"anchor":[0,0.5,-1,0],"RelY":0},{"x":169.58823576030755,"y":432.0665720920281}]},{"networkType":"edge","gpmlType":"interaction","@type":["interaction"],"graphicalType":"path","points":[{"x":386.22707423580874,"y":302.2008733624456},{"x":386.22707423580874,"y":343.2008733624456}]},{"networkType":"edge","gpmlType":"interaction","@type":["interaction"],"graphicalType":"path","points":[{"x":371.97707423580835,"y":209.12944479101782},{"x":371.882859957526,"y":172.25744881155964,"isAttachedTo":"bdd89","RelX":1,"anchor":[1,0.5,1,0],"RelY":0}]},{"networkType":"edge","gpmlType":"interaction","@type":["interaction"],"graphicalType":"path","points":[{"x":761.1318361405711,"y":668.8800552561864},{"x":761,"y":342}]},{"networkType":"edge","gpmlType":"interaction","@type":["interaction"],"graphicalType":"path","markerEnd":"mimGap","points":[{"x":370.22707423580823,"y":237.24849241006444,"isAttachedTo":"ffd0e","RelX":0,"anchor":[0.5,1,0,1],"RelY":1},{"x":370.7032647119996,"y":276.2961114576833}]},{"networkType":"edge","gpmlType":"interaction","@type":["interaction"],"graphicalType":"path","points":[{"x":736,"y":671},{"x":781.2783964365256,"y":671.5233853006681}]},{"networkType":"edge","gpmlType":"interaction","@type":["interaction"],"graphicalType":"path","points":[{"x":191.11783053832767,"y":394.97398260614295},{"x":316.5936804064089,"y":394.7554584518375,"isAttachedTo":"dba02","RelX":-1,"anchor":[0,0.5,-1,0],"RelY":0}]},{"networkType":"node","nodeType":"DataNode","dataNodeType":"Rna","@type":["DataNode","Rna","datanode"],"gpmlType":"datanode","graphicalType":"path"},{"networkType":"edge","gpmlType":"interaction","@type":["interaction"],"graphicalType":"path","markerEnd":"tBar","points":[{"x":588.1463119853549,"y":879.8115596268191,"isAttachedTo":"f3b95","RelX":0,"anchor":[0.5,1,0,1],"RelY":1},{"x":588.4960800837624,"y":913.0780663449013}]},{"networkType":"edge","gpmlType":"interaction","@type":["interaction"],"graphicalType":"path","markerEnd":"mimConversion","points":[{"x":360.1508491904362,"y":442.9558642880352},{"x":362.8731722394375,"y":452.03027445137377}]},{"networkType":"edge","gpmlType":"interaction","@type":["interaction"],"graphicalType":"path","markerEnd":"arrow","points":[{"x":305.68519333987626,"y":774.2872963163819,"isAttachedTo":"bc52e","RelX":0,"anchor":[0.5,1,0,1],"RelY":1},{"x":305.2270742358077,"y":805.6782396175894}]},{"networkType":"edge","gpmlType":"interaction","@type":["interaction"],"graphicalType":"path","markerEnd":"arrow","points":[{"x":781.8351893095768,"y":671.5233853006681},{"x":781.3620315025848,"y":766.203316343462,"isAttachedTo":"f2878","RelX":0,"anchor":[0.5,0,0,-1],"RelY":-1}]},{"networkType":"edge","gpmlType":"interaction","@type":["interaction"],"graphicalType":"path","markerEnd":"arrow","points":[{"x":617.9773983218856,"y":446.9351396297018,"isAttachedTo":"ded5f","RelX":0,"anchor":[0.5,1,0,1],"RelY":1},{"x":617.1500792763261,"y":496.7205709701391,"isAttachedTo":"cd688","RelX":0,"anchor":[0.5,0,0,-1],"RelY":-1}],"interactionGraph":[{"id":"ded5f","interactsWith":"cd688"}],"interactionType":"gpml:Arrow"},{"networkType":"edge","gpmlType":"interaction","@type":["interaction"],"graphicalType":"path","markerEnd":"arrow","points":[{"x":462.3989914952592,"y":649.428248458839,"isAttachedTo":"d30d2","RelX":1,"anchor":[1,0.5,1,0],"RelY":0},{"x":484.6393446136192,"y":649.6470334302669,"isAttachedTo":"d274d","RelX":-1,"anchor":[0,0.5,-1,0],"RelY":0}],"interactionGraph":[{"id":"d30d2","interactsWith":"d274d"}],"interactionType":"gpml:Arrow"},{"networkType":"edge","gpmlType":"interaction","@type":["interaction"],"graphicalType":"path","markerEnd":"arrow","points":[{"x":493.50940328117144,"y":344.7018889345512},{"x":493.519891865835,"y":420.3511444220062,"isAttachedTo":"cfe65","RelX":0,"anchor":[0.5,0,0,-1],"RelY":-1}]},{"networkType":"edge","gpmlType":"interaction","@type":["interaction"],"graphicalType":"path","markerEnd":"arrow","points":[{"x":618.2270742358091,"y":344.2008733624456},{"x":618.3115097287233,"y":403.84050649514165,"isAttachedTo":"fcf7f","RelX":0,"anchor":[0.5,0,0,-1],"RelY":-1}]},{"networkType":"edge","gpmlType":"interaction","@type":["interaction"],"graphicalType":"path","markerEnd":"arrow","points":[{"x":264.22707423580715,"y":687.2008733624452},{"x":264.2886623177158,"y":722.2008733624452,"isAttachedTo":"c2cbe","RelX":0,"anchor":[0.5,0,0,-1],"RelY":-1}]},{"networkType":"edge","gpmlType":"interaction","@type":["interaction"],"graphicalType":"path","markerEnd":"mimTranscriptionTranslation","points":[{"x":484.97707423580914,"y":943.2008733624452,"isAttachedTo":"ad803","RelX":-0.5,"anchor":[0.25,1,0,1],"RelY":1},{"x":484.007124272184,"y":997.4925140726343,"isAttachedTo":"c7a85","RelX":0,"anchor":[0.5,0,0,-1],"RelY":-1}],"interactionGraph":[{"id":"ad803","interactsWith":"c7a85"}],"interactionType":"mim-transcription-translation"},{"networkType":"edge","gpmlType":"interaction","@type":["interaction"],"graphicalType":"path","markerEnd":"arrow","points":[{"x":692.7140757406376,"y":453.8000272775521,"isAttachedTo":"ed38b","RelX":0,"anchor":[0.5,1,0,1],"RelY":1},{"x":692.6567300310026,"y":513.8476463251709,"isAttachedTo":"f5ef7","RelX":0,"anchor":[0.5,0,0,-1],"RelY":-1}],"interactionGraph":[{"id":"ed38b","interactsWith":"f5ef7"}],"interactionType":"gpml:Arrow"},{"networkType":"edge","gpmlType":"interaction","@type":["interaction"],"graphicalType":"path","markerEnd":"tBar","points":[{"x":381.9004927526354,"y":532.4403798653386,"isAttachedTo":"aa056","RelX":1,"anchor":[1,0.5,1,0],"RelY":0},{"x":418,"y":556}]},{"networkType":"edge","gpmlType":"interaction","@type":["interaction"],"graphicalType":"path","markerEnd":"arrow","points":[{"x":692,"y":344},{"x":692.7140757406376,"y":433.8000272775521,"isAttachedTo":"ed38b","RelX":0,"anchor":[0.5,0,0,-1],"RelY":-1}]},{"networkType":"edge","gpmlType":"interaction","@type":["interaction"],"graphicalType":"path","markerEnd":"arrow","points":[{"x":297.084735630674,"y":806.3397246413449,"isAttachedTo":"aa44f","RelX":1,"anchor":[1,0.5,1,0],"RelY":0},{"x":319.99972323081124,"y":806.6290334725531,"isAttachedTo":"c6ae6","RelX":-1,"anchor":[0,0.5,-1,0],"RelY":0}],"interactionGraph":[{"id":"aa44f","interactsWith":"c6ae6"}],"interactionType":"gpml:Arrow"},{"networkType":"edge","gpmlType":"interaction","@type":["interaction"],"graphicalType":"path","markerEnd":"arrow","points":[{"x":292.26700164052625,"y":343.7727553471917},{"x":292.2987620760982,"y":421.87039358609604,"isAttachedTo":"a5a0f","RelX":0,"anchor":[0.5,0,0,-1],"RelY":-1}]},{"networkType":"edge","gpmlType":"interaction","@type":["interaction"],"graphicalType":"path","markerEnd":"arrow","points":[{"x":59.08304131399663,"y":343.27083221018216},{"x":59.61353711790383,"y":451.74789334381126,"isAttachedTo":"d4699","RelX":0,"anchor":[0.5,0,0,-1],"RelY":-1}]},{"networkType":"edge","gpmlType":"interaction","@type":["interaction"],"graphicalType":"path","markerEnd":"arrow","points":[{"x":692.6567300310026,"y":555.8476463251709,"isAttachedTo":"acf28","RelX":0,"anchor":[0.5,1,0,1],"RelY":1},{"x":692.5684174773322,"y":584.6156187178899,"isAttachedTo":"e72c4","RelX":0,"anchor":[0.5,0,0,-1],"RelY":-1}],"interactionGraph":[{"id":"acf28","interactsWith":"e72c4"}],"interactionType":"gpml:Arrow"},{"networkType":"edge","gpmlType":"interaction","@type":["interaction"],"graphicalType":"path","markerEnd":"arrow","points":[{"x":460.7291318489778,"y":344.44778694269246},{"x":460.867044055297,"y":386.88471280889087,"isAttachedTo":"e6e29","RelX":0,"anchor":[0.5,0,0,-1],"RelY":-1}]},{"networkType":"edge","gpmlType":"interaction","@type":["interaction"],"graphicalType":"path","markerEnd":"arrow","points":[{"x":635.7533504700448,"y":731.9653924848258,"isAttachedTo":"d0029","RelX":0,"anchor":[0.5,1,0,1],"RelY":1},{"x":635.6294371665142,"y":814.8977947461943,"isAttachedTo":"a697b","RelX":0,"anchor":[0.5,0,0,-1],"RelY":-1}],"interactionGraph":[{"id":"d0029","interactsWith":"a697b"}],"interactionType":"gpml:Arrow"},{"networkType":"edge","gpmlType":"interaction","@type":["interaction"],"graphicalType":"path","points":[{"x":120.58117037663297,"y":356.2008733624456},{"x":529,"y":356}]},{"networkType":"edge","gpmlType":"interaction","@type":["interaction"],"graphicalType":"path","markerEnd":"arrow","points":[{"x":657.1794551881901,"y":344.0103971719694},{"x":657.5421085464759,"y":468.1333606108851,"isAttachedTo":"ffa1b","RelX":0,"anchor":[0.5,0,0,-1],"RelY":-1}]},{"networkType":"edge","gpmlType":"interaction","@type":["interaction"],"graphicalType":"path","markerEnd":"arrow","points":[{"x":424.3231455176449,"y":853.4116850088267,"isAttachedTo":"b8d3e","RelX":0,"anchor":[0.5,1,0,1],"RelY":1},{"x":424.73240682292703,"y":878.2940220949591,"isAttachedTo":"c6898","RelX":0,"anchor":[0.5,0,0,-1],"RelY":-1}],"interactionGraph":[{"id":"b8d3e","interactsWith":"c6898"}],"interactionType":"gpml:Arrow"},{"networkType":"edge","gpmlType":"interaction","@type":["interaction"],"graphicalType":"path","markerEnd":"mimTranscriptionTranslation","points":[{"x":558.6535715134862,"y":944.0484232717013},{"x":558.1310981880745,"y":998.6776320399663,"isAttachedTo":"a0d55","RelX":0,"anchor":[0.5,0,0,-1],"RelY":-1}]},{"networkType":"edge","gpmlType":"interaction","@type":["interaction"],"graphicalType":"path","markerEnd":"arrow","points":[{"x":323.8368820674352,"y":461.4296019648814,"isAttachedTo":"f4261","RelX":-1,"anchor":[0,0.5,-1,0],"RelY":0},{"x":201.99774054832312,"y":461.9643696989219,"isAttachedTo":"e7dcd","RelX":1,"anchor":[1,0.5,1,0],"RelY":0}],"interactionGraph":[{"id":"f4261","interactsWith":"e7dcd"}],"interactionType":"gpml:Arrow"},{"networkType":"edge","gpmlType":"interaction","@type":["interaction"],"graphicalType":"path","markerEnd":"arrow","points":[{"x":59.73366290039442,"y":492.74789334381035,"isAttachedTo":"dbdca","RelX":0,"anchor":[0.5,1,0,1],"RelY":1},{"x":59.46014636761393,"y":875.6511073876561,"isAttachedTo":"bd320","RelX":0,"anchor":[0.5,0,0,-1],"RelY":-1}],"interactionGraph":[{"id":"dbdca","interactsWith":"bd320"}],"interactionType":"gpml:Arrow"},{"networkType":"edge","gpmlType":"interaction","@type":["interaction"],"graphicalType":"path","markerEnd":"arrow","points":[{"x":420.13183614057107,"y":688.6770638386357},{"x":420.78076186659996,"y":723.6991563707955,"isAttachedTo":"b480c","RelX":0,"anchor":[0.5,0,0,-1],"RelY":-1}]},{"networkType":"edge","gpmlType":"interaction","@type":["interaction"],"graphicalType":"path","markerEnd":"mimInhibition","points":[{"x":232.83209465603704,"y":513.2651547330017,"isAttachedTo":"faa38","RelX":0,"anchor":[0.5,1,0,1],"RelY":1},{"x":232.23518788919876,"y":547.183889692507,"isAttachedTo":"c6600","RelX":0,"anchor":[0.5,0,0,-1],"RelY":-1}],"interactionGraph":[{"id":"faa38","interactsWith":"c6600"}],"interactionType":"mim-inhibition"},{"networkType":"edge","gpmlType":"interaction","@type":["interaction"],"graphicalType":"path","markerEnd":"arrow","points":[{"x":114.6184000711493,"y":663.5903476179997,"isAttachedTo":"af02e","RelX":0,"anchor":[0.5,1,0,1],"RelY":1},{"x":114.19250775414983,"y":875.1827915279674,"isAttachedTo":"ae28c","RelX":0,"anchor":[0.5,0,0,-1],"RelY":-1}],"interactionGraph":[{"id":"af02e","interactsWith":"ae28c"}],"interactionType":"gpml:Arrow"},{"networkType":"edge","gpmlType":"interaction","@type":["interaction"],"graphicalType":"path","markerEnd":"arrow","points":[{"x":342.0000000000001,"y":283.7802524127691},{"x":291.1155166064679,"y":283.90066476765196,"isAttachedTo":"b8c0a","RelX":1,"anchor":[1,0.5,1,0],"RelY":0}]},{"networkType":"edge","gpmlType":"interaction","@type":["interaction"],"graphicalType":"path","markerEnd":"arrow","points":[{"x":340.2270742358082,"y":688.2008733624452},{"x":340.12544463278005,"y":722.7887407622779,"isAttachedTo":"cbf92","RelX":0,"anchor":[0.5,0,0,-1],"RelY":-1}]},{"networkType":"edge","gpmlType":"interaction","@type":["interaction"],"graphicalType":"path","markerEnd":"arrow","points":[{"x":165.2270742358067,"y":356.84677722161956},{"x":165.41974081393585,"y":451.9643696989219,"isAttachedTo":"e7dcd","RelX":-0.5,"anchor":[0.25,0,0,-1],"RelY":-1}]},{"networkType":"edge","gpmlType":"interaction","@type":["interaction"],"graphicalType":"path","markerEnd":"arrow","points":[{"x":552.5191474619692,"y":516.8295742644102,"isAttachedTo":"e5662","RelX":0,"anchor":[0.5,1,0,1],"RelY":1},{"x":552.3998589827048,"y":543.3243070125241,"isAttachedTo":"b6856","RelX":0,"anchor":[0.5,0,0,-1],"RelY":-1}],"interactionGraph":[{"id":"e5662","interactsWith":"b6856"}],"interactionType":"gpml:Arrow"},{"networkType":"edge","gpmlType":"interaction","@type":["interaction"],"graphicalType":"path","markerEnd":"arrow","points":[{"x":529,"y":356},{"x":529.9825283162796,"y":451.632338504118,"isAttachedTo":"f3a92","RelX":0,"anchor":[0.5,0,0,-1],"RelY":-1}]},{"networkType":"edge","gpmlType":"interaction","@type":["interaction"],"graphicalType":"path","markerEnd":"arrow","points":[{"x":442.40853185403626,"y":597.6477311605585,"isAttachedTo":"b9770","RelX":0,"anchor":[0.5,1,0,1],"RelY":1},{"x":442.3989914952592,"y":639.428248458839,"isAttachedTo":"d30d2","RelX":0,"anchor":[0.5,0,0,-1],"RelY":-1}],"interactionGraph":[{"id":"b9770","interactsWith":"d30d2"}],"interactionType":"gpml:Arrow"},{"networkType":"edge","gpmlType":"interaction","@type":["interaction"],"graphicalType":"path","markerEnd":"arrow","points":[{"x":323.8368820674352,"y":461.4296019648814,"isAttachedTo":"f4261","RelX":-1,"anchor":[0,0.5,-1,0],"RelY":0},{"x":243.73518788919876,"y":547.183889692507,"isAttachedTo":"c6600","RelX":0.5,"anchor":[0.75,0,0,-1],"RelY":-1}],"interactionGraph":[{"id":"f4261","interactsWith":"c6600"}],"interactionType":"gpml:Arrow"},{"networkType":"edge","gpmlType":"interaction","@type":["interaction"],"graphicalType":"path","markerEnd":"arrow","points":[{"x":399,"y":284},{"x":448.08421709295203,"y":284.48420362056106,"isAttachedTo":"a504e","RelX":-1,"anchor":[0,0.5,-1,0],"RelY":0}]},{"networkType":"edge","gpmlType":"interaction","@type":["interaction"],"graphicalType":"path","markerEnd":"arrow","points":[{"x":379.76553577427023,"y":689.1429649786942},{"x":379.802176676538,"y":763.1737838942686,"isAttachedTo":"ef854","RelX":0,"anchor":[0.5,0,0,-1],"RelY":-1}]},{"networkType":"edge","gpmlType":"interaction","@type":["interaction"],"graphicalType":"path","markerEnd":"arrow","points":[{"x":523.2927184234975,"y":779.8218568644386,"isAttachedTo":"e45c6","RelX":0,"anchor":[0.5,1,0,1],"RelY":1},{"x":523.3556044991194,"y":813.8884430431315,"isAttachedTo":"bf368","RelX":0,"anchor":[0.5,0,0,-1],"RelY":-1}],"interactionGraph":[{"id":"e45c6","interactsWith":"bf368"}],"interactionType":"gpml:Arrow"},{"networkType":"edge","gpmlType":"interaction","@type":["interaction"],"graphicalType":"path","markerEnd":"mimInhibition","points":[{"x":400.41151115048444,"y":405.2960608073936,"isAttachedTo":"bac33","RelX":0,"anchor":[0.5,1,0,1],"RelY":1},{"x":381.9294335824511,"y":449.30795140237296}]},{"networkType":"edge","gpmlType":"interaction","@type":["interaction"],"graphicalType":"path","markerEnd":"arrow","points":[{"x":504.22707423580914,"y":688.2008733624452},{"x":504.2797058147546,"y":740.0983932220465,"isAttachedTo":"e0aff","RelX":0,"anchor":[0.5,0,0,-1],"RelY":-1}]},{"networkType":"edge","gpmlType":"interaction","@type":["interaction"],"graphicalType":"path","markerEnd":"arrow","points":[{"x":177.6838359634935,"y":491.39294112749303,"isAttachedTo":"a98a3","RelX":0,"anchor":[0.5,1,0,1],"RelY":1},{"x":177.88642778365283,"y":874.8643064789904,"isAttachedTo":"f845b","RelX":0,"anchor":[0.5,0,0,-1],"RelY":-1}],"interactionGraph":[{"id":"a98a3","interactsWith":"f845b"}],"interactionType":"gpml:Arrow"},{"networkType":"edge","gpmlType":"interaction","@type":["interaction"],"graphicalType":"path","markerEnd":"arrow","points":[{"x":504,"y":461.632338504118,"isAttachedTo":"f3a92","RelX":-1,"anchor":[0,0.5,-1,0],"RelY":0},{"x":383.4850370755046,"y":461.4296019648814,"isAttachedTo":"f4261","RelX":1,"anchor":[1,0.5,1,0],"RelY":0}],"interactionGraph":[{"id":"f3a92","interactsWith":"f4261"}],"interactionType":"gpml:Arrow"},{"networkType":"edge","gpmlType":"interaction","@type":["interaction"],"graphicalType":"path","markerEnd":"arrow","points":[{"x":542.9737924744195,"y":471.632338504118,"isAttachedTo":"f3a92","RelX":0.5,"anchor":[0.75,1,0,1],"RelY":1},{"x":542.5191474619692,"y":496.8295742644102,"isAttachedTo":"e5662","RelX":-0.5,"anchor":[0.25,0,0,-1],"RelY":-1}],"interactionGraph":[{"id":"f3a92","interactsWith":"e5662"}],"interactionType":"gpml:Arrow"},{"networkType":"edge","gpmlType":"interaction","@type":["interaction"],"graphicalType":"path","points":[{"x":442.31055880931183,"y":686.3388043969279},{"x":442.3989914952592,"y":659.428248458839,"isAttachedTo":"d30d2","RelX":0,"anchor":[0.5,1,0,1],"RelY":1}]},{"networkType":"edge","gpmlType":"interaction","@type":["interaction"],"graphicalType":"path","markerEnd":"arrow","points":[{"x":368.57299832348724,"y":451.4296019648814,"isAttachedTo":"f4261","RelX":0.5,"anchor":[0.75,0,0,-1],"RelY":-1},{"x":368,"y":302}]},{"networkType":"edge","gpmlType":"interaction","@type":["interaction"],"graphicalType":"path","markerEnd":"arrow","points":[{"x":232.23518788919876,"y":586.3690076598389,"isAttachedTo":"db15a","RelX":0,"anchor":[0.5,1,0,1],"RelY":1},{"x":232.5782038628571,"y":874.5976682761063,"isAttachedTo":"f91b5","RelX":0,"anchor":[0.5,0,0,-1],"RelY":-1}],"interactionGraph":[{"id":"db15a","interactsWith":"f91b5"}],"interactionType":"gpml:Arrow"},{"networkType":"edge","gpmlType":"interaction","@type":["interaction"],"graphicalType":"path","markerEnd":"arrow","points":[{"x":580.4688856609232,"y":698.1446921852576,"isAttachedTo":"bf543","RelX":1,"anchor":[1,0.5,1,0],"RelY":0},{"x":610.6944495706981,"y":698.0579514684919,"isAttachedTo":"e5866","RelX":-1,"anchor":[0,0.5,-1,0],"RelY":0}],"interactionGraph":[{"id":"bf543","interactsWith":"e5866"}],"interactionType":"gpml:Arrow"},{"networkType":"edge","gpmlType":"interaction","@type":["interaction"],"graphicalType":"path","markerEnd":"arrow","points":[{"x":189.12419357737048,"y":394.2996387945443},{"x":189.80507397019403,"y":451.9643696989219,"isAttachedTo":"e7dcd","RelX":0.5,"anchor":[0.75,0,0,-1],"RelY":-1}]},{"networkType":"edge","gpmlType":"interaction","@type":["interaction"],"graphicalType":"path","points":[{"x":264.22707423580715,"y":687.2008733624452},{"x":505.22707423580914,"y":687.2008733624452}]},{"networkType":"edge","gpmlType":"interaction","@type":["interaction"],"graphicalType":"path","markerEnd":"arrow","points":[{"x":552.5127885215236,"y":658.7723019338739,"isAttachedTo":"f1a70","RelX":0,"anchor":[0.5,1,0,1],"RelY":1},{"x":552.9904194904778,"y":688.1446921852576,"isAttachedTo":"bf543","RelX":0,"anchor":[0.5,0,0,-1],"RelY":-1}],"interactionGraph":[{"id":"f1a70","interactsWith":"bf543"}],"interactionType":"gpml:Arrow"},{"networkType":"edge","gpmlType":"interaction","@type":["interaction"],"graphicalType":"path","markerEnd":"arrow","points":[{"x":461.08421709295203,"y":689.6294447910167},{"x":461.45158126916556,"y":759.6888314380556,"isAttachedTo":"e5e52","RelX":0,"anchor":[0.5,0,0,-1],"RelY":-1}]},{"networkType":"edge","gpmlType":"interaction","@type":["interaction"],"graphicalType":"path","markerEnd":"arrow","points":[{"x":305.2270742358077,"y":688.2008733624452},{"x":305.68519333987626,"y":754.2872963163819,"isAttachedTo":"bc52e","RelX":0,"anchor":[0.5,0,0,-1],"RelY":-1}]},{"networkType":"edge","gpmlType":"interaction","@type":["interaction"],"graphicalType":"path","markerEnd":"arrow","points":[{"x":442.2096802425233,"y":530.7344421261014,"isAttachedTo":"ca6ef","RelX":0,"anchor":[0.5,1,0,1],"RelY":1},{"x":442.5208914045978,"y":555.0422860438784,"isAttachedTo":"a4c85","RelX":0,"anchor":[0.5,0,0,-1],"RelY":-1}],"interactionGraph":[{"id":"ca6ef","interactsWith":"a4c85"}],"interactionType":"gpml:Arrow"},{"networkType":"edge","gpmlType":"interaction","@type":["interaction"],"graphicalType":"path","markerEnd":"arrow","points":[{"x":552.3998589827048,"y":563.3243070125241,"isAttachedTo":"b6856","RelX":0,"anchor":[0.5,1,0,1],"RelY":1},{"x":552.0324065320657,"y":584.7196539303902,"isAttachedTo":"f03d0","RelX":0,"anchor":[0.5,0,0,-1],"RelY":-1}],"interactionGraph":[{"id":"b6856","interactsWith":"f03d0"}],"interactionType":"gpml:Arrow"},{"networkType":"edge","gpmlType":"interaction","@type":["interaction"],"graphicalType":"path","markerEnd":"arrow","points":[{"x":134.98016065555862,"y":905.6589820041581,"isAttachedTo":"f8352","RelX":1,"anchor":[1,0.5,1,0],"RelY":0},{"x":154.88642778365283,"y":905.8643064789903,"isAttachedTo":"e7fba","RelX":-1,"anchor":[0,0.5,-1,0],"RelY":0}],"interactionGraph":[{"id":"f8352","interactsWith":"e7fba"}],"interactionType":"gpml:Arrow"},{"networkType":"edge","gpmlType":"interaction","@type":["interaction"],"graphicalType":"path","markerEnd":"arrow","points":[{"x":523.3556044991194,"y":833.8884430431315,"isAttachedTo":"bf368","RelX":0,"anchor":[0.5,1,0,1],"RelY":1},{"x":523.7270742358091,"y":915.7326337980171,"isAttachedTo":"ad803","RelX":0,"anchor":[0.5,0,0,-1],"RelY":-1}],"interactionGraph":[{"id":"bf368","interactsWith":"ad803"}],"interactionType":"gpml:Arrow"},{"networkType":"edge","gpmlType":"interaction","@type":["interaction"],"graphicalType":"path","markerEnd":"arrow","points":[{"x":337.6142251887768,"y":404.7554584518375,"isAttachedTo":"dba02","RelX":0,"anchor":[0.5,1,0,1],"RelY":1},{"x":337.4648237820876,"y":450.21539241870687}]},{"networkType":"edge","gpmlType":"interaction","@type":["interaction"],"graphicalType":"path","markerEnd":"arrow","points":[{"x":432.57507694400147,"y":357.56580227239823},{"x":432.7156231500153,"y":420.8960955814082,"isAttachedTo":"ad9e8","RelX":0,"anchor":[0.5,0,0,-1],"RelY":-1}]},{"networkType":"edge","gpmlType":"interaction","@type":["interaction"],"graphicalType":"path","markerEnd":"arrow","points":[{"x":432.7156231500153,"y":440.8960955814082,"isAttachedTo":"ad9e8","RelX":0,"anchor":[0.5,1,0,1],"RelY":1},{"x":432.76136639637525,"y":489.97385439922164,"isAttachedTo":"b71d6","RelX":0.5,"anchor":[0.75,0,0,-1],"RelY":-1}],"interactionGraph":[{"id":"ad9e8","interactsWith":"b71d6"}],"interactionType":"gpml:Arrow"},{"networkType":"edge","gpmlType":"interaction","@type":["interaction"],"graphicalType":"path","markerEnd":"arrow","points":[{"x":229.98337675681506,"y":356.85518058296407},{"x":229.13462328083304,"y":422.81733309322954,"isAttachedTo":"f1293","RelX":0,"anchor":[0.5,0,0,-1],"RelY":-1}]},{"networkType":"edge","gpmlType":"interaction","@type":["interaction"],"graphicalType":"path","markerEnd":"arrow","points":[{"x":120.21618494361095,"y":357.4502640228767},{"x":120.09575455730052,"y":422.0326923047562,"isAttachedTo":"d549e","RelX":0,"anchor":[0.5,0,0,-1],"RelY":-1}]},{"networkType":"edge","gpmlType":"interaction","@type":["interaction"],"graphicalType":"path","markerEnd":"arrow","points":[{"x":735.8383838383838,"y":672.8686868686868},{"x":735.5685800559979,"y":726.6689316500999,"isAttachedTo":"cdc77","RelX":0,"anchor":[0.5,0,0,-1],"RelY":-1}]},{"networkType":"edge","gpmlType":"interaction","@type":["interaction"],"graphicalType":"path","markerEnd":"arrow","points":[{"x":531.8314299526875,"y":341.95787331452385},{"x":531.8338133625587,"y":293.7888690511803,"isAttachedTo":"df427","RelX":0,"anchor":[0.5,1,0,1],"RelY":1}]},{"networkType":"edge","gpmlType":"interaction","@type":["interaction"],"graphicalType":"path","markerEnd":"mimTranscriptionTranslation","points":[{"x":338.96731527598,"y":899.0832479127181,"isAttachedTo":"d24d8","RelX":0,"anchor":[0.5,1,0,1],"RelY":1},{"x":338.05122624467356,"y":998.6057283419943,"isAttachedTo":"e5813","RelX":0,"anchor":[0.5,0,0,-1],"RelY":-1}],"interactionGraph":[{"id":"d24d8","interactsWith":"e5813"}],"interactionType":"mim-transcription-translation"},{"networkType":"edge","gpmlType":"interaction","@type":["interaction"],"graphicalType":"path","markerEnd":"arrow","points":[{"x":616.8810583339844,"y":539.5118036156475,"isAttachedTo":"c7117","RelX":0,"anchor":[0.5,1,0,1],"RelY":1},{"x":616.0208258562393,"y":610.4389686005405,"isAttachedTo":"e56c9","RelX":0,"anchor":[0.5,0,0,-1],"RelY":-1}],"interactionGraph":[{"id":"c7117","interactsWith":"e56c9"}],"interactionType":"gpml:Arrow"},{"networkType":"edge","gpmlType":"interaction","@type":["interaction"],"graphicalType":"path","markerEnd":"arrow","points":[{"x":690.9062000887715,"y":834.841299552839,"isAttachedTo":"e8989","RelX":0,"anchor":[0.5,1,0,1],"RelY":1},{"x":690.1689896481244,"y":916.0886420470038,"isAttachedTo":"b5081","RelX":0,"anchor":[0.5,0,0,-1],"RelY":-1}],"interactionGraph":[{"id":"e8989","interactsWith":"b5081"}],"interactionType":"gpml:Arrow"},{"networkType":"edge","gpmlType":"interaction","@type":["interaction"],"graphicalType":"path","markerEnd":"mimTranscriptionTranslation","points":[{"x":690.5714285714286,"y":937.9047619047619},{"x":690.9957239109144,"y":997.7144595896352,"isAttachedTo":"e2a7c","RelX":0,"anchor":[0.5,0,0,-1],"RelY":-1}]},{"networkType":"edge","gpmlType":"interaction","@type":["interaction"],"graphicalType":"path","markerEnd":"arrow","points":[{"x":552.0324065320657,"y":604.7196539303902,"isAttachedTo":"f03d0","RelX":0,"anchor":[0.5,1,0,1],"RelY":1},{"x":552.5127885215236,"y":638.7723019338739,"isAttachedTo":"f1a70","RelX":0,"anchor":[0.5,0,0,-1],"RelY":-1}],"interactionGraph":[{"id":"f03d0","interactsWith":"f1a70"}],"interactionType":"gpml:Arrow"},{"networkType":"edge","gpmlType":"interaction","@type":["interaction"],"graphicalType":"path","markerEnd":"arrow","points":[{"x":730,"y":346},{"x":730.1902662168269,"y":465.23854555809385,"isAttachedTo":"c74f7","RelX":0,"anchor":[0.5,0,0,-1],"RelY":-1}]},{"networkType":"edge","gpmlType":"interaction","@type":["interaction"],"graphicalType":"path","markerEnd":"mimConversion","points":[{"x":72.48312429839967,"y":815.3084069900422},{"x":72.48312429839967,"y":840.3084069900422}]},{"networkType":"edge","gpmlType":"interaction","@type":["interaction"],"graphicalType":"path","markerEnd":"mimConversion","points":[{"x":72.47619047619048,"y":823.6190476190476},{"x":72.57568328206577,"y":799.5465534694052}]},{"networkType":"edge","gpmlType":"interaction","@type":["interaction"],"graphicalType":"path","markerEnd":"mimConversion","points":[{"x":705.4837201898392,"y":869.0887265873988},{"x":705.4837201898392,"y":894.0887265873989}]},{"networkType":"edge","gpmlType":"interaction","@type":["interaction"],"graphicalType":"path","markerEnd":"mimConversion","points":[{"x":705.4546258735242,"y":880.8977880629903},{"x":705.454625873524,"y":860.0266446873102}]},{"networkType":"edge","gpmlType":"interaction","@type":["interaction"],"graphicalType":"path","markerEnd":"mimTranscriptionTranslation","points":[{"x":177.88642778365283,"y":915.8643064789903,"isAttachedTo":"e7fba","RelX":0,"anchor":[0.5,1,0,1],"RelY":1},{"x":177.2042945467034,"y":998.9871710031002,"isAttachedTo":"ff2e3","RelX":0,"anchor":[0.5,0,0,-1],"RelY":-1}],"interactionGraph":[{"id":"e7fba","interactsWith":"ff2e3"}],"interactionType":"mim-transcription-translation"},{"networkType":"edge","gpmlType":"interaction","@type":["interaction"],"graphicalType":"path","markerEnd":"mimConversion","points":[{"x":537.8418340633884,"y":867.159855815553},{"x":537.8418340633884,"y":892.1598558155529}]},{"networkType":"edge","gpmlType":"interaction","@type":["interaction"],"graphicalType":"path","markerEnd":"mimConversion","points":[{"x":537.8926226418296,"y":878.1433104373677},{"x":537.8926226418295,"y":857.2721670616876}]},{"networkType":"edge","gpmlType":"interaction","@type":["interaction"],"graphicalType":"path","markerEnd":"mimGap","points":[{"x":270.2270742358071,"y":243.42430846730883,"isAttachedTo":"b1eeb","RelX":0,"anchor":[0.5,1,0,1],"RelY":1},{"x":270.22707423580727,"y":283.314459108548}]},{"networkType":"edge","gpmlType":"interaction","@type":["interaction"],"graphicalType":"path","markerEnd":"mimGap","points":[{"x":531.2270742358089,"y":242.6179488765066,"isAttachedTo":"feada","RelX":0,"anchor":[0.5,1,0,1],"RelY":1},{"x":531.7032647120003,"y":281.2961114576833}]},{"networkType":"edge","gpmlType":"interaction","@type":["interaction"],"graphicalType":"path","markerEnd":"mimConversion","points":[{"x":127.4831242983993,"y":815.3084069900422},{"x":127.4831242983993,"y":840.3084069900422}]},{"networkType":"edge","gpmlType":"interaction","@type":["interaction"],"graphicalType":"path","markerEnd":"mimConversion","points":[{"x":127.25252525252526,"y":821.8585858585859},{"x":127.50111358574611,"y":799.5857461024499}]},{"networkType":"edge","gpmlType":"interaction","@type":["interaction"],"graphicalType":"path","markerEnd":"mimConversion","points":[{"x":192.4831242983991,"y":815.3084069900422},{"x":192.4831242983991,"y":840.3084069900422}]},{"networkType":"edge","gpmlType":"interaction","@type":["interaction"],"graphicalType":"path","markerEnd":"mimConversion","points":[{"x":192.47619047619048,"y":829.3333333333333},{"x":192.5756832820652,"y":799.5465534694052}]},{"networkType":"edge","gpmlType":"interaction","@type":["interaction"],"graphicalType":"path","markerEnd":"arrow","points":[{"x":692.5684174773322,"y":604.6156187178899,"isAttachedTo":"e72c4","RelX":0,"anchor":[0.5,1,0,1],"RelY":1},{"x":692.5714285714286,"y":641.4389686005405,"isAttachedTo":"e37c7","RelX":0,"anchor":[0.5,0,0,-1],"RelY":-1}],"interactionGraph":[{"id":"e72c4","interactsWith":"e37c7"}],"interactionType":"gpml:Arrow"},{"networkType":"edge","gpmlType":"interaction","@type":["interaction"],"graphicalType":"path","markerEnd":"mimConversion","points":[{"x":246.05574004830038,"y":815.8109792100665},{"x":246.05574004830038,"y":840.8109792100665}]},{"networkType":"edge","gpmlType":"interaction","@type":["interaction"],"graphicalType":"path","markerEnd":"mimConversion","points":[{"x":246.04880622609176,"y":829.8359055533576},{"x":246.14829903196647,"y":800.0491256894296}]},{"networkType":"edge","gpmlType":"interaction","@type":["interaction"],"graphicalType":"path","markerEnd":"mimInhibition","points":[{"x":865.7906976744189,"y":824},{"x":930.7906976744189,"y":824}]},{"networkType":"edge","gpmlType":"interaction","@type":["interaction"],"graphicalType":"path","markerEnd":"arrow","points":[{"x":865.7906976744189,"y":725},{"x":923.7906976744189,"y":725.5024647292423}]},{"networkType":"edge","gpmlType":"interaction","@type":["interaction"],"graphicalType":"path","markerEnd":"arrow","points":[{"x":865.7906976744189,"y":705.658208482304},{"x":923.7906976744189,"y":705.658208482304}]},{"networkType":"edge","gpmlType":"interaction","@type":["interaction"],"graphicalType":"path","markerEnd":"arrow","points":[{"x":865.7906976744189,"y":665.6593972779119},{"x":923.7906976744189,"y":665.6593972779119}]},{"networkType":"edge","gpmlType":"interaction","@type":["interaction"],"graphicalType":"path","markerEnd":"arrow","points":[{"x":866.7906976744189,"y":844},{"x":924.7906976744189,"y":844.5012759336341}]},{"networkType":"edge","gpmlType":"interaction","@type":["interaction"],"graphicalType":"path","markerEnd":"arrow","points":[{"x":865.7906976744189,"y":645.6593972779119},{"x":923.7906976744189,"y":645.6593972779119}]},{"networkType":"edge","gpmlType":"interaction","@type":["interaction"],"graphicalType":"path","markerEnd":"arrow","points":[{"x":865.7906976744189,"y":585},{"x":923.7906993744386,"y":585.6593972779119}]},{"networkType":"edge","gpmlType":"interaction","@type":["interaction"],"graphicalType":"path","points":[{"x":965.8859357696572,"y":397.04761904761904,"isAttachedTo":"bb457","RelX":0,"anchor":[0.5,1,0,1],"RelY":1},{"x":965.2906976744189,"y":423,"isAttachedTo":"a02b0","RelX":0,"anchor":[0.5,0,0,-1],"RelY":-1}]},{"networkType":"edge","gpmlType":"interaction","@type":["interaction"],"graphicalType":"path","markerEnd":"arrow","points":[{"x":865.7906976744189,"y":625.6593972779119},{"x":923.7906976744189,"y":625.6593972779119}]},{"networkType":"edge","gpmlType":"interaction","@type":["interaction"],"graphicalType":"path","markerEnd":"arrow","points":[{"x":865.7906976744189,"y":605.6593972779119},{"x":923.7906976744189,"y":605.6593972779119}]},{"networkType":"edge","gpmlType":"interaction","@type":["interaction"],"graphicalType":"path","markerEnd":"arrow","points":[{"x":864.7906976744189,"y":685},{"x":923.7906976744189,"y":685.5036535248503}]},{"networkType":"edge","gpmlType":"interaction","@type":["interaction"],"graphicalType":"path","markerEnd":"arrow","points":[{"x":865.7906976744189,"y":745.6570196866958},{"x":923.7906976744189,"y":745.6570196866958}]},{"networkType":"edge","gpmlType":"interaction","@type":["interaction"],"graphicalType":"path","markerEnd":"arrow","points":[{"x":865.7906976744189,"y":765.6570196866958},{"x":923.7906976744189,"y":765.6570196866958}]},{"networkType":"edge","gpmlType":"interaction","@type":["interaction"],"graphicalType":"path","markerEnd":"arrow","points":[{"x":865.7906976744189,"y":785.6570196866958},{"x":923.7906976744189,"y":785.6570196866958}]},{"networkType":"edge","gpmlType":"interaction","@type":["interaction"],"graphicalType":"path","markerEnd":"arrow","points":[{"x":865.7906976744189,"y":805.6570196866958},{"x":923.7906976744189,"y":805.6570196866958}]},{"networkType":"edge","gpmlType":"interaction","@type":["interaction"],"graphicalType":"path","markerEnd":"mimTranscriptionTranslation","points":[{"x":890.7906976744189,"y":540},{"x":923.7906976744189,"y":540}]},{"networkType":"edge","gpmlType":"interaction","@type":["interaction"],"graphicalType":"path","markerEnd":"mimTranscriptionTranslation","points":[{"x":864.7906976744189,"y":521},{"x":922.7906976744189,"y":521}]},{"networkType":"edge","gpmlType":"interaction","@type":["interaction"],"graphicalType":"path","markerEnd":"arrow","points":[{"x":864.7906976744189,"y":481},{"x":922.7906976744189,"y":481}]},{"networkType":"edge","gpmlType":"interaction","@type":["interaction"],"graphicalType":"path","markerEnd":"arrow","points":[{"x":864.7906976744189,"y":503},{"x":922.7906976744189,"y":503}]},{"networkType":"edge","gpmlType":"interaction","@type":["interaction"],"graphicalType":"path","markerEnd":"arrow","points":[{"x":912.1240310077524,"y":565.3333333333326},{"x":918.7906976744189,"y":571.9999999999991}]},{"networkType":"edge","gpmlType":"interaction","@type":["interaction"],"graphicalType":"path","markerEnd":"mimConversion","points":[{"x":920.2744178642581,"y":961.0887265873989},{"x":920.2744178642581,"y":986.0887265873989}]},{"networkType":"edge","gpmlType":"interaction","@type":["interaction"],"graphicalType":"path","markerEnd":"mimConversion","points":[{"x":920.2453235479429,"y":972.8977880629905},{"x":920.2453235479429,"y":952.0266446873102}]},{"networkType":"edge","gpmlType":"interaction","@type":["interaction"],"graphicalType":"path","points":[{"x":889.3392004816556,"y":420.1294447910175,"isAttachedTo":"a94bb","RelX":0,"anchor":[0.5,0,0,-1],"RelY":-1},{"x":889.2906976744189,"y":400,"isAttachedTo":"c98bc","RelX":0,"anchor":[0.5,1,0,1],"RelY":1}]},{"networkType":"node","nodeType":"DataNode","dataNodeType":"Protein","@type":["DataNode","Protein","datanode"],"gpmlType":"datanode","graphicalType":"path","datasourceReference":{"database":"Entrez Gene","id":"3953","organism":"Homo sapiens"},"unificationXref":"http://identifiers.org/ensembl/ENSG00000116678"},{"networkType":"node","nodeType":"DataNode","dataNodeType":"Protein","@type":["DataNode","Protein","datanode"],"gpmlType":"datanode","graphicalType":"path","datasourceReference":{"database":"Entrez Gene","id":"6464","organism":"Homo sapiens"},"unificationXref":"http://identifiers.org/ensembl/ENSG00000160691"},{"networkType":"node","nodeType":"DataNode","dataNodeType":"Protein","@type":["DataNode","Protein","datanode"],"gpmlType":"datanode","graphicalType":"path","datasourceReference":{"database":"Entrez Gene","id":"6772","organism":"Homo sapiens"},"unificationXref":"http://identifiers.org/ensembl/ENSG00000115415"},{"networkType":"node","nodeType":"DataNode","dataNodeType":"Protein","@type":["DataNode","Protein","datanode"],"gpmlType":"datanode","graphicalType":"path","datasourceReference":{"database":"Entrez Gene","id":"6772","organism":"Homo sapiens"},"unificationXref":"http://identifiers.org/ensembl/ENSG00000115415"},{"networkType":"node","nodeType":"DataNode","dataNodeType":"Protein","@type":["DataNode","Protein","datanode"],"gpmlType":"datanode","graphicalType":"path","datasourceReference":{"database":"Entrez Gene","id":"3717","organism":"Homo sapiens"},"unificationXref":"http://identifiers.org/ensembl/ENSG00000096968"},{"networkType":"node","nodeType":"DataNode","dataNodeType":"Protein","@type":["DataNode","Protein","datanode"],"gpmlType":"datanode","graphicalType":"path","datasourceReference":{"database":"Entrez Gene","id":"5335","organism":"Homo sapiens"},"unificationXref":"http://identifiers.org/ensembl/ENSG00000124181"},{"networkType":"node","nodeType":"DataNode","dataNodeType":"Protein","@type":["DataNode","Protein","datanode"],"gpmlType":"datanode","graphicalType":"path","datasourceReference":{"database":"Entrez Gene","id":"5894","organism":"Homo sapiens"},"unificationXref":"http://identifiers.org/ensembl/ENSG00000132155"},{"networkType":"node","nodeType":"DataNode","dataNodeType":"Protein","@type":["DataNode","Protein","datanode"],"gpmlType":"datanode","graphicalType":"path","datasourceReference":{"database":"Entrez Gene","id":"2885","organism":"Homo sapiens"},"unificationXref":"http://identifiers.org/ensembl/ENSG00000177885"},{"networkType":"node","nodeType":"DataNode","dataNodeType":"Protein","@type":["DataNode","Protein","datanode"],"gpmlType":"datanode","graphicalType":"path","datasourceReference":{"database":"Entrez Gene","id":"8648","organism":"Homo sapiens"},"unificationXref":"http://identifiers.org/ensembl/ENSG00000084676"},{"networkType":"node","nodeType":"DataNode","dataNodeType":"Protein","@type":["DataNode","Protein","datanode"],"gpmlType":"datanode","graphicalType":"path","datasourceReference":{"database":"Entrez Gene","id":"3952","organism":"Homo sapiens"},"unificationXref":"http://identifiers.org/ensembl/ENSG00000174697"},{"networkType":"node","nodeType":"DataNode","dataNodeType":"Protein","@type":["DataNode","Protein","datanode"],"gpmlType":"datanode","graphicalType":"path","datasourceReference":{"database":"Entrez Gene","id":"3953","organism":"Homo sapiens"},"unificationXref":"http://identifiers.org/ensembl/ENSG00000116678"},{"networkType":"node","nodeType":"DataNode","dataNodeType":"Protein","@type":["DataNode","Protein","datanode"],"gpmlType":"datanode","graphicalType":"path","datasourceReference":{"database":"Entrez Gene","id":"5296","organism":"Homo sapiens"},"unificationXref":"http://identifiers.org/ensembl/ENSG00000105647"},{"networkType":"node","nodeType":"DataNode","dataNodeType":"Protein","@type":["DataNode","Protein","datanode"],"gpmlType":"datanode","graphicalType":"path","datasourceReference":{"database":"Entrez Gene","id":"5295","organism":"Homo sapiens"},"unificationXref":"http://identifiers.org/ensembl/ENSG00000145675"},{"networkType":"node","nodeType":"DataNode","dataNodeType":"Protein","@type":["DataNode","Protein","datanode"],"gpmlType":"datanode","graphicalType":"path","datasourceReference":{"database":"Entrez Gene","id":"6774","organism":"Homo sapiens"},"unificationXref":"http://identifiers.org/ensembl/ENSG00000168610"},{"networkType":"node","nodeType":"DataNode","dataNodeType":"Protein","@type":["DataNode","Protein","datanode"],"gpmlType":"datanode","graphicalType":"path","datasourceReference":{"database":"Entrez Gene","id":"6774","organism":"Homo sapiens"},"unificationXref":"http://identifiers.org/ensembl/ENSG00000168610"},{"networkType":"node","nodeType":"DataNode","dataNodeType":"Protein","@type":["DataNode","Protein","datanode"],"gpmlType":"datanode","graphicalType":"path","datasourceReference":{"database":"Entrez Gene","id":"25970","organism":"Homo sapiens"},"unificationXref":"http://identifiers.org/ensembl/ENSG00000178188"},{"networkType":"node","nodeType":"DataNode","dataNodeType":"Protein","@type":["DataNode","Protein","datanode"],"gpmlType":"datanode","graphicalType":"path","datasourceReference":{"database":"Entrez Gene","id":"3952","organism":"Homo sapiens"},"unificationXref":"http://identifiers.org/ensembl/ENSG00000174697"},{"networkType":"node","nodeType":"DataNode","dataNodeType":"Protein","@type":["DataNode","Protein","datanode"],"gpmlType":"datanode","graphicalType":"path","datasourceReference":{"database":"Entrez Gene","id":"6667","organism":"Homo sapiens"},"unificationXref":"http://identifiers.org/ensembl/ENSG00000185591"},{"networkType":"node","nodeType":"DataNode","dataNodeType":"Protein","@type":["DataNode","Protein","datanode"],"gpmlType":"datanode","graphicalType":"path","datasourceReference":{"database":"Entrez Gene","id":"10657","organism":"Homo sapiens"},"unificationXref":"http://identifiers.org/ensembl/ENSG00000121774"},{"networkType":"node","nodeType":"DataNode","dataNodeType":"Protein","@type":["DataNode","Protein","datanode"],"gpmlType":"datanode","graphicalType":"path","datasourceReference":{"database":"Entrez Gene","id":"30837","organism":"Homo sapiens"},"unificationXref":"http://identifiers.org/ensembl/ENSG00000261413"},{"networkType":"node","nodeType":"DataNode","dataNodeType":"Protein","@type":["DataNode","Protein","datanode"],"gpmlType":"datanode","graphicalType":"path","datasourceReference":{"database":"Entrez Gene","id":"5781","organism":"Homo sapiens"},"unificationXref":"http://identifiers.org/ensembl/ENSG00000179295"},{"networkType":"node","nodeType":"DataNode","dataNodeType":"Protein","@type":["DataNode","Protein","datanode"],"gpmlType":"datanode","graphicalType":"path","datasourceReference":{"database":"Entrez Gene","id":"9021","organism":"Homo sapiens"},"unificationXref":"http://identifiers.org/ensembl/ENSG00000184557"},{"networkType":"node","nodeType":"DataNode","dataNodeType":"Protein","@type":["DataNode","Protein","datanode"],"gpmlType":"datanode","graphicalType":"path","datasourceReference":{"database":"Entrez Gene","id":"2064","organism":"Homo sapiens"},"unificationXref":"http://identifiers.org/ensembl/ENSG00000141736"},{"networkType":"node","nodeType":"DataNode","dataNodeType":"Protein","@type":["DataNode","Protein","datanode"],"gpmlType":"datanode","graphicalType":"path","datasourceReference":{"database":"Entrez Gene","id":"3840","organism":"Homo sapiens"},"unificationXref":"http://identifiers.org/ensembl/ENSG00000186432"},{"networkType":"node","nodeType":"DataNode","dataNodeType":"Protein","@type":["DataNode","Protein","datanode"],"gpmlType":"datanode","graphicalType":"path","datasourceReference":{"database":"Entrez Gene","id":"2099","organism":"Homo sapiens"},"unificationXref":"http://identifiers.org/ensembl/ENSG00000091831"},{"networkType":"node","nodeType":"DataNode","dataNodeType":"Protein","@type":["DataNode","Protein","datanode"],"gpmlType":"datanode","graphicalType":"path","datasourceReference":{"database":"Entrez Gene","id":"2534","organism":"Homo sapiens"},"unificationXref":"http://identifiers.org/ensembl/ENSG00000010810"},{"networkType":"node","nodeType":"DataNode","dataNodeType":"Protein","@type":["DataNode","Protein","datanode"],"gpmlType":"datanode","graphicalType":"path","datasourceReference":{"database":"Entrez Gene","id":"6714","organism":"Homo sapiens"},"unificationXref":"http://identifiers.org/ensembl/ENSG00000197122"},{"networkType":"node","nodeType":"DataNode","dataNodeType":"Protein","@type":["DataNode","Protein","datanode"],"gpmlType":"datanode","graphicalType":"path","datasourceReference":{"database":"Entrez Gene","id":"2308","organism":"Homo sapiens"},"unificationXref":"http://identifiers.org/ensembl/ENSG00000150907"},{"networkType":"node","nodeType":"DataNode","dataNodeType":"Protein","@type":["DataNode","Protein","datanode"],"gpmlType":"datanode","graphicalType":"path","datasourceReference":{"database":"Entrez Gene","id":"2475","organism":"Homo sapiens"},"unificationXref":"http://identifiers.org/ensembl/ENSG00000198793"},{"networkType":"node","nodeType":"DataNode","dataNodeType":"Protein","@type":["DataNode","Protein","datanode"],"gpmlType":"datanode","graphicalType":"path","datasourceReference":{"database":"Entrez Gene","id":"207","organism":"Homo sapiens"},"unificationXref":"http://identifiers.org/ensembl/ENSG00000142208"},{"networkType":"node","nodeType":"DataNode","dataNodeType":"Protein","@type":["DataNode","Protein","datanode"],"gpmlType":"datanode","graphicalType":"path","datasourceReference":{"database":"Entrez Gene","id":"5970","organism":"Homo sapiens"},"unificationXref":"http://identifiers.org/ensembl/ENSG00000173039"},{"networkType":"node","nodeType":"DataNode","dataNodeType":"Protein","@type":["DataNode","Protein","datanode"],"gpmlType":"datanode","graphicalType":"path","datasourceReference":{"database":"Entrez Gene","id":"1154","organism":"Homo sapiens"},"unificationXref":"http://identifiers.org/ensembl/ENSG00000114737"},{"networkType":"node","nodeType":"DataNode","dataNodeType":"Protein","@type":["DataNode","Protein","datanode"],"gpmlType":"datanode","graphicalType":"path","datasourceReference":{"database":"Entrez Gene","id":"8835","organism":"Homo sapiens"},"unificationXref":"http://identifiers.org/ensembl/ENSG00000120833"},{"networkType":"node","nodeType":"DataNode","dataNodeType":"Protein","@type":["DataNode","Protein","datanode"],"gpmlType":"datanode","graphicalType":"path","datasourceReference":{"database":"Entrez Gene","id":"8517","organism":"Homo sapiens"},"unificationXref":"http://identifiers.org/ensembl/ENSG00000073009"},{"networkType":"node","nodeType":"DataNode","dataNodeType":"Protein","@type":["DataNode","Protein","datanode"],"gpmlType":"datanode","graphicalType":"path","datasourceReference":{"database":"Entrez Gene","id":"1147","organism":"Homo sapiens"},"unificationXref":"http://identifiers.org/ensembl/ENSG00000213341"},{"networkType":"node","nodeType":"DataNode","dataNodeType":"Protein","@type":["DataNode","Protein","datanode"],"gpmlType":"datanode","graphicalType":"path","datasourceReference":{"database":"Entrez Gene","id":"3551","organism":"Homo sapiens"},"unificationXref":"http://identifiers.org/ensembl/ENSG00000104365"},{"networkType":"node","nodeType":"DataNode","dataNodeType":"Protein","@type":["DataNode","Protein","datanode"],"gpmlType":"datanode","graphicalType":"path","datasourceReference":{"database":"Entrez Gene","id":"5599","organism":"Homo sapiens"},"unificationXref":"http://identifiers.org/ensembl/ENSG00000107643"},{"networkType":"node","nodeType":"DataNode","dataNodeType":"Protein","@type":["DataNode","Protein","datanode"],"gpmlType":"datanode","graphicalType":"path","datasourceReference":{"database":"Entrez Gene","id":"6777","organism":"Homo sapiens"},"unificationXref":"http://identifiers.org/ensembl/ENSG00000173757"},{"networkType":"node","nodeType":"DataNode","dataNodeType":"Protein","@type":["DataNode","Protein","datanode"],"gpmlType":"datanode","graphicalType":"path","datasourceReference":{"database":"Entrez Gene","id":"5605","organism":"Homo sapiens"},"unificationXref":"http://identifiers.org/ensembl/ENSG00000126934"},{"networkType":"node","nodeType":"DataNode","dataNodeType":"Protein","@type":["DataNode","Protein","datanode"],"gpmlType":"datanode","graphicalType":"path","datasourceReference":{"database":"Entrez Gene","id":"5604","organism":"Homo sapiens"},"unificationXref":"http://identifiers.org/ensembl/ENSG00000169032"},{"networkType":"node","nodeType":"DataNode","dataNodeType":"Protein","@type":["DataNode","Protein","datanode"],"gpmlType":"datanode","graphicalType":"path","datasourceReference":{"database":"Entrez Gene","id":"31","organism":"Homo sapiens"},"unificationXref":"http://identifiers.org/ensembl/ENSG00000132142"},{"networkType":"node","nodeType":"DataNode","dataNodeType":"Protein","@type":["DataNode","Protein","datanode"],"gpmlType":"datanode","graphicalType":"path","datasourceReference":{"database":"Entrez Gene","id":"1432","organism":"Homo sapiens"},"unificationXref":"http://identifiers.org/ensembl/ENSG00000112062"},{"networkType":"node","nodeType":"DataNode","dataNodeType":"Protein","@type":["DataNode","Protein","datanode"],"gpmlType":"datanode","graphicalType":"path","datasourceReference":{"database":"Entrez Gene","id":"1073","organism":"Homo sapiens"},"unificationXref":"http://identifiers.org/ensembl/ENSG00000165410"},{"networkType":"node","nodeType":"DataNode","dataNodeType":"Protein","@type":["DataNode","Protein","datanode"],"gpmlType":"datanode","graphicalType":"path","datasourceReference":{"database":"Entrez Gene","id":"6194","organism":"Homo sapiens"},"unificationXref":"http://identifiers.org/ensembl/ENSG00000137154"},{"networkType":"node","nodeType":"DataNode","dataNodeType":"Rna","@type":["DataNode","Rna","datanode"],"gpmlType":"datanode","graphicalType":"path","datasourceReference":{"database":"Entrez Gene","id":"581","organism":"Homo sapiens"},"unificationXref":"http://identifiers.org/ensembl/ENSG00000087088"},{"networkType":"node","nodeType":"DataNode","dataNodeType":"Protein","@type":["DataNode","Protein","datanode"],"gpmlType":"datanode","graphicalType":"path","datasourceReference":{"database":"Entrez Gene","id":"1385","organism":"Homo sapiens"},"unificationXref":"http://identifiers.org/ensembl/ENSG00000118260"},{"networkType":"node","nodeType":"DataNode","dataNodeType":"Protein","@type":["DataNode","Protein","datanode"],"gpmlType":"datanode","graphicalType":"path","datasourceReference":{"database":"Entrez Gene","id":"3667","organism":"Homo sapiens"},"unificationXref":"http://identifiers.org/ensembl/ENSG00000169047"},{"networkType":"node","nodeType":"DataNode","dataNodeType":"Protein","@type":["DataNode","Protein","datanode"],"gpmlType":"datanode","graphicalType":"path","datasourceReference":{"database":"Entrez Gene","id":"3667","organism":"Homo sapiens"},"unificationXref":"http://identifiers.org/ensembl/ENSG00000169047"},{"networkType":"node","nodeType":"DataNode","dataNodeType":"Protein","@type":["DataNode","Protein","datanode"],"gpmlType":"datanode","graphicalType":"path","datasourceReference":{"database":"Entrez Gene","id":"6654","organism":"Homo sapiens"},"unificationXref":"http://identifiers.org/ensembl/ENSG00000115904"},{"networkType":"node","nodeType":"DataNode","dataNodeType":"Protein","@type":["DataNode","Protein","datanode"],"gpmlType":"datanode","graphicalType":"path","datasourceReference":{"database":"Entrez Gene","id":"3265","organism":"Homo sapiens"},"unificationXref":"http://identifiers.org/ensembl/ENSG00000174775"},{"networkType":"node","nodeType":"DataNode","dataNodeType":"Protein","@type":["DataNode","Protein","datanode"],"gpmlType":"datanode","graphicalType":"path","datasourceReference":{"database":"Entrez Gene","id":"5594","organism":"Homo sapiens"},"unificationXref":"http://identifiers.org/ensembl/ENSG00000100030"},{"networkType":"node","nodeType":"DataNode","dataNodeType":"Protein","@type":["DataNode","Protein","datanode"],"gpmlType":"datanode","graphicalType":"path","datasourceReference":{"database":"Entrez Gene","id":"5595","organism":"Homo sapiens"},"unificationXref":"http://identifiers.org/ensembl/ENSG00000102882"},{"networkType":"node","nodeType":"DataNode","dataNodeType":"Protein","@type":["DataNode","Protein","datanode"],"gpmlType":"datanode","graphicalType":"path","datasourceReference":{"database":"Entrez Gene","id":"6774","organism":"Homo sapiens"},"unificationXref":"http://identifiers.org/ensembl/ENSG00000168610"},{"networkType":"node","nodeType":"DataNode","dataNodeType":"Protein","@type":["DataNode","Protein","datanode"],"gpmlType":"datanode","graphicalType":"path","datasourceReference":{"database":"Entrez Gene","id":"6774","organism":"Homo sapiens"},"unificationXref":"http://identifiers.org/ensembl/ENSG00000168610"},{"networkType":"node","nodeType":"DataNode","dataNodeType":"Protein","@type":["DataNode","Protein","datanode"],"gpmlType":"datanode","graphicalType":"path","datasourceReference":{"database":"Entrez Gene","id":"5770","organism":"Homo sapiens"},"unificationXref":"http://identifiers.org/ensembl/ENSG00000196396"},{"networkType":"node","nodeType":"DataNode","dataNodeType":"Protein","@type":["DataNode","Protein","datanode"],"gpmlType":"datanode","graphicalType":"path","datasourceReference":{"database":"Entrez Gene","id":"6774","organism":"Homo sapiens"},"unificationXref":"http://identifiers.org/ensembl/ENSG00000168610"},{"networkType":"node","nodeType":"DataNode","dataNodeType":"Protein","@type":["DataNode","Protein","datanode"],"gpmlType":"datanode","graphicalType":"path","datasourceReference":{"database":"Entrez Gene","id":"6772","organism":"Homo sapiens"},"unificationXref":"http://identifiers.org/ensembl/ENSG00000115415"},{"networkType":"node","nodeType":"DataNode","dataNodeType":"Protein","@type":["DataNode","Protein","datanode"],"gpmlType":"datanode","graphicalType":"path","datasourceReference":{"database":"Entrez Gene","id":"6774","organism":"Homo sapiens"},"unificationXref":"http://identifiers.org/ensembl/ENSG00000168610"},{"networkType":"node","nodeType":"DataNode","dataNodeType":"Protein","@type":["DataNode","Protein","datanode"],"gpmlType":"datanode","graphicalType":"path","datasourceReference":{"database":"Entrez Gene","id":"6772","organism":"Homo sapiens"},"unificationXref":"http://identifiers.org/ensembl/ENSG00000115415"},{"networkType":"node","nodeType":"DataNode","dataNodeType":"Protein","@type":["DataNode","Protein","datanode"],"gpmlType":"datanode","graphicalType":"path","datasourceReference":{"database":"Entrez Gene","id":"6772","organism":"Homo sapiens"},"unificationXref":"http://identifiers.org/ensembl/ENSG00000115415"},{"networkType":"node","nodeType":"DataNode","dataNodeType":"Protein","@type":["DataNode","Protein","datanode"],"gpmlType":"datanode","graphicalType":"path","datasourceReference":{"database":"Entrez Gene","id":"6772","organism":"Homo sapiens"},"unificationXref":"http://identifiers.org/ensembl/ENSG00000115415"},{"networkType":"node","nodeType":"DataNode","dataNodeType":"Protein","@type":["DataNode","Protein","datanode"],"gpmlType":"datanode","graphicalType":"path","datasourceReference":{"database":"Entrez Gene","id":"2099","organism":"Homo sapiens"},"unificationXref":"http://identifiers.org/ensembl/ENSG00000091831"},{"networkType":"node","nodeType":"DataNode","dataNodeType":"Protein","@type":["DataNode","Protein","datanode"],"gpmlType":"datanode","graphicalType":"path","datasourceReference":{"database":"Entrez Gene","id":"2099","organism":"Homo sapiens"},"unificationXref":"http://identifiers.org/ensembl/ENSG00000091831"},{"networkType":"node","nodeType":"DataNode","dataNodeType":"Protein","@type":["DataNode","Protein","datanode"],"gpmlType":"datanode","graphicalType":"path","datasourceReference":{"database":"Entrez Gene","id":"2099","organism":"Homo sapiens"},"unificationXref":"http://identifiers.org/ensembl/ENSG00000091831"},{"networkType":"node","nodeType":"DataNode","dataNodeType":"Protein","@type":["DataNode","Protein","datanode"],"gpmlType":"datanode","graphicalType":"path","datasourceReference":{"database":"Entrez Gene","id":"5140","organism":"Homo sapiens"},"unificationXref":"http://identifiers.org/ensembl/ENSG00000152270"},{"networkType":"node","nodeType":"DataNode","dataNodeType":"Protein","@type":["DataNode","Protein","datanode"],"gpmlType":"datanode","graphicalType":"path","datasourceReference":{"database":"Entrez Gene","id":"5970","organism":"Homo sapiens"},"unificationXref":"http://identifiers.org/ensembl/ENSG00000173039"},{"networkType":"node","nodeType":"DataNode","dataNodeType":"Protein","@type":["DataNode","Protein","datanode"],"gpmlType":"datanode","graphicalType":"path","datasourceReference":{"database":"Entrez Gene","id":"4790","organism":"Homo sapiens"},"unificationXref":"http://identifiers.org/ensembl/ENSG00000109320"},{"networkType":"node","nodeType":"DataNode","dataNodeType":"Protein","@type":["DataNode","Protein","datanode"],"gpmlType":"datanode","graphicalType":"path","datasourceReference":{"database":"Entrez Gene","id":"5966","organism":"Homo sapiens"},"unificationXref":"http://identifiers.org/ensembl/ENSG00000162924"},{"networkType":"node","nodeType":"DataNode","dataNodeType":"Protein","@type":["DataNode","Protein","datanode"],"gpmlType":"datanode","graphicalType":"path","datasourceReference":{"database":"Entrez Gene","id":"5966","organism":"Homo sapiens"},"unificationXref":"http://identifiers.org/ensembl/ENSG00000162924"},{"networkType":"node","nodeType":"DataNode","dataNodeType":"Rna","@type":["DataNode","Rna","datanode"],"gpmlType":"datanode","graphicalType":"path","datasourceReference":{"database":"Entrez Gene","id":"598","organism":"Homo sapiens"},"unificationXref":"http://identifiers.org/ensembl/ENSG00000171552"},{"networkType":"node","nodeType":"DataNode","dataNodeType":"Protein","@type":["DataNode","Protein","datanode"],"gpmlType":"datanode","graphicalType":"path","datasourceReference":{"database":"Entrez Gene","id":"2002","organism":"Homo sapiens"},"unificationXref":"http://identifiers.org/ensembl/ENSG00000126767"},{"networkType":"node","nodeType":"DataNode","dataNodeType":"Protein","@type":["DataNode","Protein","datanode"],"gpmlType":"datanode","graphicalType":"path","datasourceReference":{"database":"Entrez Gene","id":"3840","organism":"Homo sapiens"},"unificationXref":"http://identifiers.org/ensembl/ENSG00000186432"},{"networkType":"node","nodeType":"DataNode","dataNodeType":"Protein","@type":["DataNode","Protein","datanode"],"gpmlType":"datanode","graphicalType":"path","datasourceReference":{"database":"Entrez Gene","id":"6198","organism":"Homo sapiens"},"unificationXref":"http://identifiers.org/ensembl/ENSG00000108443"},{"networkType":"node","nodeType":"DataNode","dataNodeType":"Rna","@type":["DataNode","Rna","datanode"],"gpmlType":"datanode","graphicalType":"path","datasourceReference":{"database":"Entrez Gene","id":"3557","organism":"Homo sapiens"},"unificationXref":"http://identifiers.org/ensembl/ENSG00000136689"},{"networkType":"node","nodeType":"DataNode","dataNodeType":"Rna","@type":["DataNode","Rna","datanode"],"gpmlType":"datanode","graphicalType":"path","datasourceReference":{"database":"Entrez Gene","id":"3553 ","organism":"Homo sapiens"},"unificationXref":"http://identifiers.org/ensembl/ENSG00000125538"},{"networkType":"node","nodeType":"DataNode","dataNodeType":"Protein","@type":["DataNode","Protein","datanode"],"gpmlType":"datanode","graphicalType":"path","datasourceReference":{"database":"Entrez Gene","id":"1385","organism":"Homo sapiens"},"unificationXref":"http://identifiers.org/ensembl/ENSG00000118260"},{"networkType":"node","nodeType":"DataNode","dataNodeType":"Rna","@type":["DataNode","Rna","datanode"],"gpmlType":"datanode","graphicalType":"path","datasourceReference":{"database":"Entrez Gene","id":"595","organism":"Homo sapiens"},"unificationXref":"http://identifiers.org/ensembl/ENSG00000110092"},{"networkType":"node","nodeType":"DataNode","dataNodeType":"Protein","@type":["DataNode","Protein","datanode"],"gpmlType":"datanode","graphicalType":"path","datasourceReference":{"database":"Entrez Gene","id":"3716","organism":"Homo sapiens"},"unificationXref":"http://identifiers.org/ensembl/ENSG00000162434"},{"networkType":"node","nodeType":"DataNode","dataNodeType":"Protein","@type":["DataNode","Protein","datanode"],"gpmlType":"datanode","graphicalType":"path","datasourceReference":{"database":"Entrez Gene","id":"387","organism":"Homo sapiens"},"unificationXref":"http://identifiers.org/ensembl/ENSG00000067560"},{"networkType":"node","nodeType":"DataNode","dataNodeType":"Protein","@type":["DataNode","Protein","datanode"],"gpmlType":"datanode","graphicalType":"path","datasourceReference":{"database":"Entrez Gene","id":"998","organism":"Homo sapiens"},"unificationXref":"http://identifiers.org/ensembl/ENSG00000070831"},{"networkType":"node","nodeType":"DataNode","dataNodeType":"Protein","@type":["DataNode","Protein","datanode"],"gpmlType":"datanode","graphicalType":"path","datasourceReference":{"database":"Entrez Gene","id":"5879","organism":"Homo sapiens"},"unificationXref":"http://identifiers.org/ensembl/ENSG00000136238"},{"networkType":"edge","gpmlType":"interaction","@type":["interaction"],"graphicalType":"path","points":[{"x":353.22707423580835,"y":302.2008733624456},{"x":353.22707423580835,"y":355.2008733624456}]}],"xmlns":"http://pathvisio.org/GPML/2013a","license":"Freely available under commons creative license","name":"Leptin signaling pathway","organism":"Homo sapiens","image":{"@context":{"@vocab":"http://schema.org/"},"width":1219.7906976744189,"height":1174},"publicationXref":[],"id":"wpId:WP2034","revision":"71413"}}