{"@context":{"@vocab":"http://vocabularies.wikipathways.org/gpml#","@base":"wpId:WP2084","pathwayIri":"wpId:WP2084","ChEBI":"http://www.ebi.ac.uk/chebi/searchId.do?chebiId=","dataSource":"gpml:Data-Source","datasourceReference":"wp:DatasourceReference","Group":{"@container":"@list","@id":"gpml:Group"},"interaction":{"@id":"biopax:Interaction","@type":"@id"},"interactionType":{"@id":"biopax:InteractionType","@type":"@id"},"interactionGraph":{"@container":"@list","@type":"@id"},"lastModified":"gpml:Last-Modified","pathway":"biopax:Pathway","point":{"@container":"@list","@id":"gpml:Point"},"publicationXref":"biopax:PublicationXref","unificationXref":"biopax:UnificationXref","author":"schema:author","backgroundColor":"css2:colors.html#propdef-background-color","backgroundImage":"css2:colors.html#propdef-background-image","biopax":"http://www.biopax.org/release/biopax-level3.owl#","borderColor":"css2:box.html#propdef-border-color","borderStyle":"css2:box.html#propdef-border-style","borderWidth":"css2:box.html#propdef-border-width","boxSizing":{"@id":"css3Ui:box-sizing","@value":"border-box"},"color":"css2:colors.html#propdef-color","contains":{"@id":"ex:contains","@type":"@id"},"css2":"http://www.w3.org/TR/CSS2/","css3Ui":"http://www.w3.org/TR/css3-ui/#","cssTransform":"http://www.w3.org/TR/css-transforms-1/#","gpmlDataNodeType":"gpml:Type","dcterms":"http://puri.org/dc/terms/","entrezGene":"http://www.ncbi.nlm.nih.gov/gene/","ex":"http://www.example.org/","fontFamily":"css2:fonts.html#font-family-prop","fontSize":"css2:fonts.html#propdef-font-size","fontStyle":"css2:fonts.html#propdef-font-style","fontWeight":"css2:fonts.html#propdef-font-weight","gpml":"http://vocabularies.wikipathways.org/gpml#","gpmlFolder":"file://Users/andersriutta/Sites/pathvisiojs/test/gpml/","hMDB":"http://www.hmdb.ca/metabolites/HMDB","height":"css2:visudet.html#propdef-height","id":"@id","image":"schema:image","interactsWith":{"@id":"ex:interactsWith","@type":"@id"},"isContainedBy":{"@reverse":"ex:contains","@type":"@id"},"media":"http://www.w3.org/TR/mediaont-10/","name":"http://xmlns.com/foaf/0.1/name","organism":"biopax:organism","padding":"css2:box.html#propdef-padding","elements":{"@container":"@list","@id":"ex:pathwayElements/"},"position":"css2:visuren.html#propdef-position","rotate":"cssTransform:funcdef-rotate","schema":"http://schema.org/","shapeLibrary":"http://shapelibrary.example.org/","shape":"shapeLibrary:shape","stroke":"svg:painting.html#StrokeProperty","strokeWidth":"svg:painting.html#StrokeWidthProperty","svg":"http://www.w3.org/TR/SVG11/","textAlign":"css2:text.html#propdef-text-align","verticalAlign":"css2:visudet.html#propdef-vertical-align","width":"css2:visudet.html#propdef-width","wp":"http://vocabularies.wikipathways.org/wp#","wpId":"http://identifiers.org/wikipathways/","x":{"@id":"css2:visuren.html#propdef-left","@type":"xsd:integer"},"xsd":"http://www.w3.org/2001/XMLSchema#","y":"css2:visuren.html#propdef-top","zIndex":{"@id":"css2:z-index","@type":"xsd:integer"}},"wpId:WP2084":{"elements":[{"networkType":"node","nodeType":"DataNode","dataNodeType":"GeneProduct","@type":["DataNode","GeneProduct","datanode"],"gpmlType":"datanode","graphicalType":"path"},{"networkType":"node","nodeType":"DataNode","dataNodeType":"GeneProduct","@type":["DataNode","GeneProduct","datanode"],"gpmlType":"datanode","graphicalType":"path","datasourceReference":{"database":"Ensembl","id":"ENSMUSG00000032193","organism":"Mus musculus"},"unificationXref":"http://identifiers.org/ensembl/ENSMUSG00000032193"},{"networkType":"node","nodeType":"DataNode","dataNodeType":"GeneProduct","@type":["DataNode","GeneProduct","datanode"],"gpmlType":"datanode","graphicalType":"path"},{"networkType":"node","nodeType":"DataNode","dataNodeType":"GeneProduct","@type":["DataNode","GeneProduct","datanode"],"gpmlType":"datanode","graphicalType":"path"},{"networkType":"node","nodeType":"DataNode","dataNodeType":"GeneProduct","@type":["DataNode","GeneProduct","datanode"],"gpmlType":"datanode","graphicalType":"path"},{"networkType":"edge","gpmlType":"interaction","@type":["interaction"],"graphicalType":"path","markerEnd":"tBar","points":[{"x":300.0000000000001,"y":178.66666666666666,"isAttachedTo":"ccbbf","RelX":0,"anchor":[0.5,1,0,1],"RelY":1},{"x":300.00000000000006,"y":213.64826175869098,"isAttachedTo":"a2365","RelX":0,"anchor":[0.5,0,0,-1],"RelY":-1}],"interactionGraph":[{"id":"ccbbf","interactsWith":"a2365"}],"interactionType":"t-bar"},{"networkType":"edge","gpmlType":"interaction","@type":["interaction"],"graphicalType":"path","markerEnd":"arrow","points":[{"x":324.00000000000006,"y":261.6482617586912,"isAttachedTo":"eaa4f","RelX":0.5,"anchor":[0.75,1,0,1],"RelY":1},{"x":320.0000000000001,"y":329.83182093163936,"isAttachedTo":"fffe5","RelX":0.5,"anchor":[0.75,0,0,-1],"RelY":-1}],"interactionGraph":[{"id":"eaa4f","interactsWith":"fffe5"}],"interactionType":"gpml:Arrow"},{"networkType":"edge","gpmlType":"interaction","@type":["interaction"],"graphicalType":"path","markerEnd":"mimInhibition","points":[{"x":120.00000000000009,"y":223.66666666666674,"isAttachedTo":"e11ff","RelX":1,"anchor":[1,0.5,1,0],"RelY":0},{"x":144.99999999999994,"y":223.66666666666652,"isAttachedTo":"b9e19","RelX":-1,"anchor":[0,0.5,-1,0],"RelY":0}],"interactionGraph":[{"id":"e11ff","interactsWith":"b9e19"}],"interactionType":"mim-inhibition"},{"networkType":"edge","gpmlType":"interaction","@type":["interaction"],"graphicalType":"path","markerEnd":"tBar","points":[{"x":72.00000000000009,"y":195.66666666666674,"isAttachedTo":"e11ff","RelX":0,"anchor":[0.5,0,0,-1],"RelY":-1},{"x":72.00000000000009,"y":166.66666666666663,"isAttachedTo":"e46e1","RelX":0,"anchor":[0.5,1,0,1],"RelY":1}],"interactionGraph":[{"id":"e11ff","interactsWith":"e46e1"}],"interactionType":"t-bar"},{"networkType":"edge","gpmlType":"interaction","@type":["interaction"],"graphicalType":"path","markerEnd":"arrow","points":[{"x":348.00000000000006,"y":233.6482617586911,"isAttachedTo":"eaa4f","RelX":1,"anchor":[1,0.5,1,0],"RelY":0},{"x":395.46085190529595,"y":194.42661473723894,"isAttachedTo":"d8a31","RelX":-1,"anchor":[0,0.5,-1,0],"RelY":0}],"interactionGraph":[{"id":"eaa4f","interactsWith":"d8a31"}],"interactionType":"gpml:Arrow"},{"networkType":"edge","gpmlType":"interaction","@type":["interaction"],"graphicalType":"path","markerEnd":"arrow","points":[{"x":260.0000000000001,"y":168.66666666666666,"isAttachedTo":"ccbbf","RelX":-1,"anchor":[0,0.5,-1,0],"RelY":0},{"x":184.99999999999994,"y":213.66666666666652,"isAttachedTo":"b9e19","RelX":0,"anchor":[0.5,0,0,-1],"RelY":-1}],"interactionGraph":[{"id":"ccbbf","interactsWith":"b9e19"}],"interactionType":"gpml:Arrow"},{"networkType":"edge","gpmlType":"interaction","@type":["interaction"],"graphicalType":"path","markerEnd":"arrow","points":[{"x":348.00000000000006,"y":233.6482617586911,"isAttachedTo":"eaa4f","RelX":1,"anchor":[1,0.5,1,0],"RelY":0},{"x":395.46085190529595,"y":269.50998185117913,"isAttachedTo":"e49fb","RelX":-1,"anchor":[0,0.5,-1,0],"RelY":0}],"interactionGraph":[{"id":"eaa4f","interactsWith":"e49fb"}],"interactionType":"gpml:Arrow"},{"networkType":"edge","gpmlType":"interaction","@type":["interaction"],"graphicalType":"path","markerEnd":"arrow","points":[{"x":348.00000000000006,"y":233.6482617586911,"isAttachedTo":"eaa4f","RelX":1,"anchor":[1,0.5,1,0],"RelY":0},{"x":395.46085190529595,"y":304.900181488203,"isAttachedTo":"b6a16","RelX":-1,"anchor":[0,0.5,-1,0],"RelY":0}],"interactionGraph":[{"id":"eaa4f","interactsWith":"b6a16"}],"interactionType":"gpml:Arrow"},{"networkType":"edge","gpmlType":"interaction","@type":["interaction"],"graphicalType":"path","markerEnd":"arrow","points":[{"x":300.0000000000001,"y":158.66666666666666,"isAttachedTo":"ccbbf","RelX":0,"anchor":[0.5,0,0,-1],"RelY":-1},{"x":218.99999999999986,"y":113.66666666666663,"isAttachedTo":"aeedd","RelX":0.5,"anchor":[0.75,1,0,1],"RelY":1}],"interactionGraph":[{"id":"ccbbf","interactsWith":"aeedd"}],"interactionType":"gpml:Arrow"},{"networkType":"edge","gpmlType":"interaction","@type":["interaction"],"graphicalType":"path","markerEnd":"arrow","points":[{"x":300.0000000000001,"y":158.66666666666666,"isAttachedTo":"ccbbf","RelX":0,"anchor":[0.5,0,0,-1],"RelY":-1},{"x":299.0000000000001,"y":93.66666666666659,"isAttachedTo":"eb53a","RelX":0,"anchor":[0.5,1,0,1],"RelY":1}],"interactionGraph":[{"id":"ccbbf","interactsWith":"eb53a"}],"interactionType":"gpml:Arrow"},{"networkType":"edge","gpmlType":"interaction","@type":["interaction"],"graphicalType":"path","markerEnd":"arrow","points":[{"x":300.0000000000001,"y":158.66666666666666,"isAttachedTo":"ccbbf","RelX":0,"anchor":[0.5,0,0,-1],"RelY":-1},{"x":379.0000000000001,"y":113.66666666666663,"isAttachedTo":"e9915","RelX":-0.5,"anchor":[0.25,1,0,1],"RelY":1}],"interactionGraph":[{"id":"ccbbf","interactsWith":"e9915"}],"interactionType":"gpml:Arrow"},{"networkType":"edge","gpmlType":"interaction","@type":["interaction"],"graphicalType":"path","markerEnd":"arrow","points":[{"x":280.0000000000001,"y":329.83182093163936,"isAttachedTo":"fffe5","RelX":-0.5,"anchor":[0.25,0,0,-1],"RelY":-1},{"x":276.00000000000006,"y":261.6482617586912,"isAttachedTo":"eaa4f","RelX":-0.5,"anchor":[0.25,1,0,1],"RelY":1}],"interactionGraph":[{"id":"fffe5","interactsWith":"eaa4f"}],"interactionType":"gpml:Arrow"},{"networkType":"node","nodeType":"DataNode","dataNodeType":"GeneProduct","@type":["DataNode","GeneProduct","datanode"],"gpmlType":"datanode","graphicalType":"path"},{"networkType":"edge","gpmlType":"interaction","@type":["interaction"],"graphicalType":"path","markerEnd":"arrow","points":[{"x":224.99999999999994,"y":247.7727272727273,"isAttachedTo":"cf45c","RelX":1,"anchor":[1,0.5,1,0],"RelY":0},{"x":252.00000000000006,"y":247.64826175869115,"isAttachedTo":"eaa4f","RelX":-1,"anchor":[0,0.75,-1,0],"RelY":0.5}],"interactionGraph":[{"id":"cf45c","interactsWith":"eaa4f"}],"interactionType":"gpml:Arrow"},{"networkType":"edge","gpmlType":"interaction","@type":["interaction"],"graphicalType":"path","markerEnd":"tBar","points":[{"x":72.00000000000009,"y":251.66666666666674,"isAttachedTo":"e11ff","RelX":0,"anchor":[0.5,1,0,1],"RelY":1},{"x":72.00000000000009,"y":307.66666666666674,"isAttachedTo":"e312e","RelX":0,"anchor":[0.5,0,0,-1],"RelY":-1}],"interactionGraph":[{"id":"e11ff","interactsWith":"e312e"}],"interactionType":"t-bar"},{"networkType":"edge","gpmlType":"interaction","@type":["interaction"],"graphicalType":"path","markerEnd":"arrow","points":[{"x":348.00000000000006,"y":233.6482617586911,"isAttachedTo":"eaa4f","RelX":1,"anchor":[1,0.5,1,0],"RelY":0},{"x":395.46085190529595,"y":233.66663397725813,"isAttachedTo":"abe4b","RelX":-1,"anchor":[0,0.5,-1,0],"RelY":0}],"interactionGraph":[{"id":"eaa4f","interactsWith":"abe4b"}],"interactionType":"gpml:Arrow"},{"networkType":"edge","gpmlType":"interaction","@type":["interaction"],"graphicalType":"path","markerEnd":"arrow","points":[{"x":348.00000000000006,"y":233.6482617586911,"isAttachedTo":"eaa4f","RelX":1,"anchor":[1,0.5,1,0],"RelY":0},{"x":395.46085190529595,"y":155.18659549721954,"isAttachedTo":"c3566","RelX":-1,"anchor":[0,0.5,-1,0],"RelY":0}],"interactionGraph":[{"id":"eaa4f","interactsWith":"c3566"}],"interactionType":"gpml:Arrow"},{"networkType":"node","nodeType":"DataNode","dataNodeType":"GeneProduct","@type":["DataNode","GeneProduct","datanode"],"gpmlType":"datanode","graphicalType":"path","datasourceReference":{"database":"Ensembl","id":"ENSMUSG00000020538","organism":"Mus musculus"},"unificationXref":"http://identifiers.org/ensembl/ENSMUSG00000020538"},{"networkType":"node","nodeType":"DataNode","dataNodeType":"GeneProduct","@type":["DataNode","GeneProduct","datanode"],"gpmlType":"datanode","graphicalType":"path","datasourceReference":{"database":"Ensembl","id":"ENSMUSG00000065465","organism":"Mus musculus"},"unificationXref":"http://identifiers.org/ensembl/ENSMUSG00000065465"},{"networkType":"node","nodeType":"DataNode","dataNodeType":"GeneProduct","@type":["DataNode","GeneProduct","datanode"],"gpmlType":"datanode","graphicalType":"path","datasourceReference":{"database":"Ensembl","id":"ENSMUSG00000020063","organism":"Mus musculus"},"unificationXref":"http://identifiers.org/ensembl/ENSMUSG00000020063"},{"networkType":"node","nodeType":"DataNode","dataNodeType":"GeneProduct","@type":["DataNode","GeneProduct","datanode"],"gpmlType":"datanode","graphicalType":"path","datasourceReference":{"database":"Ensembl","id":"ENSMUSG00000021670","organism":"Mus musculus"},"unificationXref":"http://identifiers.org/ensembl/ENSMUSG00000021670"},{"networkType":"node","nodeType":"DataNode","dataNodeType":"GeneProduct","@type":["DataNode","GeneProduct","datanode"],"gpmlType":"datanode","graphicalType":"path","datasourceReference":{"database":"Ensembl","id":"ENSMUSG00000012114","organism":"Mus musculus"},"unificationXref":"http://identifiers.org/ensembl/ENSMUSG00000012114"},{"networkType":"node","nodeType":"DataNode","dataNodeType":"GeneProduct","@type":["DataNode","GeneProduct","datanode"],"gpmlType":"datanode","graphicalType":"path","datasourceReference":{"database":"Ensembl","id":"ENSMUSG00000034748","organism":"Mus musculus"},"unificationXref":"http://identifiers.org/ensembl/ENSMUSG00000034748"},{"networkType":"node","nodeType":"DataNode","dataNodeType":"GeneProduct","@type":["DataNode","GeneProduct","datanode"],"gpmlType":"datanode","graphicalType":"path","datasourceReference":{"database":"Ensembl","id":"ENSMUSG00000028991","organism":"Mus musculus"},"unificationXref":"http://identifiers.org/ensembl/ENSMUSG00000028991"},{"networkType":"node","nodeType":"DataNode","dataNodeType":"GeneProduct","@type":["DataNode","GeneProduct","datanode"],"gpmlType":"datanode","graphicalType":"path","datasourceReference":{"database":"Ensembl","id":"ENSMUSG00000002108","organism":"Mus musculus"},"unificationXref":"http://identifiers.org/ensembl/ENSMUSG00000002108"},{"networkType":"node","nodeType":"DataNode","dataNodeType":"GeneProduct","@type":["DataNode","GeneProduct","datanode"],"gpmlType":"datanode","graphicalType":"path","datasourceReference":{"database":"Ensembl","id":"ENSMUSG00000022383","organism":"Mus musculus"},"unificationXref":"http://identifiers.org/ensembl/ENSMUSG00000022383"},{"networkType":"node","nodeType":"DataNode","dataNodeType":"GeneProduct","@type":["DataNode","GeneProduct","datanode"],"gpmlType":"datanode","graphicalType":"path","datasourceReference":{"database":"Ensembl","id":"ENSMUSG00000029167","organism":"Mus musculus"},"unificationXref":"http://identifiers.org/ensembl/ENSMUSG00000029167"},{"networkType":"node","nodeType":"DataNode","dataNodeType":"GeneProduct","@type":["DataNode","GeneProduct","datanode"],"gpmlType":"datanode","graphicalType":"path","datasourceReference":{"database":"Ensembl","id":"ENSMUSG00000022463","organism":"Mus musculus"},"unificationXref":"http://identifiers.org/ensembl/ENSMUSG00000022463"},{"networkType":"node","nodeType":"DataNode","dataNodeType":"GeneProduct","@type":["DataNode","GeneProduct","datanode"],"gpmlType":"datanode","graphicalType":"path","datasourceReference":{"database":"Ensembl","id":"ENSMUSG00000079301","organism":"Mus musculus"},"unificationXref":"http://identifiers.org/ensembl/ENSMUSG00000079301"},{"networkType":"edge","gpmlType":"interaction","@type":["interaction"],"graphicalType":"path","markerEnd":"mimInhibition","points":[{"x":224.99999999999994,"y":223.66666666666652,"isAttachedTo":"b9e19","RelX":1,"anchor":[1,0.5,1,0],"RelY":0},{"x":260.00000000000006,"y":223.64826175869098,"isAttachedTo":"a2365","RelX":-1,"anchor":[0,0.5,-1,0],"RelY":0}],"interactionGraph":[{"id":"b9e19","interactsWith":"a2365"}],"interactionType":"mim-inhibition"}],"xmlns":"http://pathvisio.org/GPML/2013a","version":"20110809","lastModified":"12/1/2011","name":"SREBF and miR33 in cholesterol and lipid homeostasis","organism":"Mus musculus","image":{"@context":{"@vocab":"http://schema.org/"},"width":505.46085190529595,"height":379.83182093163936},"publicationXref":[],"id":"wpId:WP2084","revision":"69904"}}