{"@context":{"@vocab":"http://vocabularies.wikipathways.org/gpml#","@base":"wpId:WP2190","pathwayIri":"wpId:WP2190","ChEBI":"http://www.ebi.ac.uk/chebi/searchId.do?chebiId=","dataSource":"gpml:Data-Source","datasourceReference":"wp:DatasourceReference","Group":{"@container":"@list","@id":"gpml:Group"},"interaction":{"@id":"biopax:Interaction","@type":"@id"},"interactionType":{"@id":"biopax:InteractionType","@type":"@id"},"interactionGraph":{"@container":"@list","@type":"@id"},"lastModified":"gpml:Last-Modified","pathway":"biopax:Pathway","point":{"@container":"@list","@id":"gpml:Point"},"publicationXref":"biopax:PublicationXref","unificationXref":"biopax:UnificationXref","author":"schema:author","backgroundColor":"css2:colors.html#propdef-background-color","backgroundImage":"css2:colors.html#propdef-background-image","biopax":"http://www.biopax.org/release/biopax-level3.owl#","borderColor":"css2:box.html#propdef-border-color","borderStyle":"css2:box.html#propdef-border-style","borderWidth":"css2:box.html#propdef-border-width","boxSizing":{"@id":"css3Ui:box-sizing","@value":"border-box"},"color":"css2:colors.html#propdef-color","contains":{"@id":"ex:contains","@type":"@id"},"css2":"http://www.w3.org/TR/CSS2/","css3Ui":"http://www.w3.org/TR/css3-ui/#","cssTransform":"http://www.w3.org/TR/css-transforms-1/#","gpmlDataNodeType":"gpml:Type","dcterms":"http://puri.org/dc/terms/","entrezGene":"http://www.ncbi.nlm.nih.gov/gene/","ex":"http://www.example.org/","fontFamily":"css2:fonts.html#font-family-prop","fontSize":"css2:fonts.html#propdef-font-size","fontStyle":"css2:fonts.html#propdef-font-style","fontWeight":"css2:fonts.html#propdef-font-weight","gpml":"http://vocabularies.wikipathways.org/gpml#","gpmlFolder":"file://Users/andersriutta/Sites/pathvisiojs/test/gpml/","hMDB":"http://www.hmdb.ca/metabolites/HMDB","height":"css2:visudet.html#propdef-height","id":"@id","image":"schema:image","interactsWith":{"@id":"ex:interactsWith","@type":"@id"},"isContainedBy":{"@reverse":"ex:contains","@type":"@id"},"media":"http://www.w3.org/TR/mediaont-10/","name":"http://xmlns.com/foaf/0.1/name","organism":"biopax:organism","padding":"css2:box.html#propdef-padding","elements":{"@container":"@list","@id":"ex:pathwayElements/"},"position":"css2:visuren.html#propdef-position","rotate":"cssTransform:funcdef-rotate","schema":"http://schema.org/","shapeLibrary":"http://shapelibrary.example.org/","shape":"shapeLibrary:shape","stroke":"svg:painting.html#StrokeProperty","strokeWidth":"svg:painting.html#StrokeWidthProperty","svg":"http://www.w3.org/TR/SVG11/","textAlign":"css2:text.html#propdef-text-align","verticalAlign":"css2:visudet.html#propdef-vertical-align","width":"css2:visudet.html#propdef-width","wp":"http://vocabularies.wikipathways.org/wp#","wpId":"http://identifiers.org/wikipathways/","x":{"@id":"css2:visuren.html#propdef-left","@type":"xsd:integer"},"xsd":"http://www.w3.org/2001/XMLSchema#","y":"css2:visuren.html#propdef-top","zIndex":{"@id":"css2:z-index","@type":"xsd:integer"}},"wpId:WP2190":{"elements":[{"networkType":"edge","gpmlType":"interaction","@type":["interaction"],"graphicalType":"path","markerEnd":"mimConversion","points":[{"x":505.257713248639,"y":421.9214727431605,"isAttachedTo":"ae92c","RelX":0,"anchor":[0.5,0,0,-1],"RelY":-1},{"x":505.257713248639,"y":221.68784029038133,"isAttachedTo":"af0a7","RelX":0,"anchor":[0.5,1,0,1],"RelY":1}],"interactionGraph":[{"id":"ae92c","interactsWith":"af0a7"}],"interactionType":"mim-conversion"},{"networkType":"node","nodeType":"DataNode","dataNodeType":"Metabolite","@type":["DataNode","Metabolite","datanode"],"gpmlType":"datanode","graphicalType":"path","datasourceReference":{"database":"HMDB","id":"HMDB00099","organism":"Homo sapiens"}},{"networkType":"edge","gpmlType":"interaction","@type":["interaction"],"graphicalType":"path","points":[{"x":330.1910163339388,"y":505.1151625144365,"isAttachedTo":"c2714","RelX":0.5,"anchor":[0.75,1,0,1],"RelY":1},{"x":330.1910163339388,"y":485.1151625144365},{"x":504.50771324863894,"y":485.1151625144365},{"x":504.50771324863894,"y":612.0640653357531,"isAttachedTo":"a0445","RelX":0,"anchor":[0.5,0.5,0,0],"RelY":0}]},{"networkType":"edge","gpmlType":"interaction","@type":["interaction"],"graphicalType":"path","points":[{"x":361.9410163339388,"y":495.1151625144365,"isAttachedTo":"c2714","RelX":1,"anchor":[1,0.5,1,0],"RelY":0},{"x":435.678749111585,"y":495.1151625144365},{"x":435.678749111585,"y":513.5140653357531},{"x":504.5077132486389,"y":513.5140653357531,"isAttachedTo":"ba3ce","RelX":0,"anchor":[0.5,0.5,0,0],"RelY":0}]},{"networkType":"edge","gpmlType":"interaction","@type":["interaction"],"graphicalType":"path","points":[{"x":341.59496784256913,"y":261.331447995777,"isAttachedTo":"e6143","RelX":-1,"anchor":[0,0.5,-1,0],"RelY":0},{"x":298.599804623901,"y":261.331447995777},{"x":298.599804623901,"y":301.71833030853},{"x":298.4410163339388,"y":301.71833030853,"isAttachedTo":"b581f","RelX":0,"anchor":[0.5,0.5,0,0],"RelY":0}]},{"networkType":"edge","gpmlType":"interaction","@type":["interaction"],"graphicalType":"path","markerEnd":"arrow","points":[{"x":298.4410163339388,"y":301.71833030853,"isAttachedTo":"b581f","RelX":0,"anchor":[0.5,0.5,0,0],"RelY":0},{"x":298.4410163339388,"y":323.60442611382524},{"x":341.5949678425691,"y":323.60442611382524},{"x":341.5949678425691,"y":345.49052191912045,"isAttachedTo":"c33b2","RelX":-1,"anchor":[0,0.5,-1,0],"RelY":0}],"interactionGraph":[{"id":"b581f","interactsWith":"c33b2"}],"interactionType":"gpml:Arrow"},{"networkType":"edge","gpmlType":"interaction","@type":["interaction"],"graphicalType":"path","points":[{"x":180.31466915911614,"y":235.2233545670869,"isAttachedTo":"f1f7c","RelX":0,"anchor":[0.5,0.5,0,0],"RelY":0},{"x":180.31466915911614,"y":268.47084243780847},{"x":298.4410163339388,"y":268.47084243780847},{"x":298.4410163339388,"y":301.71833030853,"isAttachedTo":"b581f","RelX":0,"anchor":[0.5,0.5,0,0],"RelY":0}]},{"networkType":"edge","gpmlType":"interaction","@type":["interaction"],"graphicalType":"path","points":[{"x":180.31466915911614,"y":301.20021482116937,"isAttachedTo":"f5c77","RelX":0,"anchor":[0.5,0.5,0,0],"RelY":0},{"x":298.4410163339388,"y":301.71833030853,"isAttachedTo":"b581f","RelX":0,"anchor":[0.5,0.5,0,0],"RelY":0}]},{"networkType":"edge","gpmlType":"interaction","@type":["interaction"],"graphicalType":"path","points":[{"x":180.31466915911614,"y":367.1823402341201,"isAttachedTo":"a69a4","RelX":0,"anchor":[0.5,0.5,0,0],"RelY":0},{"x":180.31466915911614,"y":334.45033527132506},{"x":298.4410163339388,"y":334.45033527132506},{"x":298.4410163339388,"y":301.71833030853,"isAttachedTo":"b581f","RelX":0,"anchor":[0.5,0.5,0,0],"RelY":0}]},{"networkType":"edge","gpmlType":"interaction","@type":["interaction"],"graphicalType":"path","markerEnd":"arrow","points":[{"x":135.13270233365432,"y":146.69967035656106,"isAttachedTo":"f2cd0","RelX":-1,"anchor":[0,0.5,-1,0],"RelY":0},{"x":87,"y":146.69967035656106,"isAttachedTo":"fd224","RelX":1,"anchor":[1,0.5,1,0],"RelY":0}],"interactionGraph":[{"id":"f2cd0","interactsWith":"fd224"}],"interactionType":"gpml:Arrow"},{"networkType":"edge","gpmlType":"interaction","@type":["interaction"],"graphicalType":"path","markerEnd":"arrow","points":[{"x":180.31466915911614,"y":156.69967035656106,"isAttachedTo":"f2cd0","RelX":0,"anchor":[0.5,1,0,1],"RelY":1},{"x":180.31466915911614,"y":195.44967035656126,"isAttachedTo":"a987b","RelX":0,"anchor":[0.5,0,0,-1],"RelY":-1}],"interactionGraph":[{"id":"f2cd0","interactsWith":"a987b"}],"interactionType":"gpml:Arrow"},{"networkType":"edge","gpmlType":"interaction","@type":["interaction"],"graphicalType":"path","markerEnd":"arrow","points":[{"x":354.0070120442179,"y":111.71011384260024,"isAttachedTo":"fd789","RelX":1,"anchor":[1,0.5,1,0],"RelY":0},{"x":441.74410163339303,"y":111.71011384260024,"isAttachedTo":"cde09","RelX":-1,"anchor":[0,0.5,-1,0],"RelY":0}],"interactionGraph":[{"id":"fd789","interactsWith":"cde09"}],"interactionType":"gpml:Arrow"},{"networkType":"edge","gpmlType":"interaction","@type":["interaction"],"graphicalType":"path","markerEnd":"arrow","points":[{"x":180.31466915911614,"y":284.8838808828753,"isAttachedTo":"b99c3","RelX":0,"anchor":[0.5,1,0,1],"RelY":1},{"x":180.31466915911614,"y":325.6747157286104,"isAttachedTo":"b9248","RelX":0,"anchor":[0.5,0,0,-1],"RelY":-1}],"interactionGraph":[{"id":"b99c3","interactsWith":"b9248"}],"interactionType":"gpml:Arrow"},{"gpmlType":"anchor","zIndex":null,"networkType":"node","@type":["anchor"],"graphicalType":"path","x":null,"y":null},{"networkType":"edge","gpmlType":"interaction","@type":["interaction"],"graphicalType":"path","markerEnd":"arrow","points":[{"x":476.63398562604067,"y":61.828765412163094,"isAttachedTo":"d19ac","RelX":1,"anchor":[1,0.5,1,0],"RelY":0},{"x":555.7516911400762,"y":61.82876541216311,"isAttachedTo":"d871a","RelX":-1,"anchor":[0,0.5,-1,0],"RelY":0}],"interactionGraph":[{"id":"d19ac","interactsWith":"d871a"}],"interactionType":"gpml:Arrow"},{"networkType":"edge","gpmlType":"interaction","@type":["interaction"],"graphicalType":"path","markerEnd":"arrow","points":[{"x":298.4410163339388,"y":101.71011384260024,"isAttachedTo":"fd789","RelX":0,"anchor":[0.5,0,0,-1],"RelY":-1},{"x":298.4410163339388,"y":71.8287654121631,"isAttachedTo":"f6943","RelX":0,"anchor":[0.5,1,0,1],"RelY":1}],"interactionGraph":[{"id":"fd789","interactsWith":"f6943"}],"interactionType":"gpml:Arrow"},{"networkType":"edge","gpmlType":"interaction","@type":["interaction"],"graphicalType":"path","markerEnd":"arrow","points":[{"x":298.4410163339388,"y":171.90810097343672,"isAttachedTo":"a812c","RelX":0,"anchor":[0.5,1,0,1],"RelY":1},{"x":298.4410163339388,"y":201.6878402903813,"isAttachedTo":"bbe32","RelX":0,"anchor":[0.5,0,0,-1],"RelY":-1}],"interactionGraph":[{"id":"a812c","interactsWith":"bbe32"}],"interactionType":"gpml:Arrow"},{"networkType":"edge","gpmlType":"interaction","@type":["interaction"],"graphicalType":"path","markerEnd":"arrow","points":[{"x":504.5077132486389,"y":529.5140653357531,"isAttachedTo":"e8d5b","RelX":0,"anchor":[0.5,0,0,-1],"RelY":-1},{"x":504.5077132486389,"y":489.5140653357532,"isAttachedTo":"b27b8","RelX":0,"anchor":[0.5,1,0,1],"RelY":1}],"interactionGraph":[{"id":"e8d5b","interactsWith":"b27b8"}],"interactionType":"gpml:Arrow"},{"gpmlType":"anchor","zIndex":null,"networkType":"node","@type":["anchor"],"graphicalType":"path","x":null,"y":null},{"networkType":"edge","gpmlType":"interaction","@type":["interaction"],"graphicalType":"path","markerEnd":"arrow","points":[{"x":338.4410163339388,"y":431.7640653357531,"isAttachedTo":"ba5ef","RelX":1,"anchor":[1,0.5,1,0],"RelY":0},{"x":437.257713248639,"y":431.9214727431605,"isAttachedTo":"ae92c","RelX":-1,"anchor":[0,0.5,-1,0],"RelY":0}],"interactionGraph":[{"id":"ba5ef","interactsWith":"ae92c"}],"interactionType":"gpml:Arrow"},{"networkType":"edge","gpmlType":"interaction","@type":["interaction"],"graphicalType":"path","markerEnd":"mimConversion","points":[{"x":298.4410163339388,"y":221.6878402903813,"isAttachedTo":"bbe32","RelX":0,"anchor":[0.5,1,0,1],"RelY":1},{"x":298.4410163339388,"y":421.7640653357531,"isAttachedTo":"ba5ef","RelX":0,"anchor":[0.5,0,0,-1],"RelY":-1}],"interactionGraph":[{"id":"bbe32","interactsWith":"ba5ef"}],"interactionType":"mim-conversion"},{"gpmlType":"anchor","zIndex":null,"networkType":"node","@type":["anchor"],"graphicalType":"path","x":null,"y":null},{"networkType":"edge","gpmlType":"interaction","@type":["interaction"],"graphicalType":"path","markerEnd":"arrow","points":[{"x":298.4410163339388,"y":121.71011384260024,"isAttachedTo":"fd789","RelX":0,"anchor":[0.5,1,0,1],"RelY":1},{"x":298.4410163339388,"y":151.90810097343672,"isAttachedTo":"a812c","RelX":0,"anchor":[0.5,0,0,-1],"RelY":-1}],"interactionGraph":[{"id":"fd789","interactsWith":"a812c"}],"interactionType":"gpml:Arrow"},{"networkType":"edge","gpmlType":"interaction","@type":["interaction"],"graphicalType":"path","markerEnd":"arrow","points":[{"x":504.507713248639,"y":653.7640653357531,"isAttachedTo":"d97ce","RelX":0,"anchor":[0.5,0,0,-1],"RelY":-1},{"x":504.5077132486389,"y":549.5140653357531,"isAttachedTo":"e8d5b","RelX":0,"anchor":[0.5,1,0,1],"RelY":1}],"interactionGraph":[{"id":"d97ce","interactsWith":"e8d5b"}],"interactionType":"gpml:Arrow"},{"gpmlType":"anchor","zIndex":null,"networkType":"node","@type":["anchor"],"graphicalType":"path","x":null,"y":null},{"networkType":"edge","gpmlType":"interaction","@type":["interaction"],"graphicalType":"path","markerEnd":"mimCatalysis","points":[{"x":341.1455282984048,"y":302.0794842822432,"isAttachedTo":"c4cb1","RelX":-1,"anchor":[0,0.5,-1,0],"RelY":0},{"x":298.4410163339388,"y":301.71833030853,"isAttachedTo":"b581f","RelX":0,"anchor":[0.5,0.5,0,0],"RelY":0}],"interactionGraph":[{"id":"c4cb1","interactsWith":"b581f"}],"interactionType":"mim-catalysis"},{"networkType":"edge","gpmlType":"interaction","@type":["interaction"],"graphicalType":"path","markerEnd":"mimConversion","points":[{"x":298.4410163339388,"y":441.7640653357531,"isAttachedTo":"ba5ef","RelX":0,"anchor":[0.5,1,0,1],"RelY":1},{"x":298.4410163339388,"y":485.1151625144365,"isAttachedTo":"c2714","RelX":0,"anchor":[0.5,0,0,-1],"RelY":-1}],"interactionGraph":[{"id":"ba5ef","interactsWith":"c2714"}],"interactionType":"mim-conversion"},{"networkType":"edge","gpmlType":"interaction","@type":["interaction"],"graphicalType":"path","markerEnd":"arrow","points":[{"x":504.5077132486389,"y":712.764065335753,"isAttachedTo":"b656b","RelX":0,"anchor":[0.5,0,0,-1],"RelY":-1},{"x":504.507713248639,"y":673.7640653357531,"isAttachedTo":"d97ce","RelX":0,"anchor":[0.5,1,0,1],"RelY":1}],"interactionGraph":[{"id":"b656b","interactsWith":"d97ce"}],"interactionType":"gpml:Arrow"},{"networkType":"edge","gpmlType":"interaction","@type":["interaction"],"graphicalType":"path","markerEnd":"mimConversion","points":[{"x":437.257713248639,"y":211.68784029038133,"isAttachedTo":"af0a7","RelX":-1,"anchor":[0,0.5,-1,0],"RelY":0},{"x":354.0070120442179,"y":211.6878402903813,"isAttachedTo":"bbe32","RelX":1,"anchor":[1,0.5,1,0],"RelY":0}],"interactionGraph":[{"id":"af0a7","interactsWith":"bbe32"}],"interactionType":"mim-conversion"},{"gpmlType":"anchor","zIndex":null,"networkType":"node","@type":["anchor"],"graphicalType":"path","x":null,"y":null},{"networkType":"edge","gpmlType":"interaction","@type":["interaction"],"graphicalType":"path","markerEnd":"arrow","points":[{"x":180.31466915911614,"y":345.6747157286104,"isAttachedTo":"b9248","RelX":0,"anchor":[0.5,1,0,1],"RelY":1},{"x":180.31466915911614,"y":399.4437769923846,"isAttachedTo":"ed1b1","RelX":0,"anchor":[0.5,0,0,-1],"RelY":-1}],"interactionGraph":[{"id":"b9248","interactsWith":"ed1b1"}],"interactionType":"gpml:Arrow"},{"gpmlType":"anchor","zIndex":null,"networkType":"node","@type":["anchor"],"graphicalType":"path","x":null,"y":null},{"networkType":"edge","gpmlType":"interaction","@type":["interaction"],"graphicalType":"path","markerEnd":"arrow","points":[{"x":354.00701204421784,"y":61.828765412163094,"isAttachedTo":"f6943","RelX":1,"anchor":[1,0.5,1,0],"RelY":0},{"x":396.63398562604067,"y":61.828765412163094,"isAttachedTo":"d19ac","RelX":-1,"anchor":[0,0.5,-1,0],"RelY":0}],"interactionGraph":[{"id":"f6943","interactsWith":"d19ac"}],"interactionType":"gpml:Arrow"},{"networkType":"node","nodeType":"DataNode","dataNodeType":"Metabolite","@type":["DataNode","Metabolite","datanode"],"gpmlType":"datanode","graphicalType":"path","datasourceReference":{"database":"HMDB","id":"HMDB00574","organism":"Homo sapiens"}},{"networkType":"node","nodeType":"DataNode","dataNodeType":"Metabolite","@type":["DataNode","Metabolite","datanode"],"gpmlType":"datanode","graphicalType":"path","datasourceReference":{"database":"HMDB","id":"HMDB01414","organism":"Homo sapiens"}},{"networkType":"node","nodeType":"DataNode","dataNodeType":"Metabolite","@type":["DataNode","Metabolite","datanode"],"gpmlType":"datanode","graphicalType":"path","datasourceReference":{"database":"HMDB","id":"HMDB01185","organism":"Homo sapiens"}},{"networkType":"node","nodeType":"DataNode","dataNodeType":"Metabolite","@type":["DataNode","Metabolite","datanode"],"gpmlType":"datanode","graphicalType":"path","datasourceReference":{"database":"HMDB","id":"HMDB00125","organism":"Homo sapiens"}},{"networkType":"node","nodeType":"DataNode","dataNodeType":"Metabolite","@type":["DataNode","Metabolite","datanode"],"gpmlType":"datanode","graphicalType":"path","datasourceReference":{"database":"PubChem-compound","id":"25203490","organism":"Homo sapiens"}},{"networkType":"node","nodeType":"DataNode","dataNodeType":"Metabolite","@type":["DataNode","Metabolite","datanode"],"gpmlType":"datanode","graphicalType":"path","datasourceReference":{"database":"HMDB","id":"HMDB00043","organism":"Homo sapiens"}},{"networkType":"node","nodeType":"DataNode","dataNodeType":"Metabolite","@type":["DataNode","Metabolite","datanode"],"gpmlType":"datanode","graphicalType":"path","datasourceReference":{"database":"HMDB","id":"HMDB00696","organism":"Homo sapiens"}},{"networkType":"node","nodeType":"DataNode","dataNodeType":"Metabolite","@type":["DataNode","Metabolite","datanode"],"gpmlType":"datanode","graphicalType":"path","datasourceReference":{"database":"HMDB","id":"HMDB00895","organism":"Homo sapiens"}},{"networkType":"node","nodeType":"DataNode","dataNodeType":"Metabolite","@type":["DataNode","Metabolite","datanode"],"gpmlType":"datanode","graphicalType":"path","datasourceReference":{"database":"HMDB","id":"HMDB00092","organism":"Homo sapiens"}},{"networkType":"node","nodeType":"DataNode","dataNodeType":"Metabolite","@type":["DataNode","Metabolite","datanode"],"gpmlType":"datanode","graphicalType":"path","datasourceReference":{"database":"ChEBI","id":"CHEBI:67016","organism":"Homo sapiens"}},{"networkType":"node","nodeType":"DataNode","dataNodeType":"Metabolite","@type":["DataNode","Metabolite","datanode"],"gpmlType":"datanode","graphicalType":"path","datasourceReference":{"database":"HMDB","id":"HMDB00123","organism":"Homo sapiens"}},{"networkType":"node","nodeType":"DataNode","dataNodeType":"Metabolite","@type":["DataNode","Metabolite","datanode"],"gpmlType":"datanode","graphicalType":"path","datasourceReference":{"database":"HMDB","id":"HMDB00251","organism":"Homo sapiens"}},{"networkType":"node","nodeType":"DataNode","dataNodeType":"GeneProduct","@type":["DataNode","GeneProduct","datanode"],"gpmlType":"datanode","graphicalType":"path","datasourceReference":{"database":"Entrez Gene","id":"4524","organism":"Homo sapiens"},"unificationXref":"http://identifiers.org/ensembl/ENSG00000177000"},{"networkType":"node","nodeType":"DataNode","dataNodeType":"Metabolite","@type":["DataNode","Metabolite","datanode"],"gpmlType":"datanode","graphicalType":"path","datasourceReference":{"database":"PubChem-compound","id":"25203785","organism":"Homo sapiens"}},{"networkType":"node","nodeType":"DataNode","dataNodeType":"Metabolite","@type":["DataNode","Metabolite","datanode"],"gpmlType":"datanode","graphicalType":"path","datasourceReference":{"database":"KEGG Compound","id":"C00021","organism":"Homo sapiens"}},{"networkType":"node","nodeType":"DataNode","dataNodeType":"Metabolite","@type":["DataNode","Metabolite","datanode"],"gpmlType":"datanode","graphicalType":"path","datasourceReference":{"database":"HMDB","id":"HMDB00097","organism":"Homo sapiens"}},{"networkType":"node","nodeType":"DataNode","dataNodeType":"Metabolite","@type":["DataNode","Metabolite","datanode"],"gpmlType":"datanode","graphicalType":"path","datasourceReference":{"database":"KEGG Compound","id":"C00155","organism":"Homo sapiens"}},{"networkType":"node","nodeType":"DataNode","dataNodeType":"Metabolite","@type":["DataNode","Metabolite","datanode"],"gpmlType":"datanode","graphicalType":"path","datasourceReference":{"database":"HMDB","id":"HMDB00214","organism":"Homo sapiens"}},{"networkType":"node","nodeType":"DataNode","dataNodeType":"Metabolite","@type":["DataNode","Metabolite","datanode"],"gpmlType":"datanode","graphicalType":"path","datasourceReference":{"database":"PubChem-compound","id":"42626431","organism":"Homo sapiens"}},{"networkType":"node","nodeType":"DataNode","dataNodeType":"Metabolite","@type":["DataNode","Metabolite","datanode"],"gpmlType":"datanode","graphicalType":"path","datasourceReference":{"database":"HMDB","id":"HMDB00965","organism":"Homo sapiens"}},{"networkType":"node","nodeType":"DataNode","dataNodeType":"Metabolite","@type":["DataNode","Metabolite","datanode"],"gpmlType":"datanode","graphicalType":"path","datasourceReference":{"database":"HMDB","id":"HMDB00271","organism":"Homo sapiens"}},{"networkType":"node","nodeType":"DataNode","dataNodeType":"Metabolite","@type":["DataNode","Metabolite","datanode"],"gpmlType":"datanode","graphicalType":"path","datasourceReference":{"database":"HMDB","id":"HMDB01256","organism":"Homo sapiens"}},{"networkType":"node","nodeType":"DataNode","dataNodeType":"Metabolite","@type":["DataNode","Metabolite","datanode"],"gpmlType":"datanode","graphicalType":"path","datasourceReference":{"database":"HMDB","id":"HMDB01257","organism":"Homo sapiens"}},{"networkType":"edge","gpmlType":"interaction","@type":["interaction"],"graphicalType":"path","markerEnd":"arrow","points":[{"x":180.31466915911614,"y":215.44967035656126,"isAttachedTo":"a987b","RelX":0,"anchor":[0.5,1,0,1],"RelY":1},{"x":180.31466915911614,"y":264.8838808828753,"isAttachedTo":"b99c3","RelX":0,"anchor":[0.5,0,0,-1],"RelY":-1}],"interactionGraph":[{"id":"a987b","interactsWith":"b99c3"}],"interactionType":"gpml:Arrow"}],"xmlns":"http://pathvisio.org/GPML/2013a","author":"Lili Yang","name":"One carbon donor","organism":"Homo sapiens","image":{"@context":{"@vocab":"http://schema.org/"},"width":637.5484243524179,"height":762.764065335753},"publicationXref":[],"id":"wpId:WP2190","revision":"74089"}}