{"@context":{"@vocab":"http://vocabularies.wikipathways.org/gpml#","@base":"wpId:WP2231","pathwayIri":"wpId:WP2231","ChEBI":"http://www.ebi.ac.uk/chebi/searchId.do?chebiId=","dataSource":"gpml:Data-Source","datasourceReference":"wp:DatasourceReference","Group":{"@container":"@list","@id":"gpml:Group"},"interaction":{"@id":"biopax:Interaction","@type":"@id"},"interactionType":{"@id":"biopax:InteractionType","@type":"@id"},"interactionGraph":"@graph","lastModified":"gpml:Last-Modified","pathway":"biopax:Pathway","point":{"@container":"@list","@id":"gpml:Point"},"publicationXref":"biopax:PublicationXref","unificationXref":"biopax:UnificationXref","author":"schema:author","backgroundColor":"css2:colors.html#propdef-background-color","backgroundImage":"css2:colors.html#propdef-background-image","biopax":"http://www.biopax.org/release/biopax-level3.owl#","borderColor":"css2:box.html#propdef-border-color","borderStyle":"css2:box.html#propdef-border-style","borderWidth":"css2:box.html#propdef-border-width","boxSizing":{"@id":"css3Ui:box-sizing","@value":"border-box"},"color":"css2:colors.html#propdef-color","contains":{"@id":"ex:contains","@type":"@id"},"css2":"http://www.w3.org/TR/CSS2/","css3Ui":"http://www.w3.org/TR/css3-ui/#","cssTransform":"http://www.w3.org/TR/css-transforms-1/#","gpmlDataNodeType":"gpml:Type","dcterms":"http://puri.org/dc/terms/","entrezGene":"http://www.ncbi.nlm.nih.gov/gene/","ex":"http://www.example.org/","fontFamily":"css2:fonts.html#font-family-prop","fontSize":"css2:fonts.html#propdef-font-size","fontStyle":"css2:fonts.html#propdef-font-style","fontWeight":"css2:fonts.html#propdef-font-weight","gpml":"http://vocabularies.wikipathways.org/gpml#","gpmlFolder":"file://Users/andersriutta/Sites/pathvisiojs/test/gpml/","hMDB":"http://www.hmdb.ca/metabolites/HMDB","height":"css2:visudet.html#propdef-height","id":"@id","image":"schema:image","interactsWith":{"@id":"ex:interactsWith","@type":"@id"},"isContainedBy":{"@reverse":"ex:contains","@type":"@id"},"media":"http://www.w3.org/TR/mediaont-10/","name":"http://xmlns.com/foaf/0.1/name","organism":"biopax:organism","padding":"css2:box.html#propdef-padding","elements":{"@container":"@list","@id":"ex:pathwayElements/"},"position":"css2:visuren.html#propdef-position","rotate":"cssTransform:funcdef-rotate","schema":"http://schema.org/","shapeLibrary":"http://shapelibrary.example.org/","shape":"shapeLibrary:shape","stroke":"svg:painting.html#StrokeProperty","strokeWidth":"svg:painting.html#StrokeWidthProperty","svg":"http://www.w3.org/TR/SVG11/","textAlign":"css2:text.html#propdef-text-align","verticalAlign":"css2:visudet.html#propdef-vertical-align","width":"css2:visudet.html#propdef-width","wp":"http://vocabularies.wikipathways.org/wp#","wpId":"http://identifiers.org/wikipathways/","x":{"@id":"css2:visuren.html#propdef-left","@type":"xsd:integer"},"xsd":"http://www.w3.org/2001/XMLSchema#","y":"css2:visuren.html#propdef-top","zIndex":{"@id":"css2:z-index","@type":"xsd:integer"}},"wpId:WP2231":{"elements":[{"networkType":"node","nodeType":"Label","@type":["label"],"gpmlType":"label","graphicalType":"path"},{"networkType":"node","nodeType":"DataNode","dataNodeType":"GeneProduct","@type":["DataNode","GeneProduct","datanode"],"gpmlType":"datanode","graphicalType":"path","datasourceReference":{"database":"WormBase","id":"F53F10.4 ","organism":"Caenorhabditis elegans"},"unificationXref":"http://identifiers.org/ensembl/F53F10.4"},{"networkType":"node","nodeType":"Label","@type":["label"],"gpmlType":"label","graphicalType":"path"},{"networkType":"node","nodeType":"Label","@type":["label"],"gpmlType":"label","graphicalType":"path"},{"networkType":"node","nodeType":"Label","@type":["label"],"gpmlType":"label","graphicalType":"path"},{"networkType":"node","nodeType":"Label","@type":["label"],"gpmlType":"label","graphicalType":"path"},{"networkType":"node","nodeType":"Shape","@type":["shape"],"gpmlType":"shape","graphicalType":"path"},{"networkType":"edge","gpmlType":"interaction","@type":["interaction"],"graphicalType":"path","markerEnd":"arrow","points":[{"x":101,"y":238,"isAttachedTo":"e9801","RelX":1,"anchor":[1,0.5,1,0],"RelY":0},{"x":145,"y":238,"isAttachedTo":"d8ec8","RelX":-1,"anchor":[0,0.5,-1,0],"RelY":0}],"interactionGraph":[{"id":"e9801","interactsWith":"d8ec8"}],"interactionType":"gpml:Arrow"},{"networkType":"edge","gpmlType":"interaction","@type":["interaction"],"graphicalType":"path","markerEnd":"mimInhibition","points":[{"x":485,"y":188,"isAttachedTo":"fc5ca","RelX":0,"anchor":[0.5,1,0,1],"RelY":1},{"x":485,"y":228,"isAttachedTo":"a81b8","RelX":0,"anchor":[0.5,0,0,-1],"RelY":-1}],"interactionGraph":[{"id":"fc5ca","interactsWith":"a81b8"}],"interactionType":"mim-inhibition"},{"networkType":"edge","gpmlType":"interaction","@type":["interaction"],"graphicalType":"path","markerEnd":"arrow","points":[{"x":307,"y":300,"isAttachedTo":"b3bbf","RelX":1,"anchor":[1,0.5,1,0],"RelY":0},{"x":346,"y":263,"isAttachedTo":"b511e","RelX":-1,"anchor":[0,0.5,-1,0],"RelY":0}],"interactionGraph":[{"id":"b3bbf","interactsWith":"b511e"}],"interactionType":"gpml:Arrow"},{"networkType":"edge","gpmlType":"interaction","@type":["interaction"],"graphicalType":"path","markerEnd":"arrow","points":[{"x":633,"y":201,"isAttachedTo":"cef87","RelX":1,"anchor":[1,0.5,1,0],"RelY":0},{"x":693,"y":245.5,"isAttachedTo":"ea968","RelX":-1,"anchor":[0,0.5,-1,0],"RelY":0}],"interactionGraph":[{"id":"cef87","interactsWith":"ea968"}],"interactionType":"gpml:Arrow"},{"networkType":"edge","gpmlType":"interaction","@type":["interaction"],"graphicalType":"path","markerEnd":"arrow","points":[{"x":633,"y":305,"isAttachedTo":"c103c","RelX":1,"anchor":[1,0.5,1,0],"RelY":0},{"x":693,"y":245.5,"isAttachedTo":"ea968","RelX":-1,"anchor":[0,0.5,-1,0],"RelY":0}],"interactionGraph":[{"id":"c103c","interactsWith":"ea968"}],"interactionType":"gpml:Arrow"},{"networkType":"edge","gpmlType":"interaction","@type":["interaction"],"graphicalType":"path","markerEnd":"arrow","points":[{"x":606,"y":148,"isAttachedTo":"b1dc2","RelX":0,"anchor":[0.5,0,0,-1],"RelY":-1},{"x":606,"y":103},{"x":265,"y":103},{"x":265,"y":228,"isAttachedTo":"f05dc","RelX":0,"anchor":[0.5,0,0,-1],"RelY":-1}],"interactionGraph":[{"id":"b1dc2","interactsWith":"f05dc"}],"interactionType":"gpml:Arrow"},{"networkType":"edge","gpmlType":"interaction","@type":["interaction"],"graphicalType":"path","markerEnd":"arrow","points":[{"x":199,"y":238,"isAttachedTo":"d8ec8","RelX":1,"anchor":[1,0.5,1,0],"RelY":0},{"x":238,"y":238,"isAttachedTo":"f05dc","RelX":-1,"anchor":[0,0.5,-1,0],"RelY":0}],"interactionGraph":[{"id":"d8ec8","interactsWith":"f05dc"}],"interactionType":"gpml:Arrow"},{"networkType":"edge","gpmlType":"interaction","@type":["interaction"],"graphicalType":"path","markerEnd":"arrow","points":[{"x":292,"y":238,"isAttachedTo":"f05dc","RelX":1,"anchor":[1,0.5,1,0],"RelY":0},{"x":346,"y":216,"isAttachedTo":"d879d","RelX":-1,"anchor":[0,0.5,-1,0],"RelY":0}],"interactionGraph":[{"id":"f05dc","interactsWith":"d879d"}],"interactionType":"gpml:Arrow"},{"networkType":"edge","gpmlType":"interaction","@type":["interaction"],"graphicalType":"path","markerEnd":"arrow","points":[{"x":292,"y":238,"isAttachedTo":"f05dc","RelX":1,"anchor":[1,0.5,1,0],"RelY":0},{"x":346,"y":263,"isAttachedTo":"b511e","RelX":-1,"anchor":[0,0.5,-1,0],"RelY":0}],"interactionGraph":[{"id":"f05dc","interactsWith":"b511e"}],"interactionType":"gpml:Arrow"},{"networkType":"node","nodeType":"Label","@type":["label"],"gpmlType":"label","graphicalType":"path"},{"networkType":"edge","gpmlType":"interaction","@type":["interaction"],"graphicalType":"path","markerEnd":"arrow","points":[{"x":400,"y":263,"isAttachedTo":"b511e","RelX":1,"anchor":[1,0.5,1,0],"RelY":0},{"x":445,"y":238,"isAttachedTo":"a81b8","RelX":-1,"anchor":[0,0.5,-1,0],"RelY":0}],"interactionGraph":[{"id":"b511e","interactsWith":"a81b8"}],"interactionType":"gpml:Arrow"},{"networkType":"edge","gpmlType":"interaction","@type":["interaction"],"graphicalType":"path","markerEnd":"arrow","points":[{"x":525,"y":238,"isAttachedTo":"a81b8","RelX":1,"anchor":[1,0.5,1,0],"RelY":0},{"x":579,"y":201,"isAttachedTo":"cef87","RelX":-1,"anchor":[0,0.5,-1,0],"RelY":0}],"interactionGraph":[{"id":"a81b8","interactsWith":"cef87"}],"interactionType":"gpml:Arrow"},{"networkType":"edge","gpmlType":"interaction","@type":["interaction"],"graphicalType":"path","markerEnd":"arrow","points":[{"x":525,"y":238,"isAttachedTo":"a81b8","RelX":1,"anchor":[1,0.5,1,0],"RelY":0},{"x":579,"y":305,"isAttachedTo":"c103c","RelX":-1,"anchor":[0,0.5,-1,0],"RelY":0}],"interactionGraph":[{"id":"a81b8","interactsWith":"c103c"}],"interactionType":"gpml:Arrow"},{"networkType":"node","nodeType":"DataNode","dataNodeType":"GeneProduct","@type":["DataNode","GeneProduct","datanode"],"gpmlType":"datanode","graphicalType":"path","datasourceReference":{"database":"WormBase","id":"Y47H9C.4","organism":"Caenorhabditis elegans"},"unificationXref":"http://identifiers.org/ensembl/Y47H9C.4"},{"networkType":"node","nodeType":"DataNode","dataNodeType":"GeneProduct","@type":["DataNode","GeneProduct","datanode"],"gpmlType":"datanode","graphicalType":"path","datasourceReference":{"database":"WormBase","id":"F56D2.7","organism":"Caenorhabditis elegans"},"unificationXref":"http://identifiers.org/ensembl/F56D2.7"},{"networkType":"node","nodeType":"DataNode","dataNodeType":"GeneProduct","@type":["DataNode","GeneProduct","datanode"],"gpmlType":"datanode","graphicalType":"path","datasourceReference":{"database":"WormBase","id":"C02C6.1","organism":"Caenorhabditis elegans"},"unificationXref":"http://identifiers.org/ensembl/C02C6.1"},{"networkType":"node","nodeType":"DataNode","dataNodeType":"GeneProduct","@type":["DataNode","GeneProduct","datanode"],"gpmlType":"datanode","graphicalType":"path","datasourceReference":{"database":"WormBase","id":"B0025.1","organism":"Caenorhabditis elegans"},"unificationXref":"http://identifiers.org/ensembl/B0025.1"},{"networkType":"node","nodeType":"DataNode","dataNodeType":"GeneProduct","@type":["DataNode","GeneProduct","datanode"],"gpmlType":"datanode","graphicalType":"path","datasourceReference":{"database":"WormBase","id":"F39B1.1","organism":"Caenorhabditis elegans"},"unificationXref":"http://identifiers.org/ensembl/F39B1.1"},{"networkType":"node","nodeType":"DataNode","dataNodeType":"GeneProduct","@type":["DataNode","GeneProduct","datanode"],"gpmlType":"datanode","graphicalType":"path","datasourceReference":{"database":"WormBase","id":"Y110A7A.5","organism":"Caenorhabditis elegans"},"unificationXref":"http://identifiers.org/ensembl/Y110A7A.5"},{"networkType":"node","nodeType":"DataNode","dataNodeType":"GeneProduct","@type":["DataNode","GeneProduct","datanode"],"gpmlType":"datanode","graphicalType":"path","datasourceReference":{"database":"WormBase","id":"C05D9.1","organism":"Caenorhabditis elegans"},"unificationXref":"http://identifiers.org/ensembl/C05D9.1"},{"networkType":"node","nodeType":"DataNode","dataNodeType":"GeneProduct","@type":["DataNode","GeneProduct","datanode"],"gpmlType":"datanode","graphicalType":"path","datasourceReference":{"database":"WormBase","id":"Y37A1B.2","organism":"Caenorhabditis elegans"},"unificationXref":"http://identifiers.org/ensembl/Y37A1B.2"},{"networkType":"node","nodeType":"DataNode","dataNodeType":"GeneProduct","@type":["DataNode","GeneProduct","datanode"],"gpmlType":"datanode","graphicalType":"path","datasourceReference":{"database":"WormBase","id":"F26H9.6","organism":"Caenorhabditis elegans"},"unificationXref":"http://identifiers.org/ensembl/F26H9.6"},{"networkType":"node","nodeType":"DataNode","dataNodeType":"GeneProduct","@type":["DataNode","GeneProduct","datanode"],"gpmlType":"datanode","graphicalType":"path","datasourceReference":{"database":"WormBase","id":"Y59A8B.22","organism":"Caenorhabditis elegans"},"unificationXref":"http://identifiers.org/ensembl/Y59A8B.22"},{"networkType":"node","nodeType":"DataNode","dataNodeType":"GeneProduct","@type":["DataNode","GeneProduct","datanode"],"gpmlType":"datanode","graphicalType":"path","datasourceReference":{"database":"WormBase","id":"F26H9.6","organism":"Caenorhabditis elegans"},"unificationXref":"http://identifiers.org/ensembl/F26H9.6"},{"networkType":"node","nodeType":"DataNode","dataNodeType":"GeneProduct","@type":["DataNode","GeneProduct","datanode"],"gpmlType":"datanode","graphicalType":"path","datasourceReference":{"database":"WormBase","id":"W03C9.3","organism":"Caenorhabditis elegans"},"unificationXref":"http://identifiers.org/ensembl/W03C9.3"},{"networkType":"edge","gpmlType":"interaction","@type":["interaction"],"graphicalType":"path","markerEnd":"arrow","points":[{"x":400,"y":216,"isAttachedTo":"d879d","RelX":1,"anchor":[1,0.5,1,0],"RelY":0},{"x":445,"y":238,"isAttachedTo":"a81b8","RelX":-1,"anchor":[0,0.5,-1,0],"RelY":0}],"interactionGraph":[{"id":"d879d","interactsWith":"a81b8"}],"interactionType":"gpml:Arrow"}],"xmlns":"http://pathvisio.org/GPML/2013a","author":"kyook@caltech.edu","name":"Degradation of apoptotic cells","organism":"Caenorhabditis elegans","image":{"@context":{"@vocab":"http://schema.org/"},"width":803,"height":394},"publicationXref":[],"id":"wpId:WP2231","revision":"68468"}}