{"@context":{"@vocab":"http://vocabularies.wikipathways.org/gpml#","@base":"wpId:WP2261","pathwayIri":"wpId:WP2261","ChEBI":"http://www.ebi.ac.uk/chebi/searchId.do?chebiId=","dataSource":"gpml:Data-Source","datasourceReference":"wp:DatasourceReference","Group":{"@container":"@list","@id":"gpml:Group"},"interaction":{"@id":"biopax:Interaction","@type":"@id"},"interactionType":{"@id":"biopax:InteractionType","@type":"@id"},"interactionGraph":{"@container":"@list","@type":"@id"},"lastModified":"gpml:Last-Modified","pathway":"biopax:Pathway","point":{"@container":"@list","@id":"gpml:Point"},"publicationXref":"biopax:PublicationXref","unificationXref":"biopax:UnificationXref","author":"schema:author","backgroundColor":"css2:colors.html#propdef-background-color","backgroundImage":"css2:colors.html#propdef-background-image","biopax":"http://www.biopax.org/release/biopax-level3.owl#","borderColor":"css2:box.html#propdef-border-color","borderStyle":"css2:box.html#propdef-border-style","borderWidth":"css2:box.html#propdef-border-width","boxSizing":{"@id":"css3Ui:box-sizing","@value":"border-box"},"color":"css2:colors.html#propdef-color","contains":{"@id":"ex:contains","@type":"@id"},"css2":"http://www.w3.org/TR/CSS2/","css3Ui":"http://www.w3.org/TR/css3-ui/#","cssTransform":"http://www.w3.org/TR/css-transforms-1/#","gpmlDataNodeType":"gpml:Type","dcterms":"http://puri.org/dc/terms/","entrezGene":"http://www.ncbi.nlm.nih.gov/gene/","ex":"http://www.example.org/","fontFamily":"css2:fonts.html#font-family-prop","fontSize":"css2:fonts.html#propdef-font-size","fontStyle":"css2:fonts.html#propdef-font-style","fontWeight":"css2:fonts.html#propdef-font-weight","gpml":"http://vocabularies.wikipathways.org/gpml#","gpmlFolder":"file://Users/andersriutta/Sites/pathvisiojs/test/gpml/","hMDB":"http://www.hmdb.ca/metabolites/HMDB","height":"css2:visudet.html#propdef-height","id":"@id","image":"schema:image","interactsWith":{"@id":"ex:interactsWith","@type":"@id"},"isContainedBy":{"@reverse":"ex:contains","@type":"@id"},"media":"http://www.w3.org/TR/mediaont-10/","name":"http://xmlns.com/foaf/0.1/name","organism":"biopax:organism","padding":"css2:box.html#propdef-padding","elements":{"@container":"@list","@id":"ex:pathwayElements/"},"position":"css2:visuren.html#propdef-position","rotate":"cssTransform:funcdef-rotate","schema":"http://schema.org/","shapeLibrary":"http://shapelibrary.example.org/","shape":"shapeLibrary:shape","stroke":"svg:painting.html#StrokeProperty","strokeWidth":"svg:painting.html#StrokeWidthProperty","svg":"http://www.w3.org/TR/SVG11/","textAlign":"css2:text.html#propdef-text-align","verticalAlign":"css2:visudet.html#propdef-vertical-align","width":"css2:visudet.html#propdef-width","wp":"http://vocabularies.wikipathways.org/wp#","wpId":"http://identifiers.org/wikipathways/","x":{"@id":"css2:visuren.html#propdef-left","@type":"xsd:integer"},"xsd":"http://www.w3.org/2001/XMLSchema#","y":"css2:visuren.html#propdef-top","zIndex":{"@id":"css2:z-index","@type":"xsd:integer"}},"wpId:WP2261":{"elements":[{"networkType":"node","nodeType":"DataNode","dataNodeType":"Pathway","@type":["DataNode","Pathway","datanode"],"gpmlType":"datanode","graphicalType":"path"},{"networkType":"node","nodeType":"DataNode","dataNodeType":"GeneProduct","@type":["DataNode","GeneProduct","datanode"],"gpmlType":"datanode","graphicalType":"path","datasourceReference":{"database":"Ensembl","id":"ENSG00000116062","organism":"Homo sapiens"},"unificationXref":"http://identifiers.org/ensembl/ENSG00000116062"},{"networkType":"node","nodeType":"DataNode","dataNodeType":"Metabolite","@type":["DataNode","Metabolite","datanode"],"gpmlType":"datanode","graphicalType":"path"},{"networkType":"node","nodeType":"DataNode","dataNodeType":"Pathway","@type":["DataNode","Pathway","datanode"],"gpmlType":"datanode","graphicalType":"path"},{"networkType":"node","nodeType":"DataNode","dataNodeType":"Pathway","@type":["DataNode","Pathway","datanode"],"gpmlType":"datanode","graphicalType":"path"},{"networkType":"node","nodeType":"DataNode","dataNodeType":"Pathway","@type":["DataNode","Pathway","datanode"],"gpmlType":"datanode","graphicalType":"path"},{"networkType":"node","nodeType":"DataNode","dataNodeType":"Pathway","@type":["DataNode","Pathway","datanode"],"gpmlType":"datanode","graphicalType":"path"},{"networkType":"node","nodeType":"DataNode","dataNodeType":"Pathway","@type":["DataNode","Pathway","datanode"],"gpmlType":"datanode","graphicalType":"path"},{"networkType":"node","nodeType":"DataNode","dataNodeType":"Pathway","@type":["DataNode","Pathway","datanode"],"gpmlType":"datanode","graphicalType":"path"},{"networkType":"node","nodeType":"DataNode","dataNodeType":"GeneProduct","@type":["DataNode","GeneProduct","datanode"],"gpmlType":"datanode","graphicalType":"path"},{"networkType":"node","nodeType":"DataNode","dataNodeType":"GeneProduct","@type":["DataNode","GeneProduct","datanode"],"gpmlType":"datanode","graphicalType":"path"},{"networkType":"node","nodeType":"DataNode","dataNodeType":"GeneProduct","@type":["DataNode","GeneProduct","datanode"],"gpmlType":"datanode","graphicalType":"path"},{"networkType":"node","nodeType":"DataNode","dataNodeType":"GeneProduct","@type":["DataNode","GeneProduct","datanode"],"gpmlType":"datanode","graphicalType":"path"},{"networkType":"node","nodeType":"Label","@type":["label"],"gpmlType":"label","graphicalType":"path"},{"networkType":"node","nodeType":"Label","@type":["label"],"gpmlType":"label","graphicalType":"path"},{"networkType":"node","nodeType":"Label","@type":["label"],"gpmlType":"label","graphicalType":"path"},{"networkType":"node","nodeType":"Label","@type":["label"],"gpmlType":"label","graphicalType":"path"},{"networkType":"node","nodeType":"Label","@type":["label"],"gpmlType":"label","graphicalType":"path"},{"networkType":"node","nodeType":"Label","@type":["label"],"gpmlType":"label","graphicalType":"path"},{"networkType":"node","nodeType":"Label","@type":["label"],"gpmlType":"label","graphicalType":"path"},{"networkType":"node","nodeType":"Label","@type":["label"],"gpmlType":"label","graphicalType":"path"},{"networkType":"node","nodeType":"Label","@type":["label"],"gpmlType":"label","graphicalType":"path"},{"networkType":"node","nodeType":"Label","@type":["label"],"gpmlType":"label","graphicalType":"path"},{"networkType":"node","nodeType":"Label","@type":["label"],"gpmlType":"label","graphicalType":"path"},{"networkType":"node","nodeType":"Label","@type":["label"],"gpmlType":"label","graphicalType":"path"},{"networkType":"node","nodeType":"Label","@type":["label"],"gpmlType":"label","graphicalType":"path"},{"networkType":"node","nodeType":"Label","@type":["label"],"gpmlType":"label","graphicalType":"path"},{"networkType":"node","nodeType":"Label","@type":["label"],"gpmlType":"label","graphicalType":"path"},{"networkType":"node","nodeType":"Label","@type":["label"],"gpmlType":"label","graphicalType":"path"},{"networkType":"node","nodeType":"Label","@type":["label"],"gpmlType":"label","graphicalType":"path"},{"networkType":"node","nodeType":"Label","@type":["label"],"gpmlType":"label","graphicalType":"path"},{"networkType":"node","nodeType":"Label","@type":["label"],"gpmlType":"label","graphicalType":"path"},{"networkType":"node","nodeType":"Label","@type":["label"],"gpmlType":"label","graphicalType":"path"},{"networkType":"node","nodeType":"Label","@type":["label"],"gpmlType":"label","graphicalType":"path"},{"networkType":"node","nodeType":"Label","@type":["label"],"gpmlType":"label","graphicalType":"path"},{"networkType":"node","nodeType":"Shape","@type":["shape"],"gpmlType":"shape","graphicalType":"path"},{"networkType":"node","nodeType":"Shape","@type":["shape"],"gpmlType":"shape","graphicalType":"path"},{"networkType":"node","nodeType":"Shape","@type":["shape"],"gpmlType":"shape","graphicalType":"path"},{"networkType":"node","nodeType":"Shape","@type":["shape"],"gpmlType":"shape","graphicalType":"path"},{"networkType":"node","nodeType":"Shape","@type":["shape"],"gpmlType":"shape","graphicalType":"path"},{"networkType":"node","nodeType":"Shape","@type":["shape"],"gpmlType":"shape","graphicalType":"path"},{"networkType":"node","nodeType":"Shape","@type":["shape"],"gpmlType":"shape","graphicalType":"path"},{"networkType":"node","nodeType":"Shape","@type":["shape"],"gpmlType":"shape","graphicalType":"path"},{"networkType":"node","nodeType":"Shape","@type":["shape"],"gpmlType":"shape","graphicalType":"path"},{"networkType":"node","nodeType":"Shape","@type":["shape"],"gpmlType":"shape","graphicalType":"path"},{"networkType":"node","nodeType":"Shape","@type":["shape"],"gpmlType":"shape","graphicalType":"path"},{"networkType":"node","nodeType":"Shape","@type":["shape"],"gpmlType":"shape","graphicalType":"path"},{"networkType":"node","nodeType":"Shape","@type":["shape"],"gpmlType":"shape","graphicalType":"path"},{"networkType":"node","nodeType":"Shape","@type":["shape"],"gpmlType":"shape","graphicalType":"path"},{"networkType":"node","nodeType":"Shape","@type":["shape"],"gpmlType":"shape","graphicalType":"path"},{"networkType":"node","nodeType":"Shape","@type":["shape"],"gpmlType":"shape","graphicalType":"path"},{"networkType":"node","nodeType":"Shape","@type":["shape"],"gpmlType":"shape","graphicalType":"path"},{"networkType":"edge","gpmlType":"interaction","@type":["interaction"],"graphicalType":"path","markerEnd":"mimStimulation","points":[{"x":960.1676774379637,"y":129.71413022142042,"isAttachedTo":"b58be","RelX":0,"anchor":[0.5,1,0,1],"RelY":1},{"x":960.1676774379641,"y":153.71413022142042,"isAttachedTo":"d1ffa","RelX":0,"anchor":[0.5,0,0,-1],"RelY":-1}],"interactionGraph":[{"id":"b58be","interactsWith":"d1ffa"}],"interactionType":"mim-stimulation"},{"networkType":"edge","gpmlType":"interaction","@type":["interaction"],"graphicalType":"path","markerEnd":"mimStimulation","points":[{"x":960.1676774379641,"y":237.7141302214203,"isAttachedTo":"d1ffa","RelX":0,"anchor":[0.5,1,0,1],"RelY":1},{"x":960.1676774379637,"y":262.7141302214204,"isAttachedTo":"d07e6","RelX":0,"anchor":[0.5,0,0,-1],"RelY":-1}],"interactionGraph":[{"id":"d1ffa","interactsWith":"d07e6"}],"interactionType":"mim-stimulation"},{"networkType":"edge","gpmlType":"interaction","@type":["interaction"],"graphicalType":"path","markerEnd":"arrow","points":[{"x":960.1676774379639,"y":282.71413022142036},{"x":959.6162754189037,"y":754.9093600075462,"isAttachedTo":"c2333","RelX":0,"anchor":[0.5,0,0,-1],"RelY":-1}]},{"networkType":"edge","gpmlType":"interaction","@type":["interaction"],"graphicalType":"path","markerEnd":"mimStimulation","points":[{"x":305.1572011129853,"y":182.1267916207277,"isAttachedTo":"f8ce9","RelX":0,"anchor":[0.5,1,0,1],"RelY":1},{"x":305.0656636373989,"y":210.12679162072772,"isAttachedTo":"d6748","RelX":0,"anchor":[0.5,0,0,-1],"RelY":-1}],"interactionGraph":[{"id":"f8ce9","interactsWith":"d6748"}],"interactionType":"mim-stimulation"},{"networkType":"edge","gpmlType":"interaction","@type":["interaction"],"graphicalType":"path","markerEnd":"mimStimulation","points":[{"x":305.0656636373989,"y":230.12679162072772,"isAttachedTo":"d6748","RelX":0,"anchor":[0.5,1,0,1],"RelY":1},{"x":305.0656636373989,"y":256.1267916207277,"isAttachedTo":"d4e49","RelX":0,"anchor":[0.5,0,0,-1],"RelY":-1}],"interactionGraph":[{"id":"d6748","interactsWith":"d4e49"}],"interactionType":"mim-stimulation"},{"networkType":"edge","gpmlType":"interaction","@type":["interaction"],"graphicalType":"path","markerEnd":"mimStimulation","points":[{"x":305.0656636373989,"y":276.1267916207277,"isAttachedTo":"d4e49","RelX":0,"anchor":[0.5,1,0,1],"RelY":1},{"x":305.0656636373992,"y":302.12679162072754,"isAttachedTo":"c70c2","RelX":0,"anchor":[0.5,0,0,-1],"RelY":-1}],"interactionGraph":[{"id":"d4e49","interactsWith":"c70c2"}],"interactionType":"mim-stimulation"},{"networkType":"edge","gpmlType":"interaction","@type":["interaction"],"graphicalType":"path","markerEnd":"mimInhibition","points":[{"x":462.6572011129848,"y":175.12679162072772,"isAttachedTo":"a1ae2","RelX":-1,"anchor":[0,0.5,-1,0],"RelY":0},{"x":414.65720111298486,"y":199.12679162072772,"isAttachedTo":"b199b","RelX":1,"anchor":[1,0.5,1,0],"RelY":0}],"interactionGraph":[{"id":"a1ae2","interactsWith":"b199b"}],"interactionType":"mim-inhibition"},{"networkType":"edge","gpmlType":"interaction","@type":["interaction"],"graphicalType":"path","markerEnd":"mimInhibition","points":[{"x":364.65720111298486,"y":199.12679162072772,"isAttachedTo":"b199b","RelX":-1,"anchor":[0,0.5,-1,0],"RelY":0},{"x":327.0656636373989,"y":220.12679162072772,"isAttachedTo":"d6748","RelX":1,"anchor":[1,0.5,1,0],"RelY":0}],"interactionGraph":[{"id":"b199b","interactsWith":"d6748"}],"interactionType":"mim-inhibition"},{"networkType":"edge","gpmlType":"interaction","@type":["interaction"],"graphicalType":"path","markerEnd":"mimStimulation","points":[{"x":463.6572011129848,"y":204.12679162072772,"isAttachedTo":"f82ac","RelX":-1,"anchor":[0,0.5,-1,0],"RelY":0},{"x":371.65720111298515,"y":161.1267916207277,"isAttachedTo":"f8ce9","RelX":1,"anchor":[1,0.75,1,0],"RelY":0.5}],"interactionGraph":[{"id":"f82ac","interactsWith":"f8ce9"}],"interactionType":"mim-stimulation"},{"networkType":"edge","gpmlType":"interaction","@type":["interaction"],"graphicalType":"path","markerEnd":"mimStimulation","points":[{"x":462.6572011129848,"y":175.12679162072772,"isAttachedTo":"a1ae2","RelX":-1,"anchor":[0,0.5,-1,0],"RelY":0},{"x":371.65720111298515,"y":140.1267916207277,"isAttachedTo":"f8ce9","RelX":1,"anchor":[1,0.5,1,0],"RelY":0}],"interactionGraph":[{"id":"a1ae2","interactsWith":"f8ce9"}],"interactionType":"mim-stimulation"},{"networkType":"edge","gpmlType":"interaction","@type":["interaction"],"graphicalType":"path","markerEnd":"mimStimulation","points":[{"x":462.6572011129848,"y":144.12679162072772,"isAttachedTo":"dc3bf","RelX":-1,"anchor":[0,0.5,-1,0],"RelY":0},{"x":371.65720111298515,"y":119.12679162072769,"isAttachedTo":"f8ce9","RelX":1,"anchor":[1,0.25,1,0],"RelY":-0.5}],"interactionGraph":[{"id":"dc3bf","interactsWith":"f8ce9"}],"interactionType":"mim-stimulation"},{"networkType":"edge","gpmlType":"interaction","@type":["interaction"],"graphicalType":"path","markerEnd":"mimStimulation","points":[{"x":379.65720111298486,"y":259.1267916207277,"isAttachedTo":"b5f4c","RelX":-1,"anchor":[0,0.5,-1,0],"RelY":0},{"x":327.0656636373989,"y":220.12679162072772,"isAttachedTo":"d6748","RelX":1,"anchor":[1,0.5,1,0],"RelY":0}],"interactionGraph":[{"id":"b5f4c","interactsWith":"d6748"}],"interactionType":"mim-stimulation"},{"networkType":"edge","gpmlType":"interaction","@type":["interaction"],"graphicalType":"path","markerEnd":"mimInhibition","points":[{"x":335.5656636373992,"y":340.12679162072754,"isAttachedTo":"c70c2","RelX":1,"anchor":[1,0.5,1,0],"RelY":0},{"x":417.657201112985,"y":340.12679162072754,"isAttachedTo":"a88e9","RelX":-1,"anchor":[0,0.5,-1,0],"RelY":0}],"interactionGraph":[{"id":"c70c2","interactsWith":"a88e9"}],"interactionType":"mim-inhibition"},{"networkType":"edge","gpmlType":"interaction","@type":["interaction"],"graphicalType":"path","markerEnd":"mimInhibition","points":[{"x":766.6681367144431,"y":182.63947078280052,"isAttachedTo":"e483d","RelX":-1,"anchor":[0,0.5,-1,0],"RelY":0},{"x":720.6681367144433,"y":142.12679162072766,"isAttachedTo":"ef296","RelX":0.5,"anchor":[0.75,1,0,1],"RelY":1}],"interactionGraph":[{"id":"e483d","interactsWith":"ef296"}],"interactionType":"mim-inhibition"},{"networkType":"edge","gpmlType":"interaction","@type":["interaction"],"graphicalType":"path","markerEnd":"mimStimulation","points":[{"x":621.052921719956,"y":140.12679162072766,"isAttachedTo":"bd96f","RelX":-1,"anchor":[0,0.5,-1,0],"RelY":0},{"x":507.6572011129848,"y":144.12679162072772,"isAttachedTo":"dc3bf","RelX":1,"anchor":[1,0.5,1,0],"RelY":0}],"interactionGraph":[{"id":"bd96f","interactsWith":"dc3bf"}],"interactionType":"mim-stimulation"},{"networkType":"edge","gpmlType":"interaction","@type":["interaction"],"graphicalType":"path","markerEnd":"mimStimulation","points":[{"x":703.1681367144433,"y":158.12679162072766,"isAttachedTo":"f2f4d","RelX":0,"anchor":[0.5,1,0,1],"RelY":1},{"x":507.6572011129848,"y":175.12679162072772,"isAttachedTo":"a1ae2","RelX":1,"anchor":[1,0.5,1,0],"RelY":0}],"interactionGraph":[{"id":"f2f4d","interactsWith":"a1ae2"}],"interactionType":"mim-stimulation"},{"networkType":"edge","gpmlType":"interaction","@type":["interaction"],"graphicalType":"path","markerEnd":"mimStimulation","points":[{"x":703.1681367144433,"y":158.12679162072766,"isAttachedTo":"f2f4d","RelX":0,"anchor":[0.5,1,0,1],"RelY":1},{"x":916.6676774379641,"y":174.7141302214204,"isAttachedTo":"d1ffa","RelX":-1,"anchor":[0,0.25,-1,0],"RelY":-0.5}],"interactionGraph":[{"id":"f2f4d","interactsWith":"d1ffa"}],"interactionType":"mim-stimulation"},{"networkType":"edge","gpmlType":"interaction","@type":["interaction"],"graphicalType":"path","markerEnd":"mimStimulation","points":[{"x":703.1681367144433,"y":158.12679162072766,"isAttachedTo":"f2f4d","RelX":0,"anchor":[0.5,1,0,1],"RelY":1},{"x":702.6681367144431,"y":194.12679162072772,"isAttachedTo":"f7943","RelX":0,"anchor":[0.5,0,0,-1],"RelY":-1}],"interactionGraph":[{"id":"f2f4d","interactsWith":"f7943"}],"interactionType":"mim-stimulation"},{"networkType":"edge","gpmlType":"interaction","@type":["interaction"],"graphicalType":"path","markerEnd":"mimStimulation","points":[{"x":702.6681367144431,"y":214.12679162072772,"isAttachedTo":"f7943","RelX":0,"anchor":[0.5,1,0,1],"RelY":1},{"x":702.6681367144433,"y":242.12679162072754,"isAttachedTo":"b3ffa","RelX":0,"anchor":[0.5,0,0,-1],"RelY":-1}],"interactionGraph":[{"id":"f7943","interactsWith":"b3ffa"}],"interactionType":"mim-stimulation"},{"networkType":"edge","gpmlType":"interaction","@type":["interaction"],"graphicalType":"path","markerEnd":"mimStimulation","points":[{"x":679.6681367144431,"y":204.12679162072772,"isAttachedTo":"f7943","RelX":-1,"anchor":[0,0.5,-1,0],"RelY":0},{"x":508.6572011129848,"y":204.12679162072772,"isAttachedTo":"f82ac","RelX":1,"anchor":[1,0.5,1,0],"RelY":0}],"interactionGraph":[{"id":"f7943","interactsWith":"f82ac"}],"interactionType":"mim-stimulation"},{"networkType":"edge","gpmlType":"interaction","@type":["interaction"],"graphicalType":"path","markerEnd":"mimStimulation","points":[{"x":702.6681367144433,"y":318.12679162072754,"isAttachedTo":"b3ffa","RelX":0,"anchor":[0.5,1,0,1],"RelY":1},{"x":702.6681367144433,"y":350.12679162072754,"isAttachedTo":"b75aa","RelX":0,"anchor":[0.5,0,0,-1],"RelY":-1}],"interactionGraph":[{"id":"b3ffa","interactsWith":"b75aa"}],"interactionType":"mim-stimulation"},{"networkType":"edge","gpmlType":"interaction","@type":["interaction"],"graphicalType":"path","markerEnd":"mimInhibition","points":[{"x":628.6681367144431,"y":341.1267916207277,"isAttachedTo":"a6a41","RelX":1,"anchor":[1,0.5,1,0],"RelY":0},{"x":671.6681367144433,"y":369.12679162072754,"isAttachedTo":"b75aa","RelX":-1,"anchor":[0,0.25,-1,0],"RelY":-0.5}],"interactionGraph":[{"id":"a6a41","interactsWith":"b75aa"}],"interactionType":"mim-inhibition"},{"networkType":"edge","gpmlType":"interaction","@type":["interaction"],"graphicalType":"path","markerEnd":"mimStimulation","points":[{"x":486.657201112985,"y":340.12679162072754,"isAttachedTo":"a88e9","RelX":1,"anchor":[1,0.5,1,0],"RelY":0},{"x":574.6681367144431,"y":341.1267916207277,"isAttachedTo":"a6a41","RelX":-1,"anchor":[0,0.5,-1,0],"RelY":0}],"interactionGraph":[{"id":"a88e9","interactsWith":"a6a41"}],"interactionType":"mim-stimulation"},{"networkType":"edge","gpmlType":"interaction","@type":["interaction"],"graphicalType":"path","markerEnd":"mimInhibition","points":[{"x":601.6681367144431,"y":331.1267916207277,"isAttachedTo":"a6a41","RelX":0,"anchor":[0.5,0,0,-1],"RelY":-1},{"x":601.6681367144431,"y":235.12679162072772,"isAttachedTo":"fc904","RelX":0,"anchor":[0.5,1,0,1],"RelY":1}],"interactionGraph":[{"id":"a6a41","interactsWith":"fc904"}],"interactionType":"mim-inhibition"},{"networkType":"edge","gpmlType":"interaction","@type":["interaction"],"graphicalType":"path","markerEnd":"mimInhibition","points":[{"x":757.8743939566218,"y":299.8255169973211,"isAttachedTo":"d3a4e","RelX":-1,"anchor":[0,0.5,-1,0],"RelY":0},{"x":733.6681367144433,"y":299.12679162072754,"isAttachedTo":"b3ffa","RelX":1,"anchor":[1,0.75,1,0],"RelY":0.5}],"interactionGraph":[{"id":"d3a4e","interactsWith":"b3ffa"}],"interactionType":"mim-inhibition"},{"networkType":"edge","gpmlType":"interaction","@type":["interaction"],"graphicalType":"path","markerEnd":"mimInhibition","points":[{"x":601.6681367144431,"y":215.12679162072772,"isAttachedTo":"fc904","RelX":0,"anchor":[0.5,0,0,-1],"RelY":-1},{"x":703.1681367144433,"y":158.12679162072766,"isAttachedTo":"f2f4d","RelX":0,"anchor":[0.5,1,0,1],"RelY":1}],"interactionGraph":[{"id":"fc904","interactsWith":"f2f4d"}],"interactionType":"mim-inhibition"},{"networkType":"edge","gpmlType":"interaction","@type":["interaction"],"graphicalType":"path","markerEnd":"mimStimulation","points":[{"x":671.6681367144433,"y":261.12679162072754,"isAttachedTo":"b3ffa","RelX":-1,"anchor":[0,0.25,-1,0],"RelY":-0.5},{"x":434.65720111298486,"y":259.1267916207277,"isAttachedTo":"b5f4c","RelX":1,"anchor":[1,0.5,1,0],"RelY":0}],"interactionGraph":[{"id":"b3ffa","interactsWith":"b5f4c"}],"interactionType":"mim-stimulation"},{"networkType":"edge","gpmlType":"interaction","@type":["interaction"],"graphicalType":"path","markerEnd":"mimStimulation","points":[{"x":703.1681367144433,"y":158.12679162072766,"isAttachedTo":"f2f4d","RelX":0,"anchor":[0.5,1,0,1],"RelY":1},{"x":853.0169200284653,"y":349.5729098130803,"isAttachedTo":"e1077","RelX":-1,"anchor":[0,0.25,-1,0],"RelY":-0.5}],"interactionGraph":[{"id":"f2f4d","interactsWith":"e1077"}],"interactionType":"mim-stimulation"},{"networkType":"edge","gpmlType":"interaction","@type":["interaction"],"graphicalType":"path","markerEnd":"mimStimulation","points":[{"x":887.0169200284653,"y":391.5729098130803,"isAttachedTo":"e1077","RelX":0,"anchor":[0.5,1,0,1],"RelY":1},{"x":887.0169200284652,"y":461.33536636000974,"isAttachedTo":"d77a3","RelX":0,"anchor":[0.5,0,0,-1],"RelY":-1}],"interactionGraph":[{"id":"e1077","interactsWith":"d77a3"}],"interactionType":"mim-stimulation"},{"networkType":"edge","gpmlType":"interaction","@type":["interaction"],"graphicalType":"path","markerEnd":"mimStimulation","points":[{"x":821.0169200284652,"y":509.33536636000855,"isAttachedTo":"d77a3","RelX":-1,"anchor":[0,0.5,-1,0],"RelY":0},{"x":733.6681367144433,"y":407.12679162072754,"isAttachedTo":"b75aa","RelX":1,"anchor":[1,0.75,1,0],"RelY":0.5}],"interactionGraph":[{"id":"d77a3","interactsWith":"b75aa"}],"interactionType":"mim-stimulation"},{"networkType":"edge","gpmlType":"interaction","@type":["interaction"],"graphicalType":"path","markerEnd":"mimStimulation","points":[{"x":702.6681367144433,"y":426.12679162072754,"isAttachedTo":"b75aa","RelX":0,"anchor":[0.5,1,0,1],"RelY":1},{"x":703.1681367144433,"y":485.12679162072726,"isAttachedTo":"ce0ec","RelX":0,"anchor":[0.5,0,0,-1],"RelY":-1}],"interactionGraph":[{"id":"b75aa","interactsWith":"ce0ec"}],"interactionType":"mim-stimulation"},{"networkType":"edge","gpmlType":"interaction","@type":["interaction"],"graphicalType":"path","markerEnd":"mimStimulation","points":[{"x":821.0169200284652,"y":509.33536636000855,"isAttachedTo":"d77a3","RelX":-1,"anchor":[0,0.5,-1,0],"RelY":0},{"x":775.1681367144433,"y":509.1267916207273,"isAttachedTo":"ce0ec","RelX":1,"anchor":[1,0.25,1,0],"RelY":-0.5}],"interactionGraph":[{"id":"d77a3","interactsWith":"ce0ec"}],"interactionType":"mim-stimulation"},{"networkType":"edge","gpmlType":"interaction","@type":["interaction"],"graphicalType":"path","markerEnd":"mimStimulation","points":[{"x":703.1681367144433,"y":581.1267916207273,"isAttachedTo":"ce0ec","RelX":0,"anchor":[0.5,1,0,1],"RelY":1},{"x":703.0393396306032,"y":622.052672544178,"isAttachedTo":"bdf01","RelX":0,"anchor":[0.5,0,0,-1],"RelY":-1}],"interactionGraph":[{"id":"ce0ec","interactsWith":"bdf01"}],"interactionType":"mim-stimulation"},{"networkType":"edge","gpmlType":"interaction","@type":["interaction"],"graphicalType":"path","markerEnd":"mimStimulation","points":[{"x":663.0393396306032,"y":650.052672544178,"isAttachedTo":"bdf01","RelX":-1,"anchor":[0,0.5,-1,0],"RelY":0},{"x":588.2645352004267,"y":584.883318928263,"isAttachedTo":"eee13","RelX":1,"anchor":[1,0.5,1,0],"RelY":0}],"interactionGraph":[{"id":"bdf01","interactsWith":"eee13"}],"interactionType":"mim-stimulation"},{"networkType":"edge","gpmlType":"interaction","@type":["interaction"],"graphicalType":"path","markerEnd":"mimStimulation","points":[{"x":663.0393396306032,"y":664.052672544178,"isAttachedTo":"bdf01","RelX":-1,"anchor":[0,0.75,-1,0],"RelY":0.5},{"x":393.30342889100314,"y":606.2549697493517,"isAttachedTo":"d71c7","RelX":1,"anchor":[1,0.75,1,0],"RelY":0.5}],"interactionGraph":[{"id":"bdf01","interactsWith":"d71c7"}],"interactionType":"mim-stimulation"},{"networkType":"edge","gpmlType":"interaction","@type":["interaction"],"graphicalType":"path","markerEnd":"arrow","points":[{"x":703.0393396306032,"y":678.052672544178,"isAttachedTo":"bdf01","RelX":0,"anchor":[0.5,1,0,1],"RelY":1},{"x":702.3086269744836,"y":754.9093600075462,"isAttachedTo":"d3f2b","RelX":0,"anchor":[0.5,0,0,-1],"RelY":-1}],"interactionGraph":[{"id":"bdf01","interactsWith":"d3f2b"}],"interactionType":"gpml:Arrow"},{"networkType":"edge","gpmlType":"interaction","@type":["interaction"],"graphicalType":"path","markerEnd":"mimStimulation","points":[{"x":452.157201112985,"y":378.12679162072754,"isAttachedTo":"a88e9","RelX":0,"anchor":[0.5,1,0,1],"RelY":1},{"x":496.2414386670835,"y":405.8513396715644,"isAttachedTo":"d3436","RelX":-0.5,"anchor":[0.25,0,0,-1],"RelY":-1}],"interactionGraph":[{"id":"a88e9","interactsWith":"d3436"}],"interactionType":"mim-stimulation"},{"networkType":"edge","gpmlType":"interaction","@type":["interaction"],"graphicalType":"path","markerEnd":"mimStimulation","points":[{"x":452.157201112985,"y":378.12679162072754,"isAttachedTo":"a88e9","RelX":0,"anchor":[0.5,1,0,1],"RelY":1},{"x":451.6232214579869,"y":449.5592048401036,"isAttachedTo":"d331d","RelX":0,"anchor":[0.5,0,0,-1],"RelY":-1}],"interactionGraph":[{"id":"a88e9","interactsWith":"d331d"}],"interactionType":"mim-stimulation"},{"networkType":"edge","gpmlType":"interaction","@type":["interaction"],"graphicalType":"path","markerEnd":"mimInhibition","points":[{"x":320.3156636373992,"y":378.12679162072754,"isAttachedTo":"c70c2","RelX":0.5,"anchor":[0.75,1,0,1],"RelY":1},{"x":481.055613256539,"y":415.8513396715644,"isAttachedTo":"d3436","RelX":-1,"anchor":[0,0.5,-1,0],"RelY":0}],"interactionGraph":[{"id":"c70c2","interactsWith":"d3436"}],"interactionType":"mim-inhibition"},{"networkType":"edge","gpmlType":"interaction","@type":["interaction"],"graphicalType":"path","markerEnd":"mimInhibition","points":[{"x":511.427264077628,"y":425.8513396715644,"isAttachedTo":"d3436","RelX":0,"anchor":[0.5,1,0,1],"RelY":1},{"x":511.24984202842876,"y":450.7744165946408,"isAttachedTo":"c50de","RelX":-0.5,"anchor":[0.25,0,0,-1],"RelY":-1}],"interactionGraph":[{"id":"d3436","interactsWith":"c50de"}],"interactionType":"mim-inhibition"},{"networkType":"edge","gpmlType":"interaction","@type":["interaction"],"graphicalType":"path","markerEnd":"mimInhibition","points":[{"x":320.3156636373992,"y":378.12679162072754,"isAttachedTo":"c70c2","RelX":0.5,"anchor":[0.75,1,0,1],"RelY":1},{"x":346.18498289549234,"y":417.3470871494671,"isAttachedTo":"c52a2","RelX":-0.5,"anchor":[0.25,0,0,-1],"RelY":-1}],"interactionGraph":[{"id":"c70c2","interactsWith":"c52a2"}],"interactionType":"mim-inhibition"},{"networkType":"edge","gpmlType":"interaction","@type":["interaction"],"graphicalType":"path","markerEnd":"mimStimulation","points":[{"x":305.0656636373992,"y":378.12679162072754,"isAttachedTo":"c70c2","RelX":0,"anchor":[0.5,1,0,1],"RelY":1},{"x":277.38600097002956,"y":453.20671951818576,"isAttachedTo":"d3645","RelX":0.5,"anchor":[0.75,0,0,-1],"RelY":-1}],"interactionGraph":[{"id":"c70c2","interactsWith":"d3645"}],"interactionType":"mim-stimulation"},{"networkType":"edge","gpmlType":"interaction","@type":["interaction"],"graphicalType":"path","markerEnd":"arrow","points":[{"x":274.5656636373992,"y":340.12679162072754,"isAttachedTo":"c70c2","RelX":-1,"anchor":[0,0.5,-1,0],"RelY":0},{"x":139.3259811890727,"y":339.82792678279105,"isAttachedTo":"c6738","RelX":1,"anchor":[1,0.5,1,0],"RelY":0}],"interactionGraph":[{"id":"c70c2","interactsWith":"c6738"}],"interactionType":"gpml:Arrow"},{"networkType":"edge","gpmlType":"interaction","@type":["interaction"],"graphicalType":"path","markerEnd":"mimInhibition","points":[{"x":417.1409396948062,"y":574.1515655527562,"isAttachedTo":"dddde","RelX":-1,"anchor":[0,0.5,-1,0],"RelY":0},{"x":393.30342889100314,"y":585.2549697493517,"isAttachedTo":"d71c7","RelX":1,"anchor":[1,0.5,1,0],"RelY":0}],"interactionGraph":[{"id":"dddde","interactsWith":"d71c7"}],"interactionType":"mim-inhibition"},{"networkType":"edge","gpmlType":"interaction","@type":["interaction"],"graphicalType":"path","markerEnd":"mimInhibition","points":[{"x":486.1055032211674,"y":574.1515655527562,"isAttachedTo":"dddde","RelX":1,"anchor":[1,0.5,1,0],"RelY":0},{"x":510.4356674389748,"y":584.883318928263,"isAttachedTo":"eee13","RelX":-1,"anchor":[0,0.5,-1,0],"RelY":0}],"interactionGraph":[{"id":"dddde","interactsWith":"eee13"}],"interactionType":"mim-inhibition"},{"networkType":"edge","gpmlType":"interaction","@type":["interaction"],"graphicalType":"path","markerEnd":"mimInhibition","points":[{"x":451.6232214579869,"y":469.5592048401036,"isAttachedTo":"d331d","RelX":0,"anchor":[0.5,1,0,1],"RelY":1},{"x":373.84621195064017,"y":543.2549697493517,"isAttachedTo":"d71c7","RelX":0.5,"anchor":[0.75,0,0,-1],"RelY":-1}],"interactionGraph":[{"id":"d331d","interactsWith":"d71c7"}],"interactionType":"mim-inhibition"},{"networkType":"edge","gpmlType":"interaction","@type":["interaction"],"graphicalType":"path","markerEnd":"mimInhibition","points":[{"x":451.6232214579869,"y":469.5592048401036,"isAttachedTo":"d331d","RelX":0,"anchor":[0.5,1,0,1],"RelY":1},{"x":529.8928843793378,"y":542.883318928263,"isAttachedTo":"eee13","RelX":-0.5,"anchor":[0.25,0,0,-1],"RelY":-1}],"interactionGraph":[{"id":"d331d","interactsWith":"eee13"}],"interactionType":"mim-inhibition"},{"networkType":"edge","gpmlType":"interaction","@type":["interaction"],"graphicalType":"path","markerEnd":"mimInhibition","points":[{"x":373.84621195064017,"y":627.2549697493517,"isAttachedTo":"d71c7","RelX":0.5,"anchor":[0.75,1,0,1],"RelY":1},{"x":428.47196095378524,"y":662.8151260504198,"isAttachedTo":"ac3af","RelX":-1,"anchor":[0,0.5,-1,0],"RelY":0}],"interactionGraph":[{"id":"d71c7","interactsWith":"ac3af"}],"interactionType":"mim-inhibition"},{"networkType":"edge","gpmlType":"interaction","@type":["interaction"],"graphicalType":"path","markerEnd":"mimInhibition","points":[{"x":529.8928843793378,"y":626.883318928263,"isAttachedTo":"eee13","RelX":-0.5,"anchor":[0.25,1,0,1],"RelY":1},{"x":474.7744819621886,"y":662.8151260504198,"isAttachedTo":"ac3af","RelX":1,"anchor":[1,0.5,1,0],"RelY":0}],"interactionGraph":[{"id":"eee13","interactsWith":"ac3af"}],"interactionType":"mim-inhibition"},{"networkType":"edge","gpmlType":"interaction","@type":["interaction"],"graphicalType":"path","markerEnd":"mimInhibition","points":[{"x":511.24984202842876,"y":514.7744165946408,"isAttachedTo":"c50de","RelX":-0.5,"anchor":[0.25,1,0,1],"RelY":1},{"x":451.6232214579869,"y":652.8151260504198,"isAttachedTo":"ac3af","RelX":0,"anchor":[0.5,0,0,-1],"RelY":-1}],"interactionGraph":[{"id":"c50de","interactsWith":"ac3af"}],"interactionType":"mim-inhibition"},{"networkType":"edge","gpmlType":"interaction","@type":["interaction"],"graphicalType":"path","markerEnd":"mimInhibition","points":[{"x":451.6232214579869,"y":672.8151260504198,"isAttachedTo":"ac3af","RelX":0,"anchor":[0.5,1,0,1],"RelY":1},{"x":451.2065547913203,"y":698.6947556800496,"isAttachedTo":"f79fa","RelX":0,"anchor":[0.5,0,0,-1],"RelY":-1}],"interactionGraph":[{"id":"ac3af","interactsWith":"f79fa"}],"interactionType":"mim-inhibition"},{"networkType":"edge","gpmlType":"interaction","@type":["interaction"],"graphicalType":"path","markerEnd":"arrow","points":[{"x":451.2065547913203,"y":718.6947556800496,"isAttachedTo":"f79fa","RelX":0,"anchor":[0.5,1,0,1],"RelY":1},{"x":451.3671539224574,"y":754.9093600075461,"isAttachedTo":"f1994","RelX":0,"anchor":[0.5,0,0,-1],"RelY":-1}],"interactionGraph":[{"id":"f79fa","interactsWith":"f1994"}],"interactionType":"gpml:Arrow"},{"networkType":"node","nodeType":"DataNode","dataNodeType":"GeneProduct","@type":["DataNode","GeneProduct","datanode"],"gpmlType":"datanode","graphicalType":"path"},{"networkType":"edge","gpmlType":"interaction","@type":["interaction"],"graphicalType":"path","markerEnd":"mimStimulation","points":[{"x":268.28644990376995,"y":505.85022131926166,"isAttachedTo":"e0682","RelX":1,"anchor":[1,0.5,1,0],"RelY":0},{"x":277.38600097002956,"y":473.20671951818576,"isAttachedTo":"d3645","RelX":0.5,"anchor":[0.75,1,0,1],"RelY":1}],"interactionGraph":[{"id":"e0682","interactsWith":"d3645"}],"interactionType":"mim-stimulation"},{"networkType":"edge","gpmlType":"interaction","@type":["interaction"],"graphicalType":"path","markerEnd":"mimInhibition","points":[{"x":250.90371920684896,"y":473.20671951818576,"isAttachedTo":"d3645","RelX":-0.5,"anchor":[0.25,1,0,1],"RelY":1},{"x":241.80416814058935,"y":495.85022131926166,"isAttachedTo":"e0682","RelX":0,"anchor":[0.5,0,0,-1],"RelY":-1}],"interactionGraph":[{"id":"d3645","interactsWith":"e0682"}],"interactionType":"mim-inhibition"},{"networkType":"edge","gpmlType":"interaction","@type":["interaction"],"graphicalType":"path","markerEnd":"mimInhibition","points":[{"x":215.9646728922204,"y":473.3614311918855,"isAttachedTo":"c6123","RelX":0.5,"anchor":[0.75,1,0,1],"RelY":1},{"x":228.56302725899906,"y":495.85022131926166,"isAttachedTo":"e0682","RelX":-0.5,"anchor":[0.25,0,0,-1],"RelY":-1}],"interactionGraph":[{"id":"c6123","interactsWith":"e0682"}],"interactionType":"mim-inhibition"},{"networkType":"edge","gpmlType":"interaction","@type":["interaction"],"graphicalType":"path","markerEnd":"mimInhibition","points":[{"x":251.06627855067015,"y":431.01884337570596,"isAttachedTo":"ed317","RelX":0,"anchor":[0.5,1,0,1],"RelY":1},{"x":250.90371920684896,"y":453.20671951818576,"isAttachedTo":"d3645","RelX":-0.5,"anchor":[0.25,0,0,-1],"RelY":-1}],"interactionGraph":[{"id":"ed317","interactsWith":"d3645"}],"interactionType":"mim-inhibition"},{"networkType":"edge","gpmlType":"interaction","@type":["interaction"],"graphicalType":"path","markerEnd":"arrow","points":[{"x":224.84569590121822,"y":496.7758111559224},{"x":139.33505559923606,"y":477.2416903278997,"isAttachedTo":"b49eb","RelX":1,"anchor":[1,0.5,1,0],"RelY":0}]},{"networkType":"edge","gpmlType":"interaction","@type":["interaction"],"graphicalType":"path","markerEnd":"arrow","points":[{"x":215.32188637740876,"y":505.85022131926166,"isAttachedTo":"e0682","RelX":-1,"anchor":[0,0.5,-1,0],"RelY":0},{"x":132.4081690740619,"y":528.1263714229774,"isAttachedTo":"a4f6c","RelX":1,"anchor":[1,0.5,1,0],"RelY":0}],"interactionGraph":[{"id":"e0682","interactsWith":"a4f6c"}],"interactionType":"gpml:Arrow"},{"networkType":"edge","gpmlType":"interaction","@type":["interaction"],"graphicalType":"path","markerEnd":"mimStimulation","points":[{"x":241.10812294897033,"y":584.0296270363125,"isAttachedTo":"f44cb","RelX":0,"anchor":[0.5,0,0,-1],"RelY":-1},{"x":241.80416814058935,"y":515.8502213192617,"isAttachedTo":"e0682","RelX":0,"anchor":[0.5,1,0,1],"RelY":1}],"interactionGraph":[{"id":"f44cb","interactsWith":"e0682"}],"interactionType":"mim-stimulation"},{"networkType":"edge","gpmlType":"interaction","@type":["interaction"],"graphicalType":"path","markerEnd":"mimStimulation","points":[{"x":212.63151525539504,"y":552.6522528551078,"isAttachedTo":"af591","RelX":0.5,"anchor":[0.75,0,0,-1],"RelY":-1},{"x":228.56302725899906,"y":515.8502213192617,"isAttachedTo":"e0682","RelX":-0.5,"anchor":[0.25,1,0,1],"RelY":1}],"interactionGraph":[{"id":"af591","interactsWith":"e0682"}],"interactionType":"mim-stimulation"},{"networkType":"edge","gpmlType":"interaction","@type":["interaction"],"graphicalType":"path","markerEnd":"mimStimulation","points":[{"x":241.10812294897033,"y":604.0296270363125,"isAttachedTo":"f44cb","RelX":0,"anchor":[0.5,1,0,1],"RelY":1},{"x":178.3517593138813,"y":655.3896429657154,"isAttachedTo":"c6965","RelX":0.5,"anchor":[0.75,0,0,-1],"RelY":-1}],"interactionGraph":[{"id":"f44cb","interactsWith":"c6965"}],"interactionType":"mim-stimulation"},{"networkType":"edge","gpmlType":"interaction","@type":["interaction"],"graphicalType":"path","markerEnd":"mimStimulation","points":[{"x":241.10812294897033,"y":604.0296270363125,"isAttachedTo":"f44cb","RelX":0,"anchor":[0.5,1,0,1],"RelY":1},{"x":241.14691607294435,"y":655.2970839820493,"isAttachedTo":"dac06","RelX":0,"anchor":[0.5,0,0,-1],"RelY":-1}],"interactionGraph":[{"id":"f44cb","interactsWith":"dac06"}],"interactionType":"mim-stimulation"},{"networkType":"edge","gpmlType":"interaction","@type":["interaction"],"graphicalType":"path","markerEnd":"arrow","points":[{"x":165.110618432291,"y":707.3896429657154,"isAttachedTo":"b71d9","RelX":0,"anchor":[0.5,1,0,1],"RelY":1},{"x":176.8173821297861,"y":754.9093600075461,"isAttachedTo":"e70cd","RelX":-0.5,"anchor":[0.25,0,0,-1],"RelY":-1}],"interactionGraph":[{"id":"b71d9","interactsWith":"e70cd"}],"interactionType":"gpml:Arrow"},{"networkType":"edge","gpmlType":"interaction","@type":["interaction"],"graphicalType":"path","markerEnd":"arrow","points":[{"x":241.14691607294435,"y":707.2970839820493,"isAttachedTo":"e21a3","RelX":0,"anchor":[0.5,1,0,1],"RelY":1},{"x":229.95350239459998,"y":754.9093600075461,"isAttachedTo":"e70cd","RelX":0.5,"anchor":[0.75,0,0,-1],"RelY":-1}],"interactionGraph":[{"id":"e21a3","interactsWith":"e70cd"}],"interactionType":"gpml:Arrow"},{"networkType":"edge","gpmlType":"interaction","@type":["interaction"],"graphicalType":"path","markerEnd":"mimStimulation","points":[{"x":38.11647835475088,"y":260.45032374146297},{"x":82.16052239879488,"y":260.45032374146297}]},{"networkType":"edge","gpmlType":"interaction","@type":["interaction"],"graphicalType":"path","markerEnd":"mimInhibition","points":[{"x":38.684104804730275,"y":284.1752251134231},{"x":84.73015085077628,"y":284.1752251134231}]},{"networkType":"node","nodeType":"DataNode","dataNodeType":"Metabolite","@type":["DataNode","Metabolite","datanode"],"gpmlType":"datanode","graphicalType":"path","datasourceReference":{"database":"ChEBI","id":"52288","organism":"Homo sapiens"}},{"networkType":"node","nodeType":"DataNode","dataNodeType":"Metabolite","@type":["DataNode","Metabolite","datanode"],"gpmlType":"datanode","graphicalType":"path","datasourceReference":{"database":"ChEBI","id":"16618","organism":"Homo sapiens"}},{"networkType":"node","nodeType":"DataNode","dataNodeType":"Metabolite","@type":["DataNode","Metabolite","datanode"],"gpmlType":"datanode","graphicalType":"path","datasourceReference":{"database":"ChEBI","id":"26034","organism":"Homo sapiens"}},{"networkType":"node","nodeType":"DataNode","dataNodeType":"GeneProduct","@type":["DataNode","GeneProduct","datanode"],"gpmlType":"datanode","graphicalType":"path","datasourceReference":{"database":"Ensembl","id":"ENSG00000133056","organism":"Homo sapiens"},"unificationXref":"http://identifiers.org/ensembl/ENSG00000133056"},{"networkType":"node","nodeType":"DataNode","dataNodeType":"GeneProduct","@type":["DataNode","GeneProduct","datanode"],"gpmlType":"datanode","graphicalType":"path","datasourceReference":{"database":"Ensembl","id":"ENSG00000145675","organism":"Homo sapiens"},"unificationXref":"http://identifiers.org/ensembl/ENSG00000145675"},{"networkType":"node","nodeType":"DataNode","dataNodeType":"GeneProduct","@type":["DataNode","GeneProduct","datanode"],"gpmlType":"datanode","graphicalType":"path","datasourceReference":{"database":"Ensembl","id":"ENSG00000140992","organism":"Homo sapiens"},"unificationXref":"http://identifiers.org/ensembl/ENSG00000140992"},{"networkType":"node","nodeType":"DataNode","dataNodeType":"GeneProduct","@type":["DataNode","GeneProduct","datanode"],"gpmlType":"datanode","graphicalType":"path","datasourceReference":{"database":"Ensembl","id":"ENSG00000171862","organism":"Homo sapiens"},"unificationXref":"http://identifiers.org/ensembl/ENSG00000171862"},{"networkType":"node","nodeType":"DataNode","dataNodeType":"GeneProduct","@type":["DataNode","GeneProduct","datanode"],"gpmlType":"datanode","graphicalType":"path","datasourceReference":{"database":"Ensembl","id":"ENSG00000169047","organism":"Homo sapiens"},"unificationXref":"http://identifiers.org/ensembl/ENSG00000169047"},{"networkType":"node","nodeType":"DataNode","dataNodeType":"GeneProduct","@type":["DataNode","GeneProduct","datanode"],"gpmlType":"datanode","graphicalType":"path","datasourceReference":{"database":"Ensembl","id":"ENSG00000150907","organism":"Homo sapiens"},"unificationXref":"http://identifiers.org/ensembl/ENSG00000150907"},{"networkType":"node","nodeType":"DataNode","dataNodeType":"GeneProduct","@type":["DataNode","GeneProduct","datanode"],"gpmlType":"datanode","graphicalType":"path","datasourceReference":{"database":"Ensembl","id":"ENSG00000142208","organism":"Homo sapiens"},"unificationXref":"http://identifiers.org/ensembl/ENSG00000142208"},{"networkType":"node","nodeType":"DataNode","dataNodeType":"GeneProduct","@type":["DataNode","GeneProduct","datanode"],"gpmlType":"datanode","graphicalType":"path","datasourceReference":{"database":"Ensembl","id":"ENSG00000140443","organism":"Homo sapiens"},"unificationXref":"http://identifiers.org/ensembl/ENSG00000140443"},{"networkType":"node","nodeType":"DataNode","dataNodeType":"GeneProduct","@type":["DataNode","GeneProduct","datanode"],"gpmlType":"datanode","graphicalType":"path","datasourceReference":{"database":"Ensembl","id":"ENSG00000065361","organism":"Homo sapiens"},"unificationXref":"http://identifiers.org/ensembl/ENSG00000065361"},{"networkType":"node","nodeType":"DataNode","dataNodeType":"GeneProduct","@type":["DataNode","GeneProduct","datanode"],"gpmlType":"datanode","graphicalType":"path","datasourceReference":{"database":"Ensembl","id":"ENSG00000116285","organism":"Homo sapiens"},"unificationXref":"http://identifiers.org/ensembl/ENSG00000116285"},{"networkType":"node","nodeType":"DataNode","dataNodeType":"GeneProduct","@type":["DataNode","GeneProduct","datanode"],"gpmlType":"datanode","graphicalType":"path","datasourceReference":{"database":"Ensembl","id":"ENSG00000077782","organism":"Homo sapiens"},"unificationXref":"http://identifiers.org/ensembl/ENSG00000077782"},{"networkType":"node","nodeType":"DataNode","dataNodeType":"GeneProduct","@type":["DataNode","GeneProduct","datanode"],"gpmlType":"datanode","graphicalType":"path","datasourceReference":{"database":"Ensembl","id":"ENSG00000177885","organism":"Homo sapiens"},"unificationXref":"http://identifiers.org/ensembl/ENSG00000177885"},{"networkType":"node","nodeType":"DataNode","dataNodeType":"GeneProduct","@type":["DataNode","GeneProduct","datanode"],"gpmlType":"datanode","graphicalType":"path","datasourceReference":{"database":"Ensembl","id":"ENSG00000136158","organism":"Homo sapiens"},"unificationXref":"http://identifiers.org/ensembl/ENSG00000136158"},{"networkType":"node","nodeType":"DataNode","dataNodeType":"GeneProduct","@type":["DataNode","GeneProduct","datanode"],"gpmlType":"datanode","graphicalType":"path","datasourceReference":{"database":"Ensembl","id":"ENSG00000169032","organism":"Homo sapiens"},"unificationXref":"http://identifiers.org/ensembl/ENSG00000169032"},{"networkType":"node","nodeType":"DataNode","dataNodeType":"GeneProduct","@type":["DataNode","GeneProduct","datanode"],"gpmlType":"datanode","graphicalType":"path","datasourceReference":{"database":"Ensembl","id":"ENSG00000105173","organism":"Homo sapiens"},"unificationXref":"http://identifiers.org/ensembl/ENSG00000105173"},{"networkType":"node","nodeType":"DataNode","dataNodeType":"GeneProduct","@type":["DataNode","GeneProduct","datanode"],"gpmlType":"datanode","graphicalType":"path","datasourceReference":{"database":"Ensembl","id":"ENSG00000165699","organism":"Homo sapiens"},"unificationXref":"http://identifiers.org/ensembl/ENSG00000165699"},{"networkType":"node","nodeType":"DataNode","dataNodeType":"GeneProduct","@type":["DataNode","GeneProduct","datanode"],"gpmlType":"datanode","graphicalType":"path","datasourceReference":{"database":"Ensembl","id":"ENSG00000147889","organism":"Homo sapiens"},"unificationXref":"http://identifiers.org/ensembl/ENSG00000147889"},{"networkType":"node","nodeType":"DataNode","dataNodeType":"GeneProduct","@type":["DataNode","GeneProduct","datanode"],"gpmlType":"datanode","graphicalType":"path","datasourceReference":{"database":"Ensembl","id":"ENSG00000110092","organism":"Homo sapiens"},"unificationXref":"http://identifiers.org/ensembl/ENSG00000110092"},{"networkType":"node","nodeType":"DataNode","dataNodeType":"GeneProduct","@type":["DataNode","GeneProduct","datanode"],"gpmlType":"datanode","graphicalType":"path","datasourceReference":{"database":"Ensembl","id":"ENSG00000139687","organism":"Homo sapiens"},"unificationXref":"http://identifiers.org/ensembl/ENSG00000139687"},{"networkType":"node","nodeType":"DataNode","dataNodeType":"GeneProduct","@type":["DataNode","GeneProduct","datanode"],"gpmlType":"datanode","graphicalType":"path","datasourceReference":{"database":"Ensembl","id":"ENSG00000011405","organism":"Homo sapiens"},"unificationXref":"http://identifiers.org/ensembl/ENSG00000011405"},{"networkType":"node","nodeType":"DataNode","dataNodeType":"GeneProduct","@type":["DataNode","GeneProduct","datanode"],"gpmlType":"datanode","graphicalType":"path","datasourceReference":{"database":"Ensembl","id":"ENSG00000139144","organism":"Homo sapiens"},"unificationXref":"http://identifiers.org/ensembl/ENSG00000139144"},{"networkType":"node","nodeType":"DataNode","dataNodeType":"GeneProduct","@type":["DataNode","GeneProduct","datanode"],"gpmlType":"datanode","graphicalType":"path","datasourceReference":{"database":"Ensembl","id":"ENSG00000105647","organism":"Homo sapiens"},"unificationXref":"http://identifiers.org/ensembl/ENSG00000105647"},{"networkType":"node","nodeType":"DataNode","dataNodeType":"GeneProduct","@type":["DataNode","GeneProduct","datanode"],"gpmlType":"datanode","graphicalType":"path","datasourceReference":{"database":"Ensembl","id":"ENSG00000121879","organism":"Homo sapiens"},"unificationXref":"http://identifiers.org/ensembl/ENSG00000121879"},{"networkType":"node","nodeType":"DataNode","dataNodeType":"GeneProduct","@type":["DataNode","GeneProduct","datanode"],"gpmlType":"datanode","graphicalType":"path","datasourceReference":{"database":"Ensembl","id":"ENSG00000051382","organism":"Homo sapiens"},"unificationXref":"http://identifiers.org/ensembl/ENSG00000051382"},{"networkType":"node","nodeType":"DataNode","dataNodeType":"GeneProduct","@type":["DataNode","GeneProduct","datanode"],"gpmlType":"datanode","graphicalType":"path","datasourceReference":{"database":"Ensembl","id":"ENSG00000171608","organism":"Homo sapiens"},"unificationXref":"http://identifiers.org/ensembl/ENSG00000171608"},{"networkType":"node","nodeType":"DataNode","dataNodeType":"GeneProduct","@type":["DataNode","GeneProduct","datanode"],"gpmlType":"datanode","graphicalType":"path","datasourceReference":{"database":"Ensembl","id":"ENSG00000105221","organism":"Homo sapiens"},"unificationXref":"http://identifiers.org/ensembl/ENSG00000105221"},{"networkType":"node","nodeType":"DataNode","dataNodeType":"GeneProduct","@type":["DataNode","GeneProduct","datanode"],"gpmlType":"datanode","graphicalType":"path","datasourceReference":{"database":"Ensembl","id":"ENSG00000117020","organism":"Homo sapiens"},"unificationXref":"http://identifiers.org/ensembl/ENSG00000117020"},{"networkType":"node","nodeType":"DataNode","dataNodeType":"GeneProduct","@type":["DataNode","GeneProduct","datanode"],"gpmlType":"datanode","graphicalType":"path","datasourceReference":{"database":"Ensembl","id":"ENSG00000197122","organism":"Homo sapiens"},"unificationXref":"http://identifiers.org/ensembl/ENSG00000197122"},{"networkType":"node","nodeType":"DataNode","dataNodeType":"GeneProduct","@type":["DataNode","GeneProduct","datanode"],"gpmlType":"datanode","graphicalType":"path","datasourceReference":{"database":"Ensembl","id":"ENSG00000109458","organism":"Homo sapiens"},"unificationXref":"http://identifiers.org/ensembl/ENSG00000109458"},{"networkType":"node","nodeType":"DataNode","dataNodeType":"GeneProduct","@type":["DataNode","GeneProduct","datanode"],"gpmlType":"datanode","graphicalType":"path","datasourceReference":{"database":"Ensembl","id":"ENSG00000105851","organism":"Homo sapiens"},"unificationXref":"http://identifiers.org/ensembl/ENSG00000105851"},{"networkType":"node","nodeType":"DataNode","dataNodeType":"GeneProduct","@type":["DataNode","GeneProduct","datanode"],"gpmlType":"datanode","graphicalType":"path","datasourceReference":{"database":"Ensembl","id":"ENSG00000118689","organism":"Homo sapiens"},"unificationXref":"http://identifiers.org/ensembl/ENSG00000118689"},{"networkType":"node","nodeType":"DataNode","dataNodeType":"GeneProduct","@type":["DataNode","GeneProduct","datanode"],"gpmlType":"datanode","graphicalType":"path","datasourceReference":{"database":"Ensembl","id":"ENSG00000184481","organism":"Homo sapiens"},"unificationXref":"http://identifiers.org/ensembl/ENSG00000184481"},{"networkType":"node","nodeType":"DataNode","dataNodeType":"GeneProduct","@type":["DataNode","GeneProduct","datanode"],"gpmlType":"datanode","graphicalType":"path","datasourceReference":{"database":"Ensembl","id":"ENSG00000134853","organism":"Homo sapiens"},"unificationXref":"http://identifiers.org/ensembl/ENSG00000134853"},{"networkType":"node","nodeType":"DataNode","dataNodeType":"GeneProduct","@type":["DataNode","GeneProduct","datanode"],"gpmlType":"datanode","graphicalType":"path","datasourceReference":{"database":"Ensembl","id":"ENSG00000113721","organism":"Homo sapiens"},"unificationXref":"http://identifiers.org/ensembl/ENSG00000113721"},{"networkType":"node","nodeType":"DataNode","dataNodeType":"GeneProduct","@type":["DataNode","GeneProduct","datanode"],"gpmlType":"datanode","graphicalType":"path","datasourceReference":{"database":"Ensembl","id":"ENSG00000141736","organism":"Homo sapiens"},"unificationXref":"http://identifiers.org/ensembl/ENSG00000141736"},{"networkType":"node","nodeType":"DataNode","dataNodeType":"GeneProduct","@type":["DataNode","GeneProduct","datanode"],"gpmlType":"datanode","graphicalType":"path","datasourceReference":{"database":"Ensembl","id":"ENSG00000146648","organism":"Homo sapiens"},"unificationXref":"http://identifiers.org/ensembl/ENSG00000146648"},{"networkType":"node","nodeType":"DataNode","dataNodeType":"GeneProduct","@type":["DataNode","GeneProduct","datanode"],"gpmlType":"datanode","graphicalType":"path","datasourceReference":{"database":"Ensembl","id":"ENSG00000066468","organism":"Homo sapiens"},"unificationXref":"http://identifiers.org/ensembl/ENSG00000066468"},{"networkType":"node","nodeType":"DataNode","dataNodeType":"GeneProduct","@type":["DataNode","GeneProduct","datanode"],"gpmlType":"datanode","graphicalType":"path","datasourceReference":{"database":"Ensembl","id":"ENSG00000105976","organism":"Homo sapiens"},"unificationXref":"http://identifiers.org/ensembl/ENSG00000105976"},{"networkType":"node","nodeType":"DataNode","dataNodeType":"GeneProduct","@type":["DataNode","GeneProduct","datanode"],"gpmlType":"datanode","graphicalType":"path","datasourceReference":{"database":"Ensembl","id":"ENSG00000110395","organism":"Homo sapiens"},"unificationXref":"http://identifiers.org/ensembl/ENSG00000110395"},{"networkType":"node","nodeType":"DataNode","dataNodeType":"GeneProduct","@type":["DataNode","GeneProduct","datanode"],"gpmlType":"datanode","graphicalType":"path","datasourceReference":{"database":"Ensembl","id":"ENSG00000196712","organism":"Homo sapiens"},"unificationXref":"http://identifiers.org/ensembl/ENSG00000196712"},{"networkType":"node","nodeType":"DataNode","dataNodeType":"GeneProduct","@type":["DataNode","GeneProduct","datanode"],"gpmlType":"datanode","graphicalType":"path","datasourceReference":{"database":"Ensembl","id":"ENSG00000213281","organism":"Homo sapiens"},"unificationXref":"http://identifiers.org/ensembl/ENSG00000213281"},{"networkType":"node","nodeType":"DataNode","dataNodeType":"GeneProduct","@type":["DataNode","GeneProduct","datanode"],"gpmlType":"datanode","graphicalType":"path","datasourceReference":{"database":"Ensembl","id":"ENSG00000133703","organism":"Homo sapiens"},"unificationXref":"http://identifiers.org/ensembl/ENSG00000133703"},{"networkType":"node","nodeType":"DataNode","dataNodeType":"GeneProduct","@type":["DataNode","GeneProduct","datanode"],"gpmlType":"datanode","graphicalType":"path","datasourceReference":{"database":"Ensembl","id":"ENSG00000174775","organism":"Homo sapiens"},"unificationXref":"http://identifiers.org/ensembl/ENSG00000174775"},{"networkType":"node","nodeType":"DataNode","dataNodeType":"GeneProduct","@type":["DataNode","GeneProduct","datanode"],"gpmlType":"datanode","graphicalType":"path","datasourceReference":{"database":"Ensembl","id":"ENSG00000078061","organism":"Homo sapiens"},"unificationXref":"http://identifiers.org/ensembl/ENSG00000078061"},{"networkType":"node","nodeType":"DataNode","dataNodeType":"GeneProduct","@type":["DataNode","GeneProduct","datanode"],"gpmlType":"datanode","graphicalType":"path","datasourceReference":{"database":"Ensembl","id":"ENSG00000157764","organism":"Homo sapiens"},"unificationXref":"http://identifiers.org/ensembl/ENSG00000157764"},{"networkType":"node","nodeType":"DataNode","dataNodeType":"GeneProduct","@type":["DataNode","GeneProduct","datanode"],"gpmlType":"datanode","graphicalType":"path","datasourceReference":{"database":"Ensembl","id":"ENSG00000132155","organism":"Homo sapiens"},"unificationXref":"http://identifiers.org/ensembl/ENSG00000132155"},{"networkType":"node","nodeType":"DataNode","dataNodeType":"GeneProduct","@type":["DataNode","GeneProduct","datanode"],"gpmlType":"datanode","graphicalType":"path","datasourceReference":{"database":"Ensembl","id":"ENSG00000124181","organism":"Homo sapiens"},"unificationXref":"http://identifiers.org/ensembl/ENSG00000124181"},{"networkType":"node","nodeType":"DataNode","dataNodeType":"GeneProduct","@type":["DataNode","GeneProduct","datanode"],"gpmlType":"datanode","graphicalType":"path","datasourceReference":{"database":"Ensembl","id":"ENSG00000067606","organism":"Homo sapiens"},"unificationXref":"http://identifiers.org/ensembl/ENSG00000067606"},{"networkType":"node","nodeType":"DataNode","dataNodeType":"GeneProduct","@type":["DataNode","GeneProduct","datanode"],"gpmlType":"datanode","graphicalType":"path","datasourceReference":{"database":"Ensembl","id":"ENSG00000065675","organism":"Homo sapiens"},"unificationXref":"http://identifiers.org/ensembl/ENSG00000065675"},{"networkType":"node","nodeType":"DataNode","dataNodeType":"GeneProduct","@type":["DataNode","GeneProduct","datanode"],"gpmlType":"datanode","graphicalType":"path","datasourceReference":{"database":"Ensembl","id":"ENSG00000027075","organism":"Homo sapiens"},"unificationXref":"http://identifiers.org/ensembl/ENSG00000027075"},{"networkType":"node","nodeType":"DataNode","dataNodeType":"GeneProduct","@type":["DataNode","GeneProduct","datanode"],"gpmlType":"datanode","graphicalType":"path","datasourceReference":{"database":"Ensembl","id":"ENSG00000126583","organism":"Homo sapiens"},"unificationXref":"http://identifiers.org/ensembl/ENSG00000126583"},{"networkType":"node","nodeType":"DataNode","dataNodeType":"GeneProduct","@type":["DataNode","GeneProduct","datanode"],"gpmlType":"datanode","graphicalType":"path","datasourceReference":{"database":"Ensembl","id":"ENSG00000163932","organism":"Homo sapiens"},"unificationXref":"http://identifiers.org/ensembl/ENSG00000163932"},{"networkType":"node","nodeType":"DataNode","dataNodeType":"GeneProduct","@type":["DataNode","GeneProduct","datanode"],"gpmlType":"datanode","graphicalType":"path","datasourceReference":{"database":"Ensembl","id":"ENSG00000163558","organism":"Homo sapiens"},"unificationXref":"http://identifiers.org/ensembl/ENSG00000163558"},{"networkType":"node","nodeType":"DataNode","dataNodeType":"GeneProduct","@type":["DataNode","GeneProduct","datanode"],"gpmlType":"datanode","graphicalType":"path","datasourceReference":{"database":"Ensembl","id":"ENSG00000166501","organism":"Homo sapiens"},"unificationXref":"http://identifiers.org/ensembl/ENSG00000166501"},{"networkType":"node","nodeType":"DataNode","dataNodeType":"GeneProduct","@type":["DataNode","GeneProduct","datanode"],"gpmlType":"datanode","graphicalType":"path","datasourceReference":{"database":"Ensembl","id":"ENSG00000154229","organism":"Homo sapiens"},"unificationXref":"http://identifiers.org/ensembl/ENSG00000154229"},{"networkType":"node","nodeType":"DataNode","dataNodeType":"GeneProduct","@type":["DataNode","GeneProduct","datanode"],"gpmlType":"datanode","graphicalType":"path","datasourceReference":{"database":"Ensembl","id":"ENSG00000197943","organism":"Homo sapiens"},"unificationXref":"http://identifiers.org/ensembl/ENSG00000197943"},{"networkType":"node","nodeType":"DataNode","dataNodeType":"GeneProduct","@type":["DataNode","GeneProduct","datanode"],"gpmlType":"datanode","graphicalType":"path","datasourceReference":{"database":"Ensembl","id":"ENSG00000126934","organism":"Homo sapiens"},"unificationXref":"http://identifiers.org/ensembl/ENSG00000126934"},{"networkType":"node","nodeType":"DataNode","dataNodeType":"GeneProduct","@type":["DataNode","GeneProduct","datanode"],"gpmlType":"datanode","graphicalType":"path","datasourceReference":{"database":"Ensembl","id":"ENSG00000034152","organism":"Homo sapiens"},"unificationXref":"http://identifiers.org/ensembl/ENSG00000034152"},{"networkType":"node","nodeType":"DataNode","dataNodeType":"GeneProduct","@type":["DataNode","GeneProduct","datanode"],"gpmlType":"datanode","graphicalType":"path","datasourceReference":{"database":"Ensembl","id":"ENSG00000065559","organism":"Homo sapiens"},"unificationXref":"http://identifiers.org/ensembl/ENSG00000065559"},{"networkType":"node","nodeType":"DataNode","dataNodeType":"GeneProduct","@type":["DataNode","GeneProduct","datanode"],"gpmlType":"datanode","graphicalType":"path","datasourceReference":{"database":"Ensembl","id":"ENSG00000137764","organism":"Homo sapiens"},"unificationXref":"http://identifiers.org/ensembl/ENSG00000137764"},{"networkType":"node","nodeType":"DataNode","dataNodeType":"GeneProduct","@type":["DataNode","GeneProduct","datanode"],"gpmlType":"datanode","graphicalType":"path","datasourceReference":{"database":"Ensembl","id":"ENSG00000108984","organism":"Homo sapiens"},"unificationXref":"http://identifiers.org/ensembl/ENSG00000108984"},{"networkType":"node","nodeType":"DataNode","dataNodeType":"GeneProduct","@type":["DataNode","GeneProduct","datanode"],"gpmlType":"datanode","graphicalType":"path","datasourceReference":{"database":"Ensembl","id":"ENSG00000076984","organism":"Homo sapiens"},"unificationXref":"http://identifiers.org/ensembl/ENSG00000076984"},{"networkType":"node","nodeType":"DataNode","dataNodeType":"GeneProduct","@type":["DataNode","GeneProduct","datanode"],"gpmlType":"datanode","graphicalType":"path","datasourceReference":{"database":"Ensembl","id":"ENSG00000100030","organism":"Homo sapiens"},"unificationXref":"http://identifiers.org/ensembl/ENSG00000100030"},{"networkType":"node","nodeType":"DataNode","dataNodeType":"GeneProduct","@type":["DataNode","GeneProduct","datanode"],"gpmlType":"datanode","graphicalType":"path","datasourceReference":{"database":"Ensembl","id":"ENSG00000102882","organism":"Homo sapiens"},"unificationXref":"http://identifiers.org/ensembl/ENSG00000102882"},{"networkType":"node","nodeType":"DataNode","dataNodeType":"GeneProduct","@type":["DataNode","GeneProduct","datanode"],"gpmlType":"datanode","graphicalType":"path","datasourceReference":{"database":"Ensembl","id":"ENSG00000111276","organism":"Homo sapiens"},"unificationXref":"http://identifiers.org/ensembl/ENSG00000111276"},{"networkType":"node","nodeType":"DataNode","dataNodeType":"GeneProduct","@type":["DataNode","GeneProduct","datanode"],"gpmlType":"datanode","graphicalType":"path","datasourceReference":{"database":"Ensembl","id":"ENSG00000123374","organism":"Homo sapiens"},"unificationXref":"http://identifiers.org/ensembl/ENSG00000123374"},{"networkType":"node","nodeType":"DataNode","dataNodeType":"GeneProduct","@type":["DataNode","GeneProduct","datanode"],"gpmlType":"datanode","graphicalType":"path","datasourceReference":{"database":"Ensembl","id":"ENSG00000124762","organism":"Homo sapiens"},"unificationXref":"http://identifiers.org/ensembl/ENSG00000124762"},{"networkType":"node","nodeType":"DataNode","dataNodeType":"GeneProduct","@type":["DataNode","GeneProduct","datanode"],"gpmlType":"datanode","graphicalType":"path","datasourceReference":{"database":"Ensembl","id":"ENSG00000103197","organism":"Homo sapiens"},"unificationXref":"http://identifiers.org/ensembl/ENSG00000103197"},{"networkType":"node","nodeType":"DataNode","dataNodeType":"GeneProduct","@type":["DataNode","GeneProduct","datanode"],"gpmlType":"datanode","graphicalType":"path","datasourceReference":{"database":"Ensembl","id":"ENSG00000123080","organism":"Homo sapiens"},"unificationXref":"http://identifiers.org/ensembl/ENSG00000123080"},{"networkType":"node","nodeType":"DataNode","dataNodeType":"GeneProduct","@type":["DataNode","GeneProduct","datanode"],"gpmlType":"datanode","graphicalType":"path","datasourceReference":{"database":"Ensembl","id":"ENSG00000147883","organism":"Homo sapiens"},"unificationXref":"http://identifiers.org/ensembl/ENSG00000147883"},{"networkType":"node","nodeType":"DataNode","dataNodeType":"GeneProduct","@type":["DataNode","GeneProduct","datanode"],"gpmlType":"datanode","graphicalType":"path","datasourceReference":{"database":"Ensembl","id":"ENSG00000110092","organism":"Homo sapiens"},"unificationXref":"http://identifiers.org/ensembl/ENSG00000110092"},{"networkType":"node","nodeType":"DataNode","dataNodeType":"GeneProduct","@type":["DataNode","GeneProduct","datanode"],"gpmlType":"datanode","graphicalType":"path","datasourceReference":{"database":"Ensembl","id":"ENSG00000118971","organism":"Homo sapiens"},"unificationXref":"http://identifiers.org/ensembl/ENSG00000118971"},{"networkType":"node","nodeType":"DataNode","dataNodeType":"GeneProduct","@type":["DataNode","GeneProduct","datanode"],"gpmlType":"datanode","graphicalType":"path","datasourceReference":{"database":"Ensembl","id":"ENSG00000118971","organism":"Homo sapiens"},"unificationXref":"http://identifiers.org/ensembl/ENSG00000118971"},{"networkType":"node","nodeType":"DataNode","dataNodeType":"GeneProduct","@type":["DataNode","GeneProduct","datanode"],"gpmlType":"datanode","graphicalType":"path","datasourceReference":{"database":"Ensembl","id":"ENSG00000135446","organism":"Homo sapiens"},"unificationXref":"http://identifiers.org/ensembl/ENSG00000135446"},{"networkType":"node","nodeType":"DataNode","dataNodeType":"GeneProduct","@type":["DataNode","GeneProduct","datanode"],"gpmlType":"datanode","graphicalType":"path","datasourceReference":{"database":"Ensembl","id":"ENSG00000105810","organism":"Homo sapiens"},"unificationXref":"http://identifiers.org/ensembl/ENSG00000105810"},{"networkType":"node","nodeType":"DataNode","dataNodeType":"GeneProduct","@type":["DataNode","GeneProduct","datanode"],"gpmlType":"datanode","graphicalType":"path","datasourceReference":{"database":"Ensembl","id":"ENSG00000101412","organism":"Homo sapiens"},"unificationXref":"http://identifiers.org/ensembl/ENSG00000101412"},{"networkType":"node","nodeType":"DataNode","dataNodeType":"GeneProduct","@type":["DataNode","GeneProduct","datanode"],"gpmlType":"datanode","graphicalType":"path","datasourceReference":{"database":"Ensembl","id":"ENSG00000147889","organism":"Homo sapiens"},"unificationXref":"http://identifiers.org/ensembl/ENSG00000147889"},{"networkType":"node","nodeType":"DataNode","dataNodeType":"GeneProduct","@type":["DataNode","GeneProduct","datanode"],"gpmlType":"datanode","graphicalType":"path","datasourceReference":{"database":"Ensembl","id":"ENSG00000135679","organism":"Homo sapiens"},"unificationXref":"http://identifiers.org/ensembl/ENSG00000135679"},{"networkType":"node","nodeType":"DataNode","dataNodeType":"GeneProduct","@type":["DataNode","GeneProduct","datanode"],"gpmlType":"datanode","graphicalType":"path","datasourceReference":{"database":"Ensembl","id":"ENSG00000198625","organism":"Homo sapiens"},"unificationXref":"http://identifiers.org/ensembl/ENSG00000198625"},{"networkType":"node","nodeType":"DataNode","dataNodeType":"GeneProduct","@type":["DataNode","GeneProduct","datanode"],"gpmlType":"datanode","graphicalType":"path","datasourceReference":{"database":"Ensembl","id":"ENSG00000141510","organism":"Homo sapiens"},"unificationXref":"http://identifiers.org/ensembl/ENSG00000141510"},{"networkType":"node","nodeType":"DataNode","dataNodeType":"GeneProduct","@type":["DataNode","GeneProduct","datanode"],"gpmlType":"datanode","graphicalType":"path","datasourceReference":{"database":"Ensembl","id":"ENSG00000100393","organism":"Homo sapiens"},"unificationXref":"http://identifiers.org/ensembl/ENSG00000100393"},{"networkType":"node","nodeType":"DataNode","dataNodeType":"GeneProduct","@type":["DataNode","GeneProduct","datanode"],"gpmlType":"datanode","graphicalType":"path","datasourceReference":{"database":"Ensembl","id":"ENSG00000149311","organism":"Homo sapiens"},"unificationXref":"http://identifiers.org/ensembl/ENSG00000149311"},{"networkType":"node","nodeType":"DataNode","dataNodeType":"GeneProduct","@type":["DataNode","GeneProduct","datanode"],"gpmlType":"datanode","graphicalType":"path","datasourceReference":{"database":"Ensembl","id":"ENSG00000012048","organism":"Homo sapiens"},"unificationXref":"http://identifiers.org/ensembl/ENSG00000012048"},{"networkType":"node","nodeType":"DataNode","dataNodeType":"GeneProduct","@type":["DataNode","GeneProduct","datanode"],"gpmlType":"datanode","graphicalType":"path","datasourceReference":{"database":"Ensembl","id":"ENSG00000139618","organism":"Homo sapiens"},"unificationXref":"http://identifiers.org/ensembl/ENSG00000139618"},{"networkType":"node","nodeType":"DataNode","dataNodeType":"GeneProduct","@type":["DataNode","GeneProduct","datanode"],"gpmlType":"datanode","graphicalType":"path","datasourceReference":{"database":"Ensembl","id":"ENSG00000012048","organism":"Homo sapiens"},"unificationXref":"http://identifiers.org/ensembl/ENSG00000012048"},{"networkType":"edge","gpmlType":"interaction","@type":["interaction"],"graphicalType":"path","markerEnd":"mimStimulation","points":[{"x":268.28644990376995,"y":505.85022131926166,"isAttachedTo":"e0682","RelX":1,"anchor":[1,0.5,1,0],"RelY":0},{"x":436.4373960474424,"y":469.5592048401036,"isAttachedTo":"d331d","RelX":-0.5,"anchor":[0.25,1,0,1],"RelY":1}],"interactionGraph":[{"id":"e0682","interactsWith":"d331d"}],"interactionType":"mim-stimulation"}],"xmlns":"http://pathvisio.org/GPML/2013a","author":"Alexander Pico","lastModified":"10/17/2013","name":"Signaling Pathways in Glioblastoma","organism":"Homo sapiens","image":{"@context":{"@vocab":"http://schema.org/"},"width":1076.6676774379648,"height":804.9093600075462},"publicationXref":[],"id":"wpId:WP2261","revision":"71372"}}