{"@context":{"@vocab":"http://vocabularies.wikipathways.org/gpml#","@base":"wpId:WP2292","pathwayIri":"wpId:WP2292","ChEBI":"http://www.ebi.ac.uk/chebi/searchId.do?chebiId=","dataSource":"gpml:Data-Source","datasourceReference":"wp:DatasourceReference","Group":{"@container":"@list","@id":"gpml:Group"},"interaction":{"@id":"biopax:Interaction","@type":"@id"},"interactionType":{"@id":"biopax:InteractionType","@type":"@id"},"interactionGraph":{"@container":"@list","@type":"@id"},"lastModified":"gpml:Last-Modified","pathway":"biopax:Pathway","point":{"@container":"@list","@id":"gpml:Point"},"publicationXref":"biopax:PublicationXref","unificationXref":"biopax:UnificationXref","author":"schema:author","backgroundColor":"css2:colors.html#propdef-background-color","backgroundImage":"css2:colors.html#propdef-background-image","biopax":"http://www.biopax.org/release/biopax-level3.owl#","borderColor":"css2:box.html#propdef-border-color","borderStyle":"css2:box.html#propdef-border-style","borderWidth":"css2:box.html#propdef-border-width","boxSizing":{"@id":"css3Ui:box-sizing","@value":"border-box"},"color":"css2:colors.html#propdef-color","contains":{"@id":"ex:contains","@type":"@id"},"css2":"http://www.w3.org/TR/CSS2/","css3Ui":"http://www.w3.org/TR/css3-ui/#","cssTransform":"http://www.w3.org/TR/css-transforms-1/#","gpmlDataNodeType":"gpml:Type","dcterms":"http://puri.org/dc/terms/","entrezGene":"http://www.ncbi.nlm.nih.gov/gene/","ex":"http://www.example.org/","fontFamily":"css2:fonts.html#font-family-prop","fontSize":"css2:fonts.html#propdef-font-size","fontStyle":"css2:fonts.html#propdef-font-style","fontWeight":"css2:fonts.html#propdef-font-weight","gpml":"http://vocabularies.wikipathways.org/gpml#","gpmlFolder":"file://Users/andersriutta/Sites/pathvisiojs/test/gpml/","hMDB":"http://www.hmdb.ca/metabolites/HMDB","height":"css2:visudet.html#propdef-height","id":"@id","image":"schema:image","interactsWith":{"@id":"ex:interactsWith","@type":"@id"},"isContainedBy":{"@reverse":"ex:contains","@type":"@id"},"media":"http://www.w3.org/TR/mediaont-10/","name":"http://xmlns.com/foaf/0.1/name","organism":"biopax:organism","padding":"css2:box.html#propdef-padding","elements":{"@container":"@list","@id":"ex:pathwayElements/"},"position":"css2:visuren.html#propdef-position","rotate":"cssTransform:funcdef-rotate","schema":"http://schema.org/","shapeLibrary":"http://shapelibrary.example.org/","shape":"shapeLibrary:shape","stroke":"svg:painting.html#StrokeProperty","strokeWidth":"svg:painting.html#StrokeWidthProperty","svg":"http://www.w3.org/TR/SVG11/","textAlign":"css2:text.html#propdef-text-align","verticalAlign":"css2:visudet.html#propdef-vertical-align","width":"css2:visudet.html#propdef-width","wp":"http://vocabularies.wikipathways.org/wp#","wpId":"http://identifiers.org/wikipathways/","x":{"@id":"css2:visuren.html#propdef-left","@type":"xsd:integer"},"xsd":"http://www.w3.org/2001/XMLSchema#","y":"css2:visuren.html#propdef-top","zIndex":{"@id":"css2:z-index","@type":"xsd:integer"}},"wpId:WP2292":{"elements":[{"networkType":"node","nodeType":"Label","@type":["label"],"gpmlType":"label","graphicalType":"path"},{"networkType":"node","nodeType":"DataNode","dataNodeType":"GeneProduct","@type":["DataNode","GeneProduct","datanode"],"gpmlType":"datanode","graphicalType":"path","datasourceReference":{"database":"Entrez Gene","id":"606496","organism":"Mus musculus"},"unificationXref":"http://identifiers.org/ensembl/ENSMUSG00000057177"},{"networkType":"node","nodeType":"Label","@type":["label"],"gpmlType":"label","graphicalType":"path"},{"networkType":"node","nodeType":"Label","@type":["label"],"gpmlType":"label","graphicalType":"path"},{"networkType":"node","nodeType":"Label","@type":["label"],"gpmlType":"label","graphicalType":"path"},{"networkType":"edge","gpmlType":"interaction","@type":["interaction"],"graphicalType":"path","markerEnd":"arrow","points":[{"x":161.71084337349393,"y":667.3708165997323,"isAttachedTo":"aa8f5","RelX":1,"anchor":[1,0.5,1,0],"RelY":0},{"x":272,"y":668,"isAttachedTo":"b18f1","RelX":-1,"anchor":[0,0.5,-1,0],"RelY":0}],"interactionGraph":[{"id":"aa8f5","interactsWith":"b18f1"}],"interactionType":"gpml:Arrow"},{"networkType":"edge","gpmlType":"interaction","@type":["interaction"],"graphicalType":"path","markerEnd":"arrow","points":[{"x":368,"y":668,"isAttachedTo":"b18f1","RelX":1,"anchor":[1,0.5,1,0],"RelY":0},{"x":562,"y":248,"isAttachedTo":"c971c","RelX":-1,"anchor":[0,0.5,-1,0],"RelY":0}],"interactionGraph":[{"id":"b18f1","interactsWith":"c971c"}],"interactionType":"gpml:Arrow"},{"networkType":"edge","gpmlType":"interaction","@type":["interaction"],"graphicalType":"path","markerEnd":"arrow","points":[{"x":658,"y":248,"isAttachedTo":"c971c","RelX":1,"anchor":[1,0.5,1,0],"RelY":0},{"x":1080,"y":248,"isAttachedTo":"ddad6","RelX":-1,"anchor":[0,0.5,-1,0],"RelY":0}],"interactionGraph":[{"id":"c971c","interactsWith":"ddad6"}],"interactionType":"gpml:Arrow"},{"networkType":"edge","gpmlType":"interaction","@type":["interaction"],"graphicalType":"path","markerEnd":"arrow","points":[{"x":368,"y":668,"isAttachedTo":"b18f1","RelX":1,"anchor":[1,0.5,1,0],"RelY":0},{"x":504,"y":600,"isAttachedTo":"e7923","RelX":-1,"anchor":[0,0.5,-1,0],"RelY":0}],"interactionGraph":[{"id":"b18f1","interactsWith":"e7923"}],"interactionType":"gpml:Arrow"},{"networkType":"edge","gpmlType":"interaction","@type":["interaction"],"graphicalType":"path","markerEnd":"tBar","points":[{"x":552,"y":562,"isAttachedTo":"e7923","RelX":0,"anchor":[0.5,0,0,-1],"RelY":-1},{"x":552.5488621151271,"y":523.7108433734938,"isAttachedTo":"c2980","RelX":0,"anchor":[0.5,1,0,1],"RelY":1}],"interactionGraph":[{"id":"e7923","interactsWith":"c2980"}],"interactionType":"t-bar"},{"networkType":"edge","gpmlType":"interaction","@type":["interaction"],"graphicalType":"path","markerEnd":"arrow","points":[{"x":600.5488621151271,"y":425.71084337349384,"isAttachedTo":"c2980","RelX":1,"anchor":[1,0.5,1,0],"RelY":0},{"x":700,"y":376,"isAttachedTo":"f4346","RelX":0,"anchor":[0.5,1,0,1],"RelY":1}],"interactionGraph":[{"id":"c2980","interactsWith":"f4346"}],"interactionType":"gpml:Arrow"},{"networkType":"edge","gpmlType":"interaction","@type":["interaction"],"graphicalType":"path","markerEnd":"arrow","points":[{"x":600,"y":600,"isAttachedTo":"e7923","RelX":1,"anchor":[1,0.5,1,0],"RelY":0},{"x":662,"y":600,"isAttachedTo":"fc184","RelX":-1,"anchor":[0,0.5,-1,0],"RelY":0}],"interactionGraph":[{"id":"e7923","interactsWith":"fc184"}],"interactionType":"gpml:Arrow"},{"networkType":"edge","gpmlType":"interaction","@type":["interaction"],"graphicalType":"path","markerEnd":"arrow","points":[{"x":758,"y":600,"isAttachedTo":"fc184","RelX":1,"anchor":[1,0.5,1,0],"RelY":0},{"x":888,"y":448,"isAttachedTo":"a46f7","RelX":0,"anchor":[0.5,1,0,1],"RelY":1}],"interactionGraph":[{"id":"fc184","interactsWith":"a46f7"}],"interactionType":"gpml:Arrow"},{"networkType":"edge","gpmlType":"interaction","@type":["interaction"],"graphicalType":"path","points":[{"x":936,"y":400,"isAttachedTo":"a46f7","RelX":1,"anchor":[1,0.5,1,0],"RelY":0},{"x":977.9678714859438,"y":399.2904953145917,"isAttachedTo":"cecb5","RelX":-1,"anchor":[0,0.5,-1,0],"RelY":0}]},{"networkType":"edge","gpmlType":"interaction","@type":["interaction"],"graphicalType":"path","points":[{"x":1057.9678714859438,"y":399.2904953145917,"isAttachedTo":"cecb5","RelX":1,"anchor":[1,0.5,1,0],"RelY":0},{"x":1116,"y":400,"isAttachedTo":"cdfa6","RelX":-1,"anchor":[0,0.5,-1,0],"RelY":0}]},{"networkType":"edge","gpmlType":"interaction","@type":["interaction"],"graphicalType":"path","markerEnd":"arrow","points":[{"x":1212,"y":400,"isAttachedTo":"cdfa6","RelX":1,"anchor":[1,0.5,1,0],"RelY":0},{"x":1254,"y":410,"isAttachedTo":"dd9b1","RelX":-1,"anchor":[0,0.5,-1,0],"RelY":0}],"interactionGraph":[{"id":"cdfa6","interactsWith":"dd9b1"}],"interactionType":"gpml:Arrow"},{"networkType":"edge","gpmlType":"interaction","@type":["interaction"],"graphicalType":"path","markerEnd":"arrow","points":[{"x":1350,"y":410,"isAttachedTo":"dd9b1","RelX":1,"anchor":[1,0.5,1,0],"RelY":0},{"x":1386.6452476572958,"y":410.7095046854083,"isAttachedTo":"ea9bc","RelX":-1,"anchor":[0,0.5,-1,0],"RelY":0}],"interactionGraph":[{"id":"dd9b1","interactsWith":"ea9bc"}],"interactionType":"gpml:Arrow"},{"networkType":"edge","gpmlType":"interaction","@type":["interaction"],"graphicalType":"path","markerEnd":"arrow","points":[{"x":1482.6452476572958,"y":410.7095046854083,"isAttachedTo":"ea9bc","RelX":1,"anchor":[1,0.5,1,0],"RelY":0},{"x":1528.6291834002677,"y":410,"isAttachedTo":"f644d","RelX":-1,"anchor":[0,0.5,-1,0],"RelY":0}],"interactionGraph":[{"id":"ea9bc","interactsWith":"f644d"}],"interactionType":"gpml:Arrow"},{"networkType":"edge","gpmlType":"interaction","@type":["interaction"],"graphicalType":"path","markerEnd":"arrow","points":[{"x":1608.6291834002677,"y":410,"isAttachedTo":"f644d","RelX":1,"anchor":[1,0.5,1,0],"RelY":0},{"x":1661.3065595716198,"y":438.82195448460516,"isAttachedTo":"bd050","RelX":-1,"anchor":[0,0.5,-1,0],"RelY":0}],"interactionGraph":[{"id":"f644d","interactsWith":"bd050"}],"interactionType":"gpml:Arrow"},{"networkType":"edge","gpmlType":"interaction","@type":["interaction"],"graphicalType":"path","markerEnd":"arrow","points":[{"x":758,"y":600,"isAttachedTo":"fc184","RelX":1,"anchor":[1,0.5,1,0],"RelY":0},{"x":837.3226238286479,"y":600.7095046854083,"isAttachedTo":"f29d8","RelX":-1,"anchor":[0,0.5,-1,0],"RelY":0}],"interactionGraph":[{"id":"fc184","interactsWith":"f29d8"}],"interactionType":"gpml:Arrow"},{"networkType":"edge","gpmlType":"interaction","@type":["interaction"],"graphicalType":"path","markerEnd":"arrow","points":[{"x":933.3226238286479,"y":600.7095046854083,"isAttachedTo":"f29d8","RelX":1,"anchor":[1,0.5,1,0],"RelY":0},{"x":1254,"y":410,"isAttachedTo":"dd9b1","RelX":-1,"anchor":[0,0.5,-1,0],"RelY":0}],"interactionGraph":[{"id":"f29d8","interactsWith":"dd9b1"}],"interactionType":"gpml:Arrow"},{"networkType":"edge","gpmlType":"interaction","@type":["interaction"],"graphicalType":"path","markerEnd":"arrow","points":[{"x":933.3226238286479,"y":600.7095046854083,"isAttachedTo":"f29d8","RelX":1,"anchor":[1,0.5,1,0],"RelY":0},{"x":1356,"y":494,"isAttachedTo":"c996b","RelX":-1,"anchor":[0,0.5,-1,0],"RelY":0}],"interactionGraph":[{"id":"f29d8","interactsWith":"c996b"}],"interactionType":"gpml:Arrow"},{"networkType":"edge","gpmlType":"interaction","@type":["interaction"],"graphicalType":"path","markerEnd":"arrow","points":[{"x":1436,"y":494,"isAttachedTo":"c996b","RelX":1,"anchor":[1,0.5,1,0],"RelY":0},{"x":1661.3065595716198,"y":438.82195448460516,"isAttachedTo":"bd050","RelX":-1,"anchor":[0,0.5,-1,0],"RelY":0}],"interactionGraph":[{"id":"c996b","interactsWith":"bd050"}],"interactionType":"gpml:Arrow"},{"networkType":"edge","gpmlType":"interaction","@type":["interaction"],"graphicalType":"path","markerEnd":"arrow","points":[{"x":933.3226238286479,"y":600.7095046854083,"isAttachedTo":"f29d8","RelX":1,"anchor":[1,0.5,1,0],"RelY":0},{"x":1246,"y":600,"isAttachedTo":"cf43a","RelX":-1,"anchor":[0,0.5,-1,0],"RelY":0}],"interactionGraph":[{"id":"f29d8","interactsWith":"cf43a"}],"interactionType":"gpml:Arrow"},{"networkType":"edge","gpmlType":"interaction","@type":["interaction"],"graphicalType":"path","markerEnd":"arrow","points":[{"x":1342,"y":600,"isAttachedTo":"cf43a","RelX":1,"anchor":[1,0.5,1,0],"RelY":0},{"x":1520,"y":674,"isAttachedTo":"adcf7","RelX":-1,"anchor":[0,0.5,-1,0],"RelY":0}],"interactionGraph":[{"id":"cf43a","interactsWith":"adcf7"}],"interactionType":"gpml:Arrow"},{"networkType":"edge","gpmlType":"interaction","@type":["interaction"],"graphicalType":"path","markerEnd":"arrow","points":[{"x":1616,"y":674,"isAttachedTo":"adcf7","RelX":1,"anchor":[1,0.5,1,0],"RelY":0},{"x":1668,"y":674.0481927710844,"isAttachedTo":"e5e79","RelX":-1,"anchor":[0,0.5,-1,0],"RelY":0}],"interactionGraph":[{"id":"adcf7","interactsWith":"e5e79"}],"interactionType":"gpml:Arrow"},{"networkType":"edge","gpmlType":"interaction","@type":["interaction"],"graphicalType":"path","points":[{"x":1716,"y":646.0481927710844,"isAttachedTo":"e5e79","RelX":0,"anchor":[0.5,0,0,-1],"RelY":-1},{"x":1716,"y":616,"isAttachedTo":"c9867","RelX":0,"anchor":[0.5,1,0,1],"RelY":1}]},{"networkType":"edge","gpmlType":"interaction","@type":["interaction"],"graphicalType":"path","markerEnd":"tBar","points":[{"x":1342,"y":600,"isAttachedTo":"cf43a","RelX":1,"anchor":[1,0.5,1,0],"RelY":0},{"x":1426.6291834002677,"y":748.7255689424364,"isAttachedTo":"f8655","RelX":-1,"anchor":[0,0.5,-1,0],"RelY":0}],"interactionGraph":[{"id":"cf43a","interactsWith":"f8655"}],"interactionType":"t-bar"},{"networkType":"edge","gpmlType":"interaction","@type":["interaction"],"graphicalType":"path","markerEnd":"arrow","points":[{"x":710,"y":658,"isAttachedTo":"fc184","RelX":0,"anchor":[0.5,1,0,1],"RelY":1},{"x":1008,"y":1120,"isAttachedTo":"cc74c","RelX":-1,"anchor":[0,0.5,-1,0],"RelY":0}],"interactionGraph":[{"id":"fc184","interactsWith":"cc74c"}],"interactionType":"gpml:Arrow"},{"networkType":"edge","gpmlType":"interaction","@type":["interaction"],"graphicalType":"path","markerEnd":"arrow","points":[{"x":885.3226238286479,"y":688.7095046854083,"isAttachedTo":"f29d8","RelX":0,"anchor":[0.5,1,0,1],"RelY":1},{"x":1008,"y":1120,"isAttachedTo":"cc74c","RelX":-1,"anchor":[0,0.5,-1,0],"RelY":0}],"interactionGraph":[{"id":"f29d8","interactsWith":"cc74c"}],"interactionType":"gpml:Arrow"},{"networkType":"edge","gpmlType":"interaction","@type":["interaction"],"graphicalType":"path","markerEnd":"arrow","points":[{"x":1088,"y":1120,"isAttachedTo":"cc74c","RelX":1,"anchor":[1,0.5,1,0],"RelY":0},{"x":1142,"y":1120,"isAttachedTo":"e7c7c","RelX":-1,"anchor":[0,0.5,-1,0],"RelY":0}],"interactionGraph":[{"id":"cc74c","interactsWith":"e7c7c"}],"interactionType":"gpml:Arrow"},{"networkType":"edge","gpmlType":"interaction","@type":["interaction"],"graphicalType":"path","markerEnd":"arrow","points":[{"x":1238,"y":1120,"isAttachedTo":"e7c7c","RelX":1,"anchor":[1,0.5,1,0],"RelY":0},{"x":1486,"y":854,"isAttachedTo":"d753a","RelX":-1,"anchor":[0,0.5,-1,0],"RelY":0}],"interactionGraph":[{"id":"e7c7c","interactsWith":"d753a"}],"interactionType":"gpml:Arrow"},{"networkType":"edge","gpmlType":"interaction","@type":["interaction"],"graphicalType":"path","markerEnd":"arrow","points":[{"x":1534,"y":882,"isAttachedTo":"d753a","RelX":0,"anchor":[0.5,1,0,1],"RelY":1},{"x":1696,"y":974,"isAttachedTo":"b723c","RelX":-1,"anchor":[0,0.5,-1,0],"RelY":0}],"interactionGraph":[{"id":"d753a","interactsWith":"b723c"}],"interactionType":"gpml:Arrow"},{"networkType":"edge","gpmlType":"interaction","@type":["interaction"],"graphicalType":"path","markerEnd":"arrow","points":[{"x":1238,"y":1120,"isAttachedTo":"e7c7c","RelX":1,"anchor":[1,0.5,1,0],"RelY":0},{"x":1428,"y":1120,"isAttachedTo":"a90ef","RelX":-1,"anchor":[0,0.5,-1,0],"RelY":0}],"interactionGraph":[{"id":"e7c7c","interactsWith":"a90ef"}],"interactionType":"gpml:Arrow"},{"networkType":"edge","gpmlType":"interaction","@type":["interaction"],"graphicalType":"path","markerEnd":"arrow","points":[{"x":1468,"y":1110,"isAttachedTo":"a90ef","RelX":0,"anchor":[0.5,0,0,-1],"RelY":-1},{"x":1696,"y":974,"isAttachedTo":"b723c","RelX":-1,"anchor":[0,0.5,-1,0],"RelY":0}],"interactionGraph":[{"id":"a90ef","interactsWith":"b723c"}],"interactionType":"gpml:Arrow"},{"networkType":"edge","gpmlType":"interaction","@type":["interaction"],"graphicalType":"path","markerEnd":"arrow","points":[{"x":1508,"y":1120,"isAttachedTo":"a90ef","RelX":1,"anchor":[1,0.5,1,0],"RelY":0},{"x":1596,"y":1110,"isAttachedTo":"ba59c","RelX":-1,"anchor":[0,0.5,-1,0],"RelY":0}],"interactionGraph":[{"id":"a90ef","interactsWith":"ba59c"}],"interactionType":"gpml:Arrow"},{"networkType":"edge","gpmlType":"interaction","@type":["interaction"],"graphicalType":"path","markerEnd":"arrow","points":[{"x":1238,"y":1120,"isAttachedTo":"e7c7c","RelX":1,"anchor":[1,0.5,1,0],"RelY":0},{"x":1466,"y":1242,"isAttachedTo":"afd4a","RelX":-1,"anchor":[0,0.5,-1,0],"RelY":0}],"interactionGraph":[{"id":"e7c7c","interactsWith":"afd4a"}],"interactionType":"gpml:Arrow"},{"networkType":"edge","gpmlType":"interaction","@type":["interaction"],"graphicalType":"path","markerEnd":"arrow","points":[{"x":1562,"y":1242,"isAttachedTo":"afd4a","RelX":1,"anchor":[1,0.5,1,0],"RelY":0},{"x":1610,"y":1242,"isAttachedTo":"aac13","RelX":-1,"anchor":[0,0.5,-1,0],"RelY":0}],"interactionGraph":[{"id":"afd4a","interactsWith":"aac13"}],"interactionType":"gpml:Arrow"},{"networkType":"edge","gpmlType":"interaction","@type":["interaction"],"graphicalType":"path","markerEnd":"arrow","points":[{"x":933.3226238286479,"y":600.7095046854083,"isAttachedTo":"f29d8","RelX":1,"anchor":[1,0.5,1,0],"RelY":0},{"x":1170,"y":772,"isAttachedTo":"a9721","RelX":-1,"anchor":[0,0.5,-1,0],"RelY":0}],"interactionGraph":[{"id":"f29d8","interactsWith":"a9721"}],"interactionType":"gpml:Arrow"},{"networkType":"edge","gpmlType":"interaction","@type":["interaction"],"graphicalType":"path","markerEnd":"arrow","points":[{"x":1210,"y":782,"isAttachedTo":"a9721","RelX":0,"anchor":[0.5,1,0,1],"RelY":1},{"x":1486,"y":854,"isAttachedTo":"d753a","RelX":-1,"anchor":[0,0.5,-1,0],"RelY":0}],"interactionGraph":[{"id":"a9721","interactsWith":"d753a"}],"interactionType":"gpml:Arrow"},{"networkType":"edge","gpmlType":"interaction","@type":["interaction"],"graphicalType":"path","markerEnd":"arrow","points":[{"x":600,"y":964.286479250335,"isAttachedTo":"b2578","RelX":1,"anchor":[1,0.5,1,0],"RelY":0},{"x":1170,"y":772,"isAttachedTo":"a9721","RelX":-1,"anchor":[0,0.5,-1,0],"RelY":0}],"interactionGraph":[{"id":"b2578","interactsWith":"a9721"}],"interactionType":"gpml:Arrow"},{"networkType":"edge","gpmlType":"interaction","@type":["interaction"],"graphicalType":"path","markerEnd":"arrow","points":[{"x":600,"y":964.286479250335,"isAttachedTo":"b2578","RelX":1,"anchor":[1,0.5,1,0],"RelY":0},{"x":837.3226238286479,"y":600.7095046854083,"isAttachedTo":"f29d8","RelX":-1,"anchor":[0,0.5,-1,0],"RelY":0}],"interactionGraph":[{"id":"b2578","interactsWith":"f29d8"}],"interactionType":"gpml:Arrow"},{"networkType":"edge","gpmlType":"interaction","@type":["interaction"],"graphicalType":"path","markerEnd":"arrow","points":[{"x":710,"y":658,"isAttachedTo":"fc184","RelX":0,"anchor":[0.5,1,0,1],"RelY":1},{"x":1006,"y":1240,"isAttachedTo":"e79c9","RelX":-1,"anchor":[0,0.5,-1,0],"RelY":0}],"interactionGraph":[{"id":"fc184","interactsWith":"e79c9"}],"interactionType":"gpml:Arrow"},{"networkType":"edge","gpmlType":"interaction","@type":["interaction"],"graphicalType":"path","points":[{"x":1046,"y":1250,"isAttachedTo":"e79c9","RelX":0,"anchor":[0.5,1,0,1],"RelY":1},{"x":1252,"y":1322,"isAttachedTo":"b36d7","RelX":-1,"anchor":[0,0.5,-1,0],"RelY":0}]},{"networkType":"edge","gpmlType":"interaction","@type":["interaction"],"graphicalType":"path","points":[{"x":1046,"y":1250,"isAttachedTo":"e79c9","RelX":0,"anchor":[0.5,1,0,1],"RelY":1},{"x":1244,"y":1362,"isAttachedTo":"e52a9","RelX":-1,"anchor":[0,0.5,-1,0],"RelY":0}]},{"networkType":"edge","gpmlType":"interaction","@type":["interaction"],"graphicalType":"path","markerEnd":"arrow","points":[{"x":710,"y":658,"isAttachedTo":"fc184","RelX":0,"anchor":[0.5,1,0,1],"RelY":1},{"x":908,"y":1348,"isAttachedTo":"acc39","RelX":-1,"anchor":[0,0.5,-1,0],"RelY":0}],"interactionGraph":[{"id":"fc184","interactsWith":"acc39"}],"interactionType":"gpml:Arrow"},{"networkType":"edge","gpmlType":"interaction","@type":["interaction"],"graphicalType":"path","markerEnd":"arrow","points":[{"x":885.3226238286479,"y":688.7095046854083,"isAttachedTo":"f29d8","RelX":0,"anchor":[0.5,1,0,1],"RelY":1},{"x":948,"y":1338,"isAttachedTo":"acc39","RelX":0,"anchor":[0.5,0,0,-1],"RelY":-1}],"interactionGraph":[{"id":"f29d8","interactsWith":"acc39"}],"interactionType":"gpml:Arrow"},{"networkType":"edge","gpmlType":"interaction","@type":["interaction"],"graphicalType":"path","markerEnd":"arrow","points":[{"x":988,"y":1348,"isAttachedTo":"acc39","RelX":1,"anchor":[1,0.5,1,0],"RelY":0},{"x":1252,"y":1322,"isAttachedTo":"b36d7","RelX":-1,"anchor":[0,0.5,-1,0],"RelY":0}],"interactionGraph":[{"id":"acc39","interactsWith":"b36d7"}],"interactionType":"gpml:Arrow"},{"networkType":"edge","gpmlType":"interaction","@type":["interaction"],"graphicalType":"path","points":[{"x":988,"y":1348,"isAttachedTo":"acc39","RelX":1,"anchor":[1,0.5,1,0],"RelY":0},{"x":1112,"y":1370,"isAttachedTo":"b8851","RelX":-1,"anchor":[0,0.5,-1,0],"RelY":0}]},{"networkType":"edge","gpmlType":"interaction","@type":["interaction"],"graphicalType":"path","points":[{"x":1192,"y":1370,"isAttachedTo":"b8851","RelX":1,"anchor":[1,0.5,1,0],"RelY":0},{"x":1244,"y":1362,"isAttachedTo":"e52a9","RelX":-1,"anchor":[0,0.5,-1,0],"RelY":0}]},{"networkType":"edge","gpmlType":"interaction","@type":["interaction"],"graphicalType":"path","points":[{"x":552,"y":638,"isAttachedTo":"e7923","RelX":0,"anchor":[0.5,1,0,1],"RelY":1},{"x":552,"y":736.2864792503349,"isAttachedTo":"b2578","RelX":0,"anchor":[0.5,0,0,-1],"RelY":-1}]},{"networkType":"edge","gpmlType":"interaction","@type":["interaction"],"graphicalType":"path","markerEnd":"arrow","points":[{"x":600,"y":964.286479250335,"isAttachedTo":"b2578","RelX":1,"anchor":[1,0.5,1,0],"RelY":0},{"x":726,"y":1446,"isAttachedTo":"e15ac","RelX":0,"anchor":[0.5,0,0,-1],"RelY":-1}],"interactionGraph":[{"id":"b2578","interactsWith":"e15ac"}],"interactionType":"gpml:Arrow"},{"networkType":"edge","gpmlType":"interaction","@type":["interaction"],"graphicalType":"path","markerEnd":"arrow","points":[{"x":774,"y":1494,"isAttachedTo":"e15ac","RelX":1,"anchor":[1,0.5,1,0],"RelY":0},{"x":844,"y":1502,"isAttachedTo":"aad0f","RelX":-1,"anchor":[0,0.5,-1,0],"RelY":0}],"interactionGraph":[{"id":"e15ac","interactsWith":"aad0f"}],"interactionType":"gpml:Arrow"},{"networkType":"edge","gpmlType":"interaction","@type":["interaction"],"graphicalType":"path","markerEnd":"arrow","points":[{"x":1032,"y":1502,"isAttachedTo":"a9cde","RelX":1,"anchor":[1,0.5,1,0],"RelY":0},{"x":1112,"y":1504,"isAttachedTo":"b8b7a","RelX":-1,"anchor":[0,0.5,-1,0],"RelY":0}],"interactionGraph":[{"id":"a9cde","interactsWith":"b8b7a"}],"interactionType":"gpml:Arrow"},{"networkType":"edge","gpmlType":"interaction","@type":["interaction"],"graphicalType":"path","markerEnd":"arrow","points":[{"x":1192,"y":1504,"isAttachedTo":"b8b7a","RelX":1,"anchor":[1,0.5,1,0],"RelY":0},{"x":1288,"y":1494,"isAttachedTo":"b0c47","RelX":-1,"anchor":[0,0.5,-1,0],"RelY":0}],"interactionGraph":[{"id":"b8b7a","interactsWith":"b0c47"}],"interactionType":"gpml:Arrow"},{"networkType":"edge","gpmlType":"interaction","@type":["interaction"],"graphicalType":"path","markerEnd":"arrow","points":[{"x":1336,"y":1466,"isAttachedTo":"b0c47","RelX":0,"anchor":[0.5,0,0,-1],"RelY":-1},{"x":1428,"y":1120,"isAttachedTo":"a90ef","RelX":-1,"anchor":[0,0.5,-1,0],"RelY":0}],"interactionGraph":[{"id":"b0c47","interactsWith":"a90ef"}],"interactionType":"gpml:Arrow"},{"networkType":"edge","gpmlType":"interaction","@type":["interaction"],"graphicalType":"path","markerEnd":"arrow","points":[{"x":1498,"y":928,"isAttachedTo":"f4b8b","RelX":0,"anchor":[0.5,0,0,-1],"RelY":-1},{"x":1534,"y":882,"isAttachedTo":"d753a","RelX":0,"anchor":[0.5,1,0,1],"RelY":1}],"interactionGraph":[{"id":"f4b8b","interactsWith":"d753a"}],"interactionType":"gpml:Arrow"},{"networkType":"edge","gpmlType":"interaction","@type":["interaction"],"graphicalType":"path","markerEnd":"arrow","points":[{"x":992,"y":1512,"isAttachedTo":"a9cde","RelX":0,"anchor":[0.5,1,0,1],"RelY":1},{"x":1104,"y":1628,"isAttachedTo":"f5d0e","RelX":-1,"anchor":[0,0.5,-1,0],"RelY":0}],"interactionGraph":[{"id":"a9cde","interactsWith":"f5d0e"}],"interactionType":"gpml:Arrow"},{"networkType":"edge","gpmlType":"interaction","@type":["interaction"],"graphicalType":"path","markerEnd":"arrow","points":[{"x":774,"y":1494,"isAttachedTo":"e15ac","RelX":1,"anchor":[1,0.5,1,0],"RelY":0},{"x":1104,"y":1628,"isAttachedTo":"f5d0e","RelX":-1,"anchor":[0,0.5,-1,0],"RelY":0}],"interactionGraph":[{"id":"e15ac","interactsWith":"f5d0e"}],"interactionType":"gpml:Arrow"},{"networkType":"edge","gpmlType":"interaction","@type":["interaction"],"graphicalType":"path","markerEnd":"arrow","points":[{"x":930,"y":1628,"isAttachedTo":"b503a","RelX":0,"anchor":[0.5,0,0,-1],"RelY":-1},{"x":1112,"y":1504,"isAttachedTo":"b8b7a","RelX":-1,"anchor":[0,0.5,-1,0],"RelY":0}],"interactionGraph":[{"id":"b503a","interactsWith":"b8b7a"}],"interactionType":"gpml:Arrow"},{"networkType":"edge","gpmlType":"interaction","@type":["interaction"],"graphicalType":"path","markerEnd":"arrow","points":[{"x":1200,"y":1628,"isAttachedTo":"f5d0e","RelX":1,"anchor":[1,0.5,1,0],"RelY":0},{"x":1318,"y":1712,"isAttachedTo":"da125","RelX":-1,"anchor":[0,0.5,-1,0],"RelY":0}],"interactionGraph":[{"id":"f5d0e","interactsWith":"da125"}],"interactionType":"gpml:Arrow"},{"networkType":"edge","gpmlType":"interaction","@type":["interaction"],"graphicalType":"path","points":[{"x":395.2262382864792,"y":924.401606425703,"isAttachedTo":"d39f9","RelX":0,"anchor":[0.5,0,0,-1],"RelY":-1},{"x":368,"y":668,"isAttachedTo":"b18f1","RelX":1,"anchor":[1,0.5,1,0],"RelY":0}]},{"networkType":"edge","gpmlType":"interaction","@type":["interaction"],"graphicalType":"path","markerEnd":"arrow","points":[{"x":449.98393574297194,"y":687.7429718875501,"isAttachedTo":"cbe0a","RelX":0,"anchor":[0.5,0,0,-1],"RelY":-1},{"x":368,"y":668,"isAttachedTo":"b18f1","RelX":1,"anchor":[1,0.5,1,0],"RelY":0}],"interactionGraph":[{"id":"cbe0a","interactsWith":"b18f1"}],"interactionType":"gpml:Arrow"},{"networkType":"edge","gpmlType":"interaction","@type":["interaction"],"graphicalType":"path","markerEnd":"tBar","points":[{"x":1342,"y":600,"isAttachedTo":"cf43a","RelX":1,"anchor":[1,0.5,1,0],"RelY":0},{"x":1676,"y":522,"isAttachedTo":"a3c4a","RelX":-1,"anchor":[0,0.5,-1,0],"RelY":0}],"interactionGraph":[{"id":"cf43a","interactsWith":"a3c4a"}],"interactionType":"t-bar"},{"networkType":"edge","gpmlType":"interaction","@type":["interaction"],"graphicalType":"path","markerEnd":"mimStimulation","points":[{"x":1716,"y":702.0481927710844,"isAttachedTo":"e5e79","RelX":0,"anchor":[0.5,1,0,1],"RelY":1},{"x":1715.528781793842,"y":748.3266398929048,"isAttachedTo":"b3990","RelX":0,"anchor":[0.5,0,0,-1],"RelY":-1}],"interactionGraph":[{"id":"e5e79","interactsWith":"b3990"}],"interactionType":"mim-stimulation"},{"networkType":"edge","gpmlType":"interaction","@type":["interaction"],"graphicalType":"path","markerEnd":"mimTranscriptionTranslation","points":[{"x":1176,"y":248,"isAttachedTo":"ddad6","RelX":1,"anchor":[1,0.5,1,0],"RelY":0},{"x":2025.7095046854083,"y":248},{"x":2025.7095046854083,"y":505.94377510039953,"isAttachedTo":"b94aa","RelX":0,"anchor":[0.5,0,0,-1],"RelY":-1}],"interactionGraph":[{"id":"ddad6","interactsWith":"b94aa"}],"interactionType":"mim-transcription-translation"},{"networkType":"edge","gpmlType":"interaction","@type":["interaction"],"graphicalType":"path","markerEnd":"mimStimulation","points":[{"x":1776,"y":974,"isAttachedTo":"b723c","RelX":1,"anchor":[1,0.5,1,0],"RelY":0},{"x":1832.6639892904955,"y":973.5970548862115,"isAttachedTo":"ce350","RelX":-1,"anchor":[0,0.5,-1,0],"RelY":0}],"interactionGraph":[{"id":"b723c","interactsWith":"ce350"}],"interactionType":"mim-stimulation"},{"networkType":"edge","gpmlType":"interaction","@type":["interaction"],"graphicalType":"path","markerEnd":"mimStimulation","points":[{"x":1582,"y":854,"isAttachedTo":"d753a","RelX":1,"anchor":[1,0.5,1,0],"RelY":0},{"x":1832.6639892904955,"y":965.3795180722891,"isAttachedTo":"ce350","RelX":-1,"anchor":[0,0.25,-1,0],"RelY":-0.5}],"interactionGraph":[{"id":"d753a","interactsWith":"ce350"}],"interactionType":"mim-stimulation"},{"networkType":"edge","gpmlType":"interaction","@type":["interaction"],"graphicalType":"path","markerEnd":"mimStimulation","points":[{"x":1692,"y":1110,"isAttachedTo":"ba59c","RelX":1,"anchor":[1,0.5,1,0],"RelY":0},{"x":1888.0461847389558,"y":990.0321285140561,"isAttachedTo":"ce350","RelX":-0.5,"anchor":[0.25,1,0,1],"RelY":1}],"interactionGraph":[{"id":"ba59c","interactsWith":"ce350"}],"interactionType":"mim-stimulation"},{"networkType":"edge","gpmlType":"interaction","@type":["interaction"],"graphicalType":"path","markerEnd":"mimStimulation","points":[{"x":1706,"y":1242,"isAttachedTo":"aac13","RelX":1,"anchor":[1,0.5,1,0],"RelY":0},{"x":1943.4283801874162,"y":990.0321285140561,"isAttachedTo":"ce350","RelX":0,"anchor":[0.5,1,0,1],"RelY":1}],"interactionGraph":[{"id":"aac13","interactsWith":"ce350"}],"interactionType":"mim-stimulation"},{"networkType":"edge","gpmlType":"interaction","@type":["interaction"],"graphicalType":"path","markerEnd":"mimStimulation","points":[{"x":1340,"y":1362,"isAttachedTo":"e52a9","RelX":1,"anchor":[1,0.5,1,0],"RelY":0},{"x":1998.8105756358766,"y":1362},{"x":1998.8105756358766,"y":990.0321285140561,"isAttachedTo":"ce350","RelX":0.5,"anchor":[0.75,1,0,1],"RelY":1}],"interactionGraph":[{"id":"e52a9","interactsWith":"ce350"}],"interactionType":"mim-stimulation"},{"networkType":"edge","gpmlType":"interaction","@type":["interaction"],"graphicalType":"path","markerEnd":"arrow","points":[{"x":924,"y":1502,"isAttachedTo":"aad0f","RelX":1,"anchor":[1,0.5,1,0],"RelY":0},{"x":952,"y":1502,"isAttachedTo":"a9cde","RelX":-1,"anchor":[0,0.5,-1,0],"RelY":0}],"interactionGraph":[{"id":"aad0f","interactsWith":"a9cde"}],"interactionType":"gpml:Arrow"},{"networkType":"edge","gpmlType":"interaction","@type":["interaction"],"graphicalType":"path","markerEnd":"arrow","points":[{"x":774,"y":1494,"isAttachedTo":"e15ac","RelX":1,"anchor":[1,0.5,1,0],"RelY":0},{"x":890,"y":1638,"isAttachedTo":"b503a","RelX":-1,"anchor":[0,0.5,-1,0],"RelY":0}],"interactionGraph":[{"id":"e15ac","interactsWith":"b503a"}],"interactionType":"gpml:Arrow"},{"networkType":"edge","gpmlType":"interaction","@type":["interaction"],"graphicalType":"path","markerEnd":"arrow","points":[{"x":970,"y":1638,"isAttachedTo":"b503a","RelX":1,"anchor":[1,0.5,1,0],"RelY":0},{"x":1104,"y":1628,"isAttachedTo":"f5d0e","RelX":-1,"anchor":[0,0.5,-1,0],"RelY":0}],"interactionGraph":[{"id":"b503a","interactsWith":"f5d0e"}],"interactionType":"gpml:Arrow"},{"networkType":"edge","gpmlType":"interaction","@type":["interaction"],"graphicalType":"path","markerEnd":"arrow","points":[{"x":1200,"y":1628,"isAttachedTo":"f5d0e","RelX":1,"anchor":[1,0.5,1,0],"RelY":0},{"x":1473.8955823293172,"y":1619.8125836680053,"isAttachedTo":"ff4a4","RelX":-1,"anchor":[0,0.5,-1,0],"RelY":0}],"interactionGraph":[{"id":"f5d0e","interactsWith":"ff4a4"}],"interactionType":"gpml:Arrow"},{"networkType":"edge","gpmlType":"interaction","@type":["interaction"],"graphicalType":"path","markerEnd":"arrow","points":[{"x":1398,"y":1712,"isAttachedTo":"da125","RelX":1,"anchor":[1,0.5,1,0],"RelY":0},{"x":1486.5729585006693,"y":1710.488621151272,"isAttachedTo":"d8902","RelX":-1,"anchor":[0,0.5,-1,0],"RelY":0}],"interactionGraph":[{"id":"da125","interactsWith":"d8902"}],"interactionType":"gpml:Arrow"},{"networkType":"edge","gpmlType":"interaction","@type":["interaction"],"graphicalType":"path","markerEnd":"arrow","points":[{"x":395.2262382864792,"y":980.401606425703,"isAttachedTo":"d39f9","RelX":0,"anchor":[0.5,1,0,1],"RelY":1},{"x":396.2115127175367,"y":1030.0803212851395,"isAttachedTo":"a51d1","RelX":0,"anchor":[0.5,0,0,-1],"RelY":-1}],"interactionGraph":[{"id":"d39f9","interactsWith":"a51d1"}],"interactionType":"gpml:Arrow"},{"networkType":"edge","gpmlType":"interaction","@type":["interaction"],"graphicalType":"path","markerEnd":"mimTranscriptionTranslation","points":[{"x":1757.3065595716198,"y":438.82195448460516,"isAttachedTo":"bd050","RelX":1,"anchor":[1,0.5,1,0],"RelY":0},{"x":1971.9846050870149,"y":438.82195448460516},{"x":1971.9846050870149,"y":505.94377510039953,"isAttachedTo":"b94aa","RelX":-0.5,"anchor":[0.25,0,0,-1],"RelY":-1}],"interactionGraph":[{"id":"bd050","interactsWith":"b94aa"}],"interactionType":"mim-transcription-translation"},{"networkType":"edge","gpmlType":"interaction","@type":["interaction"],"graphicalType":"path","markerEnd":"mimTranscriptionTranslation","points":[{"x":1756,"y":522,"isAttachedTo":"a3c4a","RelX":1,"anchor":[1,0.5,1,0],"RelY":0},{"x":1918.2597054886214,"y":530.8868808567586,"isAttachedTo":"b94aa","RelX":-1,"anchor":[0,0.25,-1,0],"RelY":-0.5}],"interactionGraph":[{"id":"a3c4a","interactsWith":"b94aa"}],"interactionType":"mim-transcription-translation"},{"networkType":"edge","gpmlType":"interaction","@type":["interaction"],"graphicalType":"path","markerEnd":"mimTranscriptionTranslation","points":[{"x":1764,"y":588,"isAttachedTo":"c9867","RelX":1,"anchor":[1,0.5,1,0],"RelY":0},{"x":1918.2597054886214,"y":555.8299866131176,"isAttachedTo":"b94aa","RelX":-1,"anchor":[0,0.5,-1,0],"RelY":0}],"interactionGraph":[{"id":"c9867","interactsWith":"b94aa"}],"interactionType":"mim-transcription-translation"},{"networkType":"node","nodeType":"DataNode","dataNodeType":"GeneProduct","@type":["DataNode","GeneProduct","datanode"],"gpmlType":"datanode","graphicalType":"path","datasourceReference":{"database":"Entrez Gene","id":"12145","organism":"Mus musculus"},"unificationXref":"http://identifiers.org/ensembl/ENSMUSG00000047880"},{"networkType":"node","nodeType":"DataNode","dataNodeType":"GeneProduct","@type":["DataNode","GeneProduct","datanode"],"gpmlType":"datanode","graphicalType":"path","datasourceReference":{"database":"Entrez Gene","id":"12458","organism":"Mus musculus"},"unificationXref":"http://identifiers.org/ensembl/ENSMUSG00000040899"},{"networkType":"node","nodeType":"DataNode","dataNodeType":"GeneProduct","@type":["DataNode","GeneProduct","datanode"],"gpmlType":"datanode","graphicalType":"path","datasourceReference":{"database":"Entrez Gene","id":"12766","organism":"Mus musculus"},"unificationXref":"http://identifiers.org/ensembl/ENSMUSG00000050232"},{"networkType":"node","nodeType":"DataNode","dataNodeType":"GeneProduct","@type":["DataNode","GeneProduct","datanode"],"gpmlType":"datanode","graphicalType":"path","datasourceReference":{"database":"Entrez Gene","id":"12765","organism":"Mus musculus"},"unificationXref":"http://identifiers.org/ensembl/ENSMUSG00000026180"},{"networkType":"node","nodeType":"DataNode","dataNodeType":"GeneProduct","@type":["DataNode","GeneProduct","datanode"],"gpmlType":"datanode","graphicalType":"path","datasourceReference":{"database":"Entrez Gene","id":"12767","organism":"Mus musculus"},"unificationXref":"http://identifiers.org/ensembl/ENSMUSG00000045382"},{"networkType":"node","nodeType":"DataNode","dataNodeType":"GeneProduct","@type":["DataNode","GeneProduct","datanode"],"gpmlType":"datanode","graphicalType":"path","datasourceReference":{"database":"Entrez Gene","id":"12768","organism":"Mus musculus"},"unificationXref":"http://identifiers.org/ensembl/ENSMUSG00000025804"},{"networkType":"node","nodeType":"DataNode","dataNodeType":"GeneProduct","@type":["DataNode","GeneProduct","datanode"],"gpmlType":"datanode","graphicalType":"path","datasourceReference":{"database":"Entrez Gene","id":"12769","organism":"Mus musculus"},"unificationXref":"http://identifiers.org/ensembl/ENSMUSG00000029530"},{"networkType":"node","nodeType":"DataNode","dataNodeType":"GeneProduct","@type":["DataNode","GeneProduct","datanode"],"gpmlType":"datanode","graphicalType":"path","datasourceReference":{"database":"Entrez Gene","id":"12770","organism":"Mus musculus"},"unificationXref":"http://identifiers.org/ensembl/ENSMUSG00000064039"},{"networkType":"node","nodeType":"DataNode","dataNodeType":"GeneProduct","@type":["DataNode","GeneProduct","datanode"],"gpmlType":"datanode","graphicalType":"path","datasourceReference":{"database":"Entrez Gene","id":"12771","organism":"Mus musculus"},"unificationXref":"http://identifiers.org/ensembl/ENSMUSG00000035448"},{"networkType":"node","nodeType":"DataNode","dataNodeType":"GeneProduct","@type":["DataNode","GeneProduct","datanode"],"gpmlType":"datanode","graphicalType":"path","datasourceReference":{"database":"Entrez Gene","id":"12772","organism":"Mus musculus"},"unificationXref":"http://identifiers.org/ensembl/ENSMUSG00000049103"},{"networkType":"node","nodeType":"DataNode","dataNodeType":"GeneProduct","@type":["DataNode","GeneProduct","datanode"],"gpmlType":"datanode","graphicalType":"path","datasourceReference":{"database":"Entrez Gene","id":"12773","organism":"Mus musculus"},"unificationXref":"http://identifiers.org/ensembl/ENSMUSG00000047898"},{"networkType":"node","nodeType":"DataNode","dataNodeType":"GeneProduct","@type":["DataNode","GeneProduct","datanode"],"gpmlType":"datanode","graphicalType":"path","datasourceReference":{"database":"Entrez Gene","id":"12774","organism":"Mus musculus"},"unificationXref":"http://identifiers.org/ensembl/ENSMUSG00000079227"},{"networkType":"node","nodeType":"DataNode","dataNodeType":"GeneProduct","@type":["DataNode","GeneProduct","datanode"],"gpmlType":"datanode","graphicalType":"path","datasourceReference":{"database":"Entrez Gene","id":"12775","organism":"Mus musculus"},"unificationXref":"http://identifiers.org/ensembl/ENSMUSG00000037944"},{"networkType":"node","nodeType":"DataNode","dataNodeType":"GeneProduct","@type":["DataNode","GeneProduct","datanode"],"gpmlType":"datanode","graphicalType":"path","datasourceReference":{"database":"Entrez Gene","id":"12776","organism":"Mus musculus"},"unificationXref":"http://identifiers.org/ensembl/ENSMUSG00000042262"},{"networkType":"node","nodeType":"DataNode","dataNodeType":"GeneProduct","@type":["DataNode","GeneProduct","datanode"],"gpmlType":"datanode","graphicalType":"path","datasourceReference":{"database":"Entrez Gene","id":"12777","organism":"Mus musculus"},"unificationXref":"http://identifiers.org/ensembl/ENSMUSG00000044052"},{"networkType":"node","nodeType":"DataNode","dataNodeType":"GeneProduct","@type":["DataNode","GeneProduct","datanode"],"gpmlType":"datanode","graphicalType":"path","datasourceReference":{"database":"Entrez Gene","id":"13051","organism":"Mus musculus"},"unificationXref":"http://identifiers.org/ensembl/ENSMUSG00000052336"},{"networkType":"node","nodeType":"DataNode","dataNodeType":"GeneProduct","@type":["DataNode","GeneProduct","datanode"],"gpmlType":"datanode","graphicalType":"path","datasourceReference":{"database":"Entrez Gene","id":"227288","organism":"Mus musculus"},"unificationXref":"http://identifiers.org/ensembl/ENSMUSG00000048480"},{"networkType":"node","nodeType":"DataNode","dataNodeType":"GeneProduct","@type":["DataNode","GeneProduct","datanode"],"gpmlType":"datanode","graphicalType":"path","datasourceReference":{"database":"Entrez Gene","id":"80901","organism":"Mus musculus"},"unificationXref":"http://identifiers.org/ensembl/ENSMUSG00000048521"},{"networkType":"node","nodeType":"DataNode","dataNodeType":"GeneProduct","@type":["DataNode","GeneProduct","datanode"],"gpmlType":"datanode","graphicalType":"path","datasourceReference":{"database":"Entrez Gene","id":"23832","organism":"Mus musculus"},"unificationXref":"http://identifiers.org/ensembl/ENSMUSG00000060509"},{"networkType":"node","nodeType":"DataNode","dataNodeType":"GeneProduct","@type":["DataNode","GeneProduct","datanode"],"gpmlType":"datanode","graphicalType":"path","datasourceReference":{"database":"Entrez Gene","id":"100039053","organism":"Mus musculus"},"unificationXref":"http://identifiers.org/ensembl/ENSMUSG00000071005"},{"networkType":"node","nodeType":"DataNode","dataNodeType":"GeneProduct","@type":["DataNode","GeneProduct","datanode"],"gpmlType":"datanode","graphicalType":"path","datasourceReference":{"database":"Entrez Gene","id":"100039863","organism":"Mus musculus"},"unificationXref":"http://identifiers.org/ensembl/ENSMUSG00000073877"},{"networkType":"node","nodeType":"DataNode","dataNodeType":"GeneProduct","@type":["DataNode","GeneProduct","datanode"],"gpmlType":"datanode","graphicalType":"path","datasourceReference":{"database":"Entrez Gene","id":"100504977","organism":"Mus musculus"}},{"networkType":"node","nodeType":"DataNode","dataNodeType":"GeneProduct","@type":["DataNode","GeneProduct","datanode"],"gpmlType":"datanode","graphicalType":"path","datasourceReference":{"database":"Entrez Gene","id":"14825","organism":"Mus musculus"},"unificationXref":"http://identifiers.org/ensembl/ENSMUSG00000029380"},{"networkType":"node","nodeType":"DataNode","dataNodeType":"GeneProduct","@type":["DataNode","GeneProduct","datanode"],"gpmlType":"datanode","graphicalType":"path","datasourceReference":{"database":"Entrez Gene","id":"15945","organism":"Mus musculus"},"unificationXref":"http://identifiers.org/ensembl/ENSMUSG00000034855"},{"networkType":"node","nodeType":"DataNode","dataNodeType":"GeneProduct","@type":["DataNode","GeneProduct","datanode"],"gpmlType":"datanode","graphicalType":"path","datasourceReference":{"database":"Entrez Gene","id":"16963","organism":"Mus musculus"},"unificationXref":"http://identifiers.org/ensembl/ENSMUSG00000026573"},{"networkType":"node","nodeType":"DataNode","dataNodeType":"GeneProduct","@type":["DataNode","GeneProduct","datanode"],"gpmlType":"datanode","graphicalType":"path","datasourceReference":{"database":"Entrez Gene","id":"17329","organism":"Mus musculus"},"unificationXref":"http://identifiers.org/ensembl/ENSMUSG00000029417"},{"networkType":"node","nodeType":"DataNode","dataNodeType":"GeneProduct","@type":["DataNode","GeneProduct","datanode"],"gpmlType":"datanode","graphicalType":"path","datasourceReference":{"database":"Entrez Gene","id":"18829","organism":"Mus musculus"},"unificationXref":"http://identifiers.org/ensembl/ENSMUSG00000094686"},{"networkType":"node","nodeType":"DataNode","dataNodeType":"GeneProduct","@type":["DataNode","GeneProduct","datanode"],"gpmlType":"datanode","graphicalType":"path","datasourceReference":{"database":"Entrez Gene","id":"20290","organism":"Mus musculus"},"unificationXref":"http://identifiers.org/ensembl/ENSMUSG00000020702"},{"networkType":"node","nodeType":"DataNode","dataNodeType":"GeneProduct","@type":["DataNode","GeneProduct","datanode"],"gpmlType":"datanode","graphicalType":"path","datasourceReference":{"database":"Entrez Gene","id":"20292","organism":"Mus musculus"},"unificationXref":"http://identifiers.org/ensembl/ENSMUSG00000020676"},{"networkType":"node","nodeType":"DataNode","dataNodeType":"GeneProduct","@type":["DataNode","GeneProduct","datanode"],"gpmlType":"datanode","graphicalType":"path","datasourceReference":{"database":"Entrez Gene","id":"20293","organism":"Mus musculus"},"unificationXref":"http://identifiers.org/ensembl/ENSMUSG00000035352"},{"networkType":"node","nodeType":"DataNode","dataNodeType":"GeneProduct","@type":["DataNode","GeneProduct","datanode"],"gpmlType":"datanode","graphicalType":"path","datasourceReference":{"database":"Entrez Gene","id":"20295","organism":"Mus musculus"},"unificationXref":"http://identifiers.org/ensembl/ENSMUSG00000031780"},{"networkType":"node","nodeType":"DataNode","dataNodeType":"GeneProduct","@type":["DataNode","GeneProduct","datanode"],"gpmlType":"datanode","graphicalType":"path","datasourceReference":{"database":"Entrez Gene","id":"20296","organism":"Mus musculus"},"unificationXref":"http://identifiers.org/ensembl/ENSMUSG00000035385"},{"networkType":"node","nodeType":"DataNode","dataNodeType":"GeneProduct","@type":["DataNode","GeneProduct","datanode"],"gpmlType":"datanode","graphicalType":"path","datasourceReference":{"database":"Entrez Gene","id":"20297","organism":"Mus musculus"},"unificationXref":"http://identifiers.org/ensembl/ENSMUSG00000026166"},{"networkType":"node","nodeType":"DataNode","dataNodeType":"GeneProduct","@type":["DataNode","GeneProduct","datanode"],"gpmlType":"datanode","graphicalType":"path","datasourceReference":{"database":"Entrez Gene","id":"20299","organism":"Mus musculus"},"unificationXref":"http://identifiers.org/ensembl/ENSMUSG00000031779"},{"networkType":"node","nodeType":"DataNode","dataNodeType":"GeneProduct","@type":["DataNode","GeneProduct","datanode"],"gpmlType":"datanode","graphicalType":"path","datasourceReference":{"database":"Entrez Gene","id":"20300","organism":"Mus musculus"},"unificationXref":"http://identifiers.org/ensembl/ENSMUSG00000023235"},{"networkType":"node","nodeType":"DataNode","dataNodeType":"GeneProduct","@type":["DataNode","GeneProduct","datanode"],"gpmlType":"datanode","graphicalType":"path","datasourceReference":{"database":"Entrez Gene","id":"20301","organism":"Mus musculus"},"unificationXref":"http://identifiers.org/ensembl/ENSMUSG00000073888"},{"networkType":"node","nodeType":"DataNode","dataNodeType":"GeneProduct","@type":["DataNode","GeneProduct","datanode"],"gpmlType":"datanode","graphicalType":"path","datasourceReference":{"database":"Entrez Gene","id":"20303","organism":"Mus musculus"},"unificationXref":"http://identifiers.org/ensembl/ENSMUSG00000018930"},{"networkType":"node","nodeType":"DataNode","dataNodeType":"GeneProduct","@type":["DataNode","GeneProduct","datanode"],"gpmlType":"datanode","graphicalType":"path","datasourceReference":{"database":"Entrez Gene","id":"20302","organism":"Mus musculus"},"unificationXref":"http://identifiers.org/ensembl/ENSMUSG00000000982"},{"networkType":"node","nodeType":"DataNode","dataNodeType":"GeneProduct","@type":["DataNode","GeneProduct","datanode"],"gpmlType":"datanode","graphicalType":"path","datasourceReference":{"database":"Entrez Gene","id":"20304","organism":"Mus musculus"},"unificationXref":"http://identifiers.org/ensembl/ENSMUSG00000035042"},{"networkType":"node","nodeType":"DataNode","dataNodeType":"GeneProduct","@type":["DataNode","GeneProduct","datanode"],"gpmlType":"datanode","graphicalType":"path","datasourceReference":{"database":"Entrez Gene","id":"20305","organism":"Mus musculus"},"unificationXref":"http://identifiers.org/ensembl/ENSMUSG00000018927"},{"networkType":"node","nodeType":"DataNode","dataNodeType":"GeneProduct","@type":["DataNode","GeneProduct","datanode"],"gpmlType":"datanode","graphicalType":"path","datasourceReference":{"database":"Entrez Gene","id":"20306","organism":"Mus musculus"},"unificationXref":"http://identifiers.org/ensembl/ENSMUSG00000035373"},{"networkType":"node","nodeType":"DataNode","dataNodeType":"GeneProduct","@type":["DataNode","GeneProduct","datanode"],"gpmlType":"datanode","graphicalType":"path","datasourceReference":{"database":"Entrez Gene","id":"20308","organism":"Mus musculus"},"unificationXref":"http://identifiers.org/ensembl/ENSMUSG00000019122"},{"networkType":"node","nodeType":"DataNode","dataNodeType":"GeneProduct","@type":["DataNode","GeneProduct","datanode"],"gpmlType":"datanode","graphicalType":"path","datasourceReference":{"database":"Entrez Gene","id":"20307","organism":"Mus musculus"},"unificationXref":"http://identifiers.org/ensembl/ENSMUSG00000009185"},{"networkType":"node","nodeType":"DataNode","dataNodeType":"GeneProduct","@type":["DataNode","GeneProduct","datanode"],"gpmlType":"datanode","graphicalType":"path","datasourceReference":{"database":"Entrez Gene","id":"20309","organism":"Mus musculus"},"unificationXref":"http://identifiers.org/ensembl/ENSMUSG00000029375"},{"networkType":"node","nodeType":"DataNode","dataNodeType":"GeneProduct","@type":["DataNode","GeneProduct","datanode"],"gpmlType":"datanode","graphicalType":"path","datasourceReference":{"database":"Entrez Gene","id":"20310","organism":"Mus musculus"},"unificationXref":"http://identifiers.org/ensembl/ENSMUSG00000058427"},{"networkType":"node","nodeType":"DataNode","dataNodeType":"GeneProduct","@type":["DataNode","GeneProduct","datanode"],"gpmlType":"datanode","graphicalType":"path","datasourceReference":{"database":"Entrez Gene","id":"20311","organism":"Mus musculus"},"unificationXref":"http://identifiers.org/ensembl/ENSMUSG00000029371"},{"networkType":"node","nodeType":"DataNode","dataNodeType":"GeneProduct","@type":["DataNode","GeneProduct","datanode"],"gpmlType":"datanode","graphicalType":"path","datasourceReference":{"database":"Entrez Gene","id":"20312","organism":"Mus musculus"},"unificationXref":"http://identifiers.org/ensembl/ENSMUSG00000031778"},{"networkType":"node","nodeType":"DataNode","dataNodeType":"GeneProduct","@type":["DataNode","GeneProduct","datanode"],"gpmlType":"datanode","graphicalType":"path","datasourceReference":{"database":"Entrez Gene","id":"20315","organism":"Mus musculus"},"unificationXref":"http://identifiers.org/ensembl/ENSMUSG00000061353"},{"networkType":"node","nodeType":"DataNode","dataNodeType":"GeneProduct","@type":["DataNode","GeneProduct","datanode"],"gpmlType":"datanode","graphicalType":"path","datasourceReference":{"database":"Entrez Gene","id":"24047","organism":"Mus musculus"},"unificationXref":"http://identifiers.org/ensembl/ENSMUSG00000071005"},{"networkType":"node","nodeType":"DataNode","dataNodeType":"GeneProduct","@type":["DataNode","GeneProduct","datanode"],"gpmlType":"datanode","graphicalType":"path","datasourceReference":{"database":"Entrez Gene","id":"541307","organism":"Mus musculus"},"unificationXref":"http://identifiers.org/ensembl/ENSMUSG00000070464"},{"networkType":"node","nodeType":"DataNode","dataNodeType":"GeneProduct","@type":["DataNode","GeneProduct","datanode"],"gpmlType":"datanode","graphicalType":"path","datasourceReference":{"database":"Entrez Gene","id":"55985","organism":"Mus musculus"},"unificationXref":"http://identifiers.org/ensembl/ENSMUSG00000023078"},{"networkType":"node","nodeType":"DataNode","dataNodeType":"GeneProduct","@type":["DataNode","GeneProduct","datanode"],"gpmlType":"datanode","graphicalType":"path","datasourceReference":{"database":"Entrez Gene","id":"56066","organism":"Mus musculus"},"unificationXref":"http://identifiers.org/ensembl/ENSMUSG00000060183"},{"networkType":"node","nodeType":"DataNode","dataNodeType":"GeneProduct","@type":["DataNode","GeneProduct","datanode"],"gpmlType":"datanode","graphicalType":"path","datasourceReference":{"database":"Entrez Gene","id":"56221","organism":"Mus musculus"},"unificationXref":"http://identifiers.org/ensembl/ENSMUSG00000004814"},{"networkType":"node","nodeType":"DataNode","dataNodeType":"GeneProduct","@type":["DataNode","GeneProduct","datanode"],"gpmlType":"datanode","graphicalType":"path","datasourceReference":{"database":"Entrez Gene","id":"56744","organism":"Mus musculus"},"unificationXref":"http://identifiers.org/ensembl/ENSMUSG00000029373"},{"networkType":"node","nodeType":"DataNode","dataNodeType":"GeneProduct","@type":["DataNode","GeneProduct","datanode"],"gpmlType":"datanode","graphicalType":"path","datasourceReference":{"database":"Entrez Gene","id":"56838","organism":"Mus musculus"},"unificationXref":"http://identifiers.org/ensembl/ENSMUSG00000074715"},{"networkType":"node","nodeType":"DataNode","dataNodeType":"GeneProduct","@type":["DataNode","GeneProduct","datanode"],"gpmlType":"datanode","graphicalType":"path","datasourceReference":{"database":"Entrez Gene","id":"57349","organism":"Mus musculus"},"unificationXref":"http://identifiers.org/ensembl/ENSMUSG00000029372"},{"networkType":"node","nodeType":"DataNode","dataNodeType":"GeneProduct","@type":["DataNode","GeneProduct","datanode"],"gpmlType":"datanode","graphicalType":"path","datasourceReference":{"database":"Entrez Gene","id":"65956","organism":"Mus musculus"},"unificationXref":"http://identifiers.org/ensembl/ENSMUSG00000073878"},{"networkType":"node","nodeType":"DataNode","dataNodeType":"GeneProduct","@type":["DataNode","GeneProduct","datanode"],"gpmlType":"datanode","graphicalType":"path","datasourceReference":{"database":"Entrez Gene","id":"66102","organism":"Mus musculus"},"unificationXref":"http://identifiers.org/ensembl/ENSMUSG00000018920"},{"networkType":"node","nodeType":"DataNode","dataNodeType":"GeneProduct","@type":["DataNode","GeneProduct","datanode"],"gpmlType":"datanode","graphicalType":"path","datasourceReference":{"database":"Entrez Gene","id":"16452","organism":"Mus musculus"},"unificationXref":"http://identifiers.org/ensembl/ENSMUSG00000024789"},{"networkType":"node","nodeType":"Label","@type":["label"],"gpmlType":"label","graphicalType":"path"},{"networkType":"node","nodeType":"DataNode","dataNodeType":"GeneProduct","@type":["DataNode","GeneProduct","datanode"],"gpmlType":"datanode","graphicalType":"path","datasourceReference":{"database":"Entrez Gene","id":"16453","organism":"Mus musculus"},"unificationXref":"http://identifiers.org/ensembl/ENSMUSG00000031805"},{"networkType":"node","nodeType":"DataNode","dataNodeType":"GeneProduct","@type":["DataNode","GeneProduct","datanode"],"gpmlType":"datanode","graphicalType":"path","datasourceReference":{"database":"Entrez Gene","id":"12988","organism":"Mus musculus"},"unificationXref":"http://identifiers.org/ensembl/ENSMUSG00000032312"},{"networkType":"node","nodeType":"DataNode","dataNodeType":"GeneProduct","@type":["DataNode","GeneProduct","datanode"],"gpmlType":"datanode","graphicalType":"path","datasourceReference":{"database":"Entrez Gene","id":"14083","organism":"Mus musculus"},"unificationXref":"http://identifiers.org/ensembl/ENSMUSG00000022607"},{"networkType":"node","nodeType":"DataNode","dataNodeType":"GeneProduct","@type":["DataNode","GeneProduct","datanode"],"gpmlType":"datanode","graphicalType":"path","datasourceReference":{"database":"KEGG Genes","id":"path:mmu04810","organism":"Mus musculus"}},{"networkType":"node","nodeType":"DataNode","dataNodeType":"GeneProduct","@type":["DataNode","GeneProduct","datanode"],"gpmlType":"datanode","graphicalType":"path","datasourceReference":{"database":"KEGG Genes","id":"path:mmu04060","organism":"Mus musculus"}},{"networkType":"node","nodeType":"DataNode","dataNodeType":"GeneProduct","@type":["DataNode","GeneProduct","datanode"],"gpmlType":"datanode","graphicalType":"path","datasourceReference":{"database":"Entrez Gene","id":"14191","organism":"Mus musculus"},"unificationXref":"http://identifiers.org/ensembl/ENSMUSG00000028874"},{"networkType":"node","nodeType":"DataNode","dataNodeType":"GeneProduct","@type":["DataNode","GeneProduct","datanode"],"gpmlType":"datanode","graphicalType":"path","datasourceReference":{"database":"Entrez Gene","id":"15162","organism":"Mus musculus"},"unificationXref":"http://identifiers.org/ensembl/ENSMUSG00000003283"},{"networkType":"node","nodeType":"DataNode","dataNodeType":"GeneProduct","@type":["DataNode","GeneProduct","datanode"],"gpmlType":"datanode","graphicalType":"path","datasourceReference":{"database":"Entrez Gene","id":"666513","organism":"Mus musculus"},"unificationXref":"http://identifiers.org/ensembl/ENSMUSG00000042228"},{"networkType":"node","nodeType":"DataNode","dataNodeType":"GeneProduct","@type":["DataNode","GeneProduct","datanode"],"gpmlType":"datanode","graphicalType":"path","datasourceReference":{"database":"Entrez Gene","id":"433749","organism":"Mus musculus"}},{"networkType":"node","nodeType":"DataNode","dataNodeType":"GeneProduct","@type":["DataNode","GeneProduct","datanode"],"gpmlType":"datanode","graphicalType":"path","datasourceReference":{"database":"Entrez Gene","id":"17096","organism":"Mus musculus"},"unificationXref":"http://identifiers.org/ensembl/ENSMUSG00000042228"},{"networkType":"node","nodeType":"DataNode","dataNodeType":"GeneProduct","@type":["DataNode","GeneProduct","datanode"],"gpmlType":"datanode","graphicalType":"path","datasourceReference":{"database":"Entrez Gene","id":"11848","organism":"Mus musculus"},"unificationXref":"http://identifiers.org/ensembl/ENSMUSG00000007815"},{"networkType":"node","nodeType":"DataNode","dataNodeType":"GeneProduct","@type":["DataNode","GeneProduct","datanode"],"gpmlType":"datanode","graphicalType":"path","datasourceReference":{"database":"Entrez Gene","id":"19303","organism":"Mus musculus"},"unificationXref":"http://identifiers.org/ensembl/ENSMUSG00000029528"},{"networkType":"node","nodeType":"DataNode","dataNodeType":"GeneProduct","@type":["DataNode","GeneProduct","datanode"],"gpmlType":"datanode","graphicalType":"path","datasourceReference":{"database":"Entrez Gene","id":"18706","organism":"Mus musculus"},"unificationXref":"http://identifiers.org/ensembl/ENSMUSG00000027665"},{"networkType":"node","nodeType":"DataNode","dataNodeType":"GeneProduct","@type":["DataNode","GeneProduct","datanode"],"gpmlType":"datanode","graphicalType":"path","datasourceReference":{"database":"Entrez Gene","id":"18707","organism":"Mus musculus"},"unificationXref":"http://identifiers.org/ensembl/ENSMUSG00000039936"},{"networkType":"node","nodeType":"DataNode","dataNodeType":"GeneProduct","@type":["DataNode","GeneProduct","datanode"],"gpmlType":"datanode","graphicalType":"path","datasourceReference":{"database":"Entrez Gene","id":"18708","organism":"Mus musculus"},"unificationXref":"http://identifiers.org/ensembl/ENSMUSG00000041417"},{"networkType":"node","nodeType":"DataNode","dataNodeType":"GeneProduct","@type":["DataNode","GeneProduct","datanode"],"gpmlType":"datanode","graphicalType":"path","datasourceReference":{"database":"Entrez Gene","id":"18709","organism":"Mus musculus"},"unificationXref":"http://identifiers.org/ensembl/ENSMUSG00000031834"},{"networkType":"node","nodeType":"DataNode","dataNodeType":"GeneProduct","@type":["DataNode","GeneProduct","datanode"],"gpmlType":"datanode","graphicalType":"path","datasourceReference":{"database":"Entrez Gene","id":"18710","organism":"Mus musculus"},"unificationXref":"http://identifiers.org/ensembl/ENSMUSG00000028698"},{"networkType":"node","nodeType":"DataNode","dataNodeType":"GeneProduct","@type":["DataNode","GeneProduct","datanode"],"gpmlType":"datanode","graphicalType":"path","datasourceReference":{"database":"Entrez Gene","id":"30955","organism":"Mus musculus"},"unificationXref":"http://identifiers.org/ensembl/ENSMUSG00000020573"},{"networkType":"node","nodeType":"DataNode","dataNodeType":"GeneProduct","@type":["DataNode","GeneProduct","datanode"],"gpmlType":"datanode","graphicalType":"path","datasourceReference":{"database":"Entrez Gene","id":"320207","organism":"Mus musculus"},"unificationXref":"http://identifiers.org/ensembl/ENSMUSG00000020901"},{"networkType":"node","nodeType":"DataNode","dataNodeType":"GeneProduct","@type":["DataNode","GeneProduct","datanode"],"gpmlType":"datanode","graphicalType":"path","datasourceReference":{"database":"Entrez Gene","id":"74769","organism":"Mus musculus"},"unificationXref":"http://identifiers.org/ensembl/ENSMUSG00000032462"},{"networkType":"node","nodeType":"DataNode","dataNodeType":"GeneProduct","@type":["DataNode","GeneProduct","datanode"],"gpmlType":"datanode","graphicalType":"path","datasourceReference":{"database":"Entrez Gene","id":"18795","organism":"Mus musculus"},"unificationXref":"http://identifiers.org/ensembl/ENSMUSG00000051177"},{"networkType":"node","nodeType":"DataNode","dataNodeType":"GeneProduct","@type":["DataNode","GeneProduct","datanode"],"gpmlType":"datanode","graphicalType":"path","datasourceReference":{"database":"Entrez Gene","id":"18796","organism":"Mus musculus"},"unificationXref":"http://identifiers.org/ensembl/ENSMUSG00000040061"},{"networkType":"node","nodeType":"DataNode","dataNodeType":"GeneProduct","@type":["DataNode","GeneProduct","datanode"],"gpmlType":"datanode","graphicalType":"path","datasourceReference":{"database":"Entrez Gene","id":"18797","organism":"Mus musculus"},"unificationXref":"http://identifiers.org/ensembl/ENSMUSG00000024960"},{"networkType":"node","nodeType":"DataNode","dataNodeType":"GeneProduct","@type":["DataNode","GeneProduct","datanode"],"gpmlType":"datanode","graphicalType":"path","datasourceReference":{"database":"Entrez Gene","id":"18798","organism":"Mus musculus"},"unificationXref":"http://identifiers.org/ensembl/ENSMUSG00000039943"},{"networkType":"node","nodeType":"DataNode","dataNodeType":"Metabolite","@type":["DataNode","Metabolite","datanode"],"gpmlType":"datanode","graphicalType":"path","datasourceReference":{"database":"KEGG Compound","id":"C00165","organism":"Mus musculus"}},{"networkType":"node","nodeType":"DataNode","dataNodeType":"Metabolite","@type":["DataNode","Metabolite","datanode"],"gpmlType":"datanode","graphicalType":"path","datasourceReference":{"database":"KEGG Compound","id":"C01245","organism":"Mus musculus"}},{"networkType":"node","nodeType":"DataNode","dataNodeType":"Metabolite","@type":["DataNode","Metabolite","datanode"],"gpmlType":"datanode","graphicalType":"path","datasourceReference":{"database":"KEGG Compound","id":"C00076","organism":"Mus musculus"}},{"networkType":"node","nodeType":"DataNode","dataNodeType":"GeneProduct","@type":["DataNode","GeneProduct","datanode"],"gpmlType":"datanode","graphicalType":"path","datasourceReference":{"database":"KEGG Genes","id":"path:mmu04670","organism":"Mus musculus"}},{"networkType":"node","nodeType":"DataNode","dataNodeType":"GeneProduct","@type":["DataNode","GeneProduct","datanode"],"gpmlType":"datanode","graphicalType":"path","datasourceReference":{"database":"Entrez Gene","id":"20416","organism":"Mus musculus"},"unificationXref":"http://identifiers.org/ensembl/ENSMUSG00000042626"},{"networkType":"node","nodeType":"DataNode","dataNodeType":"GeneProduct","@type":["DataNode","GeneProduct","datanode"],"gpmlType":"datanode","graphicalType":"path","datasourceReference":{"database":"Entrez Gene","id":"20418","organism":"Mus musculus"},"unificationXref":"http://identifiers.org/ensembl/ENSMUSG00000021448"},{"networkType":"node","nodeType":"DataNode","dataNodeType":"GeneProduct","@type":["DataNode","GeneProduct","datanode"],"gpmlType":"datanode","graphicalType":"path","datasourceReference":{"database":"Entrez Gene","id":"216148","organism":"Mus musculus"},"unificationXref":"http://identifiers.org/ensembl/ENSMUSG00000020312"},{"networkType":"node","nodeType":"DataNode","dataNodeType":"GeneProduct","@type":["DataNode","GeneProduct","datanode"],"gpmlType":"datanode","graphicalType":"path","datasourceReference":{"database":"Entrez Gene","id":"100042311","organism":"Mus musculus"}},{"networkType":"node","nodeType":"DataNode","dataNodeType":"GeneProduct","@type":["DataNode","GeneProduct","datanode"],"gpmlType":"datanode","graphicalType":"path","datasourceReference":{"database":"Entrez Gene","id":"271849","organism":"Mus musculus"},"unificationXref":"http://identifiers.org/ensembl/ENSMUSG00000035109"},{"networkType":"node","nodeType":"DataNode","dataNodeType":"GeneProduct","@type":["DataNode","GeneProduct","datanode"],"gpmlType":"datanode","graphicalType":"path","datasourceReference":{"database":"Entrez Gene","id":"14677","organism":"Mus musculus"},"unificationXref":"http://identifiers.org/ensembl/ENSMUSG00000057614"},{"networkType":"node","nodeType":"DataNode","dataNodeType":"GeneProduct","@type":["DataNode","GeneProduct","datanode"],"gpmlType":"datanode","graphicalType":"path","datasourceReference":{"database":"Entrez Gene","id":"14678","organism":"Mus musculus"},"unificationXref":"http://identifiers.org/ensembl/ENSMUSG00000032562"},{"networkType":"node","nodeType":"DataNode","dataNodeType":"GeneProduct","@type":["DataNode","GeneProduct","datanode"],"gpmlType":"datanode","graphicalType":"path","datasourceReference":{"database":"Entrez Gene","id":"14679","organism":"Mus musculus"},"unificationXref":"http://identifiers.org/ensembl/ENSMUSG00000000001"},{"networkType":"node","nodeType":"DataNode","dataNodeType":"GeneProduct","@type":["DataNode","GeneProduct","datanode"],"gpmlType":"datanode","graphicalType":"path","datasourceReference":{"database":"Entrez Gene","id":"100043318","organism":"Mus musculus"}},{"networkType":"node","nodeType":"DataNode","dataNodeType":"GeneProduct","@type":["DataNode","GeneProduct","datanode"],"gpmlType":"datanode","graphicalType":"path","datasourceReference":{"database":"Entrez Gene","id":"100043507","organism":"Mus musculus"},"unificationXref":"http://identifiers.org/ensembl/ENSMUSG00000068523"},{"networkType":"node","nodeType":"DataNode","dataNodeType":"GeneProduct","@type":["DataNode","GeneProduct","datanode"],"gpmlType":"datanode","graphicalType":"path","datasourceReference":{"database":"Entrez Gene","id":"100503710","organism":"Mus musculus"},"unificationXref":"http://identifiers.org/ensembl/ENSMUSG00000095845"},{"networkType":"node","nodeType":"DataNode","dataNodeType":"GeneProduct","@type":["DataNode","GeneProduct","datanode"],"gpmlType":"datanode","graphicalType":"path","datasourceReference":{"database":"Entrez Gene","id":"14688","organism":"Mus musculus"},"unificationXref":"http://identifiers.org/ensembl/ENSMUSG00000029064"},{"networkType":"node","nodeType":"DataNode","dataNodeType":"GeneProduct","@type":["DataNode","GeneProduct","datanode"],"gpmlType":"datanode","graphicalType":"path","datasourceReference":{"database":"Entrez Gene","id":"14693","organism":"Mus musculus"},"unificationXref":"http://identifiers.org/ensembl/ENSMUSG00000029713"},{"networkType":"node","nodeType":"DataNode","dataNodeType":"GeneProduct","@type":["DataNode","GeneProduct","datanode"],"gpmlType":"datanode","graphicalType":"path","datasourceReference":{"database":"Entrez Gene","id":"14695","organism":"Mus musculus"},"unificationXref":"http://identifiers.org/ensembl/ENSMUSG00000023439"},{"networkType":"node","nodeType":"DataNode","dataNodeType":"GeneProduct","@type":["DataNode","GeneProduct","datanode"],"gpmlType":"datanode","graphicalType":"path","datasourceReference":{"database":"Entrez Gene","id":"14696","organism":"Mus musculus"},"unificationXref":"http://identifiers.org/ensembl/ENSMUSG00000027669"},{"networkType":"node","nodeType":"DataNode","dataNodeType":"GeneProduct","@type":["DataNode","GeneProduct","datanode"],"gpmlType":"datanode","graphicalType":"path","datasourceReference":{"database":"Entrez Gene","id":"14697","organism":"Mus musculus"},"unificationXref":"http://identifiers.org/ensembl/ENSMUSG00000032192"},{"networkType":"node","nodeType":"DataNode","dataNodeType":"GeneProduct","@type":["DataNode","GeneProduct","datanode"],"gpmlType":"datanode","graphicalType":"path","datasourceReference":{"database":"Entrez Gene","id":"14699","organism":"Mus musculus"},"unificationXref":"http://identifiers.org/ensembl/ENSMUSG00000029663"},{"networkType":"node","nodeType":"DataNode","dataNodeType":"GeneProduct","@type":["DataNode","GeneProduct","datanode"],"gpmlType":"datanode","graphicalType":"path","datasourceReference":{"database":"Entrez Gene","id":"14700","organism":"Mus musculus"},"unificationXref":"http://identifiers.org/ensembl/ENSMUSG00000038607"},{"networkType":"node","nodeType":"DataNode","dataNodeType":"GeneProduct","@type":["DataNode","GeneProduct","datanode"],"gpmlType":"datanode","graphicalType":"path","datasourceReference":{"database":"Entrez Gene","id":"14701","organism":"Mus musculus"},"unificationXref":"http://identifiers.org/ensembl/ENSMUSG00000036402"},{"networkType":"node","nodeType":"DataNode","dataNodeType":"GeneProduct","@type":["DataNode","GeneProduct","datanode"],"gpmlType":"datanode","graphicalType":"path","datasourceReference":{"database":"Entrez Gene","id":"14702","organism":"Mus musculus"},"unificationXref":"http://identifiers.org/ensembl/ENSMUSG00000043004"},{"networkType":"node","nodeType":"DataNode","dataNodeType":"GeneProduct","@type":["DataNode","GeneProduct","datanode"],"gpmlType":"datanode","graphicalType":"path","datasourceReference":{"database":"Entrez Gene","id":"14704","organism":"Mus musculus"},"unificationXref":"http://identifiers.org/ensembl/ENSMUSG00000071658"},{"networkType":"node","nodeType":"DataNode","dataNodeType":"GeneProduct","@type":["DataNode","GeneProduct","datanode"],"gpmlType":"datanode","graphicalType":"path","datasourceReference":{"database":"Entrez Gene","id":"14706","organism":"Mus musculus"},"unificationXref":"http://identifiers.org/ensembl/ENSMUSG00000021303"},{"networkType":"node","nodeType":"DataNode","dataNodeType":"GeneProduct","@type":["DataNode","GeneProduct","datanode"],"gpmlType":"datanode","graphicalType":"path","datasourceReference":{"database":"Entrez Gene","id":"14707","organism":"Mus musculus"},"unificationXref":"http://identifiers.org/ensembl/ENSMUSG00000068523"},{"networkType":"node","nodeType":"DataNode","dataNodeType":"GeneProduct","@type":["DataNode","GeneProduct","datanode"],"gpmlType":"datanode","graphicalType":"path","datasourceReference":{"database":"Entrez Gene","id":"14708","organism":"Mus musculus"},"unificationXref":"http://identifiers.org/ensembl/ENSMUSG00000048240"},{"networkType":"node","nodeType":"DataNode","dataNodeType":"GeneProduct","@type":["DataNode","GeneProduct","datanode"],"gpmlType":"datanode","graphicalType":"path","datasourceReference":{"database":"Entrez Gene","id":"14709","organism":"Mus musculus"},"unificationXref":"http://identifiers.org/ensembl/ENSMUSG00000063594"},{"networkType":"node","nodeType":"DataNode","dataNodeType":"GeneProduct","@type":["DataNode","GeneProduct","datanode"],"gpmlType":"datanode","graphicalType":"path","datasourceReference":{"database":"Entrez Gene","id":"14710","organism":"Mus musculus"},"unificationXref":"http://identifiers.org/ensembl/ENSMUSG00000038811"},{"networkType":"node","nodeType":"DataNode","dataNodeType":"GeneProduct","@type":["DataNode","GeneProduct","datanode"],"gpmlType":"datanode","graphicalType":"path","datasourceReference":{"database":"Entrez Gene","id":"436049","organism":"Mus musculus"}},{"networkType":"node","nodeType":"DataNode","dataNodeType":"GeneProduct","@type":["DataNode","GeneProduct","datanode"],"gpmlType":"datanode","graphicalType":"path","datasourceReference":{"database":"Entrez Gene","id":"64337","organism":"Mus musculus"},"unificationXref":"http://identifiers.org/ensembl/ENSMUSG00000025739"},{"networkType":"node","nodeType":"DataNode","dataNodeType":"GeneProduct","@type":["DataNode","GeneProduct","datanode"],"gpmlType":"datanode","graphicalType":"path","datasourceReference":{"database":"Entrez Gene","id":"66066","organism":"Mus musculus"},"unificationXref":"http://identifiers.org/ensembl/ENSMUSG00000032766"},{"networkType":"node","nodeType":"DataNode","dataNodeType":"GeneProduct","@type":["DataNode","GeneProduct","datanode"],"gpmlType":"datanode","graphicalType":"path","datasourceReference":{"database":"Entrez Gene","id":"14784","organism":"Mus musculus"},"unificationXref":"http://identifiers.org/ensembl/ENSMUSG00000059923"},{"networkType":"node","nodeType":"DataNode","dataNodeType":"GeneProduct","@type":["DataNode","GeneProduct","datanode"],"gpmlType":"datanode","graphicalType":"path","datasourceReference":{"database":"Entrez Gene","id":"12927","organism":"Mus musculus"},"unificationXref":"http://identifiers.org/ensembl/ENSMUSG00000031955"},{"networkType":"node","nodeType":"DataNode","dataNodeType":"GeneProduct","@type":["DataNode","GeneProduct","datanode"],"gpmlType":"datanode","graphicalType":"path","datasourceReference":{"database":"Entrez Gene","id":"140580","organism":"Mus musculus"},"unificationXref":"http://identifiers.org/ensembl/ENSMUSG00000041112"},{"networkType":"node","nodeType":"DataNode","dataNodeType":"GeneProduct","@type":["DataNode","GeneProduct","datanode"],"gpmlType":"datanode","graphicalType":"path","datasourceReference":{"database":"Entrez Gene","id":"12928","organism":"Mus musculus"},"unificationXref":"http://identifiers.org/ensembl/ENSMUSG00000017776"},{"networkType":"node","nodeType":"DataNode","dataNodeType":"GeneProduct","@type":["DataNode","GeneProduct","datanode"],"gpmlType":"datanode","graphicalType":"path","datasourceReference":{"database":"Entrez Gene","id":"12929","organism":"Mus musculus"},"unificationXref":"http://identifiers.org/ensembl/ENSMUSG00000006134"},{"networkType":"node","nodeType":"DataNode","dataNodeType":"GeneProduct","@type":["DataNode","GeneProduct","datanode"],"gpmlType":"datanode","graphicalType":"path","datasourceReference":{"database":"Entrez Gene","id":"110355","organism":"Mus musculus"},"unificationXref":"http://identifiers.org/ensembl/ENSMUSG00000024858"},{"networkType":"node","nodeType":"DataNode","dataNodeType":"GeneProduct","@type":["DataNode","GeneProduct","datanode"],"gpmlType":"datanode","graphicalType":"path","datasourceReference":{"database":"Entrez Gene","id":"14772","organism":"Mus musculus"},"unificationXref":"http://identifiers.org/ensembl/ENSMUSG00000052783"},{"networkType":"node","nodeType":"DataNode","dataNodeType":"GeneProduct","@type":["DataNode","GeneProduct","datanode"],"gpmlType":"datanode","graphicalType":"path","datasourceReference":{"database":"Entrez Gene","id":"14773","organism":"Mus musculus"},"unificationXref":"http://identifiers.org/ensembl/ENSMUSG00000003228"},{"networkType":"node","nodeType":"DataNode","dataNodeType":"GeneProduct","@type":["DataNode","GeneProduct","datanode"],"gpmlType":"datanode","graphicalType":"path","datasourceReference":{"database":"Entrez Gene","id":"24013","organism":"Mus musculus"},"unificationXref":"http://identifiers.org/ensembl/ENSMUSG00000031450"},{"networkType":"node","nodeType":"DataNode","dataNodeType":"GeneProduct","@type":["DataNode","GeneProduct","datanode"],"gpmlType":"datanode","graphicalType":"path","datasourceReference":{"database":"Entrez Gene","id":"26385","organism":"Mus musculus"},"unificationXref":"http://identifiers.org/ensembl/ENSMUSG00000074886"},{"networkType":"node","nodeType":"DataNode","dataNodeType":"GeneProduct","@type":["DataNode","GeneProduct","datanode"],"gpmlType":"datanode","graphicalType":"path","datasourceReference":{"database":"Entrez Gene","id":"109689","organism":"Mus musculus"},"unificationXref":"http://identifiers.org/ensembl/ENSMUSG00000018909"},{"networkType":"node","nodeType":"DataNode","dataNodeType":"GeneProduct","@type":["DataNode","GeneProduct","datanode"],"gpmlType":"datanode","graphicalType":"path","datasourceReference":{"database":"Entrez Gene","id":"216869","organism":"Mus musculus"},"unificationXref":"http://identifiers.org/ensembl/ENSMUSG00000060216"},{"networkType":"node","nodeType":"DataNode","dataNodeType":"GeneProduct","@type":["DataNode","GeneProduct","datanode"],"gpmlType":"datanode","graphicalType":"path","datasourceReference":{"database":"Entrez Gene","id":"19877","organism":"Mus musculus"},"unificationXref":"http://identifiers.org/ensembl/ENSMUSG00000024290"},{"networkType":"node","nodeType":"DataNode","dataNodeType":"GeneProduct","@type":["DataNode","GeneProduct","datanode"],"gpmlType":"datanode","graphicalType":"path","datasourceReference":{"database":"Entrez Gene","id":"19878","organism":"Mus musculus"},"unificationXref":"http://identifiers.org/ensembl/ENSMUSG00000020580"},{"networkType":"node","nodeType":"DataNode","dataNodeType":"GeneProduct","@type":["DataNode","GeneProduct","datanode"],"gpmlType":"datanode","graphicalType":"path","datasourceReference":{"database":"KEGG Genes","id":"path:mmu04630","organism":"Mus musculus"}},{"networkType":"node","nodeType":"DataNode","dataNodeType":"GeneProduct","@type":["DataNode","GeneProduct","datanode"],"gpmlType":"datanode","graphicalType":"path","datasourceReference":{"database":"Entrez Gene","id":"22324","organism":"Mus musculus"},"unificationXref":"http://identifiers.org/ensembl/ENSMUSG00000034116"},{"networkType":"node","nodeType":"DataNode","dataNodeType":"GeneProduct","@type":["DataNode","GeneProduct","datanode"],"gpmlType":"datanode","graphicalType":"path","datasourceReference":{"database":"Entrez Gene","id":"22325","organism":"Mus musculus"},"unificationXref":"http://identifiers.org/ensembl/ENSMUSG00000009621"},{"networkType":"node","nodeType":"DataNode","dataNodeType":"GeneProduct","@type":["DataNode","GeneProduct","datanode"],"gpmlType":"datanode","graphicalType":"path","datasourceReference":{"database":"Entrez Gene","id":"57257","organism":"Mus musculus"},"unificationXref":"http://identifiers.org/ensembl/ENSMUSG00000033721"},{"networkType":"node","nodeType":"DataNode","dataNodeType":"GeneProduct","@type":["DataNode","GeneProduct","datanode"],"gpmlType":"datanode","graphicalType":"path","datasourceReference":{"database":"Entrez Gene","id":"16428","organism":"Mus musculus"},"unificationXref":"http://identifiers.org/ensembl/ENSMUSG00000020395"},{"networkType":"node","nodeType":"DataNode","dataNodeType":"GeneProduct","@type":["DataNode","GeneProduct","datanode"],"gpmlType":"datanode","graphicalType":"path","datasourceReference":{"database":"Entrez Gene","id":"12540","organism":"Mus musculus"},"unificationXref":"http://identifiers.org/ensembl/ENSMUSG00000006699"},{"networkType":"node","nodeType":"DataNode","dataNodeType":"GeneProduct","@type":["DataNode","GeneProduct","datanode"],"gpmlType":"datanode","graphicalType":"path","datasourceReference":{"database":"Entrez Gene","id":"104110","organism":"Mus musculus"},"unificationXref":"http://identifiers.org/ensembl/ENSMUSG00000022220"},{"networkType":"node","nodeType":"DataNode","dataNodeType":"GeneProduct","@type":["DataNode","GeneProduct","datanode"],"gpmlType":"datanode","graphicalType":"path","datasourceReference":{"database":"Entrez Gene","id":"104111","organism":"Mus musculus"},"unificationXref":"http://identifiers.org/ensembl/ENSMUSG00000020654"},{"networkType":"node","nodeType":"DataNode","dataNodeType":"GeneProduct","@type":["DataNode","GeneProduct","datanode"],"gpmlType":"datanode","graphicalType":"path","datasourceReference":{"database":"Entrez Gene","id":"11512","organism":"Mus musculus"},"unificationXref":"http://identifiers.org/ensembl/ENSMUSG00000022994"},{"networkType":"node","nodeType":"DataNode","dataNodeType":"GeneProduct","@type":["DataNode","GeneProduct","datanode"],"gpmlType":"datanode","graphicalType":"path","datasourceReference":{"database":"Entrez Gene","id":"11513","organism":"Mus musculus"},"unificationXref":"http://identifiers.org/ensembl/ENSMUSG00000031659"},{"networkType":"node","nodeType":"DataNode","dataNodeType":"GeneProduct","@type":["DataNode","GeneProduct","datanode"],"gpmlType":"datanode","graphicalType":"path","datasourceReference":{"database":"Entrez Gene","id":"11514","organism":"Mus musculus"},"unificationXref":"http://identifiers.org/ensembl/ENSMUSG00000022376"},{"networkType":"node","nodeType":"DataNode","dataNodeType":"GeneProduct","@type":["DataNode","GeneProduct","datanode"],"gpmlType":"datanode","graphicalType":"path","datasourceReference":{"database":"Entrez Gene","id":"11515","organism":"Mus musculus"},"unificationXref":"http://identifiers.org/ensembl/ENSMUSG00000005580"},{"networkType":"node","nodeType":"DataNode","dataNodeType":"GeneProduct","@type":["DataNode","GeneProduct","datanode"],"gpmlType":"datanode","graphicalType":"path","datasourceReference":{"database":"Entrez Gene","id":"210044","organism":"Mus musculus"},"unificationXref":"http://identifiers.org/ensembl/ENSMUSG00000021536"},{"networkType":"node","nodeType":"DataNode","dataNodeType":"GeneProduct","@type":["DataNode","GeneProduct","datanode"],"gpmlType":"datanode","graphicalType":"path","datasourceReference":{"database":"Entrez Gene","id":"224129","organism":"Mus musculus"},"unificationXref":"http://identifiers.org/ensembl/ENSMUSG00000022840"},{"networkType":"node","nodeType":"DataNode","dataNodeType":"GeneProduct","@type":["DataNode","GeneProduct","datanode"],"gpmlType":"datanode","graphicalType":"path","datasourceReference":{"database":"Entrez Gene","id":"432530","organism":"Mus musculus"},"unificationXref":"http://identifiers.org/ensembl/ENSMUSG00000020431"},{"networkType":"node","nodeType":"DataNode","dataNodeType":"GeneProduct","@type":["DataNode","GeneProduct","datanode"],"gpmlType":"datanode","graphicalType":"path","datasourceReference":{"database":"Entrez Gene","id":"19395","organism":"Mus musculus"},"unificationXref":"http://identifiers.org/ensembl/ENSMUSG00000032946"},{"networkType":"node","nodeType":"DataNode","dataNodeType":"GeneProduct","@type":["DataNode","GeneProduct","datanode"],"gpmlType":"datanode","graphicalType":"path","datasourceReference":{"database":"Entrez Gene","id":"109905","organism":"Mus musculus"},"unificationXref":"http://identifiers.org/ensembl/ENSMUSG00000068798"},{"networkType":"node","nodeType":"DataNode","dataNodeType":"GeneProduct","@type":["DataNode","GeneProduct","datanode"],"gpmlType":"datanode","graphicalType":"path","datasourceReference":{"database":"Entrez Gene","id":"215449","organism":"Mus musculus"},"unificationXref":"http://identifiers.org/ensembl/ENSMUSG00000052681"},{"networkType":"node","nodeType":"DataNode","dataNodeType":"GeneProduct","@type":["DataNode","GeneProduct","datanode"],"gpmlType":"datanode","graphicalType":"path","datasourceReference":{"database":"Entrez Gene","id":"22376","organism":"Mus musculus"},"unificationXref":"http://identifiers.org/ensembl/ENSMUSG00000031165"},{"networkType":"node","nodeType":"DataNode","dataNodeType":"GeneProduct","@type":["DataNode","GeneProduct","datanode"],"gpmlType":"datanode","graphicalType":"path","datasourceReference":{"database":"Entrez Gene","id":"73178","organism":"Mus musculus"},"unificationXref":"http://identifiers.org/ensembl/ENSMUSG00000029684"},{"networkType":"node","nodeType":"DataNode","dataNodeType":"GeneProduct","@type":["DataNode","GeneProduct","datanode"],"gpmlType":"datanode","graphicalType":"path","datasourceReference":{"database":"Entrez Gene","id":"18751","organism":"Mus musculus"},"unificationXref":"http://identifiers.org/ensembl/ENSMUSG00000052889"},{"networkType":"node","nodeType":"DataNode","dataNodeType":"GeneProduct","@type":["DataNode","GeneProduct","datanode"],"gpmlType":"datanode","graphicalType":"path","datasourceReference":{"database":"Entrez Gene","id":"18753","organism":"Mus musculus"},"unificationXref":"http://identifiers.org/ensembl/ENSMUSG00000021948"},{"networkType":"node","nodeType":"DataNode","dataNodeType":"GeneProduct","@type":["DataNode","GeneProduct","datanode"],"gpmlType":"datanode","graphicalType":"path","datasourceReference":{"database":"Entrez Gene","id":"93742","organism":"Mus musculus"},"unificationXref":"http://identifiers.org/ensembl/ENSMUSG00000025812"},{"networkType":"node","nodeType":"DataNode","dataNodeType":"GeneProduct","@type":["DataNode","GeneProduct","datanode"],"gpmlType":"datanode","graphicalType":"path","datasourceReference":{"database":"Entrez Gene","id":"18762","organism":"Mus musculus"},"unificationXref":"http://identifiers.org/ensembl/ENSMUSG00000029053"},{"networkType":"node","nodeType":"DataNode","dataNodeType":"GeneProduct","@type":["DataNode","GeneProduct","datanode"],"gpmlType":"datanode","graphicalType":"path","datasourceReference":{"database":"Entrez Gene","id":"21844","organism":"Mus musculus"},"unificationXref":"http://identifiers.org/ensembl/ENSMUSG00000002489"},{"networkType":"node","nodeType":"DataNode","dataNodeType":"GeneProduct","@type":["DataNode","GeneProduct","datanode"],"gpmlType":"datanode","graphicalType":"path","datasourceReference":{"database":"Entrez Gene","id":"24001","organism":"Mus musculus"},"unificationXref":"http://identifiers.org/ensembl/ENSMUSG00000023800"},{"networkType":"node","nodeType":"DataNode","dataNodeType":"GeneProduct","@type":["DataNode","GeneProduct","datanode"],"gpmlType":"datanode","graphicalType":"path","datasourceReference":{"database":"Entrez Gene","id":"17969","organism":"Mus musculus"},"unificationXref":"http://identifiers.org/ensembl/ENSMUSG00000015950"},{"networkType":"node","nodeType":"DataNode","dataNodeType":"Metabolite","@type":["DataNode","Metabolite","datanode"],"gpmlType":"datanode","graphicalType":"path","datasourceReference":{"database":"KEGG Compound","id":"C00575","organism":"Mus musculus"}},{"networkType":"node","nodeType":"DataNode","dataNodeType":"GeneProduct","@type":["DataNode","GeneProduct","datanode"],"gpmlType":"datanode","graphicalType":"path","datasourceReference":{"database":"Entrez Gene","id":"18747","organism":"Mus musculus"},"unificationXref":"http://identifiers.org/ensembl/ENSMUSG00000005469"},{"networkType":"node","nodeType":"DataNode","dataNodeType":"GeneProduct","@type":["DataNode","GeneProduct","datanode"],"gpmlType":"datanode","graphicalType":"path","datasourceReference":{"database":"Entrez Gene","id":"18749","organism":"Mus musculus"},"unificationXref":"http://identifiers.org/ensembl/ENSMUSG00000005034"},{"networkType":"node","nodeType":"DataNode","dataNodeType":"GeneProduct","@type":["DataNode","GeneProduct","datanode"],"gpmlType":"datanode","graphicalType":"path","datasourceReference":{"database":"Entrez Gene","id":"19108","organism":"Mus musculus"},"unificationXref":"http://identifiers.org/ensembl/ENSMUSG00000035725"},{"networkType":"node","nodeType":"DataNode","dataNodeType":"GeneProduct","@type":["DataNode","GeneProduct","datanode"],"gpmlType":"datanode","graphicalType":"path","datasourceReference":{"database":"Entrez Gene","id":"19229","organism":"Mus musculus"},"unificationXref":"http://identifiers.org/ensembl/ENSMUSG00000059456"},{"networkType":"node","nodeType":"DataNode","dataNodeType":"GeneProduct","@type":["DataNode","GeneProduct","datanode"],"gpmlType":"datanode","graphicalType":"path","datasourceReference":{"database":"Entrez Gene","id":"18479","organism":"Mus musculus"},"unificationXref":"http://identifiers.org/ensembl/ENSMUSG00000030774"},{"networkType":"node","nodeType":"DataNode","dataNodeType":"GeneProduct","@type":["DataNode","GeneProduct","datanode"],"gpmlType":"datanode","graphicalType":"path","datasourceReference":{"database":"Entrez Gene","id":"20846","organism":"Mus musculus"},"unificationXref":"http://identifiers.org/ensembl/ENSMUSG00000026104"},{"networkType":"node","nodeType":"DataNode","dataNodeType":"GeneProduct","@type":["DataNode","GeneProduct","datanode"],"gpmlType":"datanode","graphicalType":"path","datasourceReference":{"database":"Entrez Gene","id":"20847","organism":"Mus musculus"},"unificationXref":"http://identifiers.org/ensembl/ENSMUSG00000040033"},{"networkType":"node","nodeType":"DataNode","dataNodeType":"GeneProduct","@type":["DataNode","GeneProduct","datanode"],"gpmlType":"datanode","graphicalType":"path","datasourceReference":{"database":"Entrez Gene","id":"20848","organism":"Mus musculus"},"unificationXref":"http://identifiers.org/ensembl/ENSMUSG00000004040"},{"networkType":"node","nodeType":"DataNode","dataNodeType":"GeneProduct","@type":["DataNode","GeneProduct","datanode"],"gpmlType":"datanode","graphicalType":"path","datasourceReference":{"database":"Entrez Gene","id":"20851","organism":"Mus musculus"},"unificationXref":"http://identifiers.org/ensembl/ENSMUSG00000020919"},{"networkType":"node","nodeType":"DataNode","dataNodeType":"GeneProduct","@type":["DataNode","GeneProduct","datanode"],"gpmlType":"datanode","graphicalType":"path","datasourceReference":{"database":"Entrez Gene","id":"26413","organism":"Mus musculus"},"unificationXref":"http://identifiers.org/ensembl/ENSMUSG00000063358"},{"networkType":"node","nodeType":"DataNode","dataNodeType":"GeneProduct","@type":["DataNode","GeneProduct","datanode"],"gpmlType":"datanode","graphicalType":"path","datasourceReference":{"database":"Entrez Gene","id":"26417","organism":"Mus musculus"},"unificationXref":"http://identifiers.org/ensembl/ENSMUSG00000063065"},{"networkType":"node","nodeType":"DataNode","dataNodeType":"GeneProduct","@type":["DataNode","GeneProduct","datanode"],"gpmlType":"datanode","graphicalType":"path","datasourceReference":{"database":"Entrez Gene","id":"11651","organism":"Mus musculus"},"unificationXref":"http://identifiers.org/ensembl/ENSMUSG00000001729"},{"networkType":"node","nodeType":"DataNode","dataNodeType":"GeneProduct","@type":["DataNode","GeneProduct","datanode"],"gpmlType":"datanode","graphicalType":"path","datasourceReference":{"database":"Entrez Gene","id":"11652","organism":"Mus musculus"},"unificationXref":"http://identifiers.org/ensembl/ENSMUSG00000004056"},{"networkType":"node","nodeType":"DataNode","dataNodeType":"GeneProduct","@type":["DataNode","GeneProduct","datanode"],"gpmlType":"datanode","graphicalType":"path","datasourceReference":{"database":"Entrez Gene","id":"23797","organism":"Mus musculus"},"unificationXref":"http://identifiers.org/ensembl/ENSMUSG00000019699"},{"networkType":"node","nodeType":"DataNode","dataNodeType":"GeneProduct","@type":["DataNode","GeneProduct","datanode"],"gpmlType":"datanode","graphicalType":"path","datasourceReference":{"database":"Entrez Gene","id":"15461","organism":"Mus musculus"},"unificationXref":"http://identifiers.org/ensembl/ENSMUSG00000025499"},{"networkType":"node","nodeType":"DataNode","dataNodeType":"GeneProduct","@type":["DataNode","GeneProduct","datanode"],"gpmlType":"datanode","graphicalType":"path","datasourceReference":{"database":"Entrez Gene","id":"16653","organism":"Mus musculus"},"unificationXref":"http://identifiers.org/ensembl/ENSMUSG00000030265"},{"networkType":"node","nodeType":"DataNode","dataNodeType":"GeneProduct","@type":["DataNode","GeneProduct","datanode"],"gpmlType":"datanode","graphicalType":"path","datasourceReference":{"database":"Entrez Gene","id":"18176","organism":"Mus musculus"},"unificationXref":"http://identifiers.org/ensembl/ENSMUSG00000027852"},{"networkType":"node","nodeType":"DataNode","dataNodeType":"GeneProduct","@type":["DataNode","GeneProduct","datanode"],"gpmlType":"datanode","graphicalType":"path","datasourceReference":{"database":"KEGG Genes","id":"path:mmu04120","organism":"Mus musculus"}},{"networkType":"node","nodeType":"DataNode","dataNodeType":"GeneProduct","@type":["DataNode","GeneProduct","datanode"],"gpmlType":"datanode","graphicalType":"path","datasourceReference":{"database":"Entrez Gene","id":"26395","organism":"Mus musculus"},"unificationXref":"http://identifiers.org/ensembl/ENSMUSG00000004936"},{"networkType":"node","nodeType":"DataNode","dataNodeType":"GeneProduct","@type":["DataNode","GeneProduct","datanode"],"gpmlType":"datanode","graphicalType":"path","datasourceReference":{"database":"Entrez Gene","id":"109880","organism":"Mus musculus"},"unificationXref":"http://identifiers.org/ensembl/ENSMUSG00000002413"},{"networkType":"node","nodeType":"DataNode","dataNodeType":"GeneProduct","@type":["DataNode","GeneProduct","datanode"],"gpmlType":"datanode","graphicalType":"path","datasourceReference":{"database":"Entrez Gene","id":"110157","organism":"Mus musculus"},"unificationXref":"http://identifiers.org/ensembl/ENSMUSG00000000441"},{"networkType":"node","nodeType":"DataNode","dataNodeType":"GeneProduct","@type":["DataNode","GeneProduct","datanode"],"gpmlType":"datanode","graphicalType":"path","datasourceReference":{"database":"Entrez Gene","id":"94176","organism":"Mus musculus"},"unificationXref":"http://identifiers.org/ensembl/ENSMUSG00000020143"},{"networkType":"node","nodeType":"DataNode","dataNodeType":"GeneProduct","@type":["DataNode","GeneProduct","datanode"],"gpmlType":"datanode","graphicalType":"path","datasourceReference":{"database":"Entrez Gene","id":"19353","organism":"Mus musculus"},"unificationXref":"http://identifiers.org/ensembl/ENSMUSG00000001847"},{"networkType":"node","nodeType":"DataNode","dataNodeType":"GeneProduct","@type":["DataNode","GeneProduct","datanode"],"gpmlType":"datanode","graphicalType":"path","datasourceReference":{"database":"Entrez Gene","id":"19697","organism":"Mus musculus"},"unificationXref":"http://identifiers.org/ensembl/ENSMUSG00000024927"},{"networkType":"node","nodeType":"DataNode","dataNodeType":"GeneProduct","@type":["DataNode","GeneProduct","datanode"],"gpmlType":"datanode","graphicalType":"path","datasourceReference":{"database":"Entrez Gene","id":"18033","organism":"Mus musculus"},"unificationXref":"http://identifiers.org/ensembl/ENSMUSG00000028163"},{"networkType":"node","nodeType":"DataNode","dataNodeType":"GeneProduct","@type":["DataNode","GeneProduct","datanode"],"gpmlType":"datanode","graphicalType":"path","datasourceReference":{"database":"Entrez Gene","id":"19354","organism":"Mus musculus"},"unificationXref":"http://identifiers.org/ensembl/ENSMUSG00000033220"},{"networkType":"node","nodeType":"DataNode","dataNodeType":"GeneProduct","@type":["DataNode","GeneProduct","datanode"],"gpmlType":"datanode","graphicalType":"path","datasourceReference":{"database":"Entrez Gene","id":"18762","organism":"Mus musculus"},"unificationXref":"http://identifiers.org/ensembl/ENSMUSG00000029053"},{"networkType":"node","nodeType":"DataNode","dataNodeType":"GeneProduct","@type":["DataNode","GeneProduct","datanode"],"gpmlType":"datanode","graphicalType":"path","datasourceReference":{"database":"Entrez Gene","id":"12675","organism":"Mus musculus"},"unificationXref":"http://identifiers.org/ensembl/ENSMUSG00000025199"},{"networkType":"node","nodeType":"DataNode","dataNodeType":"GeneProduct","@type":["DataNode","GeneProduct","datanode"],"gpmlType":"datanode","graphicalType":"path","datasourceReference":{"database":"Entrez Gene","id":"16150","organism":"Mus musculus"},"unificationXref":"http://identifiers.org/ensembl/ENSMUSG00000031537"},{"networkType":"node","nodeType":"DataNode","dataNodeType":"GeneProduct","@type":["DataNode","GeneProduct","datanode"],"gpmlType":"datanode","graphicalType":"path","datasourceReference":{"database":"Entrez Gene","id":"16151","organism":"Mus musculus"},"unificationXref":"http://identifiers.org/ensembl/ENSMUSG00000004221"},{"networkType":"node","nodeType":"DataNode","dataNodeType":"GeneProduct","@type":["DataNode","GeneProduct","datanode"],"gpmlType":"datanode","graphicalType":"path","datasourceReference":{"database":"Entrez Gene","id":"18035","organism":"Mus musculus"},"unificationXref":"http://identifiers.org/ensembl/ENSMUSG00000021025"},{"networkType":"node","nodeType":"DataNode","dataNodeType":"GeneProduct","@type":["DataNode","GeneProduct","datanode"],"gpmlType":"datanode","graphicalType":"path","datasourceReference":{"database":"Entrez Gene","id":"18036","organism":"Mus musculus"},"unificationXref":"http://identifiers.org/ensembl/ENSMUSG00000030595"},{"networkType":"node","nodeType":"DataNode","dataNodeType":"GeneProduct","@type":["DataNode","GeneProduct","datanode"],"gpmlType":"datanode","graphicalType":"path","datasourceReference":{"database":"KEGG Genes","id":"path:mmu04010","organism":"Mus musculus"}},{"networkType":"node","nodeType":"DataNode","dataNodeType":"GeneProduct","@type":["DataNode","GeneProduct","datanode"],"gpmlType":"datanode","graphicalType":"path","datasourceReference":{"database":"Entrez Gene","id":"277360","organism":"Mus musculus"},"unificationXref":"http://identifiers.org/ensembl/ENSMUSG00000039621"},{"networkType":"node","nodeType":"DataNode","dataNodeType":"GeneProduct","@type":["DataNode","GeneProduct","datanode"],"gpmlType":"datanode","graphicalType":"path","datasourceReference":{"database":"Entrez Gene","id":"56637","organism":"Mus musculus"},"unificationXref":"http://identifiers.org/ensembl/ENSMUSG00000022812"},{"networkType":"node","nodeType":"DataNode","dataNodeType":"GeneProduct","@type":["DataNode","GeneProduct","datanode"],"gpmlType":"datanode","graphicalType":"path","datasourceReference":{"database":"Entrez Gene","id":"56484","organism":"Mus musculus"},"unificationXref":"http://identifiers.org/ensembl/ENSMUSG00000048756"},{"networkType":"node","nodeType":"DataNode","dataNodeType":"GeneProduct","@type":["DataNode","GeneProduct","datanode"],"gpmlType":"datanode","graphicalType":"path","datasourceReference":{"database":"Entrez Gene","id":"20663","organism":"Mus musculus"},"unificationXref":"http://identifiers.org/ensembl/ENSMUSG00000034801"},{"networkType":"node","nodeType":"DataNode","dataNodeType":"GeneProduct","@type":["DataNode","GeneProduct","datanode"],"gpmlType":"datanode","graphicalType":"path","datasourceReference":{"database":"Entrez Gene","id":"20662","organism":"Mus musculus"},"unificationXref":"http://identifiers.org/ensembl/ENSMUSG00000024241"},{"networkType":"node","nodeType":"DataNode","dataNodeType":"Metabolite","@type":["DataNode","Metabolite","datanode"],"gpmlType":"datanode","graphicalType":"path","datasourceReference":{"database":"KEGG Compound","id":"C05981","organism":"Mus musculus"}},{"networkType":"node","nodeType":"DataNode","dataNodeType":"GeneProduct","@type":["DataNode","GeneProduct","datanode"],"gpmlType":"datanode","graphicalType":"path","datasourceReference":{"database":"Entrez Gene","id":"57266","organism":"Mus musculus"},"unificationXref":"http://identifiers.org/ensembl/ENSMUSG00000021508"}],"xmlns":"http://pathvisio.org/GPML/2013a","dataSource":"http://www.genome.jp/kegg-bin/show_pathway?mmu04062","lastModified":"10/17/2013","name":"Chemokine signaling pathway","organism":"Mus musculus","image":{"@context":{"@vocab":"http://schema.org/"},"width":2379.397590361446,"height":1752.182061579652},"publicationXref":[],"id":"wpId:WP2292","revision":"72463"}}