{"@context":{"@vocab":"http://vocabularies.wikipathways.org/gpml#","@base":"wpId:WP2313","pathwayIri":"wpId:WP2313","ChEBI":"http://www.ebi.ac.uk/chebi/searchId.do?chebiId=","dataSource":"gpml:Data-Source","datasourceReference":"wp:DatasourceReference","Group":{"@container":"@list","@id":"gpml:Group"},"interaction":{"@id":"biopax:Interaction","@type":"@id"},"interactionType":{"@id":"biopax:InteractionType","@type":"@id"},"interactionGraph":"@graph","lastModified":"gpml:Last-Modified","pathway":"biopax:Pathway","point":{"@container":"@list","@id":"gpml:Point"},"publicationXref":"biopax:PublicationXref","unificationXref":"biopax:UnificationXref","author":"schema:author","backgroundColor":"css2:colors.html#propdef-background-color","backgroundImage":"css2:colors.html#propdef-background-image","biopax":"http://www.biopax.org/release/biopax-level3.owl#","borderColor":"css2:box.html#propdef-border-color","borderStyle":"css2:box.html#propdef-border-style","borderWidth":"css2:box.html#propdef-border-width","boxSizing":{"@id":"css3Ui:box-sizing","@value":"border-box"},"color":"css2:colors.html#propdef-color","contains":{"@id":"ex:contains","@type":"@id"},"css2":"http://www.w3.org/TR/CSS2/","css3Ui":"http://www.w3.org/TR/css3-ui/#","cssTransform":"http://www.w3.org/TR/css-transforms-1/#","gpmlDataNodeType":"gpml:Type","dcterms":"http://puri.org/dc/terms/","entrezGene":"http://www.ncbi.nlm.nih.gov/gene/","ex":"http://www.example.org/","fontFamily":"css2:fonts.html#font-family-prop","fontSize":"css2:fonts.html#propdef-font-size","fontStyle":"css2:fonts.html#propdef-font-style","fontWeight":"css2:fonts.html#propdef-font-weight","gpml":"http://vocabularies.wikipathways.org/gpml#","gpmlFolder":"file://Users/andersriutta/Sites/pathvisiojs/test/gpml/","hMDB":"http://www.hmdb.ca/metabolites/HMDB","height":"css2:visudet.html#propdef-height","id":"@id","image":"schema:image","interactsWith":{"@id":"ex:interactsWith","@type":"@id"},"isContainedBy":{"@reverse":"ex:contains","@type":"@id"},"media":"http://www.w3.org/TR/mediaont-10/","name":"http://xmlns.com/foaf/0.1/name","organism":"biopax:organism","padding":"css2:box.html#propdef-padding","elements":{"@container":"@list","@id":"ex:pathwayElements/"},"position":"css2:visuren.html#propdef-position","rotate":"cssTransform:funcdef-rotate","schema":"http://schema.org/","shapeLibrary":"http://shapelibrary.example.org/","shape":"shapeLibrary:shape","stroke":"svg:painting.html#StrokeProperty","strokeWidth":"svg:painting.html#StrokeWidthProperty","svg":"http://www.w3.org/TR/SVG11/","textAlign":"css2:text.html#propdef-text-align","verticalAlign":"css2:visudet.html#propdef-vertical-align","width":"css2:visudet.html#propdef-width","wp":"http://vocabularies.wikipathways.org/wp#","wpId":"http://identifiers.org/wikipathways/","x":{"@id":"css2:visuren.html#propdef-left","@type":"xsd:integer"},"xsd":"http://www.w3.org/2001/XMLSchema#","y":"css2:visuren.html#propdef-top","zIndex":{"@id":"css2:z-index","@type":"xsd:integer"}},"wpId:WP2313":{"elements":[{"networkType":"node","nodeType":"DataNode","dataNodeType":"Pathway","@type":["DataNode","Pathway","datanode"],"gpmlType":"datanode","graphicalType":"path"},{"networkType":"node","nodeType":"DataNode","dataNodeType":"GeneProduct","@type":["DataNode","GeneProduct","datanode"],"gpmlType":"datanode","graphicalType":"path","datasourceReference":{"database":"WormBase","id":"R13H8.1","organism":"Caenorhabditis elegans"},"unificationXref":"http://identifiers.org/ensembl/R13H8.1"},{"networkType":"node","nodeType":"DataNode","dataNodeType":"Pathway","@type":["DataNode","Pathway","datanode"],"gpmlType":"datanode","graphicalType":"path"},{"networkType":"node","nodeType":"DataNode","dataNodeType":"Pathway","@type":["DataNode","Pathway","datanode"],"gpmlType":"datanode","graphicalType":"path"},{"networkType":"node","nodeType":"DataNode","dataNodeType":"Unknown","@type":["DataNode","Unknown","datanode"],"gpmlType":"datanode","graphicalType":"path"},{"networkType":"node","nodeType":"DataNode","dataNodeType":"Unknown","@type":["DataNode","Unknown","datanode"],"gpmlType":"datanode","graphicalType":"path"},{"networkType":"node","nodeType":"DataNode","dataNodeType":"Pathway","@type":["DataNode","Pathway","datanode"],"gpmlType":"datanode","graphicalType":"path"},{"networkType":"node","nodeType":"DataNode","dataNodeType":"Pathway","@type":["DataNode","Pathway","datanode"],"gpmlType":"datanode","graphicalType":"path"},{"networkType":"node","nodeType":"Label","@type":["label"],"gpmlType":"label","graphicalType":"path"},{"networkType":"node","nodeType":"Label","@type":["label"],"gpmlType":"label","graphicalType":"path"},{"networkType":"node","nodeType":"Label","@type":["label"],"gpmlType":"label","graphicalType":"path"},{"networkType":"node","nodeType":"Label","@type":["label"],"gpmlType":"label","graphicalType":"path"},{"networkType":"node","nodeType":"Label","@type":["label"],"gpmlType":"label","graphicalType":"path"},{"networkType":"node","nodeType":"Label","@type":["label"],"gpmlType":"label","graphicalType":"path"},{"networkType":"node","nodeType":"Label","@type":["label"],"gpmlType":"label","graphicalType":"path"},{"networkType":"node","nodeType":"Label","@type":["label"],"gpmlType":"label","graphicalType":"path"},{"networkType":"node","nodeType":"Label","@type":["label"],"gpmlType":"label","graphicalType":"path"},{"networkType":"node","nodeType":"Label","@type":["label"],"gpmlType":"label","graphicalType":"path"},{"networkType":"node","nodeType":"Label","@type":["label"],"gpmlType":"label","graphicalType":"path"},{"networkType":"node","nodeType":"Label","@type":["label"],"gpmlType":"label","graphicalType":"path"},{"networkType":"node","nodeType":"Label","@type":["label"],"gpmlType":"label","graphicalType":"path"},{"networkType":"node","nodeType":"Shape","@type":["shape"],"gpmlType":"shape","graphicalType":"path"},{"networkType":"node","nodeType":"Shape","@type":["shape"],"gpmlType":"shape","graphicalType":"path"},{"networkType":"node","nodeType":"Shape","@type":["shape"],"gpmlType":"shape","graphicalType":"path"},{"networkType":"node","nodeType":"Shape","@type":["shape"],"gpmlType":"shape","graphicalType":"path"},{"networkType":"node","nodeType":"Shape","@type":["shape"],"gpmlType":"shape","graphicalType":"path"},{"networkType":"node","nodeType":"Shape","@type":["shape"],"gpmlType":"shape","graphicalType":"path"},{"networkType":"node","nodeType":"State","@type":["state"],"gpmlType":"state","graphicalType":"path"},{"networkType":"node","nodeType":"State","@type":["state"],"gpmlType":"state","graphicalType":"path"},{"networkType":"node","nodeType":"State","@type":["state"],"gpmlType":"state","graphicalType":"path"},{"networkType":"node","nodeType":"State","@type":["state"],"gpmlType":"state","graphicalType":"path"},{"networkType":"node","nodeType":"State","@type":["state"],"gpmlType":"state","graphicalType":"path"},{"networkType":"node","nodeType":"State","@type":["state"],"gpmlType":"state","graphicalType":"path"},{"networkType":"edge","@type":["graphicalline"],"gpmlType":"graphicalline","graphicalType":"path","markerEnd":"tBar","points":[{"x":345.6108041743401,"y":640.8839779005525},{"x":345.6108041743401,"y":631.3689379987723},{"x":324.1252302025783,"y":631.3689379987723},{"x":324.1252302025783,"y":621.853898096992}]},{"networkType":"edge","@type":["graphicalline"],"gpmlType":"graphicalline","graphicalType":"path","points":[{"x":219.53327571305098,"y":641.3137424373379},{"x":616.2489196197062,"y":641.3137424373379}]},{"networkType":"edge","@type":["graphicalline"],"gpmlType":"graphicalline","graphicalType":"path","markerEnd":"tBar","points":[{"x":699.8556998556998,"y":54.35305435305435},{"x":729.1967291967292,"y":54.35305435305435}]},{"networkType":"edge","@type":["graphicalline"],"gpmlType":"graphicalline","graphicalType":"path","markerEnd":"mimBinding","points":[{"x":700.3367003367002,"y":75.51707551707551},{"x":726.3107263107263,"y":75.51707551707551}]},{"networkType":"edge","@type":["graphicalline"],"gpmlType":"graphicalline","graphicalType":"path","points":[{"x":701.2987012987012,"y":96.71909571909572},{"x":727.2727272727273,"y":96.71909571909572}]},{"networkType":"edge","@type":["graphicalline"],"gpmlType":"graphicalline","graphicalType":"path","markerEnd":"mimStimulation","points":[{"x":702.2607022607021,"y":114.47811447811446},{"x":728.2347282347282,"y":114.47811447811446}]},{"networkType":"edge","@type":["graphicalline"],"gpmlType":"graphicalline","graphicalType":"path","markerEnd":"mimConversion","points":[{"x":698.8034188034188,"y":153.16239316239316},{"x":728.3554741181858,"y":153.45854328905173}]},{"networkType":"edge","@type":["graphicalline"],"gpmlType":"graphicalline","graphicalType":"path","markerEnd":"mimConversion","points":[{"x":698.6496090973704,"y":135.74982231698652},{"x":729.2110874200421,"y":135.7498223169865}]},{"networkType":"edge","@type":["graphicalline"],"gpmlType":"graphicalline","graphicalType":"path","markerEnd":"arrow","points":[{"x":463.78708551483425,"y":640.9249563699826},{"x":463.78708551483425,"y":636.8856383581515},{"x":463.91082442252497,"y":636.8856383581515},{"x":463.91082442252497,"y":628.884793076782},{"x":484.16865131018614,"y":628.884793076782},{"x":484.16865131018614,"y":624.9232658072438}]},{"networkType":"edge","gpmlType":"interaction","@type":["interaction"],"graphicalType":"path","markerEnd":"arrow","points":[{"x":299.5,"y":208,"isAttachedTo":"ab2b3","RelX":-0.5,"anchor":[0.25,1,0,1],"RelY":1},{"x":230,"y":208,"isAttachedTo":"f7754","RelX":0.5,"anchor":[0.75,1,0,1],"RelY":1}],"interactionGraph":[{"id":"ab2b3","interactsWith":"f7754"}],"interactionType":"gpml:Arrow"},{"gpmlType":"anchor","zIndex":null,"networkType":"node","@type":["anchor"],"graphicalType":"path","x":null,"y":null},{"networkType":"edge","gpmlType":"interaction","@type":["interaction"],"graphicalType":"path","markerEnd":"mimStimulation","points":[{"x":268,"y":106,"isAttachedTo":"ee0b6","RelX":0,"anchor":[0.5,1,0,1],"RelY":1},{"x":267,"y":152,"isAttachedTo":"c95c0","RelX":0,"anchor":[0.5,0,0,-1],"RelY":-1}],"interactionGraph":[{"id":"ee0b6","interactsWith":"c95c0"}],"interactionType":"mim-stimulation"},{"networkType":"node","nodeType":"DataNode","dataNodeType":"Pathway","@type":["DataNode","Pathway","datanode"],"gpmlType":"datanode","graphicalType":"path"},{"networkType":"edge","gpmlType":"interaction","@type":["interaction"],"graphicalType":"path","markerEnd":"mimStimulation","points":[{"x":320.5,"y":208,"isAttachedTo":"ab2b3","RelX":0.5,"anchor":[0.75,1,0,1],"RelY":1},{"x":406,"y":326,"isAttachedTo":"a59bc","RelX":0,"anchor":[0.5,0,0,-1],"RelY":-1}],"interactionGraph":[{"id":"ab2b3","interactsWith":"a59bc"}],"interactionType":"mim-stimulation"},{"networkType":"edge","gpmlType":"interaction","@type":["interaction"],"graphicalType":"path","markerEnd":"mimStimulation","points":[{"x":248,"y":345,"isAttachedTo":"fd8e3","RelX":1,"anchor":[1,0.5,1,0],"RelY":0},{"x":316,"y":344,"isAttachedTo":"a59bc","RelX":-1,"anchor":[0,0.5,-1,0],"RelY":0}],"interactionGraph":[{"id":"fd8e3","interactsWith":"a59bc"}],"interactionType":"mim-stimulation"},{"networkType":"edge","gpmlType":"interaction","@type":["interaction"],"graphicalType":"path","points":[{"x":570,"y":452,"isAttachedTo":"fc419","RelX":0,"anchor":[0.5,1,0,1],"RelY":1},{"x":570,"y":468,"isAttachedTo":"e9b6a","RelX":0,"anchor":[0.5,0,0,-1],"RelY":-1}]},{"networkType":"edge","gpmlType":"interaction","@type":["interaction"],"graphicalType":"path","markerEnd":"mimModification","points":[{"x":115,"y":415,"isAttachedTo":"fe08c","RelX":0,"anchor":[0.5,1,0,1],"RelY":1},{"x":171,"y":440,"isAttachedTo":"e2e8a","RelX":-0.5,"anchor":[0.25,0,0,-1],"RelY":-1}],"interactionGraph":[{"id":"fe08c","interactsWith":"e2e8a"}],"interactionType":"mim-modification"},{"networkType":"edge","gpmlType":"interaction","@type":["interaction"],"graphicalType":"path","markerEnd":"mimModification","points":[{"x":406,"y":362,"isAttachedTo":"a59bc","RelX":0,"anchor":[0.5,1,0,1],"RelY":1},{"x":493.54831733627856,"y":445.5562617232899,"isAttachedTo":"b7101","RelX":0,"anchor":[0.5,0.5,0,0],"RelY":0}],"interactionGraph":[{"id":"a59bc","interactsWith":"b7101"}],"interactionType":"mim-modification"},{"networkType":"edge","gpmlType":"interaction","@type":["interaction"],"graphicalType":"path","markerEnd":"mimModification","points":[{"x":337,"y":417,"isAttachedTo":"c1060","RelX":0,"anchor":[0.5,1,0,1],"RelY":1},{"x":330,"y":463.2,"isAttachedTo":"b68c2","RelX":0,"anchor":[0.5,0.5,0,0],"RelY":0}],"interactionGraph":[{"id":"c1060","interactsWith":"b68c2"}],"interactionType":"mim-modification"},{"networkType":"edge","gpmlType":"interaction","@type":["interaction"],"graphicalType":"path","markerEnd":"arrow","points":[{"x":233,"y":493,"isAttachedTo":"dd9c0","RelX":0,"anchor":[0.5,1,0,1],"RelY":1},{"x":407,"y":603,"isAttachedTo":"bb21e","RelX":0,"anchor":[0.5,0,0,-1],"RelY":-1}],"interactionGraph":[{"id":"dd9c0","interactsWith":"bb21e"}],"interactionType":"gpml:Arrow"},{"networkType":"edge","gpmlType":"interaction","@type":["interaction"],"graphicalType":"path","markerEnd":"arrow","points":[{"x":407,"y":623,"isAttachedTo":"bb21e","RelX":0,"anchor":[0.5,1,0,1],"RelY":1},{"x":385.00000000000006,"y":811,"isAttachedTo":"a11d5","RelX":0.5,"anchor":[0.75,0,0,-1],"RelY":-1}],"interactionGraph":[{"id":"bb21e","interactsWith":"a11d5"}],"interactionType":"gpml:Arrow"},{"networkType":"edge","gpmlType":"interaction","@type":["interaction"],"graphicalType":"path","markerEnd":"arrow","points":[{"x":365.00000000000006,"y":831,"isAttachedTo":"a11d5","RelX":0,"anchor":[0.5,1,0,1],"RelY":1},{"x":433.82352941176475,"y":883.2842596796161,"isAttachedTo":"b81d1","RelX":-1,"anchor":[0,0.25,-1,0],"RelY":-0.5}],"interactionGraph":[{"id":"a11d5","interactsWith":"b81d1"}],"interactionType":"gpml:Arrow"},{"networkType":"edge","gpmlType":"interaction","@type":["interaction"],"graphicalType":"path","markerEnd":"mimStimulation","points":[{"x":268,"y":52,"isAttachedTo":"f4db3","RelX":0,"anchor":[0.5,1,0,1],"RelY":1},{"x":268,"y":86,"isAttachedTo":"ee0b6","RelX":0,"anchor":[0.5,0,0,-1],"RelY":-1}],"interactionGraph":[{"id":"f4db3","interactsWith":"ee0b6"}],"interactionType":"mim-stimulation"},{"networkType":"edge","gpmlType":"interaction","@type":["interaction"],"graphicalType":"path","points":[{"x":365,"y":792,"isAttachedTo":"d0ba6","RelX":0.5,"anchor":[0.75,1,0,1],"RelY":1},{"x":365.00000000000006,"y":811,"isAttachedTo":"a11d5","RelX":0,"anchor":[0.5,0,0,-1],"RelY":-1}]},{"networkType":"edge","gpmlType":"interaction","@type":["interaction"],"graphicalType":"path","markerEnd":"mimModification","points":[{"x":557,"y":353,"isAttachedTo":"a9aac","RelX":0,"anchor":[0.5,1,0,1],"RelY":1},{"x":570,"y":432,"isAttachedTo":"fc419","RelX":0,"anchor":[0.5,0,0,-1],"RelY":-1}],"interactionGraph":[{"id":"a9aac","interactsWith":"fc419"}],"interactionType":"mim-modification"},{"networkType":"edge","gpmlType":"interaction","@type":["interaction"],"graphicalType":"path","markerEnd":"mimInhibition","points":[{"x":288,"y":106,"isAttachedTo":"ee0b6","RelX":0.5,"anchor":[0.75,1,0,1],"RelY":1},{"x":392.8432563790981,"y":119.82381530984202,"isAttachedTo":"c5a5d","RelX":-1,"anchor":[0,0.5,-1,0],"RelY":0}],"interactionGraph":[{"id":"ee0b6","interactsWith":"c5a5d"}],"interactionType":"mim-inhibition"},{"networkType":"edge","gpmlType":"interaction","@type":["interaction"],"graphicalType":"path","markerEnd":"mimCatalysis","points":[{"x":267,"y":172,"isAttachedTo":"c95c0","RelX":0,"anchor":[0.5,1,0,1],"RelY":1},{"x":266.92456479690526,"y":189,"isAttachedTo":"c531f","RelX":0,"anchor":[0.5,0.5,0,0],"RelY":0}],"interactionGraph":[{"id":"c95c0","interactsWith":"c531f"}],"interactionType":"mim-catalysis"},{"networkType":"edge","gpmlType":"interaction","@type":["interaction"],"graphicalType":"path","markerEnd":"mimCatalysis","points":[{"x":267,"y":235,"isAttachedTo":"f4b20","RelX":0,"anchor":[0.5,0,0,-1],"RelY":-1},{"x":266.92456479690526,"y":208,"isAttachedTo":"e3f96","RelX":0,"anchor":[0.5,0.5,0,0],"RelY":0}],"interactionGraph":[{"id":"f4b20","interactsWith":"e3f96"}],"interactionType":"mim-catalysis"},{"networkType":"edge","gpmlType":"interaction","@type":["interaction"],"graphicalType":"path","markerEnd":"mimConversion","points":[{"x":448,"y":450,"isAttachedTo":"d29ee","RelX":1,"anchor":[1,0.5,1,0],"RelY":0},{"x":530,"y":442,"isAttachedTo":"fc419","RelX":-1,"anchor":[0,0.5,-1,0],"RelY":0}],"interactionGraph":[{"id":"d29ee","interactsWith":"fc419"}],"interactionType":"mim-conversion"},{"gpmlType":"anchor","zIndex":null,"networkType":"node","@type":["anchor"],"graphicalType":"path","x":null,"y":null},{"networkType":"edge","gpmlType":"interaction","@type":["interaction"],"graphicalType":"path","markerEnd":"mimConversion","points":[{"x":368,"y":450,"isAttachedTo":"d29ee","RelX":-1,"anchor":[0,0.5,-1,0],"RelY":0},{"x":273,"y":483,"isAttachedTo":"dd9c0","RelX":1,"anchor":[1,0.5,1,0],"RelY":0}],"interactionGraph":[{"id":"d29ee","interactsWith":"dd9c0"}],"interactionType":"mim-conversion"},{"gpmlType":"anchor","zIndex":null,"networkType":"node","@type":["anchor"],"graphicalType":"path","x":null,"y":null},{"networkType":"edge","gpmlType":"interaction","@type":["interaction"],"graphicalType":"path","markerEnd":"arrow","points":[{"x":230,"y":189,"isAttachedTo":"f7754","RelX":0.5,"anchor":[0.75,0,0,-1],"RelY":-1},{"x":299.5,"y":189,"isAttachedTo":"ab2b3","RelX":-0.5,"anchor":[0.25,0,0,-1],"RelY":-1}],"interactionGraph":[{"id":"f7754","interactsWith":"ab2b3"}],"interactionType":"gpml:Arrow"},{"gpmlType":"anchor","zIndex":null,"networkType":"node","@type":["anchor"],"graphicalType":"path","x":null,"y":null},{"networkType":"edge","gpmlType":"interaction","@type":["interaction"],"graphicalType":"path","points":[{"x":191,"y":460,"isAttachedTo":"e2e8a","RelX":0,"anchor":[0.5,1,0,1],"RelY":1},{"x":213,"y":473,"isAttachedTo":"dd9c0","RelX":-0.5,"anchor":[0.25,0,0,-1],"RelY":-1}]},{"networkType":"edge","gpmlType":"interaction","@type":["interaction"],"graphicalType":"path","markerEnd":"mimInhibition","points":[{"x":288,"y":106,"isAttachedTo":"ee0b6","RelX":0.5,"anchor":[0.75,1,0,1],"RelY":1},{"x":391.3487241798291,"y":163.52065613608738,"isAttachedTo":"cd6e7","RelX":-1,"anchor":[0,0.25,-1,0],"RelY":-0.5}],"interactionGraph":[{"id":"ee0b6","interactsWith":"cd6e7"}],"interactionType":"mim-inhibition"},{"networkType":"node","nodeType":"DataNode","dataNodeType":"GeneProduct","@type":["DataNode","GeneProduct","datanode"],"gpmlType":"datanode","graphicalType":"path","datasourceReference":{"database":"WormBase","id":"T07A9.6","organism":"Caenorhabditis elegans"},"unificationXref":"http://identifiers.org/ensembl/T07A9.6"},{"networkType":"node","nodeType":"DataNode","dataNodeType":"Metabolite","@type":["DataNode","Metabolite","datanode"],"gpmlType":"datanode","graphicalType":"path","datasourceReference":{"database":"ChEBI","id":"18348","organism":"Caenorhabditis elegans"}},{"networkType":"node","nodeType":"DataNode","dataNodeType":"GeneProduct","@type":["DataNode","GeneProduct","datanode"],"gpmlType":"datanode","graphicalType":"path","datasourceReference":{"database":"WormBase","id":"B0334.8","organism":"Caenorhabditis elegans"},"unificationXref":"http://identifiers.org/ensembl/B0334.8"},{"networkType":"node","nodeType":"DataNode","dataNodeType":"GeneProduct","@type":["DataNode","GeneProduct","datanode"],"gpmlType":"datanode","graphicalType":"path","datasourceReference":{"database":"WormBase","id":"Y55D5A.5","organism":"Caenorhabditis elegans"},"unificationXref":"http://identifiers.org/ensembl/Y55D5A.5"},{"networkType":"node","nodeType":"DataNode","dataNodeType":"GeneProduct","@type":["DataNode","GeneProduct","datanode"],"gpmlType":"datanode","graphicalType":"path","datasourceReference":{"database":"WormBase","id":"F52D10.3","organism":"Caenorhabditis elegans"},"unificationXref":"http://identifiers.org/ensembl/F52D10.3"},{"networkType":"node","nodeType":"DataNode","dataNodeType":"Metabolite","@type":["DataNode","Metabolite","datanode"],"gpmlType":"datanode","graphicalType":"path","datasourceReference":{"database":"ChEBI","id":"16618","organism":"Caenorhabditis elegans"}},{"networkType":"node","nodeType":"DataNode","dataNodeType":"GeneProduct","@type":["DataNode","GeneProduct","datanode"],"gpmlType":"datanode","graphicalType":"path","datasourceReference":{"database":"WormBase","id":"H42K12.1","organism":"Caenorhabditis elegans"},"unificationXref":"http://identifiers.org/ensembl/H42K12.1"},{"networkType":"node","nodeType":"DataNode","dataNodeType":"GeneProduct","@type":["DataNode","GeneProduct","datanode"],"gpmlType":"datanode","graphicalType":"path","datasourceReference":{"database":"WormBase","id":"C12D8.10","organism":"Caenorhabditis elegans"},"unificationXref":"http://identifiers.org/ensembl/C12D8.10"},{"networkType":"node","nodeType":"DataNode","dataNodeType":"GeneProduct","@type":["DataNode","GeneProduct","datanode"],"gpmlType":"datanode","graphicalType":"path","datasourceReference":{"database":"WormBase","id":"F28H6.1","organism":"Caenorhabditis elegans"},"unificationXref":"http://identifiers.org/ensembl/F28H6.1"},{"networkType":"node","nodeType":"DataNode","dataNodeType":"GeneProduct","@type":["DataNode","GeneProduct","datanode"],"gpmlType":"datanode","graphicalType":"path","datasourceReference":{"database":"WormBase","id":"R13H8.1","organism":"Caenorhabditis elegans"},"unificationXref":"http://identifiers.org/ensembl/R13H8.1"},{"networkType":"node","nodeType":"DataNode","dataNodeType":"GeneProduct","@type":["DataNode","GeneProduct","datanode"],"gpmlType":"datanode","graphicalType":"path","datasourceReference":{"database":"WormBase","id":"B0478.1","organism":"Caenorhabditis elegans"},"unificationXref":"http://identifiers.org/ensembl/B0478.1"},{"networkType":"node","nodeType":"DataNode","dataNodeType":"GeneProduct","@type":["DataNode","GeneProduct","datanode"],"gpmlType":"datanode","graphicalType":"path","datasourceReference":{"database":"WormBase","id":"R13H8.1","organism":"Caenorhabditis elegans"},"unificationXref":"http://identifiers.org/ensembl/R13H8.1"},{"networkType":"node","nodeType":"DataNode","dataNodeType":"GeneProduct","@type":["DataNode","GeneProduct","datanode"],"gpmlType":"datanode","graphicalType":"path","datasourceReference":{"database":"WormBase","id":"F35C8.3","organism":"Caenorhabditis elegans"},"unificationXref":"http://identifiers.org/ensembl/F35C8.3"},{"networkType":"node","nodeType":"DataNode","dataNodeType":"GeneProduct","@type":["DataNode","GeneProduct","datanode"],"gpmlType":"datanode","graphicalType":"path","datasourceReference":{"database":"WormBase","id":"Y113G7B.17","organism":"Caenorhabditis elegans"},"unificationXref":"http://identifiers.org/ensembl/Y113G7B.17"},{"networkType":"node","nodeType":"DataNode","dataNodeType":"GeneProduct","@type":["DataNode","GeneProduct","datanode"],"gpmlType":"datanode","graphicalType":"path","datasourceReference":{"database":"WormBase","id":"R13H8.1","organism":"Caenorhabditis elegans"},"unificationXref":"http://identifiers.org/ensembl/R13H8.1"},{"networkType":"node","nodeType":"DataNode","dataNodeType":"GeneProduct","@type":["DataNode","GeneProduct","datanode"],"gpmlType":"datanode","graphicalType":"path","datasourceReference":{"database":"WormBase","id":"R13H8.1","organism":"Caenorhabditis elegans"},"unificationXref":"http://identifiers.org/ensembl/R13H8.1"},{"networkType":"node","nodeType":"DataNode","dataNodeType":"GeneProduct","@type":["DataNode","GeneProduct","datanode"],"gpmlType":"datanode","graphicalType":"path","datasourceReference":{"database":"WormBase","id":"M142.6","organism":"Caenorhabditis elegans"},"unificationXref":"http://identifiers.org/ensembl/M142.6"},{"networkType":"node","nodeType":"DataNode","dataNodeType":"GeneProduct","@type":["DataNode","GeneProduct","datanode"],"gpmlType":"datanode","graphicalType":"path","datasourceReference":{"database":"WormBase","id":"C10C5.6","organism":"Caenorhabditis elegans"},"unificationXref":"http://identifiers.org/ensembl/C10C5.6"},{"networkType":"node","nodeType":"DataNode","dataNodeType":"GeneProduct","@type":["DataNode","GeneProduct","datanode"],"gpmlType":"datanode","graphicalType":"path","datasourceReference":{"database":"WormBase","id":"W10G6.2","organism":"Caenorhabditis elegans"},"unificationXref":"http://identifiers.org/ensembl/W10G6.2"},{"networkType":"node","nodeType":"DataNode","dataNodeType":"GeneProduct","@type":["DataNode","GeneProduct","datanode"],"gpmlType":"datanode","graphicalType":"path","datasourceReference":{"database":"WormBase","id":"F41E6.4","organism":"Caenorhabditis elegans"},"unificationXref":"http://identifiers.org/ensembl/F41E6.4"},{"networkType":"edge","gpmlType":"interaction","@type":["interaction"],"graphicalType":"path","markerEnd":"mimStimulation","points":[{"x":208,"y":208,"isAttachedTo":"f7754","RelX":-0.5,"anchor":[0.25,1,0,1],"RelY":1},{"x":208,"y":335,"isAttachedTo":"fd8e3","RelX":0,"anchor":[0.5,0,0,-1],"RelY":-1}],"interactionGraph":[{"id":"f7754","interactsWith":"fd8e3"}],"interactionType":"mim-stimulation"}],"xmlns":"http://pathvisio.org/GPML/2013a","author":"kyook@caltech.edu","lastModified":"10/17/2013","name":"Aging","organism":"Caenorhabditis elegans","image":{"@context":{"@vocab":"http://schema.org/"},"width":956,"height":980.9876960707106},"publicationXref":[],"id":"wpId:WP2313","revision":"73766"}}