{"@context":{"@vocab":"http://vocabularies.wikipathways.org/gpml#","@base":"wpId:WP2371","pathwayIri":"wpId:WP2371","ChEBI":"http://www.ebi.ac.uk/chebi/searchId.do?chebiId=","dataSource":"gpml:Data-Source","datasourceReference":"wp:DatasourceReference","Group":{"@container":"@list","@id":"gpml:Group"},"interaction":{"@id":"biopax:Interaction","@type":"@id"},"interactionType":{"@id":"biopax:InteractionType","@type":"@id"},"interactionGraph":{"@container":"@list","@type":"@id"},"lastModified":"gpml:Last-Modified","pathway":"biopax:Pathway","point":{"@container":"@list","@id":"gpml:Point"},"publicationXref":"biopax:PublicationXref","unificationXref":"biopax:UnificationXref","author":"schema:author","backgroundColor":"css2:colors.html#propdef-background-color","backgroundImage":"css2:colors.html#propdef-background-image","biopax":"http://www.biopax.org/release/biopax-level3.owl#","borderColor":"css2:box.html#propdef-border-color","borderStyle":"css2:box.html#propdef-border-style","borderWidth":"css2:box.html#propdef-border-width","boxSizing":{"@id":"css3Ui:box-sizing","@value":"border-box"},"color":"css2:colors.html#propdef-color","contains":{"@id":"ex:contains","@type":"@id"},"css2":"http://www.w3.org/TR/CSS2/","css3Ui":"http://www.w3.org/TR/css3-ui/#","cssTransform":"http://www.w3.org/TR/css-transforms-1/#","gpmlDataNodeType":"gpml:Type","dcterms":"http://puri.org/dc/terms/","entrezGene":"http://www.ncbi.nlm.nih.gov/gene/","ex":"http://www.example.org/","fontFamily":"css2:fonts.html#font-family-prop","fontSize":"css2:fonts.html#propdef-font-size","fontStyle":"css2:fonts.html#propdef-font-style","fontWeight":"css2:fonts.html#propdef-font-weight","gpml":"http://vocabularies.wikipathways.org/gpml#","gpmlFolder":"file://Users/andersriutta/Sites/pathvisiojs/test/gpml/","hMDB":"http://www.hmdb.ca/metabolites/HMDB","height":"css2:visudet.html#propdef-height","id":"@id","image":"schema:image","interactsWith":{"@id":"ex:interactsWith","@type":"@id"},"isContainedBy":{"@reverse":"ex:contains","@type":"@id"},"media":"http://www.w3.org/TR/mediaont-10/","name":"http://xmlns.com/foaf/0.1/name","organism":"biopax:organism","padding":"css2:box.html#propdef-padding","elements":{"@container":"@list","@id":"ex:pathwayElements/"},"position":"css2:visuren.html#propdef-position","rotate":"cssTransform:funcdef-rotate","schema":"http://schema.org/","shapeLibrary":"http://shapelibrary.example.org/","shape":"shapeLibrary:shape","stroke":"svg:painting.html#StrokeProperty","strokeWidth":"svg:painting.html#StrokeWidthProperty","svg":"http://www.w3.org/TR/SVG11/","textAlign":"css2:text.html#propdef-text-align","verticalAlign":"css2:visudet.html#propdef-vertical-align","width":"css2:visudet.html#propdef-width","wp":"http://vocabularies.wikipathways.org/wp#","wpId":"http://identifiers.org/wikipathways/","x":{"@id":"css2:visuren.html#propdef-left","@type":"xsd:integer"},"xsd":"http://www.w3.org/2001/XMLSchema#","y":"css2:visuren.html#propdef-top","zIndex":{"@id":"css2:z-index","@type":"xsd:integer"}},"wpId:WP2371":{"elements":[{"networkType":"node","nodeType":"DataNode","dataNodeType":"GeneProduct","@type":["DataNode","GeneProduct","datanode"],"gpmlType":"datanode","graphicalType":"path"},{"networkType":"node","nodeType":"DataNode","dataNodeType":"Pathway","@type":["DataNode","Pathway","datanode"],"gpmlType":"datanode","graphicalType":"path","datasourceReference":{"database":"WikiPathways","id":"WP399","organism":"Homo sapiens"}},{"networkType":"node","nodeType":"Label","@type":["label"],"gpmlType":"label","graphicalType":"path"},{"networkType":"node","nodeType":"Label","@type":["label"],"gpmlType":"label","graphicalType":"path"},{"networkType":"node","nodeType":"Label","@type":["label"],"gpmlType":"label","graphicalType":"path"},{"networkType":"node","nodeType":"Label","@type":["label"],"gpmlType":"label","graphicalType":"path"},{"networkType":"node","nodeType":"Label","@type":["label"],"gpmlType":"label","graphicalType":"path"},{"networkType":"node","nodeType":"Label","@type":["label"],"gpmlType":"label","graphicalType":"path"},{"networkType":"node","nodeType":"Label","@type":["label"],"gpmlType":"label","graphicalType":"path"},{"networkType":"node","nodeType":"Label","@type":["label"],"gpmlType":"label","graphicalType":"path"},{"networkType":"node","nodeType":"Label","@type":["label"],"gpmlType":"label","graphicalType":"path"},{"networkType":"node","nodeType":"Label","@type":["label"],"gpmlType":"label","graphicalType":"path"},{"networkType":"node","nodeType":"Label","@type":["label"],"gpmlType":"label","graphicalType":"path"},{"networkType":"node","nodeType":"Label","@type":["label"],"gpmlType":"label","graphicalType":"path"},{"networkType":"node","nodeType":"Label","@type":["label"],"gpmlType":"label","graphicalType":"path"},{"networkType":"node","nodeType":"Label","@type":["label"],"gpmlType":"label","graphicalType":"path"},{"networkType":"node","nodeType":"Label","@type":["label"],"gpmlType":"label","graphicalType":"path"},{"networkType":"node","nodeType":"Label","@type":["label"],"gpmlType":"label","graphicalType":"path"},{"networkType":"node","nodeType":"Label","@type":["label"],"gpmlType":"label","graphicalType":"path"},{"networkType":"node","nodeType":"Label","@type":["label"],"gpmlType":"label","graphicalType":"path"},{"networkType":"node","nodeType":"Label","@type":["label"],"gpmlType":"label","graphicalType":"path"},{"networkType":"node","nodeType":"Label","@type":["label"],"gpmlType":"label","graphicalType":"path"},{"networkType":"node","nodeType":"Shape","@type":["shape"],"gpmlType":"shape","graphicalType":"path"},{"networkType":"node","nodeType":"Shape","@type":["shape"],"gpmlType":"shape","graphicalType":"path"},{"networkType":"node","nodeType":"Shape","@type":["shape"],"gpmlType":"shape","graphicalType":"path"},{"networkType":"node","nodeType":"Shape","@type":["shape"],"gpmlType":"shape","graphicalType":"path"},{"networkType":"edge","gpmlType":"interaction","@type":["interaction"],"graphicalType":"path","markerEnd":"mimConversion","points":[{"x":133.2403246311044,"y":101.80851076956816,"isAttachedTo":"c0d27","RelX":0,"anchor":[0.5,1,0,1],"RelY":1},{"x":133.65699129777067,"y":331.9096061797143,"isAttachedTo":"b52af","RelX":0,"anchor":[0.5,0,0,-1],"RelY":-1}],"interactionGraph":[{"id":"c0d27","interactsWith":"b52af"}],"interactionType":"mim-conversion"},{"networkType":"edge","gpmlType":"interaction","@type":["interaction"],"graphicalType":"path","markerEnd":"mimConversion","points":[{"x":315.09341053806463,"y":341.90960617971416,"isAttachedTo":"e1fb1","RelX":-1,"anchor":[0,0.5,-1,0],"RelY":0},{"x":271.7812571392169,"y":341.9096061797142,"isAttachedTo":"e40bf","RelX":1,"anchor":[1,0.5,1,0],"RelY":0}],"interactionGraph":[{"id":"e1fb1","interactsWith":"e40bf"}],"interactionType":"mim-conversion"},{"gpmlType":"anchor","zIndex":null,"networkType":"node","@type":["anchor"],"graphicalType":"path","x":null,"y":null},{"networkType":"edge","gpmlType":"interaction","@type":["interaction"],"graphicalType":"path","markerEnd":"mimConversion","points":[{"x":205.82506090172183,"y":341.9096061797142,"isAttachedTo":"e40bf","RelX":-1,"anchor":[0,0.5,-1,0],"RelY":0},{"x":166.6350894165182,"y":341.9096061797143,"isAttachedTo":"b52af","RelX":1,"anchor":[1,0.5,1,0],"RelY":0}],"interactionGraph":[{"id":"e40bf","interactsWith":"b52af"}],"interactionType":"mim-conversion"},{"gpmlType":"anchor","zIndex":null,"networkType":"node","@type":["anchor"],"graphicalType":"path","x":null,"y":null},{"networkType":"edge","gpmlType":"interaction","@type":["interaction"],"graphicalType":"path","markerEnd":"mimStimulation","points":[{"x":297.5030180474318,"y":297.25218660877727,"isAttachedTo":"e32fe","RelX":0,"anchor":[0.5,1,0,1],"RelY":1},{"x":297.7685491785255,"y":341.90960617971416,"isAttachedTo":"e78ee","RelX":0,"anchor":[0.5,0.5,0,0],"RelY":0}],"interactionGraph":[{"id":"e32fe","interactsWith":"e78ee"}],"interactionType":"mim-stimulation"},{"gpmlType":"anchor","zIndex":null,"networkType":"node","@type":["anchor"],"graphicalType":"path","x":null,"y":null},{"networkType":"edge","gpmlType":"interaction","@type":["interaction"],"graphicalType":"path","markerEnd":"mimInhibition","points":[{"x":365.1633267438916,"y":215.64960607734156,"isAttachedTo":"b1e03","RelX":-0.5,"anchor":[0.25,1,0,1],"RelY":1},{"x":365.1633267438916,"y":195.64960607734156},{"x":297.6092304998693,"y":195.64960607734156},{"x":297.6092304998693,"y":315.115154437152,"isAttachedTo":"a718e","RelX":0,"anchor":[0.5,0.5,0,0],"RelY":0}],"interactionGraph":[{"id":"b1e03","interactsWith":"a718e"}],"interactionType":"mim-inhibition"},{"networkType":"edge","gpmlType":"interaction","@type":["interaction"],"graphicalType":"path","markerEnd":"arrow","points":[{"x":133.65699129777067,"y":351.9096061797143,"isAttachedTo":"b52af","RelX":0,"anchor":[0.5,1,0,1],"RelY":1},{"x":133.41400172860824,"y":438.5738980121002,"isAttachedTo":"b14ce","RelX":0,"anchor":[0.5,0,0,-1],"RelY":-1}],"interactionGraph":[{"id":"b52af","interactsWith":"b14ce"}],"interactionType":"gpml:Arrow"},{"networkType":"edge","gpmlType":"interaction","@type":["interaction"],"graphicalType":"path","markerEnd":"arrow","points":[{"x":133.41400172860824,"y":458.5738980121002,"isAttachedTo":"b14ce","RelX":0,"anchor":[0.5,1,0,1],"RelY":1},{"x":133.41400172860858,"y":548.3405358686255,"isAttachedTo":"ec4e1","RelX":0,"anchor":[0.5,0,0,-1],"RelY":-1}],"interactionGraph":[{"id":"b14ce","interactsWith":"ec4e1"}],"interactionType":"gpml:Arrow"},{"networkType":"edge","gpmlType":"interaction","@type":["interaction"],"graphicalType":"path","markerEnd":"mimConversion","points":[{"x":405.1633267438916,"y":215.64960607734156,"isAttachedTo":"b1e03","RelX":0.5,"anchor":[0.75,1,0,1],"RelY":1},{"x":405.1633267438916,"y":257.84551717760206},{"x":507.5821988220758,"y":257.84551717760206},{"x":507.5821988220758,"y":227.12977394051066,"isAttachedTo":"a9baa","RelX":0,"anchor":[0.5,1,0,1],"RelY":1}],"interactionGraph":[{"id":"b1e03","interactsWith":"a9baa"}],"interactionType":"mim-conversion"},{"networkType":"edge","gpmlType":"interaction","@type":["interaction"],"graphicalType":"path","markerEnd":"mimConversion","points":[{"x":1083.3341064981528,"y":406.00496489033014,"isAttachedTo":"e7148","RelX":0,"anchor":[0.5,1,0,1],"RelY":1},{"x":1083.6184384478095,"y":475.11002760523075,"isAttachedTo":"f443b","RelX":0,"anchor":[0.5,0,0,-1],"RelY":-1}],"interactionGraph":[{"id":"e7148","interactsWith":"f443b"}],"interactionType":"mim-conversion"},{"gpmlType":"anchor","zIndex":null,"networkType":"node","@type":["anchor"],"graphicalType":"path","x":null,"y":null},{"networkType":"edge","gpmlType":"interaction","@type":["interaction"],"graphicalType":"path","markerEnd":"arrow","points":[{"x":615.3300212916952,"y":397.42302359664876,"isAttachedTo":"b1cdf","RelX":-1,"anchor":[0,0.5,-1,0],"RelY":0},{"x":595.3300212916952,"y":397.42302359664876},{"x":595.3300212916952,"y":495.3614366645136},{"x":631.7235832396368,"y":495.3614366645136,"isAttachedTo":"ef928","RelX":-1,"anchor":[0,0.5,-1,0],"RelY":0}],"interactionGraph":[{"id":"b1cdf","interactsWith":"ef928"}],"interactionType":"gpml:Arrow"},{"gpmlType":"anchor","zIndex":null,"networkType":"node","@type":["anchor"],"graphicalType":"path","x":null,"y":null},{"networkType":"edge","gpmlType":"interaction","@type":["interaction"],"graphicalType":"path","markerEnd":"mimStimulation","points":[{"x":546.1289803795469,"y":440.3941257484336,"isAttachedTo":"c961e","RelX":1,"anchor":[1,0.5,1,0],"RelY":0},{"x":595.4416370833503,"y":441.0160183751305,"isAttachedTo":"d0de3","RelX":0,"anchor":[0.5,0.5,0,0],"RelY":0}],"interactionGraph":[{"id":"c961e","interactsWith":"d0de3"}],"interactionType":"mim-stimulation"},{"networkType":"edge","gpmlType":"interaction","@type":["interaction"],"graphicalType":"path","markerEnd":"mimStimulation","points":[{"x":890.7981108658227,"y":442.9765836104435,"isAttachedTo":"af93c","RelX":-1,"anchor":[0,0.5,-1,0],"RelY":0},{"x":847.3173755743501,"y":443.0122566606236,"isAttachedTo":"c77b4","RelX":0,"anchor":[0.5,0.5,0,0],"RelY":0}],"interactionGraph":[{"id":"af93c","interactsWith":"c77b4"}],"interactionType":"mim-stimulation"},{"networkType":"edge","gpmlType":"interaction","@type":["interaction"],"graphicalType":"path","markerEnd":"mimConversion","points":[{"x":385.1633267438916,"y":215.64960607734156,"isAttachedTo":"b1e03","RelX":0,"anchor":[0.5,1,0,1],"RelY":1},{"x":385.1633267438916,"y":668.6773169375335},{"x":635.1257436728973,"y":668.6773169375335,"isAttachedTo":"c1ec7","RelX":-1,"anchor":[0,0.5,-1,0],"RelY":0}],"interactionGraph":[{"id":"b1e03","interactsWith":"c1ec7"}],"interactionType":"mim-conversion"},{"networkType":"edge","gpmlType":"interaction","@type":["interaction"],"graphicalType":"path","markerEnd":"mimConversion","points":[{"x":506.1289803795469,"y":430.3941257484336,"isAttachedTo":"c961e","RelX":0,"anchor":[0.5,0,0,-1],"RelY":-1},{"x":507.5821988220758,"y":227.12977394051066,"isAttachedTo":"a9baa","RelX":0,"anchor":[0.5,1,0,1],"RelY":1}],"interactionGraph":[{"id":"c961e","interactsWith":"a9baa"}],"interactionType":"mim-conversion"},{"networkType":"edge","gpmlType":"interaction","@type":["interaction"],"graphicalType":"path","markerEnd":"mimInhibition","points":[{"x":1049.0037417561173,"y":365.26963182911965,"isAttachedTo":"a1ead","RelX":0,"anchor":[0.5,1,0,1],"RelY":1},{"x":1049.0037417561173,"y":385.26963182911965},{"x":1048.9709013484742,"y":385.26963182911965},{"x":1048.9709013484742,"y":426.54208039488174},{"x":1083.4186062129686,"y":426.54208039488174,"isAttachedTo":"c67b7","RelX":0,"anchor":[0.5,0.5,0,0],"RelY":0}],"interactionGraph":[{"id":"a1ead","interactsWith":"c67b7"}],"interactionType":"mim-inhibition"},{"networkType":"edge","gpmlType":"interaction","@type":["interaction"],"graphicalType":"path","markerEnd":"arrow","points":[{"x":1045.2163352061539,"y":617.2108676274663,"isAttachedTo":"aba68","RelX":-1,"anchor":[0,0.5,-1,0],"RelY":0},{"x":1015.4540611884977,"y":617.0513722523941,"isAttachedTo":"eea66","RelX":1,"anchor":[1,0.5,1,0],"RelY":0}],"interactionGraph":[{"id":"aba68","interactsWith":"eea66"}],"interactionType":"gpml:Arrow"},{"networkType":"edge","gpmlType":"interaction","@type":["interaction"],"graphicalType":"path","markerEnd":"arrow","points":[{"x":1211.2848813715436,"y":277.3027686726074,"isAttachedTo":"cd757","RelX":1,"anchor":[1,0.5,1,0],"RelY":0},{"x":1257.629524485451,"y":265.8022594064039,"isAttachedTo":"a2c94","RelX":-1,"anchor":[0,0.5,-1,0],"RelY":0}],"interactionGraph":[{"id":"cd757","interactsWith":"a2c94"}],"interactionType":"gpml:Arrow"},{"networkType":"edge","gpmlType":"interaction","@type":["interaction"],"graphicalType":"path","markerEnd":"arrow","points":[{"x":1211.2848813715436,"y":277.3027686726074,"isAttachedTo":"cd757","RelX":1,"anchor":[1,0.5,1,0],"RelY":0},{"x":1257.693399574167,"y":289.9967235653821,"isAttachedTo":"ef324","RelX":-1,"anchor":[0,0.5,-1,0],"RelY":0}],"interactionGraph":[{"id":"cd757","interactsWith":"ef324"}],"interactionType":"gpml:Arrow"},{"networkType":"edge","gpmlType":"interaction","@type":["interaction"],"graphicalType":"path","markerEnd":"arrow","points":[{"x":1236.2866625601703,"y":625.3934942287515},{"x":1286.6539238403382,"y":625.3934942287515}]},{"networkType":"edge","gpmlType":"interaction","@type":["interaction"],"graphicalType":"path","markerEnd":"mimStimulation","points":[{"x":189.95203741501783,"y":297.25218660877727,"isAttachedTo":"f797c","RelX":0,"anchor":[0.5,1,0,1],"RelY":1},{"x":190.14907230764038,"y":341.9096061797142,"isAttachedTo":"efd77","RelX":0,"anchor":[0.5,0.5,0,0],"RelY":0}],"interactionGraph":[{"id":"f797c","interactsWith":"efd77"}],"interactionType":"mim-stimulation"},{"networkType":"edge","gpmlType":"interaction","@type":["interaction"],"graphicalType":"path","markerEnd":"arrow","points":[{"x":799.5735607675906,"y":495.3614366645136,"isAttachedTo":"ef928","RelX":1,"anchor":[1,0.5,1,0],"RelY":0},{"x":847.4095102909865,"y":495.3614366645136},{"x":847.4095102909865,"y":397.42302359664876},{"x":821.1497515968767,"y":397.42302359664876,"isAttachedTo":"b1cdf","RelX":1,"anchor":[1,0.5,1,0],"RelY":0}],"interactionGraph":[{"id":"ef928","interactsWith":"b1cdf"}],"interactionType":"gpml:Arrow"},{"gpmlType":"anchor","zIndex":null,"networkType":"node","@type":["anchor"],"graphicalType":"path","x":null,"y":null},{"networkType":"node","nodeType":"Label","@type":["label"],"gpmlType":"label","graphicalType":"path"},{"networkType":"edge","gpmlType":"interaction","@type":["interaction"],"graphicalType":"path","markerEnd":"mimConversion","points":[{"x":930.7981108658227,"y":432.9765836104435,"isAttachedTo":"af93c","RelX":0,"anchor":[0.5,0,0,-1],"RelY":-1},{"x":930.7981108658227,"y":257.84966698382493},{"x":507.5821988220758,"y":257.84966698382493},{"x":507.5821988220758,"y":227.12977394051066,"isAttachedTo":"a9baa","RelX":0,"anchor":[0.5,1,0,1],"RelY":1}],"interactionGraph":[{"id":"af93c","interactsWith":"a9baa"}],"interactionType":"mim-conversion"},{"networkType":"edge","gpmlType":"interaction","@type":["interaction"],"graphicalType":"path","markerEnd":"mimStimulation","points":[{"x":1083.6184384478095,"y":543.1100276052306,"isAttachedTo":"a7dc8","RelX":0,"anchor":[0.5,1,0,1],"RelY":1},{"x":1083.2163352061539,"y":569.2108676274663,"isAttachedTo":"aba68","RelX":0,"anchor":[0.5,0,0,-1],"RelY":-1}],"interactionGraph":[{"id":"a7dc8","interactsWith":"aba68"}],"interactionType":"mim-stimulation"},{"networkType":"node","nodeType":"DataNode","dataNodeType":"GeneProduct","@type":["DataNode","GeneProduct","datanode"],"gpmlType":"datanode","graphicalType":"path","datasourceReference":{"database":"Entrez Gene","id":"1644","organism":"Homo sapiens"},"unificationXref":"http://identifiers.org/ensembl/ENSG00000132437"},{"networkType":"node","nodeType":"DataNode","dataNodeType":"Metabolite","@type":["DataNode","Metabolite","datanode"],"gpmlType":"datanode","graphicalType":"path","datasourceReference":{"database":"ChEBI","id":"29191","organism":"Homo sapiens"}},{"networkType":"node","nodeType":"DataNode","dataNodeType":"GeneProduct","@type":["DataNode","GeneProduct","datanode"],"gpmlType":"datanode","graphicalType":"path","datasourceReference":{"database":"Entrez Gene","id":"2058","organism":"Homo sapiens"},"unificationXref":"http://identifiers.org/ensembl/ENSG00000136628"},{"networkType":"node","nodeType":"DataNode","dataNodeType":"GeneProduct","@type":["DataNode","GeneProduct","datanode"],"gpmlType":"datanode","graphicalType":"path","datasourceReference":{"database":"Entrez Gene","id":"6531","organism":"Homo sapiens"},"unificationXref":"http://identifiers.org/ensembl/ENSG00000142319"},{"networkType":"node","nodeType":"DataNode","dataNodeType":"Pathway","@type":["DataNode","Pathway","datanode"],"gpmlType":"datanode","graphicalType":"path","datasourceReference":{"database":"WikiPathways","id":"WP254","organism":"Homo sapiens"}},{"networkType":"node","nodeType":"DataNode","dataNodeType":"GeneProduct","@type":["DataNode","GeneProduct","datanode"],"gpmlType":"datanode","graphicalType":"path","datasourceReference":{"database":"Entrez Gene","id":"7345","organism":"Homo sapiens"},"unificationXref":"http://identifiers.org/ensembl/ENSG00000154277"},{"networkType":"node","nodeType":"DataNode","dataNodeType":"GeneProduct","@type":["DataNode","GeneProduct","datanode"],"gpmlType":"datanode","graphicalType":"path","datasourceReference":{"database":"Entrez Gene","id":"5071","organism":"Homo sapiens"},"unificationXref":"http://identifiers.org/ensembl/ENSG00000185345"},{"networkType":"node","nodeType":"DataNode","dataNodeType":"GeneProduct","@type":["DataNode","GeneProduct","datanode"],"gpmlType":"datanode","graphicalType":"path","datasourceReference":{"database":"Entrez Gene","id":"7054","organism":"Homo sapiens"},"unificationXref":"http://identifiers.org/ensembl/ENSG00000180176"},{"networkType":"node","nodeType":"DataNode","dataNodeType":"Metabolite","@type":["DataNode","Metabolite","datanode"],"gpmlType":"datanode","graphicalType":"path","datasourceReference":{"database":"KEGG Compound","id":"C00082","organism":"Homo sapiens"}},{"networkType":"node","nodeType":"DataNode","dataNodeType":"GeneProduct","@type":["DataNode","GeneProduct","datanode"],"gpmlType":"datanode","graphicalType":"path","datasourceReference":{"database":"Entrez Gene","id":"6622","organism":"Homo sapiens"},"unificationXref":"http://identifiers.org/ensembl/ENSG00000145335"},{"networkType":"node","nodeType":"DataNode","dataNodeType":"Metabolite","@type":["DataNode","Metabolite","datanode"],"gpmlType":"datanode","graphicalType":"path","datasourceReference":{"database":"KEGG Compound","id":"C00355","organism":"Homo sapiens"}},{"networkType":"node","nodeType":"DataNode","dataNodeType":"Metabolite","@type":["DataNode","Metabolite","datanode"],"gpmlType":"datanode","graphicalType":"path","datasourceReference":{"database":"KEGG Compound","id":"C03758","organism":"Homo sapiens"}},{"networkType":"node","nodeType":"DataNode","dataNodeType":"Metabolite","@type":["DataNode","Metabolite","datanode"],"gpmlType":"datanode","graphicalType":"path","datasourceReference":{"database":"KEGG Compound","id":"C03758","organism":"Homo sapiens"}},{"networkType":"node","nodeType":"DataNode","dataNodeType":"GeneProduct","@type":["DataNode","GeneProduct","datanode"],"gpmlType":"datanode","graphicalType":"path","datasourceReference":{"database":"Entrez Gene","id":"120892","organism":"Homo sapiens"},"unificationXref":"http://identifiers.org/ensembl/ENSG00000188906"},{"networkType":"node","nodeType":"DataNode","dataNodeType":"GeneProduct","@type":["DataNode","GeneProduct","datanode"],"gpmlType":"datanode","graphicalType":"path","datasourceReference":{"database":"Entrez Gene","id":"65018","organism":"Homo sapiens"},"unificationXref":"http://identifiers.org/ensembl/ENSG00000158828"},{"networkType":"node","nodeType":"DataNode","dataNodeType":"GeneProduct","@type":["DataNode","GeneProduct","datanode"],"gpmlType":"datanode","graphicalType":"path","datasourceReference":{"database":"Entrez Gene","id":"11315","organism":"Homo sapiens"},"unificationXref":"http://identifiers.org/ensembl/ENSG00000116288"},{"networkType":"node","nodeType":"DataNode","dataNodeType":"GeneProduct","@type":["DataNode","GeneProduct","datanode"],"gpmlType":"datanode","graphicalType":"path","datasourceReference":{"database":"Entrez Gene","id":"27429","organism":"Homo sapiens"},"unificationXref":"http://identifiers.org/ensembl/ENSG00000115317"},{"networkType":"node","nodeType":"DataNode","dataNodeType":"GeneProduct","@type":["DataNode","GeneProduct","datanode"],"gpmlType":"datanode","graphicalType":"path","datasourceReference":{"database":"Entrez Gene","id":"54205","organism":"Homo sapiens"},"unificationXref":"http://identifiers.org/ensembl/ENSG00000172115"},{"networkType":"node","nodeType":"DataNode","dataNodeType":"GeneProduct","@type":["DataNode","GeneProduct","datanode"],"gpmlType":"datanode","graphicalType":"path","datasourceReference":{"database":"Entrez Gene","id":"2861","organism":"Homo sapiens"},"unificationXref":"http://identifiers.org/ensembl/ENSG00000170775"},{"networkType":"node","nodeType":"DataNode","dataNodeType":"GeneProduct","@type":["DataNode","GeneProduct","datanode"],"gpmlType":"datanode","graphicalType":"path","datasourceReference":{"database":"Entrez Gene","id":"5413","organism":"Homo sapiens"},"unificationXref":"http://identifiers.org/ensembl/ENSG00000184702"},{"networkType":"node","nodeType":"DataNode","dataNodeType":"GeneProduct","@type":["DataNode","GeneProduct","datanode"],"gpmlType":"datanode","graphicalType":"path","datasourceReference":{"database":"Entrez Gene","id":"9627","organism":"Homo sapiens"},"unificationXref":"http://identifiers.org/ensembl/ENSG00000064692"},{"networkType":"node","nodeType":"DataNode","dataNodeType":"GeneProduct","@type":["DataNode","GeneProduct","datanode"],"gpmlType":"datanode","graphicalType":"path","datasourceReference":{"database":"Entrez Gene","id":"7317","organism":"Homo sapiens"},"unificationXref":"http://identifiers.org/ensembl/ENSG00000271310"},{"networkType":"node","nodeType":"DataNode","dataNodeType":"GeneProduct","@type":["DataNode","GeneProduct","datanode"],"gpmlType":"datanode","graphicalType":"path","datasourceReference":{"database":"Entrez Gene","id":"7314","organism":"Homo sapiens"},"unificationXref":"http://identifiers.org/ensembl/ENSG00000170315"},{"networkType":"node","nodeType":"DataNode","dataNodeType":"GeneProduct","@type":["DataNode","GeneProduct","datanode"],"gpmlType":"datanode","graphicalType":"path","datasourceReference":{"database":"Entrez Gene","id":"7318","organism":"Homo sapiens"},"unificationXref":"http://identifiers.org/ensembl/ENSG00000182179"},{"networkType":"node","nodeType":"DataNode","dataNodeType":"GeneProduct","@type":["DataNode","GeneProduct","datanode"],"gpmlType":"datanode","graphicalType":"path","datasourceReference":{"database":"Entrez Gene","id":"7332","organism":"Homo sapiens"},"unificationXref":"http://identifiers.org/ensembl/ENSG00000185651"},{"networkType":"node","nodeType":"DataNode","dataNodeType":"GeneProduct","@type":["DataNode","GeneProduct","datanode"],"gpmlType":"datanode","graphicalType":"path","datasourceReference":{"database":"Entrez Gene","id":"9246","organism":"Homo sapiens"},"unificationXref":"http://identifiers.org/ensembl/ENSG00000156587"},{"networkType":"node","nodeType":"DataNode","dataNodeType":"GeneProduct","@type":["DataNode","GeneProduct","datanode"],"gpmlType":"datanode","graphicalType":"path","datasourceReference":{"database":"Entrez Gene","id":"118424","organism":"Homo sapiens"},"unificationXref":"http://identifiers.org/ensembl/ENSG00000160087"},{"networkType":"node","nodeType":"DataNode","dataNodeType":"GeneProduct","@type":["DataNode","GeneProduct","datanode"],"gpmlType":"datanode","graphicalType":"path","datasourceReference":{"database":"Entrez Gene","id":"7326","organism":"Homo sapiens"},"unificationXref":"http://identifiers.org/ensembl/ENSG00000132388"},{"networkType":"node","nodeType":"DataNode","dataNodeType":"GeneProduct","@type":["DataNode","GeneProduct","datanode"],"gpmlType":"datanode","graphicalType":"path","datasourceReference":{"database":"Entrez Gene","id":"7327","organism":"Homo sapiens"},"unificationXref":"http://identifiers.org/ensembl/ENSG00000184787"},{"networkType":"node","nodeType":"DataNode","dataNodeType":"GeneProduct","@type":["DataNode","GeneProduct","datanode"],"gpmlType":"datanode","graphicalType":"path","datasourceReference":{"database":"Entrez Gene","id":"51465","organism":"Homo sapiens"},"unificationXref":"http://identifiers.org/ensembl/ENSG00000198833"},{"networkType":"node","nodeType":"DataNode","dataNodeType":"GeneProduct","@type":["DataNode","GeneProduct","datanode"],"gpmlType":"datanode","graphicalType":"path","datasourceReference":{"database":"Entrez Gene","id":"6311","organism":"Homo sapiens"},"unificationXref":"http://identifiers.org/ensembl/ENSG00000204842"},{"networkType":"node","nodeType":"DataNode","dataNodeType":"GeneProduct","@type":["DataNode","GeneProduct","datanode"],"gpmlType":"datanode","graphicalType":"path","datasourceReference":{"database":"Entrez Gene","id":"23208","organism":"Homo sapiens"},"unificationXref":"http://identifiers.org/ensembl/ENSG00000132718"},{"networkType":"node","nodeType":"DataNode","dataNodeType":"GeneProduct","@type":["DataNode","GeneProduct","datanode"],"gpmlType":"datanode","graphicalType":"path","datasourceReference":{"database":"Entrez Gene","id":"898","organism":"Homo sapiens"},"unificationXref":"http://identifiers.org/ensembl/ENSG00000105173"},{"networkType":"node","nodeType":"DataNode","dataNodeType":"GeneProduct","@type":["DataNode","GeneProduct","datanode"],"gpmlType":"datanode","graphicalType":"path","datasourceReference":{"database":"Entrez Gene","id":"9134","organism":"Homo sapiens"},"unificationXref":"http://identifiers.org/ensembl/ENSG00000175305"},{"networkType":"node","nodeType":"DataNode","dataNodeType":"GeneProduct","@type":["DataNode","GeneProduct","datanode"],"gpmlType":"datanode","graphicalType":"path","datasourceReference":{"database":"Entrez Gene","id":"6622","organism":"Homo sapiens"},"unificationXref":"http://identifiers.org/ensembl/ENSG00000145335"},{"networkType":"node","nodeType":"DataNode","dataNodeType":"GeneProduct","@type":["DataNode","GeneProduct","datanode"],"gpmlType":"datanode","graphicalType":"path","datasourceReference":{"database":"Entrez Gene","id":"9627","organism":"Homo sapiens"},"unificationXref":"http://identifiers.org/ensembl/ENSG00000064692"},{"networkType":"node","nodeType":"DataNode","dataNodeType":"GeneProduct","@type":["DataNode","GeneProduct","datanode"],"gpmlType":"datanode","graphicalType":"path","datasourceReference":{"database":"Entrez Gene","id":"6300","organism":"Homo sapiens"},"unificationXref":"http://identifiers.org/ensembl/ENSG00000188130"},{"networkType":"node","nodeType":"DataNode","dataNodeType":"GeneProduct","@type":["DataNode","GeneProduct","datanode"],"gpmlType":"datanode","graphicalType":"path","datasourceReference":{"database":"Entrez Gene","id":"5600","organism":"Homo sapiens"},"unificationXref":"http://identifiers.org/ensembl/ENSG00000185386"},{"networkType":"node","nodeType":"DataNode","dataNodeType":"GeneProduct","@type":["DataNode","GeneProduct","datanode"],"gpmlType":"datanode","graphicalType":"path","datasourceReference":{"database":"Entrez Gene","id":"1432","organism":"Homo sapiens"},"unificationXref":"http://identifiers.org/ensembl/ENSG00000112062"},{"networkType":"node","nodeType":"DataNode","dataNodeType":"GeneProduct","@type":["DataNode","GeneProduct","datanode"],"gpmlType":"datanode","graphicalType":"path","datasourceReference":{"database":"Entrez Gene","id":"5603","organism":"Homo sapiens"},"unificationXref":"http://identifiers.org/ensembl/ENSG00000156711"},{"networkType":"node","nodeType":"DataNode","dataNodeType":"Pathway","@type":["DataNode","Pathway","datanode"],"gpmlType":"datanode","graphicalType":"path","datasourceReference":{"database":"WikiPathways","id":"WP111","organism":"Homo sapiens"}},{"networkType":"node","nodeType":"DataNode","dataNodeType":"Pathway","@type":["DataNode","Pathway","datanode"],"gpmlType":"datanode","graphicalType":"path","datasourceReference":{"database":"WikiPathways","id":"WP254","organism":"Homo sapiens"}},{"networkType":"node","nodeType":"DataNode","dataNodeType":"GeneProduct","@type":["DataNode","GeneProduct","datanode"],"gpmlType":"datanode","graphicalType":"path","datasourceReference":{"database":"Entrez Gene","id":"839","organism":"Homo sapiens"},"unificationXref":"http://identifiers.org/ensembl/ENSG00000138794"},{"networkType":"node","nodeType":"DataNode","dataNodeType":"GeneProduct","@type":["DataNode","GeneProduct","datanode"],"gpmlType":"datanode","graphicalType":"path","datasourceReference":{"database":"Entrez Gene","id":"842","organism":"Homo sapiens"},"unificationXref":"http://identifiers.org/ensembl/ENSG00000132906"},{"networkType":"node","nodeType":"DataNode","dataNodeType":"GeneProduct","@type":["DataNode","GeneProduct","datanode"],"gpmlType":"datanode","graphicalType":"path","datasourceReference":{"database":"Entrez Gene","id":"835","organism":"Homo sapiens"},"unificationXref":"http://identifiers.org/ensembl/ENSG00000106144"},{"networkType":"node","nodeType":"DataNode","dataNodeType":"GeneProduct","@type":["DataNode","GeneProduct","datanode"],"gpmlType":"datanode","graphicalType":"path","datasourceReference":{"database":"Entrez Gene","id":"54205","organism":"Homo sapiens"},"unificationXref":"http://identifiers.org/ensembl/ENSG00000172115"},{"networkType":"node","nodeType":"DataNode","dataNodeType":"GeneProduct","@type":["DataNode","GeneProduct","datanode"],"gpmlType":"datanode","graphicalType":"path","datasourceReference":{"database":"Entrez Gene","id":"840","organism":"Homo sapiens"},"unificationXref":"http://identifiers.org/ensembl/ENSG00000165806"},{"networkType":"node","nodeType":"DataNode","dataNodeType":"GeneProduct","@type":["DataNode","GeneProduct","datanode"],"gpmlType":"datanode","graphicalType":"path","datasourceReference":{"database":"Entrez Gene","id":"836","organism":"Homo sapiens"},"unificationXref":"http://identifiers.org/ensembl/ENSG00000164305"},{"networkType":"node","nodeType":"DataNode","dataNodeType":"GeneProduct","@type":["DataNode","GeneProduct","datanode"],"gpmlType":"datanode","graphicalType":"path","datasourceReference":{"database":"Entrez Gene","id":"317","organism":"Homo sapiens"},"unificationXref":"http://identifiers.org/ensembl/ENSG00000120868"},{"networkType":"node","nodeType":"DataNode","dataNodeType":"Pathway","@type":["DataNode","Pathway","datanode"],"gpmlType":"datanode","graphicalType":"path","datasourceReference":{"database":"WikiPathways","id":"WP382","organism":"Homo sapiens"}},{"gpmlType":"anchor","zIndex":null,"networkType":"node","@type":["anchor"],"graphicalType":"path","x":null,"y":null}],"xmlns":"http://pathvisio.org/GPML/2013a","version":"20121118","lastModified":"10/16/2013","license":"CC BY 2.0","name":"Parkinsons Disease Pathway","organism":"Homo sapiens","image":{"@context":{"@vocab":"http://schema.org/"},"width":1406.2214983713354,"height":738.2917082917083},"publicationXref":[],"id":"wpId:WP2371","revision":"71267"}}