{"@context":{"@vocab":"http://vocabularies.wikipathways.org/gpml#","@base":"wpId:WP2374","pathwayIri":"wpId:WP2374","ChEBI":"http://www.ebi.ac.uk/chebi/searchId.do?chebiId=","dataSource":"gpml:Data-Source","datasourceReference":"wp:DatasourceReference","Group":{"@container":"@list","@id":"gpml:Group"},"interaction":{"@id":"biopax:Interaction","@type":"@id"},"interactionType":{"@id":"biopax:InteractionType","@type":"@id"},"interactionGraph":{"@container":"@list","@type":"@id"},"lastModified":"gpml:Last-Modified","pathway":"biopax:Pathway","point":{"@container":"@list","@id":"gpml:Point"},"publicationXref":"biopax:PublicationXref","unificationXref":"biopax:UnificationXref","author":"schema:author","backgroundColor":"css2:colors.html#propdef-background-color","backgroundImage":"css2:colors.html#propdef-background-image","biopax":"http://www.biopax.org/release/biopax-level3.owl#","borderColor":"css2:box.html#propdef-border-color","borderStyle":"css2:box.html#propdef-border-style","borderWidth":"css2:box.html#propdef-border-width","boxSizing":{"@id":"css3Ui:box-sizing","@value":"border-box"},"color":"css2:colors.html#propdef-color","contains":{"@id":"ex:contains","@type":"@id"},"css2":"http://www.w3.org/TR/CSS2/","css3Ui":"http://www.w3.org/TR/css3-ui/#","cssTransform":"http://www.w3.org/TR/css-transforms-1/#","gpmlDataNodeType":"gpml:Type","dcterms":"http://puri.org/dc/terms/","entrezGene":"http://www.ncbi.nlm.nih.gov/gene/","ex":"http://www.example.org/","fontFamily":"css2:fonts.html#font-family-prop","fontSize":"css2:fonts.html#propdef-font-size","fontStyle":"css2:fonts.html#propdef-font-style","fontWeight":"css2:fonts.html#propdef-font-weight","gpml":"http://vocabularies.wikipathways.org/gpml#","gpmlFolder":"file://Users/andersriutta/Sites/pathvisiojs/test/gpml/","hMDB":"http://www.hmdb.ca/metabolites/HMDB","height":"css2:visudet.html#propdef-height","id":"@id","image":"schema:image","interactsWith":{"@id":"ex:interactsWith","@type":"@id"},"isContainedBy":{"@reverse":"ex:contains","@type":"@id"},"media":"http://www.w3.org/TR/mediaont-10/","name":"http://xmlns.com/foaf/0.1/name","organism":"biopax:organism","padding":"css2:box.html#propdef-padding","elements":{"@container":"@list","@id":"ex:pathwayElements/"},"position":"css2:visuren.html#propdef-position","rotate":"cssTransform:funcdef-rotate","schema":"http://schema.org/","shapeLibrary":"http://shapelibrary.example.org/","shape":"shapeLibrary:shape","stroke":"svg:painting.html#StrokeProperty","strokeWidth":"svg:painting.html#StrokeWidthProperty","svg":"http://www.w3.org/TR/SVG11/","textAlign":"css2:text.html#propdef-text-align","verticalAlign":"css2:visudet.html#propdef-vertical-align","width":"css2:visudet.html#propdef-width","wp":"http://vocabularies.wikipathways.org/wp#","wpId":"http://identifiers.org/wikipathways/","x":{"@id":"css2:visuren.html#propdef-left","@type":"xsd:integer"},"xsd":"http://www.w3.org/2001/XMLSchema#","y":"css2:visuren.html#propdef-top","zIndex":{"@id":"css2:z-index","@type":"xsd:integer"}},"wpId:WP2374":{"elements":[{"networkType":"node","nodeType":"Label","@type":["label"],"gpmlType":"label","graphicalType":"path"},{"networkType":"node","nodeType":"DataNode","dataNodeType":"Protein","@type":["DataNode","Protein","datanode"],"gpmlType":"datanode","graphicalType":"path","datasourceReference":{"database":"Entrez Gene","id":"840","organism":"Homo sapiens"},"unificationXref":"http://identifiers.org/ensembl/ENSG00000165806"},{"networkType":"node","nodeType":"Label","@type":["label"],"gpmlType":"label","graphicalType":"path"},{"networkType":"node","nodeType":"Label","@type":["label"],"gpmlType":"label","graphicalType":"path"},{"networkType":"node","nodeType":"Label","@type":["label"],"gpmlType":"label","graphicalType":"path"},{"networkType":"node","nodeType":"Label","@type":["label"],"gpmlType":"label","graphicalType":"path"},{"networkType":"node","nodeType":"Label","@type":["label"],"gpmlType":"label","graphicalType":"path"},{"networkType":"node","nodeType":"Label","@type":["label"],"gpmlType":"label","graphicalType":"path"},{"networkType":"node","nodeType":"Label","@type":["label"],"gpmlType":"label","graphicalType":"path"},{"networkType":"node","nodeType":"Label","@type":["label"],"gpmlType":"label","graphicalType":"path"},{"networkType":"node","nodeType":"Label","@type":["label"],"gpmlType":"label","graphicalType":"path"},{"networkType":"node","nodeType":"Label","@type":["label"],"gpmlType":"label","graphicalType":"path"},{"networkType":"node","nodeType":"Label","@type":["label"],"gpmlType":"label","graphicalType":"path"},{"networkType":"node","nodeType":"Label","@type":["label"],"gpmlType":"label","graphicalType":"path"},{"networkType":"node","nodeType":"Label","@type":["label"],"gpmlType":"label","graphicalType":"path"},{"networkType":"node","nodeType":"Label","@type":["label"],"gpmlType":"label","graphicalType":"path"},{"networkType":"node","nodeType":"Label","@type":["label"],"gpmlType":"label","graphicalType":"path"},{"networkType":"node","nodeType":"Label","@type":["label"],"gpmlType":"label","graphicalType":"path"},{"networkType":"node","nodeType":"Label","@type":["label"],"gpmlType":"label","graphicalType":"path"},{"networkType":"node","nodeType":"Label","@type":["label"],"gpmlType":"label","graphicalType":"path"},{"networkType":"node","nodeType":"Label","@type":["label"],"gpmlType":"label","graphicalType":"path"},{"networkType":"node","nodeType":"Label","@type":["label"],"gpmlType":"label","graphicalType":"path"},{"networkType":"node","nodeType":"Label","@type":["label"],"gpmlType":"label","graphicalType":"path"},{"networkType":"node","nodeType":"Label","@type":["label"],"gpmlType":"label","graphicalType":"path"},{"networkType":"node","nodeType":"Label","@type":["label"],"gpmlType":"label","graphicalType":"path"},{"networkType":"node","nodeType":"Label","@type":["label"],"gpmlType":"label","graphicalType":"path"},{"networkType":"node","nodeType":"Label","@type":["label"],"gpmlType":"label","graphicalType":"path"},{"networkType":"node","nodeType":"Label","@type":["label"],"gpmlType":"label","graphicalType":"path"},{"networkType":"node","nodeType":"Label","@type":["label"],"gpmlType":"label","graphicalType":"path"},{"networkType":"node","nodeType":"Label","@type":["label"],"gpmlType":"label","graphicalType":"path"},{"networkType":"node","nodeType":"Label","@type":["label"],"gpmlType":"label","graphicalType":"path"},{"networkType":"node","nodeType":"Label","@type":["label"],"gpmlType":"label","graphicalType":"path"},{"networkType":"node","nodeType":"Label","@type":["label"],"gpmlType":"label","graphicalType":"path"},{"networkType":"node","nodeType":"Label","@type":["label"],"gpmlType":"label","graphicalType":"path"},{"networkType":"node","nodeType":"Label","@type":["label"],"gpmlType":"label","graphicalType":"path"},{"networkType":"node","nodeType":"Label","@type":["label"],"gpmlType":"label","graphicalType":"path"},{"networkType":"node","nodeType":"Label","@type":["label"],"gpmlType":"label","graphicalType":"path"},{"networkType":"node","nodeType":"Label","@type":["label"],"gpmlType":"label","graphicalType":"path"},{"networkType":"node","nodeType":"Label","@type":["label"],"gpmlType":"label","graphicalType":"path"},{"networkType":"node","nodeType":"Label","@type":["label"],"gpmlType":"label","graphicalType":"path"},{"networkType":"node","nodeType":"Label","@type":["label"],"gpmlType":"label","graphicalType":"path"},{"networkType":"node","nodeType":"Label","@type":["label"],"gpmlType":"label","graphicalType":"path"},{"networkType":"node","nodeType":"Label","@type":["label"],"gpmlType":"label","graphicalType":"path"},{"networkType":"node","nodeType":"Label","@type":["label"],"gpmlType":"label","graphicalType":"path"},{"networkType":"node","nodeType":"Label","@type":["label"],"gpmlType":"label","graphicalType":"path"},{"networkType":"node","nodeType":"Label","@type":["label"],"gpmlType":"label","graphicalType":"path"},{"networkType":"node","nodeType":"Label","@type":["label"],"gpmlType":"label","graphicalType":"path"},{"networkType":"node","nodeType":"Label","@type":["label"],"gpmlType":"label","graphicalType":"path"},{"networkType":"node","nodeType":"Label","@type":["label"],"gpmlType":"label","graphicalType":"path"},{"networkType":"node","nodeType":"Label","@type":["label"],"gpmlType":"label","graphicalType":"path"},{"networkType":"node","nodeType":"Label","@type":["label"],"gpmlType":"label","graphicalType":"path"},{"networkType":"node","nodeType":"Label","@type":["label"],"gpmlType":"label","graphicalType":"path"},{"networkType":"node","nodeType":"Label","@type":["label"],"gpmlType":"label","graphicalType":"path"},{"networkType":"node","nodeType":"Label","@type":["label"],"gpmlType":"label","graphicalType":"path"},{"networkType":"node","nodeType":"Label","@type":["label"],"gpmlType":"label","graphicalType":"path"},{"networkType":"node","nodeType":"Label","@type":["label"],"gpmlType":"label","graphicalType":"path"},{"networkType":"node","nodeType":"Shape","@type":["shape"],"gpmlType":"shape","graphicalType":"path"},{"networkType":"node","nodeType":"Shape","@type":["shape"],"gpmlType":"shape","graphicalType":"path"},{"networkType":"node","nodeType":"Shape","@type":["shape"],"gpmlType":"shape","graphicalType":"path"},{"networkType":"node","nodeType":"Shape","@type":["shape"],"gpmlType":"shape","graphicalType":"path"},{"networkType":"node","nodeType":"Shape","@type":["shape"],"gpmlType":"shape","graphicalType":"path"},{"networkType":"node","nodeType":"Shape","@type":["shape"],"gpmlType":"shape","graphicalType":"path"},{"networkType":"node","nodeType":"Shape","@type":["shape"],"gpmlType":"shape","graphicalType":"path"},{"networkType":"node","nodeType":"Shape","@type":["shape"],"gpmlType":"shape","graphicalType":"path"},{"networkType":"node","nodeType":"Shape","@type":["shape"],"gpmlType":"shape","graphicalType":"path"},{"networkType":"node","nodeType":"Shape","@type":["shape"],"gpmlType":"shape","graphicalType":"path"},{"networkType":"node","nodeType":"Shape","@type":["shape"],"gpmlType":"shape","graphicalType":"path"},{"networkType":"node","nodeType":"Shape","@type":["shape"],"gpmlType":"shape","graphicalType":"path"},{"networkType":"node","nodeType":"Shape","@type":["shape"],"gpmlType":"shape","graphicalType":"path"},{"networkType":"node","nodeType":"Shape","@type":["shape"],"gpmlType":"shape","graphicalType":"path"},{"networkType":"node","nodeType":"State","@type":["state"],"gpmlType":"state","graphicalType":"path"},{"networkType":"node","nodeType":"State","@type":["state"],"gpmlType":"state","graphicalType":"path"},{"networkType":"node","nodeType":"State","@type":["state"],"gpmlType":"state","graphicalType":"path"},{"networkType":"node","nodeType":"State","@type":["state"],"gpmlType":"state","graphicalType":"path"},{"networkType":"node","nodeType":"State","@type":["state"],"gpmlType":"state","graphicalType":"path"},{"networkType":"node","nodeType":"State","@type":["state"],"gpmlType":"state","graphicalType":"path"},{"networkType":"node","nodeType":"State","@type":["state"],"gpmlType":"state","graphicalType":"path"},{"networkType":"node","nodeType":"State","@type":["state"],"gpmlType":"state","graphicalType":"path"},{"networkType":"node","nodeType":"State","@type":["state"],"gpmlType":"state","graphicalType":"path"},{"networkType":"node","nodeType":"State","@type":["state"],"gpmlType":"state","graphicalType":"path"},{"networkType":"node","nodeType":"State","@type":["state"],"gpmlType":"state","graphicalType":"path"},{"networkType":"node","nodeType":"State","@type":["state"],"gpmlType":"state","graphicalType":"path"},{"networkType":"node","nodeType":"State","@type":["state"],"gpmlType":"state","graphicalType":"path"},{"networkType":"node","nodeType":"State","@type":["state"],"gpmlType":"state","graphicalType":"path"},{"networkType":"node","nodeType":"State","@type":["state"],"gpmlType":"state","graphicalType":"path"},{"networkType":"node","nodeType":"State","@type":["state"],"gpmlType":"state","graphicalType":"path"},{"networkType":"node","nodeType":"State","@type":["state"],"gpmlType":"state","graphicalType":"path"},{"networkType":"node","nodeType":"State","@type":["state"],"gpmlType":"state","graphicalType":"path"},{"networkType":"node","nodeType":"State","@type":["state"],"gpmlType":"state","graphicalType":"path"},{"networkType":"node","nodeType":"State","@type":["state"],"gpmlType":"state","graphicalType":"path"},{"networkType":"node","nodeType":"State","@type":["state"],"gpmlType":"state","graphicalType":"path"},{"networkType":"node","nodeType":"State","@type":["state"],"gpmlType":"state","graphicalType":"path"},{"networkType":"node","nodeType":"State","@type":["state"],"gpmlType":"state","graphicalType":"path"},{"networkType":"node","nodeType":"State","@type":["state"],"gpmlType":"state","graphicalType":"path"},{"networkType":"node","nodeType":"State","@type":["state"],"gpmlType":"state","graphicalType":"path"},{"networkType":"node","nodeType":"State","@type":["state"],"gpmlType":"state","graphicalType":"path"},{"networkType":"node","nodeType":"State","@type":["state"],"gpmlType":"state","graphicalType":"path"},{"networkType":"node","nodeType":"State","@type":["state"],"gpmlType":"state","graphicalType":"path"},{"networkType":"node","nodeType":"State","@type":["state"],"gpmlType":"state","graphicalType":"path"},{"networkType":"node","nodeType":"State","@type":["state"],"gpmlType":"state","graphicalType":"path"},{"networkType":"node","nodeType":"State","@type":["state"],"gpmlType":"state","graphicalType":"path"},{"networkType":"node","nodeType":"State","@type":["state"],"gpmlType":"state","graphicalType":"path"},{"networkType":"node","nodeType":"State","@type":["state"],"gpmlType":"state","graphicalType":"path"},{"networkType":"node","nodeType":"State","@type":["state"],"gpmlType":"state","graphicalType":"path"},{"networkType":"node","nodeType":"State","@type":["state"],"gpmlType":"state","graphicalType":"path"},{"networkType":"node","nodeType":"State","@type":["state"],"gpmlType":"state","graphicalType":"path"},{"networkType":"node","nodeType":"State","@type":["state"],"gpmlType":"state","graphicalType":"path"},{"networkType":"node","nodeType":"State","@type":["state"],"gpmlType":"state","graphicalType":"path"},{"networkType":"node","nodeType":"State","@type":["state"],"gpmlType":"state","graphicalType":"path"},{"networkType":"node","nodeType":"State","@type":["state"],"gpmlType":"state","graphicalType":"path"},{"networkType":"node","nodeType":"State","@type":["state"],"gpmlType":"state","graphicalType":"path"},{"networkType":"node","nodeType":"State","@type":["state"],"gpmlType":"state","graphicalType":"path"},{"networkType":"node","nodeType":"State","@type":["state"],"gpmlType":"state","graphicalType":"path"},{"networkType":"node","nodeType":"State","@type":["state"],"gpmlType":"state","graphicalType":"path"},{"networkType":"node","nodeType":"State","@type":["state"],"gpmlType":"state","graphicalType":"path"},{"networkType":"node","nodeType":"State","@type":["state"],"gpmlType":"state","graphicalType":"path"},{"networkType":"node","nodeType":"State","@type":["state"],"gpmlType":"state","graphicalType":"path"},{"networkType":"node","nodeType":"State","@type":["state"],"gpmlType":"state","graphicalType":"path"},{"networkType":"node","nodeType":"State","@type":["state"],"gpmlType":"state","graphicalType":"path"},{"networkType":"node","nodeType":"State","@type":["state"],"gpmlType":"state","graphicalType":"path"},{"networkType":"node","nodeType":"State","@type":["state"],"gpmlType":"state","graphicalType":"path"},{"networkType":"node","nodeType":"State","@type":["state"],"gpmlType":"state","graphicalType":"path"},{"networkType":"node","nodeType":"State","@type":["state"],"gpmlType":"state","graphicalType":"path"},{"networkType":"node","nodeType":"State","@type":["state"],"gpmlType":"state","graphicalType":"path"},{"networkType":"node","nodeType":"State","@type":["state"],"gpmlType":"state","graphicalType":"path"},{"networkType":"node","nodeType":"State","@type":["state"],"gpmlType":"state","graphicalType":"path"},{"networkType":"node","nodeType":"State","@type":["state"],"gpmlType":"state","graphicalType":"path"},{"networkType":"node","nodeType":"State","@type":["state"],"gpmlType":"state","graphicalType":"path"},{"networkType":"node","nodeType":"State","@type":["state"],"gpmlType":"state","graphicalType":"path"},{"networkType":"node","nodeType":"State","@type":["state"],"gpmlType":"state","graphicalType":"path"},{"networkType":"node","nodeType":"State","@type":["state"],"gpmlType":"state","graphicalType":"path"},{"networkType":"edge","gpmlType":"interaction","@type":["interaction"],"graphicalType":"path","markerEnd":"arrow","points":[{"x":505.4453597070341,"y":595.0662568959951,"isAttachedTo":"c2def","RelX":0,"anchor":[0.5,1,0,1],"RelY":1},{"x":505.84098725115075,"y":927.9654165598602,"isAttachedTo":"edf2d","RelX":0,"anchor":[0.5,0,0,-1],"RelY":-1}],"interactionGraph":[{"id":"c2def","interactsWith":"edf2d"}],"interactionType":"gpml:Arrow"},{"networkType":"edge","gpmlType":"interaction","@type":["interaction"],"graphicalType":"path","markerEnd":"arrow","points":[{"x":590.2731028954498,"y":682.0654943344431,"isAttachedTo":"eb5c9","RelX":0,"anchor":[0.5,1,0,1],"RelY":1},{"x":590.1242605580758,"y":752.9634511111836,"isAttachedTo":"a43bb","RelX":0,"anchor":[0.5,0,0,-1],"RelY":-1}],"interactionGraph":[{"id":"eb5c9","interactsWith":"a43bb"}],"interactionType":"gpml:Arrow"},{"networkType":"edge","gpmlType":"interaction","@type":["interaction"],"graphicalType":"path","points":[{"x":513.7342047930287,"y":203.9831932773109},{"x":513.7342047930287,"y":222.890756302521}]},{"networkType":"edge","gpmlType":"interaction","@type":["interaction"],"graphicalType":"path","points":[{"x":757,"y":1110},{"x":757,"y":1121}]},{"networkType":"edge","gpmlType":"interaction","@type":["interaction"],"graphicalType":"path","points":[{"x":404.12350175010164,"y":969.2919705974957,"isAttachedTo":"c357b","RelX":0,"anchor":[0.5,1,0,1],"RelY":1},{"x":405.03152480835706,"y":1104.6666666666665,"isAttachedTo":"e207a","RelX":0,"anchor":[0.5,0.5,0,0],"RelY":0}]},{"networkType":"edge","gpmlType":"interaction","@type":["interaction"],"graphicalType":"path","markerEnd":"arrow","points":[{"x":217.12038641255754,"y":740.9847745051713,"isAttachedTo":"a233a","RelX":0,"anchor":[0.5,1,0,1],"RelY":1},{"x":217.12038641255754,"y":786.9847745051713,"isAttachedTo":"bb53d","RelX":0.5,"anchor":[0.75,0,0,-1],"RelY":-1}],"interactionGraph":[{"id":"a233a","interactsWith":"bb53d"}],"interactionType":"gpml:Arrow"},{"networkType":"edge","gpmlType":"interaction","@type":["interaction"],"graphicalType":"path","markerEnd":"mimTranscriptionTranslation","points":[{"x":521.25,"y":1237.25,"isAttachedTo":"e5901","RelX":-0.5,"anchor":[0.25,0,0,-1],"RelY":-1},{"x":521.25,"y":1217.25},{"x":398,"y":1217.25},{"x":398,"y":1104.6666666666665}]},{"gpmlType":"anchor","zIndex":null,"networkType":"node","@type":["anchor"],"graphicalType":"path","x":null,"y":null},{"gpmlType":"anchor","zIndex":null,"networkType":"node","@type":["anchor"],"graphicalType":"path","x":null,"y":null},{"networkType":"edge","gpmlType":"interaction","@type":["interaction"],"graphicalType":"path","points":[{"x":211,"y":757},{"x":222,"y":757}]},{"networkType":"edge","gpmlType":"interaction","@type":["interaction"],"graphicalType":"path","markerEnd":"arrow","points":[{"x":403.17672303861707,"y":530.0874888047794,"isAttachedTo":"b823f","RelX":0.5,"anchor":[0.75,1,0,1],"RelY":1},{"x":403.2243420862361,"y":786.1827269000166,"isAttachedTo":"a5326","RelX":0.5,"anchor":[0.75,0,0,-1],"RelY":-1}],"interactionGraph":[{"id":"b823f","interactsWith":"a5326"}],"interactionType":"gpml:Arrow"},{"networkType":"edge","gpmlType":"interaction","@type":["interaction"],"graphicalType":"path","markerEnd":"arrow","points":[{"x":478.5156830715719,"y":365.4590512920792,"isAttachedTo":"d344d","RelX":0,"anchor":[0.5,1,0,1],"RelY":1},{"x":478.5156830715719,"y":428.57142857142856},{"x":271.79647451028995,"y":428.57142857142856},{"x":271.79647451028995,"y":456.9587821299668,"isAttachedTo":"d83b9","RelX":0,"anchor":[0.5,0,0,-1],"RelY":-1}],"interactionGraph":[{"id":"d344d","interactsWith":"d83b9"}],"interactionType":"gpml:Arrow"},{"networkType":"edge","gpmlType":"interaction","@type":["interaction"],"graphicalType":"path","markerEnd":"arrow","points":[{"x":511.35185185185213,"y":238.84453781512565,"isAttachedTo":"c765e","RelX":0,"anchor":[0.5,1,0,1],"RelY":1},{"x":511.35185185185213,"y":295},{"x":307.85946818441994,"y":295},{"x":307.85946818441994,"y":346.17695527804153,"isAttachedTo":"a5d1b","RelX":0,"anchor":[0.5,0,0,-1],"RelY":-1}],"interactionGraph":[{"id":"c765e","interactsWith":"a5d1b"}],"interactionType":"gpml:Arrow"},{"networkType":"edge","gpmlType":"interaction","@type":["interaction"],"graphicalType":"path","markerEnd":"arrow","points":[{"x":478.5156830715719,"y":365.4590512920792,"isAttachedTo":"d344d","RelX":0,"anchor":[0.5,1,0,1],"RelY":1},{"x":478.5156830715719,"y":428},{"x":403.17672303861707,"y":428},{"x":403.17672303861707,"y":510.08748880477935,"isAttachedTo":"b823f","RelX":0.5,"anchor":[0.75,0,0,-1],"RelY":-1}],"interactionGraph":[{"id":"d344d","interactsWith":"b823f"}],"interactionType":"gpml:Arrow"},{"networkType":"edge","gpmlType":"interaction","@type":["interaction"],"graphicalType":"path","markerEnd":"tBar","points":[{"x":419.12113317593247,"y":901.3584643580638,"isAttachedTo":"cc27e","RelX":0,"anchor":[0.5,1,0,1],"RelY":1},{"x":419.0758827024826,"y":929.1967325022573,"isAttachedTo":"cec8f","RelX":0.5,"anchor":[0.75,0,0,-1],"RelY":-1}],"interactionGraph":[{"id":"cc27e","interactsWith":"cec8f"}],"interactionType":"t-bar"},{"networkType":"edge","gpmlType":"interaction","@type":["interaction"],"graphicalType":"path","markerEnd":"arrow","points":[{"x":680.1452850614572,"y":364.7470775012229,"isAttachedTo":"c98b7","RelX":0.5,"anchor":[0.75,1,0,1],"RelY":1},{"x":680.3659002967308,"y":428.6707956261876,"isAttachedTo":"a4ea6","RelX":0,"anchor":[0.5,0,0,-1],"RelY":-1}],"interactionGraph":[{"id":"c98b7","interactsWith":"a4ea6"}],"interactionType":"gpml:Arrow"},{"networkType":"edge","gpmlType":"interaction","@type":["interaction"],"graphicalType":"path","points":[{"x":611.3503475464257,"y":113.95238095238095,"isAttachedTo":"e01b2","RelX":0,"anchor":[0.5,1,0,1],"RelY":1},{"x":611.0046431716257,"y":139.90821375555265,"isAttachedTo":"dd1b5","RelX":0,"anchor":[0.5,0,0,-1],"RelY":-1}]},{"networkType":"edge","gpmlType":"interaction","@type":["interaction"],"graphicalType":"path","points":[{"x":611.0023083307394,"y":169.59468831418417,"isAttachedTo":"d3ac7","RelX":0,"anchor":[0.5,1,0,1],"RelY":1},{"x":611.1816826407961,"y":202.84296657535165,"isAttachedTo":"c3011","RelX":0,"anchor":[0.5,0,0,-1],"RelY":-1}]},{"networkType":"edge","gpmlType":"interaction","@type":["interaction"],"graphicalType":"path","markerEnd":"arrow","points":[{"x":695.1452850614572,"y":354.7470775012229,"isAttachedTo":"c98b7","RelX":1,"anchor":[1,0.5,1,0],"RelY":0},{"x":732.8411900278178,"y":354.7470775012229},{"x":732.8411900278178,"y":488.57656199064064,"isAttachedTo":"b75d3","RelX":0,"anchor":[0.5,0,0,-1],"RelY":-1}],"interactionGraph":[{"id":"c98b7","interactsWith":"b75d3"}],"interactionType":"gpml:Arrow"},{"networkType":"edge","gpmlType":"interaction","@type":["interaction"],"graphicalType":"path","markerEnd":"arrow","points":[{"x":705.3659002967308,"y":438.6707956261876,"isAttachedTo":"a4ea6","RelX":1,"anchor":[1,0.5,1,0],"RelY":0},{"x":720.3411900278178,"y":438.6707956261876},{"x":720.3411900278178,"y":488.57656199064064,"isAttachedTo":"b75d3","RelX":-0.5,"anchor":[0.25,0,0,-1],"RelY":-1}],"interactionGraph":[{"id":"a4ea6","interactsWith":"b75d3"}],"interactionType":"gpml:Arrow"},{"networkType":"edge","gpmlType":"interaction","@type":["interaction"],"graphicalType":"path","markerEnd":"arrow","points":[{"x":680.3659002967308,"y":448.6707956261876,"isAttachedTo":"a4ea6","RelX":0,"anchor":[0.5,1,0,1],"RelY":1},{"x":680.3953705240192,"y":488.7883054250211,"isAttachedTo":"d460f","RelX":0,"anchor":[0.5,0,0,-1],"RelY":-1}],"interactionGraph":[{"id":"a4ea6","interactsWith":"d460f"}],"interactionType":"gpml:Arrow"},{"networkType":"edge","gpmlType":"interaction","@type":["interaction"],"graphicalType":"path","markerEnd":"arrow","points":[{"x":590.3774315067191,"y":570.2868538815715,"isAttachedTo":"e86f0","RelX":0,"anchor":[0.5,1,0,1],"RelY":1},{"x":590.1474138105549,"y":640.16913270269,"isAttachedTo":"c07a2","RelX":0,"anchor":[0.5,0,0,-1],"RelY":-1}],"interactionGraph":[{"id":"e86f0","interactsWith":"c07a2"}],"interactionType":"gpml:Arrow"},{"networkType":"edge","gpmlType":"interaction","@type":["interaction"],"graphicalType":"path","markerEnd":"arrow","points":[{"x":680.3953705240192,"y":508.7883054250211,"isAttachedTo":"d460f","RelX":0,"anchor":[0.5,1,0,1],"RelY":1},{"x":680.7138771961063,"y":550.0935765706512,"isAttachedTo":"abb33","RelX":0,"anchor":[0.5,0,0,-1],"RelY":-1}],"interactionGraph":[{"id":"d460f","interactsWith":"abb33"}],"interactionType":"gpml:Arrow"},{"networkType":"edge","gpmlType":"interaction","@type":["interaction"],"graphicalType":"path","markerEnd":"arrow","points":[{"x":656,"y":560.0935765706512,"isAttachedTo":"abb33","RelX":-1,"anchor":[0,0.5,-1,0],"RelY":0},{"x":614.2764938880104,"y":560.2868538815715,"isAttachedTo":"e86f0","RelX":1,"anchor":[1,0.5,1,0],"RelY":0}],"interactionGraph":[{"id":"abb33","interactsWith":"e86f0"}],"interactionType":"gpml:Arrow"},{"networkType":"edge","gpmlType":"interaction","@type":["interaction"],"graphicalType":"path","markerEnd":"arrow","points":[{"x":271.79647451028995,"y":476.9587821299668,"isAttachedTo":"d83b9","RelX":0,"anchor":[0.5,1,0,1],"RelY":1},{"x":271.90736846006257,"y":510.6846129852188,"isAttachedTo":"cfd69","RelX":0.5,"anchor":[0.75,0,0,-1],"RelY":-1}],"interactionGraph":[{"id":"d83b9","interactsWith":"cfd69"}],"interactionType":"gpml:Arrow"},{"networkType":"edge","gpmlType":"interaction","@type":["interaction"],"graphicalType":"path","markerEnd":"arrow","points":[{"x":256.90736846006257,"y":530.6846129852188,"isAttachedTo":"cfd69","RelX":0,"anchor":[0.5,1,0,1],"RelY":1},{"x":256.90736846006314,"y":625.903100380172,"isAttachedTo":"a2298","RelX":0,"anchor":[0.5,0,0,-1],"RelY":-1}],"interactionGraph":[{"id":"cfd69","interactsWith":"a2298"}],"interactionType":"gpml:Arrow"},{"networkType":"edge","gpmlType":"interaction","@type":["interaction"],"graphicalType":"path","points":[{"x":415.5829442888279,"y":113.4453781512605,"isAttachedTo":"c58d1","RelX":0,"anchor":[0.5,1,0,1],"RelY":1},{"x":415.2848589616476,"y":139.35359190681322,"isAttachedTo":"e7b65","RelX":0,"anchor":[0.5,0,0,-1],"RelY":-1}]},{"networkType":"edge","gpmlType":"interaction","@type":["interaction"],"graphicalType":"path","points":[{"x":415.2825241207613,"y":169.04006646544462,"isAttachedTo":"d7a2e","RelX":0,"anchor":[0.5,1,0,1],"RelY":1},{"x":415.05191384310467,"y":201.0848174962797,"isAttachedTo":"f7983","RelX":0,"anchor":[0.5,0,0,-1],"RelY":-1}]},{"networkType":"edge","gpmlType":"interaction","@type":["interaction"],"graphicalType":"path","markerEnd":"arrow","points":[{"x":565.2922230389142,"y":222.95250886094888,"isAttachedTo":"ced2c","RelX":0.5,"anchor":[0.75,1,0,1],"RelY":1},{"x":565.2922230389142,"y":280},{"x":665.1452850614572,"y":280},{"x":665.1452850614572,"y":344.7470775012229,"isAttachedTo":"c98b7","RelX":0,"anchor":[0.5,0,0,-1],"RelY":-1}],"interactionGraph":[{"id":"ced2c","interactsWith":"c98b7"}],"interactionType":"gpml:Arrow"},{"networkType":"edge","gpmlType":"interaction","@type":["interaction"],"graphicalType":"path","markerEnd":"arrow","points":[{"x":478.00925925925907,"y":280.1944444444444},{"x":478.5156830715719,"y":345.4590512920792,"isAttachedTo":"d344d","RelX":0,"anchor":[0.5,0,0,-1],"RelY":-1}]},{"networkType":"edge","gpmlType":"interaction","@type":["interaction"],"graphicalType":"path","markerEnd":"arrow","points":[{"x":650.1452850614572,"y":344.7470775012229,"isAttachedTo":"c98b7","RelX":-0.5,"anchor":[0.25,0,0,-1],"RelY":-1},{"x":650.1452850614572,"y":315},{"x":550.2922230389142,"y":315},{"x":550.2922230389142,"y":222.95250886094888,"isAttachedTo":"ced2c","RelX":0,"anchor":[0.5,1,0,1],"RelY":1}],"interactionGraph":[{"id":"c98b7","interactsWith":"ced2c"}],"interactionType":"gpml:Arrow"},{"networkType":"edge","gpmlType":"interaction","@type":["interaction"],"graphicalType":"path","markerEnd":"arrow","points":[{"x":633.1816826407961,"y":229.34296657535165,"isAttachedTo":"f3a90","RelX":-0.5,"anchor":[0.25,1,0,1],"RelY":1},{"x":633.1816826407961,"y":260},{"x":745.3411900278178,"y":260},{"x":745.3411900278178,"y":488.57656199064064,"isAttachedTo":"b75d3","RelX":0.5,"anchor":[0.75,0,0,-1],"RelY":-1}],"interactionGraph":[{"id":"f3a90","interactsWith":"b75d3"}],"interactionType":"gpml:Arrow"},{"networkType":"edge","gpmlType":"interaction","@type":["interaction"],"graphicalType":"path","markerEnd":"arrow","points":[{"x":307.85946818441994,"y":366.17695527804153,"isAttachedTo":"a5d1b","RelX":0,"anchor":[0.5,1,0,1],"RelY":1},{"x":307.85946818441994,"y":408},{"x":373.17672303861707,"y":408},{"x":373.17672303861707,"y":510.08748880477935,"isAttachedTo":"b823f","RelX":-0.5,"anchor":[0.25,0,0,-1],"RelY":-1}],"interactionGraph":[{"id":"a5d1b","interactsWith":"b823f"}],"interactionType":"gpml:Arrow"},{"networkType":"edge","gpmlType":"interaction","@type":["interaction"],"graphicalType":"path","markerEnd":"arrow","points":[{"x":565.2922230389142,"y":222.95250886094888,"isAttachedTo":"ced2c","RelX":0.5,"anchor":[0.75,1,0,1],"RelY":1},{"x":565.2922230389142,"y":280},{"x":444.6743110597122,"y":280},{"x":444.6743110597122,"y":459.35127656354655,"isAttachedTo":"aa147","RelX":0,"anchor":[0.5,0,0,-1],"RelY":-1}],"interactionGraph":[{"id":"ced2c","interactsWith":"aa147"}],"interactionType":"gpml:Arrow"},{"networkType":"node","nodeType":"Label","@type":["label"],"gpmlType":"label","graphicalType":"path"},{"networkType":"edge","gpmlType":"interaction","@type":["interaction"],"graphicalType":"path","markerEnd":"arrow","points":[{"x":461.35944992967154,"y":221.67568208085405,"isAttachedTo":"f687e","RelX":-0.5,"anchor":[0.25,1,0,1],"RelY":1},{"x":461.35944992967154,"y":258},{"x":390.3377323729137,"y":258},{"x":390.3377323729137,"y":345.9457868866699,"isAttachedTo":"f7424","RelX":0,"anchor":[0.5,0,0,-1],"RelY":-1}],"interactionGraph":[{"id":"f687e","interactsWith":"f7424"}],"interactionType":"gpml:Arrow"},{"networkType":"edge","gpmlType":"interaction","@type":["interaction"],"graphicalType":"path","markerEnd":"arrow","points":[{"x":491.0156830715719,"y":345.4590512920792,"isAttachedTo":"d344d","RelX":0.5,"anchor":[0.75,0,0,-1],"RelY":-1},{"x":491.0156830715719,"y":315},{"x":550.2922230389142,"y":315},{"x":550.2922230389142,"y":222.95250886094888,"isAttachedTo":"ced2c","RelX":0,"anchor":[0.5,1,0,1],"RelY":1}],"interactionGraph":[{"id":"d344d","interactsWith":"ced2c"}],"interactionType":"gpml:Arrow"},{"networkType":"edge","gpmlType":"interaction","@type":["interaction"],"graphicalType":"path","markerEnd":"arrow","points":[{"x":602.7109062334447,"y":344.0344425729416,"isAttachedTo":"c588b","RelX":0,"anchor":[0.5,0,0,-1],"RelY":-1},{"x":602.7109062334447,"y":315},{"x":550.2922230389142,"y":315},{"x":550.2922230389142,"y":222.95250886094888,"isAttachedTo":"ced2c","RelX":0,"anchor":[0.5,1,0,1],"RelY":1}],"interactionGraph":[{"id":"c588b","interactsWith":"ced2c"}],"interactionType":"gpml:Arrow"},{"networkType":"edge","gpmlType":"interaction","@type":["interaction"],"graphicalType":"path","markerEnd":"arrow","points":[{"x":419.12350175010164,"y":969.2919705974957,"isAttachedTo":"c357b","RelX":0.5,"anchor":[0.75,1,0,1],"RelY":1},{"x":419.12350175010164,"y":991},{"x":441.89026019026414,"y":991},{"x":441.89026019026414,"y":1028.5624027563094,"isAttachedTo":"aeb0d","RelX":0,"anchor":[0.5,0,0,-1],"RelY":-1}],"interactionGraph":[{"id":"c357b","interactsWith":"aeb0d"}],"interactionType":"gpml:Arrow"},{"networkType":"edge","gpmlType":"interaction","@type":["interaction"],"graphicalType":"path","markerEnd":"arrow","points":[{"x":389.2243420862361,"y":806.1827269000166,"isAttachedTo":"a5326","RelX":0,"anchor":[0.5,1,0,1],"RelY":1},{"x":389.0758827024826,"y":929.1967325022573,"isAttachedTo":"cec8f","RelX":-0.5,"anchor":[0.25,0,0,-1],"RelY":-1}],"interactionGraph":[{"id":"a5326","interactsWith":"cec8f"}],"interactionType":"gpml:Arrow"},{"networkType":"edge","gpmlType":"interaction","@type":["interaction"],"graphicalType":"path","markerEnd":"arrow","points":[{"x":307.85946818441994,"y":366.17695527804153,"isAttachedTo":"a5d1b","RelX":0,"anchor":[0.5,1,0,1],"RelY":1},{"x":307.85946818441994,"y":408},{"x":241.90736846006257,"y":408},{"x":241.90736846006257,"y":510.6846129852188,"isAttachedTo":"cfd69","RelX":-0.5,"anchor":[0.25,0,0,-1],"RelY":-1}],"interactionGraph":[{"id":"a5d1b","interactsWith":"cfd69"}],"interactionType":"gpml:Arrow"},{"networkType":"edge","gpmlType":"interaction","@type":["interaction"],"graphicalType":"path","markerEnd":"arrow","points":[{"x":444.6743110597122,"y":479.35127656354655,"isAttachedTo":"aa147","RelX":0,"anchor":[0.5,1,0,1],"RelY":1},{"x":444.6743110597122,"y":520.0874888047794},{"x":418.17672303861707,"y":520.0874888047794,"isAttachedTo":"b823f","RelX":1,"anchor":[1,0.5,1,0],"RelY":0}],"interactionGraph":[{"id":"aa147","interactsWith":"b823f"}],"interactionType":"gpml:Arrow"},{"networkType":"edge","gpmlType":"interaction","@type":["interaction"],"graphicalType":"path","markerEnd":"arrow","points":[{"x":256.90736846006314,"y":648,"isAttachedTo":"a2298","RelX":0,"anchor":[0.5,1,0,1],"RelY":1},{"x":256.90736846006314,"y":705},{"x":375.2243420862361,"y":705},{"x":375.2243420862361,"y":786.1827269000166,"isAttachedTo":"a5326","RelX":-0.5,"anchor":[0.25,0,0,-1],"RelY":-1}],"interactionGraph":[{"id":"a2298","interactsWith":"a5326"}],"interactionType":"gpml:Arrow"},{"networkType":"edge","gpmlType":"interaction","@type":["interaction"],"graphicalType":"path","markerEnd":"arrow","points":[{"x":611.1816826407961,"y":222.84296657535165,"isAttachedTo":"c3011","RelX":0,"anchor":[0.5,1,0,1],"RelY":1},{"x":611.1816826407961,"y":301},{"x":804.5778135338401,"y":301},{"x":804.5778135338401,"y":344.69861549912065,"isAttachedTo":"b50ba","RelX":0,"anchor":[0.5,0,0,-1],"RelY":-1}],"interactionGraph":[{"id":"c3011","interactsWith":"b50ba"}],"interactionType":"gpml:Arrow"},{"networkType":"edge","gpmlType":"interaction","@type":["interaction"],"graphicalType":"path","markerEnd":"arrow","points":[{"x":665.1452850614572,"y":364.7470775012229,"isAttachedTo":"c98b7","RelX":0,"anchor":[0.5,1,0,1],"RelY":1},{"x":665.1452850614572,"y":409},{"x":771.3210102680711,"y":409},{"x":771.3210102680711,"y":550.0285986720642,"isAttachedTo":"eecb8","RelX":0,"anchor":[0.5,0,0,-1],"RelY":-1}],"interactionGraph":[{"id":"c98b7","interactsWith":"eecb8"}],"interactionType":"gpml:Arrow"},{"networkType":"edge","gpmlType":"interaction","@type":["interaction"],"graphicalType":"path","markerEnd":"arrow","points":[{"x":771.3210102680711,"y":614.0285986720642,"isAttachedTo":"afd61","RelX":0,"anchor":[0.5,1,0,1],"RelY":1},{"x":771.3210102680711,"y":658},{"x":715,"y":658},{"x":715,"y":771,"isAttachedTo":"eee1d","RelX":0,"anchor":[0.5,0,0,-1],"RelY":-1}],"interactionGraph":[{"id":"afd61","interactsWith":"eee1d"}],"interactionType":"gpml:Arrow"},{"networkType":"edge","gpmlType":"interaction","@type":["interaction"],"graphicalType":"path","markerEnd":"arrow","points":[{"x":478.5156830715719,"y":365.4590512920792,"isAttachedTo":"d344d","RelX":0,"anchor":[0.5,1,0,1],"RelY":1},{"x":478.5156830715719,"y":428.57142857142856},{"x":578.4279003160734,"y":428.57142857142856},{"x":578.4279003160734,"y":550.2868538815715,"isAttachedTo":"e86f0","RelX":-0.5,"anchor":[0.25,0,0,-1],"RelY":-1}],"interactionGraph":[{"id":"d344d","interactsWith":"e86f0"}],"interactionType":"gpml:Arrow"},{"networkType":"edge","gpmlType":"interaction","@type":["interaction"],"graphicalType":"path","markerEnd":"arrow","points":[{"x":271.90736846006257,"y":530.6846129852188,"isAttachedTo":"cfd69","RelX":0.5,"anchor":[0.75,1,0,1],"RelY":1},{"x":271.90736846006257,"y":556},{"x":347,"y":556},{"x":347,"y":582,"isAttachedTo":"aa751","RelX":-0.5,"anchor":[0.25,0,0,-1],"RelY":-1}],"interactionGraph":[{"id":"cfd69","interactsWith":"aa751"}],"interactionType":"gpml:Arrow"},{"networkType":"edge","gpmlType":"interaction","@type":["interaction"],"graphicalType":"path","markerEnd":"arrow","points":[{"x":357.14030847279173,"y":1067.975443986858,"isAttachedTo":"b7a85","RelX":0,"anchor":[0.5,1,0,1],"RelY":1},{"x":357.97683206811604,"y":1147.205618300241,"isAttachedTo":"fa965","RelX":0,"anchor":[0.5,0,0,-1],"RelY":-1}],"interactionGraph":[{"id":"b7a85","interactsWith":"fa965"}],"interactionType":"gpml:Arrow"},{"networkType":"edge","gpmlType":"interaction","@type":["interaction"],"graphicalType":"path","markerEnd":"arrow","points":[{"x":314.9171059824157,"y":806.8851139132589,"isAttachedTo":"d5331","RelX":0,"anchor":[0.5,1,0,1],"RelY":1},{"x":314.9171059824157,"y":931.8851139132589,"isAttachedTo":"f8387","RelX":0,"anchor":[0.5,0,0,-1],"RelY":-1}],"interactionGraph":[{"id":"d5331","interactsWith":"f8387"}],"interactionType":"gpml:Arrow"},{"networkType":"edge","gpmlType":"interaction","@type":["interaction"],"graphicalType":"path","markerEnd":"arrow","points":[{"x":478.5156830715719,"y":365.4590512920792,"isAttachedTo":"d344d","RelX":0,"anchor":[0.5,1,0,1],"RelY":1},{"x":478.5156830715719,"y":428.57142857142856},{"x":548.975974523737,"y":428.57142857142856},{"x":548.975974523737,"y":700.8739070885891,"isAttachedTo":"af899","RelX":0,"anchor":[0.5,0,0,-1],"RelY":-1}],"interactionGraph":[{"id":"d344d","interactsWith":"af899"}],"interactionType":"gpml:Arrow"},{"networkType":"edge","gpmlType":"interaction","@type":["interaction"],"graphicalType":"path","markerEnd":"arrow","points":[{"x":804.5778135338401,"y":364.69861549912065,"isAttachedTo":"b50ba","RelX":0,"anchor":[0.5,1,0,1],"RelY":1},{"x":804.9441704404437,"y":488.76459161393143,"isAttachedTo":"e1154","RelX":0,"anchor":[0.5,0,0,-1],"RelY":-1}],"interactionGraph":[{"id":"b50ba","interactsWith":"e1154"}],"interactionType":"gpml:Arrow"},{"networkType":"edge","gpmlType":"interaction","@type":["interaction"],"graphicalType":"path","markerEnd":"arrow","points":[{"x":602.7109062334447,"y":364.0344425729416,"isAttachedTo":"c588b","RelX":0,"anchor":[0.5,1,0,1],"RelY":1},{"x":602.3269626973647,"y":550.2868538815715,"isAttachedTo":"e86f0","RelX":0.5,"anchor":[0.75,0,0,-1],"RelY":-1}],"interactionGraph":[{"id":"c588b","interactsWith":"e86f0"}],"interactionType":"gpml:Arrow"},{"networkType":"edge","gpmlType":"interaction","@type":["interaction"],"graphicalType":"path","markerEnd":"arrow","points":[{"x":478.5156830715719,"y":365.4590512920792,"isAttachedTo":"d344d","RelX":0,"anchor":[0.5,1,0,1],"RelY":1},{"x":478.5156830715719,"y":428},{"x":643.7208250934855,"y":428},{"x":643.7208250934855,"y":701.8005614594224,"isAttachedTo":"cffe7","RelX":0,"anchor":[0.5,0,0,-1],"RelY":-1}],"interactionGraph":[{"id":"d344d","interactsWith":"cffe7"}],"interactionType":"gpml:Arrow"},{"networkType":"edge","gpmlType":"interaction","@type":["interaction"],"graphicalType":"path","markerEnd":"arrow","points":[{"x":389.12350175010164,"y":969.2919705974957,"isAttachedTo":"c357b","RelX":-0.5,"anchor":[0.25,1,0,1],"RelY":1},{"x":389.12350175010164,"y":991},{"x":273.62038641255754,"y":991},{"x":273.62038641255754,"y":1030.9847745051713,"isAttachedTo":"d52b4","RelX":0.5,"anchor":[0.75,0,0,-1],"RelY":-1}],"interactionGraph":[{"id":"c357b","interactsWith":"d52b4"}],"interactionType":"gpml:Arrow"},{"networkType":"edge","gpmlType":"interaction","@type":["interaction"],"graphicalType":"path","markerEnd":"arrow","points":[{"x":307.85946818441994,"y":366.17695527804153,"isAttachedTo":"a5d1b","RelX":0,"anchor":[0.5,1,0,1],"RelY":1},{"x":307.85946818441994,"y":408},{"x":314.9171059824157,"y":408},{"x":314.9171059824157,"y":510.88511391325983,"isAttachedTo":"ffe5c","RelX":0,"anchor":[0.5,0,0,-1],"RelY":-1}],"interactionGraph":[{"id":"a5d1b","interactsWith":"ffe5c"}],"interactionType":"gpml:Arrow"},{"networkType":"edge","gpmlType":"interaction","@type":["interaction"],"graphicalType":"path","markerEnd":"arrow","points":[{"x":665.1452850614572,"y":364.7470775012229,"isAttachedTo":"c98b7","RelX":0,"anchor":[0.5,1,0,1],"RelY":1},{"x":665.1452850614572,"y":409},{"x":388.17672303861707,"y":409},{"x":388.17672303861707,"y":510.08748880477935,"isAttachedTo":"b823f","RelX":0,"anchor":[0.5,0,0,-1],"RelY":-1}],"interactionGraph":[{"id":"c98b7","interactsWith":"b823f"}],"interactionType":"gpml:Arrow"},{"networkType":"edge","gpmlType":"interaction","@type":["interaction"],"graphicalType":"path","markerEnd":"arrow","points":[{"x":478.5156830715719,"y":365.4590512920792,"isAttachedTo":"d344d","RelX":0,"anchor":[0.5,1,0,1],"RelY":1},{"x":478.5156830715719,"y":428},{"x":490.64704037930267,"y":428},{"x":490.64704037930267,"y":553.650601745045,"isAttachedTo":"f562e","RelX":-0.5,"anchor":[0.25,0,0,-1],"RelY":-1}],"interactionGraph":[{"id":"d344d","interactsWith":"f562e"}],"interactionType":"gpml:Arrow"},{"networkType":"edge","gpmlType":"interaction","@type":["interaction"],"graphicalType":"path","markerEnd":"mimTranscriptionTranslation","points":[{"x":300.57327029029057,"y":1121.003619920688,"isAttachedTo":"bec77","RelX":0,"anchor":[0.5,0.5,0,0],"RelY":0},{"x":300.57327029029057,"y":1164.001809960344},{"x":268.3571428571428,"y":1164.001809960344},{"x":268.3571428571428,"y":1290},{"x":268.71428571428555,"y":1290,"isAttachedTo":"b2a48","RelX":0.5,"anchor":[0.75,0,0,-1],"RelY":-1}],"interactionGraph":[{"id":"bec77","interactsWith":"b2a48"}],"interactionType":"mim-transcription-translation"},{"networkType":"edge","gpmlType":"interaction","@type":["interaction"],"graphicalType":"path","markerEnd":"mimTranscriptionTranslation","points":[{"x":151.9178686555968,"y":1145.3108101013308,"isAttachedTo":"e6d5b","RelX":0,"anchor":[0.5,1,0,1],"RelY":1},{"x":151.99318992839932,"y":1292.6866789640717,"isAttachedTo":"c50b0","RelX":-0.5,"anchor":[0.25,0,0,-1],"RelY":-1}],"interactionGraph":[{"id":"e6d5b","interactsWith":"c50b0"}],"interactionType":"mim-transcription-translation"},{"networkType":"edge","gpmlType":"interaction","@type":["interaction"],"graphicalType":"path","markerEnd":"arrow","points":[{"x":314.9171059824157,"y":530.8851139132598,"isAttachedTo":"ffe5c","RelX":0,"anchor":[0.5,1,0,1],"RelY":1},{"x":314.9171059824157,"y":786.8851139132589,"isAttachedTo":"d5331","RelX":0,"anchor":[0.5,0,0,-1],"RelY":-1}],"interactionGraph":[{"id":"ffe5c","interactsWith":"d5331"}],"interactionType":"gpml:Arrow"},{"networkType":"edge","gpmlType":"interaction","@type":["interaction"],"graphicalType":"path","markerEnd":"arrow","points":[{"x":357,"y":822.5,"isAttachedTo":"fdf22","RelX":0,"anchor":[0.5,1,0,1],"RelY":1},{"x":357.51374463787903,"y":1028.0531811401488,"isAttachedTo":"c7868","RelX":0,"anchor":[0.5,0,0,-1],"RelY":-1}],"interactionGraph":[{"id":"fdf22","interactsWith":"c7868"}],"interactionType":"gpml:Arrow"},{"networkType":"edge","gpmlType":"interaction","@type":["interaction"],"graphicalType":"path","markerEnd":"arrow","points":[{"x":256.90736846006314,"y":648,"isAttachedTo":"a2298","RelX":0,"anchor":[0.5,1,0,1],"RelY":1},{"x":256.90736846006314,"y":705},{"x":141.7889230664709,"y":705},{"x":141.7889230664709,"y":785,"isAttachedTo":"f68e0","RelX":0,"anchor":[0.5,0,0,-1],"RelY":-1}],"interactionGraph":[{"id":"a2298","interactsWith":"f68e0"}],"interactionType":"gpml:Arrow"},{"networkType":"edge","gpmlType":"interaction","@type":["interaction"],"graphicalType":"path","markerEnd":"arrow","points":[{"x":511.35185185185213,"y":238.84453781512565,"isAttachedTo":"c765e","RelX":0,"anchor":[0.5,1,0,1],"RelY":1},{"x":511.35185185185213,"y":295},{"x":198,"y":295},{"x":198,"y":613,"isAttachedTo":"d7ac6","RelX":0,"anchor":[0.5,0,0,-1],"RelY":-1}],"interactionGraph":[{"id":"c765e","interactsWith":"d7ac6"}],"interactionType":"gpml:Arrow"},{"networkType":"edge","gpmlType":"interaction","@type":["interaction"],"graphicalType":"path","markerEnd":"arrow","points":[{"x":373.17672303861707,"y":530.0874888047794,"isAttachedTo":"b823f","RelX":-0.5,"anchor":[0.25,1,0,1],"RelY":1},{"x":373,"y":582,"isAttachedTo":"aa751","RelX":0.5,"anchor":[0.75,0,0,-1],"RelY":-1}],"interactionGraph":[{"id":"b823f","interactsWith":"aa751"}],"interactionType":"gpml:Arrow"},{"networkType":"edge","gpmlType":"interaction","@type":["interaction"],"graphicalType":"path","markerEnd":"arrow","points":[{"x":256.90736846006314,"y":648,"isAttachedTo":"a2298","RelX":0,"anchor":[0.5,1,0,1],"RelY":1},{"x":256.90736846006314,"y":705},{"x":187.12038641255754,"y":705},{"x":187.12038641255754,"y":786.9847745051713,"isAttachedTo":"bb53d","RelX":-0.5,"anchor":[0.25,0,0,-1],"RelY":-1}],"interactionGraph":[{"id":"a2298","interactsWith":"bb53d"}],"interactionType":"gpml:Arrow"},{"networkType":"edge","gpmlType":"interaction","@type":["interaction"],"graphicalType":"path","markerEnd":"tBar","points":[{"x":521.25,"y":1104.6666666666665,"isAttachedTo":"ae13b","RelX":0,"anchor":[0.5,0.5,0,0],"RelY":0},{"x":397.0952380952381,"y":1148.9142091152821,"isAttachedTo":"aee0b","RelX":0,"anchor":[0.5,0.5,0,0],"RelY":0}],"interactionGraph":[{"id":"ae13b","interactsWith":"aee0b"}],"interactionType":"t-bar"},{"networkType":"edge","gpmlType":"interaction","@type":["interaction"],"graphicalType":"path","markerEnd":"mimTranscriptionTranslation","points":[{"x":397.0952380952381,"y":1148.9142091152821},{"x":399.0014051927267,"y":1260.2950622327446,"isAttachedTo":"f6fb5","RelX":0,"anchor":[0.5,0,0,-1],"RelY":-1}]},{"gpmlType":"anchor","zIndex":null,"networkType":"node","@type":["anchor"],"graphicalType":"path","x":null,"y":null},{"gpmlType":"anchor","zIndex":null,"networkType":"node","@type":["anchor"],"graphicalType":"path","x":null,"y":null},{"networkType":"edge","gpmlType":"interaction","@type":["interaction"],"graphicalType":"path","markerEnd":"arrow","points":[{"x":590.6418906255144,"y":1130.7870005775183,"isAttachedTo":"ea814","RelX":0,"anchor":[0.5,1,0,1],"RelY":1},{"x":590.4383155031294,"y":1164.5516588961398,"isAttachedTo":"fb447","RelX":0,"anchor":[0.5,0,0,-1],"RelY":-1}],"interactionGraph":[{"id":"ea814","interactsWith":"fb447"}],"interactionType":"gpml:Arrow"},{"networkType":"edge","gpmlType":"interaction","@type":["interaction"],"graphicalType":"path","markerEnd":"mimTranscriptionTranslation","points":[{"x":590.4383155031294,"y":1184.5516588961398,"isAttachedTo":"fb447","RelX":0,"anchor":[0.5,1,0,1],"RelY":1},{"x":590.4088452758349,"y":1237.64188446005,"isAttachedTo":"e46ec","RelX":0,"anchor":[0.5,0,0,-1],"RelY":-1}],"interactionGraph":[{"id":"fb447","interactsWith":"e46ec"}],"interactionType":"mim-transcription-translation"},{"networkType":"edge","gpmlType":"interaction","@type":["interaction"],"graphicalType":"path","markerEnd":"arrow","points":[{"x":590.99857147318,"y":794.4872096578373,"isAttachedTo":"a50ce","RelX":0,"anchor":[0.5,1,0,1],"RelY":1},{"x":590.1242605580758,"y":1028.9634511111835,"isAttachedTo":"fccd5","RelX":0,"anchor":[0.5,0,0,-1],"RelY":-1}],"interactionGraph":[{"id":"a50ce","interactsWith":"fccd5"}],"interactionType":"gpml:Arrow"},{"networkType":"edge","gpmlType":"interaction","@type":["interaction"],"graphicalType":"path","markerEnd":"mimTranscriptionTranslation","points":[{"x":590.1242605580758,"y":1048.9634511111835,"isAttachedTo":"fccd5","RelX":0,"anchor":[0.5,1,0,1],"RelY":1},{"x":590.1242605580758,"y":1047.6190476190475},{"x":671.2416325732335,"y":1047.6190476190475},{"x":671.2416325732335,"y":1288.0066443220865,"isAttachedTo":"a32d8","RelX":0,"anchor":[0.5,0,0,-1],"RelY":-1}],"interactionGraph":[{"id":"fccd5","interactsWith":"a32d8"}],"interactionType":"mim-transcription-translation"},{"networkType":"edge","gpmlType":"interaction","@type":["interaction"],"graphicalType":"path","markerEnd":"arrow","points":[{"x":248.62038641255754,"y":1050.9847745051713,"isAttachedTo":"d52b4","RelX":-0.5,"anchor":[0.25,1,0,1],"RelY":1},{"x":248.62038641255754,"y":1146},{"x":179.99318992839932,"y":1146},{"x":179.99318992839932,"y":1292.6866789640717,"isAttachedTo":"c50b0","RelX":0.5,"anchor":[0.75,0,0,-1],"RelY":-1}],"interactionGraph":[{"id":"d52b4","interactsWith":"c50b0"}],"interactionType":"gpml:Arrow"},{"networkType":"edge","gpmlType":"interaction","@type":["interaction"],"graphicalType":"path","markerEnd":"mimTranscriptionTranslation","points":[{"x":325.3027137379229,"y":1238.5914408688343,"isAttachedTo":"f67ea","RelX":0.5,"anchor":[0.75,0,0,-1],"RelY":-1},{"x":325.3027137379229,"y":1157.1028091501205},{"x":335.47683206811604,"y":1157.1028091501205,"isAttachedTo":"fa965","RelX":-1,"anchor":[0,0.5,-1,0],"RelY":0}],"interactionGraph":[{"id":"f67ea","interactsWith":"fa965"}],"interactionType":"mim-transcription-translation"},{"networkType":"edge","gpmlType":"interaction","@type":["interaction"],"graphicalType":"path","markerEnd":"arrow","points":[{"x":590.99857147318,"y":1070.4872096578374,"isAttachedTo":"ad840","RelX":0,"anchor":[0.5,1,0,1],"RelY":1},{"x":590.6418906255144,"y":1110.7870005775183,"isAttachedTo":"ea814","RelX":0,"anchor":[0.5,0,0,-1],"RelY":-1}],"interactionGraph":[{"id":"ad840","interactsWith":"ea814"}],"interactionType":"gpml:Arrow"},{"networkType":"edge","gpmlType":"interaction","@type":["interaction"],"graphicalType":"path","markerEnd":"arrow","points":[{"x":611.1816826407961,"y":222.84296657535165,"isAttachedTo":"c3011","RelX":0,"anchor":[0.5,1,0,1],"RelY":1},{"x":611.1816826407961,"y":301},{"x":520.6470403793027,"y":301},{"x":520.6470403793027,"y":553.650601745045,"isAttachedTo":"f562e","RelX":0.5,"anchor":[0.75,0,0,-1],"RelY":-1}],"interactionGraph":[{"id":"c3011","interactsWith":"f562e"}],"interactionType":"gpml:Arrow"},{"networkType":"edge","gpmlType":"interaction","@type":["interaction"],"graphicalType":"path","markerEnd":"arrow","points":[{"x":202.12038641255754,"y":828.9847745051713,"isAttachedTo":"c33d2","RelX":0,"anchor":[0.5,1,0,1],"RelY":1},{"x":202.12038641255754,"y":1030.9847745051713,"isAttachedTo":"a2d29","RelX":0,"anchor":[0.5,0,0,-1],"RelY":-1}],"interactionGraph":[{"id":"c33d2","interactsWith":"a2d29"}],"interactionType":"gpml:Arrow"},{"networkType":"edge","gpmlType":"interaction","@type":["interaction"],"graphicalType":"path","markerEnd":"arrow","points":[{"x":232.12038641255754,"y":796.9847745051713,"isAttachedTo":"bb53d","RelX":1,"anchor":[1,0.5,1,0],"RelY":0},{"x":248.62038641255754,"y":796.9847745051713},{"x":248.62038641255754,"y":1030.9847745051713,"isAttachedTo":"d52b4","RelX":-0.5,"anchor":[0.25,0,0,-1],"RelY":-1}],"interactionGraph":[{"id":"bb53d","interactsWith":"d52b4"}],"interactionType":"gpml:Arrow"},{"networkType":"edge","gpmlType":"interaction","@type":["interaction"],"graphicalType":"path","markerEnd":"mimTranscriptionTranslation","points":[{"x":358.15325524395655,"y":1206.5685843544013,"isAttachedTo":"eaf83","RelX":0,"anchor":[0.5,1,0,1],"RelY":1},{"x":358.32977979139775,"y":1291.9431012077077,"isAttachedTo":"cfb48","RelX":0,"anchor":[0.5,0,0,-1],"RelY":-1}],"interactionGraph":[{"id":"eaf83","interactsWith":"cfb48"}],"interactionType":"mim-transcription-translation"},{"networkType":"edge","gpmlType":"interaction","@type":["interaction"],"graphicalType":"path","markerEnd":"arrow","points":[{"x":575.5,"y":880,"isAttachedTo":"e95b6","RelX":0,"anchor":[0.5,0,0,-1],"RelY":-1},{"x":575.5,"y":847,"isAttachedTo":"abc9d","RelX":0,"anchor":[0.5,1,0,1],"RelY":1}],"interactionGraph":[{"id":"e95b6","interactsWith":"abc9d"}],"interactionType":"gpml:Arrow"},{"networkType":"edge","gpmlType":"interaction","@type":["interaction"],"graphicalType":"path","markerEnd":"arrow","points":[{"x":490.5,"y":880,"isAttachedTo":"f1201","RelX":0,"anchor":[0.5,0,0,-1],"RelY":-1},{"x":490.5,"y":847,"isAttachedTo":"e00bf","RelX":0,"anchor":[0.5,1,0,1],"RelY":1}],"interactionGraph":[{"id":"f1201","interactsWith":"e00bf"}],"interactionType":"gpml:Arrow"},{"networkType":"edge","gpmlType":"interaction","@type":["interaction"],"graphicalType":"path","markerEnd":"arrow","points":[{"x":375.5,"y":882,"isAttachedTo":"e1f9e","RelX":0,"anchor":[0.5,0,0,-1],"RelY":-1},{"x":375.5,"y":849,"isAttachedTo":"af1a5","RelX":0,"anchor":[0.5,1,0,1],"RelY":1}],"interactionGraph":[{"id":"e1f9e","interactsWith":"af1a5"}],"interactionType":"gpml:Arrow"},{"networkType":"edge","gpmlType":"interaction","@type":["interaction"],"graphicalType":"path","markerEnd":"arrow","points":[{"x":343.5,"y":882,"isAttachedTo":"c007b","RelX":0,"anchor":[0.5,0,0,-1],"RelY":-1},{"x":343.5,"y":849,"isAttachedTo":"ebc12","RelX":0,"anchor":[0.5,1,0,1],"RelY":1}],"interactionGraph":[{"id":"c007b","interactsWith":"ebc12"}],"interactionType":"gpml:Arrow"},{"networkType":"edge","gpmlType":"interaction","@type":["interaction"],"graphicalType":"path","markerEnd":"arrow","points":[{"x":303.5,"y":882,"isAttachedTo":"ccb27","RelX":0,"anchor":[0.5,0,0,-1],"RelY":-1},{"x":303.5,"y":849,"isAttachedTo":"ec8bd","RelX":0,"anchor":[0.5,1,0,1],"RelY":1}],"interactionGraph":[{"id":"ccb27","interactsWith":"ec8bd"}],"interactionType":"gpml:Arrow"},{"networkType":"edge","gpmlType":"interaction","@type":["interaction"],"graphicalType":"path","markerEnd":"arrow","points":[{"x":227.5,"y":886,"isAttachedTo":"c0b1a","RelX":0,"anchor":[0.5,0,0,-1],"RelY":-1},{"x":227.5,"y":853,"isAttachedTo":"bf8ea","RelX":0,"anchor":[0.5,1,0,1],"RelY":1}],"interactionGraph":[{"id":"c0b1a","interactsWith":"bf8ea"}],"interactionType":"gpml:Arrow"},{"networkType":"edge","gpmlType":"interaction","@type":["interaction"],"graphicalType":"path","markerEnd":"arrow","points":[{"x":187.5,"y":886,"isAttachedTo":"cc556","RelX":0,"anchor":[0.5,0,0,-1],"RelY":-1},{"x":187.5,"y":853,"isAttachedTo":"e0562","RelX":0,"anchor":[0.5,1,0,1],"RelY":1}],"interactionGraph":[{"id":"cc556","interactsWith":"e0562"}],"interactionType":"gpml:Arrow"},{"networkType":"edge","gpmlType":"interaction","@type":["interaction"],"graphicalType":"path","markerEnd":"arrow","points":[{"x":399.0014051927267,"y":1280.2950622327446,"isAttachedTo":"f6fb5","RelX":0,"anchor":[0.5,1,0,1],"RelY":1},{"x":399.6323119179448,"y":1426.9423029723462,"isAttachedTo":"c25f1","RelX":0,"anchor":[0.5,0,0,-1],"RelY":-1}],"interactionGraph":[{"id":"f6fb5","interactsWith":"c25f1"}],"interactionType":"gpml:Arrow"},{"networkType":"edge","gpmlType":"interaction","@type":["interaction"],"graphicalType":"path","markerEnd":"arrow","points":[{"x":590.4088452758349,"y":1257.64188446005,"isAttachedTo":"e46ec","RelX":0,"anchor":[0.5,1,0,1],"RelY":1},{"x":590.1759259259263,"y":1381.9907407407427,"isAttachedTo":"bed2d","RelX":0,"anchor":[0.5,0,0,-1],"RelY":-1}],"interactionGraph":[{"id":"e46ec","interactsWith":"bed2d"}],"interactionType":"gpml:Arrow"},{"networkType":"edge","gpmlType":"interaction","@type":["interaction"],"graphicalType":"path","markerEnd":"arrow","points":[{"x":671.2416325732335,"y":1308.0066443220865,"isAttachedTo":"a32d8","RelX":0,"anchor":[0.5,1,0,1],"RelY":1},{"x":671.3683095321048,"y":1424.164083362362,"isAttachedTo":"e116c","RelX":0,"anchor":[0.5,0,0,-1],"RelY":-1}],"interactionGraph":[{"id":"a32d8","interactsWith":"e116c"}],"interactionType":"gpml:Arrow"},{"networkType":"edge","gpmlType":"interaction","@type":["interaction"],"graphicalType":"path","markerEnd":"arrow","points":[{"x":312.8370285269574,"y":1280.2054052050808,"isAttachedTo":"d5e62","RelX":0,"anchor":[0.5,1,0,1],"RelY":1},{"x":312.35185185185253,"y":1426.9907407407427,"isAttachedTo":"b5651","RelX":0,"anchor":[0.5,0,0,-1],"RelY":-1}],"interactionGraph":[{"id":"d5e62","interactsWith":"b5651"}],"interactionType":"gpml:Arrow"},{"networkType":"edge","gpmlType":"interaction","@type":["interaction"],"graphicalType":"path","markerEnd":"arrow","points":[{"x":804.9441704404437,"y":508.76459161393143,"isAttachedTo":"e1154","RelX":0,"anchor":[0.5,1,0,1],"RelY":1},{"x":804,"y":695,"isAttachedTo":"afe77","RelX":0,"anchor":[0.5,0,0,-1],"RelY":-1}],"interactionGraph":[{"id":"e1154","interactsWith":"afe77"}],"interactionType":"gpml:Arrow"},{"networkType":"edge","gpmlType":"interaction","@type":["interaction"],"graphicalType":"path","markerEnd":"mimTranscriptionTranslation","points":[{"x":575.1242605580758,"y":1048.9634511111835,"isAttachedTo":"fccd5","RelX":-0.5,"anchor":[0.25,1,0,1],"RelY":1},{"x":575.1242605580758,"y":1049},{"x":546.25,"y":1049},{"x":546.25,"y":1237.25,"isAttachedTo":"e5901","RelX":0.5,"anchor":[0.75,0,0,-1],"RelY":-1}],"interactionGraph":[{"id":"fccd5","interactsWith":"e5901"}],"interactionType":"mim-transcription-translation"},{"networkType":"edge","gpmlType":"interaction","@type":["interaction"],"graphicalType":"path","markerEnd":"arrow","points":[{"x":533,"y":1279,"isAttachedTo":"bb721","RelX":0,"anchor":[0.5,1,0,1],"RelY":1},{"x":533.5,"y":1422.164083362362,"isAttachedTo":"be1cd","RelX":0,"anchor":[0.5,0,0,-1],"RelY":-1}],"interactionGraph":[{"id":"bb721","interactsWith":"be1cd"}],"interactionType":"gpml:Arrow"},{"networkType":"edge","gpmlType":"interaction","@type":["interaction"],"graphicalType":"path","markerEnd":"arrow","points":[{"x":506.24959251126666,"y":969.1614949912332,"isAttachedTo":"f8a75","RelX":0,"anchor":[0.5,1,0,1],"RelY":1},{"x":506.24959251126666,"y":1146},{"x":473,"y":1146},{"x":473,"y":1379,"isAttachedTo":"e6970","RelX":0,"anchor":[0.5,0,0,-1],"RelY":-1}],"interactionGraph":[{"id":"f8a75","interactsWith":"e6970"}],"interactionType":"gpml:Arrow"},{"networkType":"edge","gpmlType":"interaction","@type":["interaction"],"graphicalType":"path","markerEnd":"mimTranscriptionTranslation","points":[{"x":300.9171059824157,"y":971.5676168101303,"isAttachedTo":"ab0d8","RelX":-0.5,"anchor":[0.25,1,0,1],"RelY":1},{"x":300.3027137379229,"y":1238.5914408688343,"isAttachedTo":"f67ea","RelX":-0.5,"anchor":[0.25,0,0,-1],"RelY":-1}],"interactionGraph":[{"id":"ab0d8","interactsWith":"f67ea"}],"interactionType":"mim-transcription-translation"},{"gpmlType":"anchor","zIndex":null,"networkType":"node","@type":["anchor"],"graphicalType":"path","x":null,"y":null},{"networkType":"edge","gpmlType":"interaction","@type":["interaction"],"graphicalType":"path","markerEnd":"mimTranscriptionTranslation","points":[{"x":202.12038641255754,"y":1050.9847745051713,"isAttachedTo":"a2d29","RelX":0,"anchor":[0.5,1,0,1],"RelY":1},{"x":202.12038641255754,"y":1121},{"x":238.23809523809507,"y":1121},{"x":238.23809523809507,"y":1290,"isAttachedTo":"b2a48","RelX":-0.5,"anchor":[0.25,0,0,-1],"RelY":-1}],"interactionGraph":[{"id":"a2d29","interactsWith":"b2a48"}],"interactionType":"mim-transcription-translation"},{"networkType":"edge","gpmlType":"interaction","@type":["interaction"],"graphicalType":"path","markerEnd":"arrow","points":[{"x":253.4761904761903,"y":1358,"isAttachedTo":"b2a48","RelX":0,"anchor":[0.5,1,0,1],"RelY":1},{"x":253.5,"y":1388.164083362362,"isAttachedTo":"ba458","RelX":0,"anchor":[0.5,0,0,-1],"RelY":-1}],"interactionGraph":[{"id":"b2a48","interactsWith":"ba458"}],"interactionType":"gpml:Arrow"},{"networkType":"edge","gpmlType":"interaction","@type":["interaction"],"graphicalType":"path","markerEnd":"arrow","points":[{"x":441.9728041161352,"y":1068.7393815298988,"isAttachedTo":"a22a5","RelX":0,"anchor":[0.5,1,0,1],"RelY":1},{"x":441.5,"y":1285.9423029723462,"isAttachedTo":"e0104","RelX":0,"anchor":[0.5,0,0,-1],"RelY":-1}],"interactionGraph":[{"id":"a22a5","interactsWith":"e0104"}],"interactionType":"gpml:Arrow"},{"networkType":"edge","gpmlType":"interaction","@type":["interaction"],"graphicalType":"path","markerEnd":"mimTranscriptionTranslation","points":[{"x":253.4761904761903,"y":1290,"isAttachedTo":"b2a48","RelX":0,"anchor":[0.5,0,0,-1],"RelY":-1},{"x":253.4761904761903,"y":1157.1028091501205},{"x":335.47683206811604,"y":1157.1028091501205,"isAttachedTo":"fa965","RelX":-1,"anchor":[0,0.5,-1,0],"RelY":0}],"interactionGraph":[{"id":"b2a48","interactsWith":"fa965"}],"interactionType":"mim-transcription-translation"},{"networkType":"edge","gpmlType":"interaction","@type":["interaction"],"graphicalType":"path","markerEnd":"tBar","points":[{"x":732.6111111111086,"y":1171.5815602836801},{"x":756.6111111111086,"y":1171.5815602836801}]},{"networkType":"edge","gpmlType":"interaction","@type":["interaction"],"graphicalType":"path","markerEnd":"mimInhibition","points":[{"x":732.6111111111086,"y":1243.5815602836765},{"x":797.6111111111086,"y":1243.5815602836765}]},{"networkType":"edge","gpmlType":"interaction","@type":["interaction"],"graphicalType":"path","markerEnd":"arrow","points":[{"x":731.6111111111086,"y":1263.581560283676},{"x":789.6111111111086,"y":1264.0828362173102}]},{"networkType":"edge","gpmlType":"interaction","@type":["interaction"],"graphicalType":"path","points":[{"x":836.7063492063462,"y":1028.6291793313007,"isAttachedTo":"b5a4a","RelX":0,"anchor":[0.5,1,0,1],"RelY":1},{"x":836.1111111111086,"y":1054.581560283681,"isAttachedTo":"aabd7","RelX":0,"anchor":[0.5,0,0,-1],"RelY":-1}]},{"networkType":"edge","gpmlType":"interaction","@type":["interaction"],"graphicalType":"path","markerEnd":"arrow","points":[{"x":731.6111111111086,"y":1200.2409575615911},{"x":789.6111111111086,"y":1200.2409575615911}]},{"networkType":"edge","gpmlType":"interaction","@type":["interaction"],"graphicalType":"path","markerEnd":"mimTranscriptionTranslation","points":[{"x":757.6111111111086,"y":1171.5815602836801},{"x":790.6111111111086,"y":1171.5815602836801}]},{"networkType":"edge","gpmlType":"interaction","@type":["interaction"],"graphicalType":"path","markerEnd":"mimTranscriptionTranslation","points":[{"x":732.6151071151044,"y":1151.582559284679},{"x":790.6151071151044,"y":1151.582559284679}]},{"networkType":"edge","gpmlType":"interaction","@type":["interaction"],"graphicalType":"path","markerEnd":"arrow","points":[{"x":731.6111111111086,"y":1098.5815602836806},{"x":789.6111111111086,"y":1098.5815602836806}]},{"networkType":"edge","gpmlType":"interaction","@type":["interaction"],"graphicalType":"path","markerEnd":"arrow","points":[{"x":732.6111111111086,"y":1134.5815602836806},{"x":790.6111111111086,"y":1134.5815602836806}]},{"networkType":"edge","gpmlType":"interaction","@type":["interaction"],"graphicalType":"path","markerEnd":"arrow","points":[{"x":789.0948313009476,"y":1342.670286871074},{"x":789.0948313009476,"y":1367.6702868710736}]},{"networkType":"edge","gpmlType":"interaction","@type":["interaction"],"graphicalType":"path","points":[{"x":760.1596139183448,"y":1051.7110050746983,"isAttachedTo":"f741f","RelX":0,"anchor":[0.5,0,0,-1],"RelY":-1},{"x":760.1111111111086,"y":1029.581560283682,"isAttachedTo":"ba714","RelX":0,"anchor":[0.5,1,0,1],"RelY":1}]},{"networkType":"edge","gpmlType":"interaction","@type":["interaction"],"graphicalType":"path","markerEnd":"arrow","points":[{"x":732.7174940898303,"y":1221.6666666666642},{"x":790.7174940898303,"y":1221.6666666666642}]},{"networkType":"edge","gpmlType":"interaction","@type":["interaction"],"graphicalType":"path","markerEnd":"arrow","points":[{"x":342.9171059824157,"y":796.8851139132589,"isAttachedTo":"d5331","RelX":1,"anchor":[1,0.5,1,0],"RelY":0},{"x":361.2243420862361,"y":796.1827269000166,"isAttachedTo":"a5326","RelX":-1,"anchor":[0,0.5,-1,0],"RelY":0}],"interactionGraph":[{"id":"d5331","interactsWith":"a5326"}],"interactionType":"gpml:Arrow"},{"networkType":"edge","gpmlType":"interaction","@type":["interaction"],"graphicalType":"path","markerEnd":"arrow","points":[{"x":731.6111111111086,"y":1116.5815602836806},{"x":789.6111111111086,"y":1116.5815602836806}]},{"networkType":"node","nodeType":"DataNode","dataNodeType":"Protein","@type":["DataNode","Protein","datanode"],"gpmlType":"datanode","graphicalType":"path","datasourceReference":{"database":"Entrez Gene","id":"3727","organism":"Homo sapiens"},"unificationXref":"http://identifiers.org/ensembl/ENSG00000130522"},{"networkType":"node","nodeType":"DataNode","dataNodeType":"Protein","@type":["DataNode","Protein","datanode"],"gpmlType":"datanode","graphicalType":"path","datasourceReference":{"database":"Entrez Gene","id":"5601","organism":"Homo sapiens"},"unificationXref":"http://identifiers.org/ensembl/ENSG00000050748"},{"networkType":"node","nodeType":"DataNode","dataNodeType":"Protein","@type":["DataNode","Protein","datanode"],"gpmlType":"datanode","graphicalType":"path","datasourceReference":{"database":"Entrez Gene","id":"5604","organism":"Homo sapiens"},"unificationXref":"http://identifiers.org/ensembl/ENSG00000169032"},{"networkType":"node","nodeType":"DataNode","dataNodeType":"Protein","@type":["DataNode","Protein","datanode"],"gpmlType":"datanode","graphicalType":"path","datasourceReference":{"database":"Entrez Gene","id":"3845","organism":"Homo sapiens"},"unificationXref":"http://identifiers.org/ensembl/ENSG00000133703"},{"networkType":"node","nodeType":"DataNode","dataNodeType":"Protein","@type":["DataNode","Protein","datanode"],"gpmlType":"datanode","graphicalType":"path","datasourceReference":{"database":"Entrez Gene","id":"5599","organism":"Homo sapiens"},"unificationXref":"http://identifiers.org/ensembl/ENSG00000107643"},{"networkType":"node","nodeType":"DataNode","dataNodeType":"Protein","@type":["DataNode","Protein","datanode"],"gpmlType":"datanode","graphicalType":"path","datasourceReference":{"database":"Entrez Gene","id":"3977","organism":"Homo sapiens"},"unificationXref":"http://identifiers.org/ensembl/ENSG00000113594"},{"networkType":"node","nodeType":"DataNode","dataNodeType":"Protein","@type":["DataNode","Protein","datanode"],"gpmlType":"datanode","graphicalType":"path","datasourceReference":{"database":"Entrez Gene","id":"3717","organism":"Homo sapiens"},"unificationXref":"http://identifiers.org/ensembl/ENSG00000096968"},{"networkType":"node","nodeType":"DataNode","dataNodeType":"Protein","@type":["DataNode","Protein","datanode"],"gpmlType":"datanode","graphicalType":"path","datasourceReference":{"database":"Entrez Gene","id":"5583","organism":"Homo sapiens"},"unificationXref":"http://identifiers.org/ensembl/ENSG00000027075"},{"networkType":"node","nodeType":"DataNode","dataNodeType":"Protein","@type":["DataNode","Protein","datanode"],"gpmlType":"datanode","graphicalType":"path","datasourceReference":{"database":"Entrez Gene","id":"5581","organism":"Homo sapiens"},"unificationXref":"http://identifiers.org/ensembl/ENSG00000171132"},{"networkType":"node","nodeType":"DataNode","dataNodeType":"Protein","@type":["DataNode","Protein","datanode"],"gpmlType":"datanode","graphicalType":"path","datasourceReference":{"database":"Entrez Gene","id":"5579","organism":"Homo sapiens"},"unificationXref":"http://identifiers.org/ensembl/ENSG00000166501"},{"networkType":"node","nodeType":"DataNode","dataNodeType":"Protein","@type":["DataNode","Protein","datanode"],"gpmlType":"datanode","graphicalType":"path","datasourceReference":{"database":"Entrez Gene","id":"5578","organism":"Homo sapiens"},"unificationXref":"http://identifiers.org/ensembl/ENSG00000154229"},{"networkType":"node","nodeType":"DataNode","dataNodeType":"Protein","@type":["DataNode","Protein","datanode"],"gpmlType":"datanode","graphicalType":"path","datasourceReference":{"database":"Entrez Gene","id":"3572","organism":"Homo sapiens"},"unificationXref":"http://identifiers.org/ensembl/ENSG00000134352"},{"networkType":"node","nodeType":"DataNode","dataNodeType":"Protein","@type":["DataNode","Protein","datanode"],"gpmlType":"datanode","graphicalType":"path","datasourceReference":{"database":"Entrez Gene","id":"5605","organism":"Homo sapiens"},"unificationXref":"http://identifiers.org/ensembl/ENSG00000126934"},{"networkType":"node","nodeType":"DataNode","dataNodeType":"Protein","@type":["DataNode","Protein","datanode"],"gpmlType":"datanode","graphicalType":"path","datasourceReference":{"database":"Entrez Gene","id":"6774","organism":"Homo sapiens"},"unificationXref":"http://identifiers.org/ensembl/ENSG00000168610"},{"networkType":"node","nodeType":"DataNode","dataNodeType":"Protein","@type":["DataNode","Protein","datanode"],"gpmlType":"datanode","graphicalType":"path","datasourceReference":{"database":"Entrez Gene","id":"6772","organism":"Homo sapiens"},"unificationXref":"http://identifiers.org/ensembl/ENSG00000115415"},{"networkType":"node","nodeType":"DataNode","dataNodeType":"Protein","@type":["DataNode","Protein","datanode"],"gpmlType":"datanode","graphicalType":"path","datasourceReference":{"database":"Entrez Gene","id":"3572","organism":"Homo sapiens"},"unificationXref":"http://identifiers.org/ensembl/ENSG00000134352"},{"networkType":"node","nodeType":"DataNode","dataNodeType":"Protein","@type":["DataNode","Protein","datanode"],"gpmlType":"datanode","graphicalType":"path","datasourceReference":{"database":"Entrez Gene","id":"3716","organism":"Homo sapiens"},"unificationXref":"http://identifiers.org/ensembl/ENSG00000162434"},{"networkType":"node","nodeType":"DataNode","dataNodeType":"GeneProduct","@type":["DataNode","GeneProduct","datanode"],"gpmlType":"datanode","graphicalType":"path","datasourceReference":{"database":"Ensembl","id":"ENSG00000100644","organism":"Homo sapiens"},"unificationXref":"http://identifiers.org/ensembl/ENSG00000100644"},{"networkType":"node","nodeType":"DataNode","dataNodeType":"GeneProduct","@type":["DataNode","GeneProduct","datanode"],"gpmlType":"datanode","graphicalType":"path","datasourceReference":{"database":"Ensembl","id":"ENSG00000112715","organism":"Homo sapiens"},"unificationXref":"http://identifiers.org/ensembl/ENSG00000112715"},{"networkType":"node","nodeType":"DataNode","dataNodeType":"Protein","@type":["DataNode","Protein","datanode"],"gpmlType":"datanode","graphicalType":"path","datasourceReference":{"database":"Entrez Gene","id":"1432","organism":"Homo sapiens"},"unificationXref":"http://identifiers.org/ensembl/ENSG00000112062"},{"networkType":"node","nodeType":"DataNode","dataNodeType":"Protein","@type":["DataNode","Protein","datanode"],"gpmlType":"datanode","graphicalType":"path","datasourceReference":{"database":"Entrez Gene","id":"3718","organism":"Homo sapiens"},"unificationXref":"http://identifiers.org/ensembl/ENSG00000105639"},{"networkType":"node","nodeType":"DataNode","dataNodeType":"Protein","@type":["DataNode","Protein","datanode"],"gpmlType":"datanode","graphicalType":"path","datasourceReference":{"database":"Entrez Gene","id":"7297","organism":"Homo sapiens"},"unificationXref":"http://identifiers.org/ensembl/ENSG00000105397"},{"networkType":"node","nodeType":"DataNode","dataNodeType":"Protein","@type":["DataNode","Protein","datanode"],"gpmlType":"datanode","graphicalType":"path","datasourceReference":{"database":"Entrez Gene","id":"5970","organism":"Homo sapiens"},"unificationXref":"http://identifiers.org/ensembl/ENSG00000173039"},{"networkType":"node","nodeType":"DataNode","dataNodeType":"Protein","@type":["DataNode","Protein","datanode"],"gpmlType":"datanode","graphicalType":"path","datasourceReference":{"database":"Entrez Gene","id":"5595","organism":"Homo sapiens"},"unificationXref":"http://identifiers.org/ensembl/ENSG00000102882"},{"networkType":"node","nodeType":"DataNode","dataNodeType":"Protein","@type":["DataNode","Protein","datanode"],"gpmlType":"datanode","graphicalType":"path","datasourceReference":{"database":"Entrez Gene","id":"9021","organism":"Homo sapiens"},"unificationXref":"http://identifiers.org/ensembl/ENSG00000184557"},{"networkType":"node","nodeType":"DataNode","dataNodeType":"Protein","@type":["DataNode","Protein","datanode"],"gpmlType":"datanode","graphicalType":"path","datasourceReference":{"database":"Entrez Gene","id":"9180","organism":"Homo sapiens"},"unificationXref":"http://identifiers.org/ensembl/ENSG00000145623"},{"networkType":"node","nodeType":"DataNode","dataNodeType":"Protein","@type":["DataNode","Protein","datanode"],"gpmlType":"datanode","graphicalType":"path","datasourceReference":{"database":"Entrez Gene","id":"5781","organism":"Homo sapiens"},"unificationXref":"http://identifiers.org/ensembl/ENSG00000179295"},{"networkType":"node","nodeType":"DataNode","dataNodeType":"Protein","@type":["DataNode","Protein","datanode"],"gpmlType":"datanode","graphicalType":"path","datasourceReference":{"database":"Entrez Gene","id":"5594","organism":"Homo sapiens"},"unificationXref":"http://identifiers.org/ensembl/ENSG00000100030"},{"networkType":"node","nodeType":"DataNode","dataNodeType":"Protein","@type":["DataNode","Protein","datanode"],"gpmlType":"datanode","graphicalType":"path","datasourceReference":{"database":"Entrez Gene","id":"6772","organism":"Homo sapiens"},"unificationXref":"http://identifiers.org/ensembl/ENSG00000115415"},{"networkType":"node","nodeType":"DataNode","dataNodeType":"Protein","@type":["DataNode","Protein","datanode"],"gpmlType":"datanode","graphicalType":"path","datasourceReference":{"database":"Entrez Gene","id":"10401","organism":"Homo sapiens"},"unificationXref":"http://identifiers.org/ensembl/ENSG00000263461"},{"networkType":"node","nodeType":"DataNode","dataNodeType":"Protein","@type":["DataNode","Protein","datanode"],"gpmlType":"datanode","graphicalType":"path","datasourceReference":{"database":"Entrez Gene","id":"6777","organism":"Homo sapiens"},"unificationXref":"http://identifiers.org/ensembl/ENSG00000173757"},{"networkType":"node","nodeType":"DataNode","dataNodeType":"Protein","@type":["DataNode","Protein","datanode"],"gpmlType":"datanode","graphicalType":"path","datasourceReference":{"database":"Entrez Gene","id":"6777","organism":"Homo sapiens"},"unificationXref":"http://identifiers.org/ensembl/ENSG00000173757"},{"networkType":"node","nodeType":"DataNode","dataNodeType":"Protein","@type":["DataNode","Protein","datanode"],"gpmlType":"datanode","graphicalType":"path","datasourceReference":{"database":"Entrez Gene","id":"836","organism":"Homo sapiens"},"unificationXref":"http://identifiers.org/ensembl/ENSG00000164305"},{"networkType":"node","nodeType":"DataNode","dataNodeType":"Protein","@type":["DataNode","Protein","datanode"],"gpmlType":"datanode","graphicalType":"path","datasourceReference":{"database":"Entrez Gene","id":"5008","organism":"Homo sapiens"},"unificationXref":"http://identifiers.org/ensembl/ENSG00000099985"},{"networkType":"node","nodeType":"DataNode","dataNodeType":"Protein","@type":["DataNode","Protein","datanode"],"gpmlType":"datanode","graphicalType":"path","datasourceReference":{"database":"Entrez Gene","id":"6654","organism":"Homo sapiens"},"unificationXref":"http://identifiers.org/ensembl/ENSG00000115904"},{"networkType":"node","nodeType":"DataNode","dataNodeType":"Protein","@type":["DataNode","Protein","datanode"],"gpmlType":"datanode","graphicalType":"path","datasourceReference":{"database":"Entrez Gene","id":"2885","organism":"Homo sapiens"},"unificationXref":"http://identifiers.org/ensembl/ENSG00000177885"},{"networkType":"node","nodeType":"DataNode","dataNodeType":"Protein","@type":["DataNode","Protein","datanode"],"gpmlType":"datanode","graphicalType":"path","datasourceReference":{"database":"Entrez Gene","id":"6464","organism":"Homo sapiens"},"unificationXref":"http://identifiers.org/ensembl/ENSG00000160691"},{"networkType":"node","nodeType":"DataNode","dataNodeType":"Protein","@type":["DataNode","Protein","datanode"],"gpmlType":"datanode","graphicalType":"path","datasourceReference":{"database":"Entrez Gene","id":"3667","organism":"Homo sapiens"},"unificationXref":"http://identifiers.org/ensembl/ENSG00000169047"},{"networkType":"node","nodeType":"DataNode","dataNodeType":"Protein","@type":["DataNode","Protein","datanode"],"gpmlType":"datanode","graphicalType":"path","datasourceReference":{"database":"Entrez Gene","id":"6714","organism":"Homo sapiens"},"unificationXref":"http://identifiers.org/ensembl/ENSG00000197122"},{"networkType":"node","nodeType":"DataNode","dataNodeType":"Protein","@type":["DataNode","Protein","datanode"],"gpmlType":"datanode","graphicalType":"path","datasourceReference":{"database":"Entrez Gene","id":"6774","organism":"Homo sapiens"},"unificationXref":"http://identifiers.org/ensembl/ENSG00000168610"},{"networkType":"node","nodeType":"DataNode","dataNodeType":"Protein","@type":["DataNode","Protein","datanode"],"gpmlType":"datanode","graphicalType":"path","datasourceReference":{"database":"Entrez Gene","id":"5894","organism":"Homo sapiens"},"unificationXref":"http://identifiers.org/ensembl/ENSG00000132155"},{"networkType":"node","nodeType":"DataNode","dataNodeType":"Protein","@type":["DataNode","Protein","datanode"],"gpmlType":"datanode","graphicalType":"path","datasourceReference":{"database":"Entrez Gene","id":"3265","organism":"Homo sapiens"},"unificationXref":"http://identifiers.org/ensembl/ENSG00000174775"},{"networkType":"node","nodeType":"DataNode","dataNodeType":"Protein","@type":["DataNode","Protein","datanode"],"gpmlType":"datanode","graphicalType":"path","datasourceReference":{"database":"Entrez Gene","id":"5295","organism":"Homo sapiens"},"unificationXref":"http://identifiers.org/ensembl/ENSG00000145675"},{"networkType":"node","nodeType":"DataNode","dataNodeType":"Protein","@type":["DataNode","Protein","datanode"],"gpmlType":"datanode","graphicalType":"path","datasourceReference":{"database":"Entrez Gene","id":"5008","organism":"Homo sapiens"},"unificationXref":"http://identifiers.org/ensembl/ENSG00000099985"},{"networkType":"node","nodeType":"DataNode","dataNodeType":"Protein","@type":["DataNode","Protein","datanode"],"gpmlType":"datanode","graphicalType":"path","datasourceReference":{"database":"Entrez Gene","id":"207","organism":"Homo sapiens"},"unificationXref":"http://identifiers.org/ensembl/ENSG00000142208"},{"networkType":"node","nodeType":"DataNode","dataNodeType":"Protein","@type":["DataNode","Protein","datanode"],"gpmlType":"datanode","graphicalType":"path","datasourceReference":{"database":"Entrez Gene","id":"6774","organism":"Homo sapiens"},"unificationXref":"http://identifiers.org/ensembl/ENSG00000168610"},{"networkType":"node","nodeType":"DataNode","dataNodeType":"Protein","@type":["DataNode","Protein","datanode"],"gpmlType":"datanode","graphicalType":"path","datasourceReference":{"database":"Entrez Gene","id":"6772","organism":"Homo sapiens"},"unificationXref":"http://identifiers.org/ensembl/ENSG00000115415"},{"networkType":"node","nodeType":"DataNode","dataNodeType":"Protein","@type":["DataNode","Protein","datanode"],"gpmlType":"datanode","graphicalType":"path","datasourceReference":{"database":"Entrez Gene","id":"2353","organism":"Homo sapiens"},"unificationXref":"http://identifiers.org/ensembl/ENSG00000170345"},{"networkType":"node","nodeType":"DataNode","dataNodeType":"Protein","@type":["DataNode","Protein","datanode"],"gpmlType":"datanode","graphicalType":"path","datasourceReference":{"database":"Entrez Gene","id":"5829","organism":"Homo sapiens"},"unificationXref":"http://identifiers.org/ensembl/ENSG00000089159"},{"networkType":"node","nodeType":"DataNode","dataNodeType":"Protein","@type":["DataNode","Protein","datanode"],"gpmlType":"datanode","graphicalType":"path","datasourceReference":{"database":"Entrez Gene","id":"2185","organism":"Homo sapiens"},"unificationXref":"http://identifiers.org/ensembl/ENSG00000120899"},{"networkType":"node","nodeType":"DataNode","dataNodeType":"Protein","@type":["DataNode","Protein","datanode"],"gpmlType":"datanode","graphicalType":"path","datasourceReference":{"database":"Entrez Gene","id":"1017","organism":"Homo sapiens"},"unificationXref":"http://identifiers.org/ensembl/ENSG00000123374"},{"networkType":"node","nodeType":"DataNode","dataNodeType":"Protein","@type":["DataNode","Protein","datanode"],"gpmlType":"datanode","graphicalType":"path","datasourceReference":{"database":"Entrez Gene","id":"1027","organism":"Homo sapiens"},"unificationXref":"http://identifiers.org/ensembl/ENSG00000111276"},{"networkType":"node","nodeType":"DataNode","dataNodeType":"Protein","@type":["DataNode","Protein","datanode"],"gpmlType":"datanode","graphicalType":"path","datasourceReference":{"database":"Entrez Gene","id":"1051","organism":"Homo sapiens"},"unificationXref":"http://identifiers.org/ensembl/ENSG00000172216"},{"networkType":"node","nodeType":"DataNode","dataNodeType":"Protein","@type":["DataNode","Protein","datanode"],"gpmlType":"datanode","graphicalType":"path","datasourceReference":{"database":"Entrez Gene","id":"6194","organism":"Homo sapiens"},"unificationXref":"http://identifiers.org/ensembl/ENSG00000137154"},{"networkType":"node","nodeType":"DataNode","dataNodeType":"Protein","@type":["DataNode","Protein","datanode"],"gpmlType":"datanode","graphicalType":"path","datasourceReference":{"database":"Entrez Gene","id":"3726","organism":"Homo sapiens"},"unificationXref":"http://identifiers.org/ensembl/ENSG00000171223"},{"networkType":"node","nodeType":"DataNode","dataNodeType":"Protein","@type":["DataNode","Protein","datanode"],"gpmlType":"datanode","graphicalType":"path","datasourceReference":{"database":"Entrez Gene","id":"6774","organism":"Homo sapiens"},"unificationXref":"http://identifiers.org/ensembl/ENSG00000168610"},{"networkType":"node","nodeType":"DataNode","dataNodeType":"Protein","@type":["DataNode","Protein","datanode"],"gpmlType":"datanode","graphicalType":"path","datasourceReference":{"database":"Entrez Gene","id":"5580","organism":"Homo sapiens"},"unificationXref":"http://identifiers.org/ensembl/ENSG00000163932"},{"networkType":"node","nodeType":"DataNode","dataNodeType":"Protein","@type":["DataNode","Protein","datanode"],"gpmlType":"datanode","graphicalType":"path","datasourceReference":{"database":"Entrez Gene","id":"2475","organism":"Homo sapiens"},"unificationXref":"http://identifiers.org/ensembl/ENSG00000198793"},{"networkType":"node","nodeType":"DataNode","dataNodeType":"Rna","@type":["DataNode","Rna","datanode"],"gpmlType":"datanode","graphicalType":"path","datasourceReference":{"database":"Entrez Gene","id":"4322","organism":"Homo sapiens"},"unificationXref":"http://identifiers.org/ensembl/ENSG00000262325"},{"networkType":"node","nodeType":"DataNode","dataNodeType":"Rna","@type":["DataNode","Rna","datanode"],"gpmlType":"datanode","graphicalType":"path","datasourceReference":{"database":"Entrez Gene","id":"7157","organism":"Homo sapiens"},"unificationXref":"http://identifiers.org/ensembl/ENSG00000141510"},{"networkType":"node","nodeType":"DataNode","dataNodeType":"Protein","@type":["DataNode","Protein","datanode"],"gpmlType":"datanode","graphicalType":"path","datasourceReference":{"database":"Entrez Gene","id":"6772","organism":"Homo sapiens"},"unificationXref":"http://identifiers.org/ensembl/ENSG00000115415"},{"networkType":"node","nodeType":"DataNode","dataNodeType":"Protein","@type":["DataNode","Protein","datanode"],"gpmlType":"datanode","graphicalType":"path","datasourceReference":{"database":"Entrez Gene","id":"6777","organism":"Homo sapiens"},"unificationXref":"http://identifiers.org/ensembl/ENSG00000173757"},{"networkType":"node","nodeType":"DataNode","dataNodeType":"Protein","@type":["DataNode","Protein","datanode"],"gpmlType":"datanode","graphicalType":"path","datasourceReference":{"database":"Entrez Gene","id":"253260","organism":"Homo sapiens"},"unificationXref":"http://identifiers.org/ensembl/ENSG00000164327"},{"networkType":"node","nodeType":"DataNode","dataNodeType":"Protein","@type":["DataNode","Protein","datanode"],"gpmlType":"datanode","graphicalType":"path","datasourceReference":{"database":"Entrez Gene","id":"1385","organism":"Homo sapiens"},"unificationXref":"http://identifiers.org/ensembl/ENSG00000118260"},{"networkType":"node","nodeType":"DataNode","dataNodeType":"Rna","@type":["DataNode","Rna","datanode"],"gpmlType":"datanode","graphicalType":"path","datasourceReference":{"database":"Entrez Gene","id":"3491","organism":"Homo sapiens"},"unificationXref":"http://identifiers.org/ensembl/ENSG00000142871"},{"networkType":"node","nodeType":"DataNode","dataNodeType":"Protein","@type":["DataNode","Protein","datanode"],"gpmlType":"datanode","graphicalType":"path","datasourceReference":{"database":"Entrez Gene","id":"1958","organism":"Homo sapiens"},"unificationXref":"http://identifiers.org/ensembl/ENSG00000120738"},{"networkType":"node","nodeType":"DataNode","dataNodeType":"Rna","@type":["DataNode","Rna","datanode"],"gpmlType":"datanode","graphicalType":"path","datasourceReference":{"database":"Entrez Gene","id":"3949","organism":"Homo sapiens"},"unificationXref":"http://identifiers.org/ensembl/ENSG00000130164"},{"networkType":"node","nodeType":"DataNode","dataNodeType":"Rna","@type":["DataNode","Rna","datanode"],"gpmlType":"datanode","graphicalType":"path","datasourceReference":{"database":"Entrez Gene","id":"1958","organism":"Homo sapiens"},"unificationXref":"http://identifiers.org/ensembl/ENSG00000120738"},{"networkType":"node","nodeType":"DataNode","dataNodeType":"Rna","@type":["DataNode","Rna","datanode"],"gpmlType":"datanode","graphicalType":"path","datasourceReference":{"database":"Entrez Gene","id":"6347","organism":"Homo sapiens"},"unificationXref":"http://identifiers.org/ensembl/ENSG00000108691"},{"networkType":"node","nodeType":"DataNode","dataNodeType":"Rna","@type":["DataNode","Rna","datanode"],"gpmlType":"datanode","graphicalType":"path","datasourceReference":{"database":"Entrez Gene","id":"4312","organism":"Homo sapiens"},"unificationXref":"http://identifiers.org/ensembl/ENSG00000196611"},{"networkType":"node","nodeType":"DataNode","dataNodeType":"Rna","@type":["DataNode","Rna","datanode"],"gpmlType":"datanode","graphicalType":"path","datasourceReference":{"database":"Entrez Gene","id":"4314","organism":"Homo sapiens"},"unificationXref":"http://identifiers.org/ensembl/ENSG00000263313"},{"networkType":"node","nodeType":"DataNode","dataNodeType":"Protein","@type":["DataNode","Protein","datanode"],"gpmlType":"datanode","graphicalType":"path","datasourceReference":{"database":"Entrez Gene","id":"4790","organism":"Homo sapiens"},"unificationXref":"http://identifiers.org/ensembl/ENSG00000109320"},{"networkType":"node","nodeType":"DataNode","dataNodeType":"Protein","@type":["DataNode","Protein","datanode"],"gpmlType":"datanode","graphicalType":"path","datasourceReference":{"database":"Entrez Gene","id":"4792","organism":"Homo sapiens"},"unificationXref":"http://identifiers.org/ensembl/ENSG00000100906"},{"networkType":"node","nodeType":"DataNode","dataNodeType":"Protein","@type":["DataNode","Protein","datanode"],"gpmlType":"datanode","graphicalType":"path","datasourceReference":{"database":"Entrez Gene","id":"5970","organism":"Homo sapiens"},"unificationXref":"http://identifiers.org/ensembl/ENSG00000173039"},{"networkType":"node","nodeType":"DataNode","dataNodeType":"Protein","@type":["DataNode","Protein","datanode"],"gpmlType":"datanode","graphicalType":"path","datasourceReference":{"database":"Entrez Gene","id":"4790","organism":"Homo sapiens"},"unificationXref":"http://identifiers.org/ensembl/ENSG00000109320"},{"networkType":"node","nodeType":"DataNode","dataNodeType":"Rna","@type":["DataNode","Rna","datanode"],"gpmlType":"datanode","graphicalType":"path","datasourceReference":{"database":"Entrez Gene","id":"5054","organism":"Homo sapiens"},"unificationXref":"http://identifiers.org/ensembl/ENSG00000106366"},{"networkType":"node","nodeType":"DataNode","dataNodeType":"Rna","@type":["DataNode","Rna","datanode"],"gpmlType":"datanode","graphicalType":"path","datasourceReference":{"database":"Entrez Gene","id":"7078","organism":"Homo sapiens"},"unificationXref":"http://identifiers.org/ensembl/ENSG00000100234"},{"networkType":"node","nodeType":"DataNode","dataNodeType":"Protein","@type":["DataNode","Protein","datanode"],"gpmlType":"datanode","graphicalType":"path","datasourceReference":{"database":"Entrez Gene","id":"6777","organism":"Homo sapiens"},"unificationXref":"http://identifiers.org/ensembl/ENSG00000173757"},{"networkType":"node","nodeType":"DataNode","dataNodeType":"Protein","@type":["DataNode","Protein","datanode"],"gpmlType":"datanode","graphicalType":"path","datasourceReference":{"database":"Entrez Gene","id":"6774","organism":"Homo sapiens"},"unificationXref":"http://identifiers.org/ensembl/ENSG00000168610"},{"networkType":"node","nodeType":"DataNode","dataNodeType":"Protein","@type":["DataNode","Protein","datanode"],"gpmlType":"datanode","graphicalType":"path","datasourceReference":{"database":"Entrez Gene","id":"6772","organism":"Homo sapiens"},"unificationXref":"http://identifiers.org/ensembl/ENSG00000115415"},{"networkType":"node","nodeType":"DataNode","dataNodeType":"Protein","@type":["DataNode","Protein","datanode"],"gpmlType":"datanode","graphicalType":"path","datasourceReference":{"database":"Entrez Gene","id":"5595","organism":"Homo sapiens"},"unificationXref":"http://identifiers.org/ensembl/ENSG00000102882"},{"networkType":"node","nodeType":"DataNode","dataNodeType":"Protein","@type":["DataNode","Protein","datanode"],"gpmlType":"datanode","graphicalType":"path","datasourceReference":{"database":"Entrez Gene","id":"5594","organism":"Homo sapiens"},"unificationXref":"http://identifiers.org/ensembl/ENSG00000100030"},{"networkType":"node","nodeType":"DataNode","dataNodeType":"Protein","@type":["DataNode","Protein","datanode"],"gpmlType":"datanode","graphicalType":"path","datasourceReference":{"database":"Entrez Gene","id":"840","organism":"Homo sapiens"},"unificationXref":"http://identifiers.org/ensembl/ENSG00000165806"},{"networkType":"edge","gpmlType":"interaction","@type":["interaction"],"graphicalType":"path","markerEnd":"tBar","points":[{"x":535.0577531072686,"y":390.2149521975073,"isAttachedTo":"ae77e","RelX":-1,"anchor":[0,0.5,-1,0],"RelY":0},{"x":491.0156830715719,"y":390.2149521975073},{"x":491.0156830715719,"y":365.4590512920792,"isAttachedTo":"d344d","RelX":0.5,"anchor":[0.75,1,0,1],"RelY":1}],"interactionGraph":[{"id":"ae77e","interactsWith":"d344d"}],"interactionType":"t-bar"}],"xmlns":"http://pathvisio.org/GPML/2013a","version":"20120219","maintainer":"IOB and Pandey Lab","email":"info@ibioinformatics.org","lastModified":"10/17/2013","license":"Under Commons Creative License","name":"Oncostatin M Signaling Pathway","organism":"Homo sapiens","image":{"@context":{"@vocab":"http://schema.org/"},"width":1068.140133210256,"height":1548},"publicationXref":[],"id":"wpId:WP2374","revision":"73668"}}