{"@context":{"@vocab":"http://vocabularies.wikipathways.org/gpml#","@base":"wpId:WP2361","pathwayIri":"wpId:WP2361","ChEBI":"http://www.ebi.ac.uk/chebi/searchId.do?chebiId=","dataSource":"gpml:Data-Source","datasourceReference":"wp:DatasourceReference","Group":{"@container":"@list","@id":"gpml:Group"},"interaction":{"@id":"biopax:Interaction","@type":"@id"},"interactionType":{"@id":"biopax:InteractionType","@type":"@id"},"interactionGraph":{"@container":"@list","@type":"@id"},"lastModified":"gpml:Last-Modified","pathway":"biopax:Pathway","point":{"@container":"@list","@id":"gpml:Point"},"publicationXref":"biopax:PublicationXref","unificationXref":"biopax:UnificationXref","author":"schema:author","backgroundColor":"css2:colors.html#propdef-background-color","backgroundImage":"css2:colors.html#propdef-background-image","biopax":"http://www.biopax.org/release/biopax-level3.owl#","borderColor":"css2:box.html#propdef-border-color","borderStyle":"css2:box.html#propdef-border-style","borderWidth":"css2:box.html#propdef-border-width","boxSizing":{"@id":"css3Ui:box-sizing","@value":"border-box"},"color":"css2:colors.html#propdef-color","contains":{"@id":"ex:contains","@type":"@id"},"css2":"http://www.w3.org/TR/CSS2/","css3Ui":"http://www.w3.org/TR/css3-ui/#","cssTransform":"http://www.w3.org/TR/css-transforms-1/#","gpmlDataNodeType":"gpml:Type","dcterms":"http://puri.org/dc/terms/","entrezGene":"http://www.ncbi.nlm.nih.gov/gene/","ex":"http://www.example.org/","fontFamily":"css2:fonts.html#font-family-prop","fontSize":"css2:fonts.html#propdef-font-size","fontStyle":"css2:fonts.html#propdef-font-style","fontWeight":"css2:fonts.html#propdef-font-weight","gpml":"http://vocabularies.wikipathways.org/gpml#","gpmlFolder":"file://Users/andersriutta/Sites/pathvisiojs/test/gpml/","hMDB":"http://www.hmdb.ca/metabolites/HMDB","height":"css2:visudet.html#propdef-height","id":"@id","image":"schema:image","interactsWith":{"@id":"ex:interactsWith","@type":"@id"},"isContainedBy":{"@reverse":"ex:contains","@type":"@id"},"media":"http://www.w3.org/TR/mediaont-10/","name":"http://xmlns.com/foaf/0.1/name","organism":"biopax:organism","padding":"css2:box.html#propdef-padding","elements":{"@container":"@list","@id":"ex:pathwayElements/"},"position":"css2:visuren.html#propdef-position","rotate":"cssTransform:funcdef-rotate","schema":"http://schema.org/","shapeLibrary":"http://shapelibrary.example.org/","shape":"shapeLibrary:shape","stroke":"svg:painting.html#StrokeProperty","strokeWidth":"svg:painting.html#StrokeWidthProperty","svg":"http://www.w3.org/TR/SVG11/","textAlign":"css2:text.html#propdef-text-align","verticalAlign":"css2:visudet.html#propdef-vertical-align","width":"css2:visudet.html#propdef-width","wp":"http://vocabularies.wikipathways.org/wp#","wpId":"http://identifiers.org/wikipathways/","x":{"@id":"css2:visuren.html#propdef-left","@type":"xsd:integer"},"xsd":"http://www.w3.org/2001/XMLSchema#","y":"css2:visuren.html#propdef-top","zIndex":{"@id":"css2:z-index","@type":"xsd:integer"}},"wpId:WP2361":{"elements":[{"networkType":"node","nodeType":"DataNode","dataNodeType":"GeneProduct","@type":["DataNode","GeneProduct","datanode"],"gpmlType":"datanode","graphicalType":"path"},{"networkType":"node","nodeType":"DataNode","dataNodeType":"GeneProduct","@type":["DataNode","GeneProduct","datanode"],"gpmlType":"datanode","graphicalType":"path","datasourceReference":{"database":"Entrez Gene","id":"55125","organism":"Homo sapiens"},"unificationXref":"http://identifiers.org/ensembl/ENSG00000101639"},{"networkType":"node","nodeType":"DataNode","dataNodeType":"GeneProduct","@type":["DataNode","GeneProduct","datanode"],"gpmlType":"datanode","graphicalType":"path"},{"networkType":"node","nodeType":"DataNode","dataNodeType":"GeneProduct","@type":["DataNode","GeneProduct","datanode"],"gpmlType":"datanode","graphicalType":"path"},{"networkType":"node","nodeType":"DataNode","dataNodeType":"GeneProduct","@type":["DataNode","GeneProduct","datanode"],"gpmlType":"datanode","graphicalType":"path"},{"networkType":"node","nodeType":"DataNode","dataNodeType":"GeneProduct","@type":["DataNode","GeneProduct","datanode"],"gpmlType":"datanode","graphicalType":"path"},{"networkType":"node","nodeType":"DataNode","dataNodeType":"GeneProduct","@type":["DataNode","GeneProduct","datanode"],"gpmlType":"datanode","graphicalType":"path"},{"networkType":"edge","gpmlType":"interaction","@type":["interaction"],"graphicalType":"path","points":[{"x":99.33333333333331,"y":256,"isAttachedTo":"bf6e0","RelX":1,"anchor":[1,0.5,1,0],"RelY":0},{"x":188.33333333333337,"y":324,"isAttachedTo":"b80ca","RelX":-1,"anchor":[0,0.5,-1,0],"RelY":0}]},{"networkType":"edge","gpmlType":"interaction","@type":["interaction"],"graphicalType":"path","points":[{"x":484.25,"y":165,"isAttachedTo":"c29c8","RelX":0.5,"anchor":[0.75,0,0,-1],"RelY":-1},{"x":484.25,"y":145},{"x":454.75,"y":145},{"x":454.75,"y":165,"isAttachedTo":"c29c8","RelX":-0.5,"anchor":[0.25,0,0,-1],"RelY":-1}]},{"networkType":"edge","gpmlType":"interaction","@type":["interaction"],"graphicalType":"path","markerEnd":"arrow","points":[{"x":469.5,"y":185,"isAttachedTo":"c29c8","RelX":0,"anchor":[0.5,1,0,1],"RelY":1},{"x":546,"y":298,"isAttachedTo":"fe369","RelX":0,"anchor":[0.5,0,0,-1],"RelY":-1}],"interactionGraph":[{"id":"c29c8","interactsWith":"fe369"}],"interactionType":"gpml:Arrow"},{"networkType":"edge","gpmlType":"interaction","@type":["interaction"],"graphicalType":"path","markerEnd":"arrow","points":[{"x":544.75,"y":76,"isAttachedTo":"eade4","RelX":0.5,"anchor":[0.75,0,0,-1],"RelY":-1},{"x":544.75,"y":56},{"x":514.25,"y":56},{"x":514.25,"y":76,"isAttachedTo":"eade4","RelX":-0.5,"anchor":[0.25,0,0,-1],"RelY":-1}],"interactionGraph":[{"id":"eade4","interactsWith":"eade4"}],"interactionType":"gpml:Arrow"},{"networkType":"edge","gpmlType":"interaction","@type":["interaction"],"graphicalType":"path","markerEnd":"tBar","points":[{"x":546,"y":298,"isAttachedTo":"fe369","RelX":0,"anchor":[0.5,0,0,-1],"RelY":-1},{"x":529.5,"y":96,"isAttachedTo":"eade4","RelX":0,"anchor":[0.5,1,0,1],"RelY":1}],"interactionGraph":[{"id":"fe369","interactsWith":"eade4"}],"interactionType":"t-bar"},{"networkType":"edge","gpmlType":"interaction","@type":["interaction"],"graphicalType":"path","markerEnd":"arrow","points":[{"x":689,"y":260,"isAttachedTo":"ab9da","RelX":-1,"anchor":[0,0.5,-1,0],"RelY":0},{"x":484.25,"y":185,"isAttachedTo":"c29c8","RelX":0.5,"anchor":[0.75,1,0,1],"RelY":1}],"interactionGraph":[{"id":"ab9da","interactsWith":"c29c8"}],"interactionType":"gpml:Arrow"},{"networkType":"edge","gpmlType":"interaction","@type":["interaction"],"graphicalType":"path","markerEnd":"arrow","points":[{"x":749,"y":249,"isAttachedTo":"ab9da","RelX":0.5,"anchor":[0.75,0,0,-1],"RelY":-1},{"x":749,"y":229},{"x":709,"y":229},{"x":709,"y":249,"isAttachedTo":"ab9da","RelX":-0.5,"anchor":[0.25,0,0,-1],"RelY":-1}],"interactionGraph":[{"id":"ab9da","interactsWith":"ab9da"}],"interactionType":"gpml:Arrow"},{"networkType":"edge","gpmlType":"interaction","@type":["interaction"],"graphicalType":"path","markerEnd":"arrow","points":[{"x":718.5,"y":130,"isAttachedTo":"fe7cf","RelX":0,"anchor":[0.5,1,0,1],"RelY":1},{"x":729,"y":249,"isAttachedTo":"ab9da","RelX":0,"anchor":[0.5,0,0,-1],"RelY":-1}],"interactionGraph":[{"id":"fe7cf","interactsWith":"ab9da"}],"interactionType":"gpml:Arrow"},{"networkType":"edge","gpmlType":"interaction","@type":["interaction"],"graphicalType":"path","points":[{"x":734.25,"y":110,"isAttachedTo":"fe7cf","RelX":0.5,"anchor":[0.75,0,0,-1],"RelY":-1},{"x":734.25,"y":90},{"x":702.75,"y":90},{"x":702.75,"y":110,"isAttachedTo":"fe7cf","RelX":-0.5,"anchor":[0.25,0,0,-1],"RelY":-1}]},{"networkType":"edge","gpmlType":"interaction","@type":["interaction"],"graphicalType":"path","markerEnd":"arrow","points":[{"x":855.5,"y":142,"isAttachedTo":"d0a78","RelX":0,"anchor":[0.5,1,0,1],"RelY":1},{"x":749,"y":249,"isAttachedTo":"ab9da","RelX":0.5,"anchor":[0.75,0,0,-1],"RelY":-1}],"interactionGraph":[{"id":"d0a78","interactsWith":"ab9da"}],"interactionType":"gpml:Arrow"},{"networkType":"edge","gpmlType":"interaction","@type":["interaction"],"graphicalType":"path","points":[{"x":871.75,"y":122,"isAttachedTo":"d0a78","RelX":0.5,"anchor":[0.75,0,0,-1],"RelY":-1},{"x":871.75,"y":102},{"x":839.25,"y":102},{"x":839.25,"y":122,"isAttachedTo":"d0a78","RelX":-0.5,"anchor":[0.25,0,0,-1],"RelY":-1}]},{"networkType":"edge","gpmlType":"interaction","@type":["interaction"],"graphicalType":"path","points":[{"x":855.5,"y":142,"isAttachedTo":"d0a78","RelX":0,"anchor":[0.5,1,0,1],"RelY":1},{"x":882,"y":226,"isAttachedTo":"dd7df","RelX":0,"anchor":[0.5,0,0,-1],"RelY":-1}]},{"networkType":"edge","gpmlType":"interaction","@type":["interaction"],"graphicalType":"path","points":[{"x":896,"y":226,"isAttachedTo":"dd7df","RelX":0.5,"anchor":[0.75,0,0,-1],"RelY":-1},{"x":896,"y":206},{"x":868,"y":206},{"x":868,"y":226,"isAttachedTo":"dd7df","RelX":-0.5,"anchor":[0.25,0,0,-1],"RelY":-1}]},{"networkType":"edge","gpmlType":"interaction","@type":["interaction"],"graphicalType":"path","points":[{"x":892.5,"y":296,"isAttachedTo":"f88c7","RelX":0,"anchor":[0.5,0,0,-1],"RelY":-1},{"x":882,"y":246,"isAttachedTo":"dd7df","RelX":0,"anchor":[0.5,1,0,1],"RelY":1}]},{"networkType":"edge","gpmlType":"interaction","@type":["interaction"],"graphicalType":"path","points":[{"x":1072.5,"y":314,"isAttachedTo":"f0abe","RelX":0,"anchor":[0.5,1,0,1],"RelY":1},{"x":1009.5,"y":389,"isAttachedTo":"edd7e","RelX":0,"anchor":[0.5,0,0,-1],"RelY":-1}]},{"networkType":"edge","gpmlType":"interaction","@type":["interaction"],"graphicalType":"path","markerEnd":"arrow","points":[{"x":824,"y":423,"isAttachedTo":"da8de","RelX":0.5,"anchor":[0.75,0,0,-1],"RelY":-1},{"x":1044,"y":304,"isAttachedTo":"f0abe","RelX":-1,"anchor":[0,0.5,-1,0],"RelY":0}],"interactionGraph":[{"id":"da8de","interactsWith":"f0abe"}],"interactionType":"gpml:Arrow"},{"networkType":"edge","gpmlType":"interaction","@type":["interaction"],"graphicalType":"path","points":[{"x":892.5,"y":316,"isAttachedTo":"f88c7","RelX":0,"anchor":[0.5,1,0,1],"RelY":1},{"x":812,"y":423,"isAttachedTo":"da8de","RelX":0,"anchor":[0.5,0,0,-1],"RelY":-1}]},{"networkType":"edge","gpmlType":"interaction","@type":["interaction"],"graphicalType":"path","markerEnd":"arrow","points":[{"x":960,"y":528,"isAttachedTo":"a73c0","RelX":1,"anchor":[1,0.5,1,0],"RelY":0},{"x":1069,"y":461,"isAttachedTo":"e0a6b","RelX":-1,"anchor":[0,0.5,-1,0],"RelY":0}],"interactionGraph":[{"id":"a73c0","interactsWith":"e0a6b"}],"interactionType":"gpml:Arrow"},{"networkType":"edge","gpmlType":"interaction","@type":["interaction"],"graphicalType":"path","markerEnd":"arrow","points":[{"x":926.5,"y":538,"isAttachedTo":"a73c0","RelX":0,"anchor":[0.5,1,0,1],"RelY":1},{"x":882,"y":661,"isAttachedTo":"f2738","RelX":0,"anchor":[0.5,0,0,-1],"RelY":-1}],"interactionGraph":[{"id":"a73c0","interactsWith":"f2738"}],"interactionType":"gpml:Arrow"},{"networkType":"edge","gpmlType":"interaction","@type":["interaction"],"graphicalType":"path","points":[{"x":822,"y":547,"isAttachedTo":"c4991","RelX":0.5,"anchor":[0.75,1,0,1],"RelY":1},{"x":974,"y":629,"isAttachedTo":"d7e99","RelX":-1,"anchor":[0,0.5,-1,0],"RelY":0}]},{"networkType":"edge","gpmlType":"interaction","@type":["interaction"],"graphicalType":"path","markerEnd":"arrow","points":[{"x":812,"y":443,"isAttachedTo":"da8de","RelX":0,"anchor":[0.5,1,0,1],"RelY":1},{"x":805,"y":527,"isAttachedTo":"c4991","RelX":0,"anchor":[0.5,0,0,-1],"RelY":-1}],"interactionGraph":[{"id":"da8de","interactsWith":"c4991"}],"interactionType":"gpml:Arrow"},{"networkType":"edge","gpmlType":"interaction","@type":["interaction"],"graphicalType":"path","markerEnd":"arrow","points":[{"x":749,"y":271,"isAttachedTo":"ab9da","RelX":0.5,"anchor":[0.75,1,0,1],"RelY":1},{"x":909.75,"y":518,"isAttachedTo":"a73c0","RelX":-0.5,"anchor":[0.25,0,0,-1],"RelY":-1}],"interactionGraph":[{"id":"ab9da","interactsWith":"a73c0"}],"interactionType":"gpml:Arrow"},{"networkType":"edge","gpmlType":"interaction","@type":["interaction"],"graphicalType":"path","points":[{"x":719.5,"y":609,"isAttachedTo":"ada63","RelX":0,"anchor":[0.5,1,0,1],"RelY":1},{"x":736,"y":715,"isAttachedTo":"fca75","RelX":0,"anchor":[0.5,0,0,-1],"RelY":-1}]},{"networkType":"edge","gpmlType":"interaction","@type":["interaction"],"graphicalType":"path","points":[{"x":729,"y":271,"isAttachedTo":"ab9da","RelX":0,"anchor":[0.5,1,0,1],"RelY":1},{"x":699,"y":339,"isAttachedTo":"a76c3","RelX":0,"anchor":[0.5,0,0,-1],"RelY":-1}]},{"networkType":"edge","gpmlType":"interaction","@type":["interaction"],"graphicalType":"path","markerEnd":"arrow","points":[{"x":577,"y":308,"isAttachedTo":"fe369","RelX":1,"anchor":[1,0.5,1,0],"RelY":0},{"x":667,"y":349,"isAttachedTo":"a76c3","RelX":-1,"anchor":[0,0.5,-1,0],"RelY":0}],"interactionGraph":[{"id":"fe369","interactsWith":"a76c3"}],"interactionType":"gpml:Arrow"},{"networkType":"edge","gpmlType":"interaction","@type":["interaction"],"graphicalType":"path","markerEnd":"arrow","points":[{"x":715,"y":339,"isAttachedTo":"a76c3","RelX":0.5,"anchor":[0.75,0,0,-1],"RelY":-1},{"x":715,"y":319},{"x":683,"y":319},{"x":683,"y":339,"isAttachedTo":"a76c3","RelX":-0.5,"anchor":[0.25,0,0,-1],"RelY":-1}],"interactionGraph":[{"id":"a76c3","interactsWith":"a76c3"}],"interactionType":"gpml:Arrow"},{"networkType":"edge","gpmlType":"interaction","@type":["interaction"],"graphicalType":"path","markerEnd":"arrow","points":[{"x":546,"y":318,"isAttachedTo":"fe369","RelX":0,"anchor":[0.5,1,0,1],"RelY":1},{"x":607.5,"y":431,"isAttachedTo":"cd0cd","RelX":-0.5,"anchor":[0.25,0,0,-1],"RelY":-1}],"interactionGraph":[{"id":"fe369","interactsWith":"cd0cd"}],"interactionType":"gpml:Arrow"},{"networkType":"edge","gpmlType":"interaction","@type":["interaction"],"graphicalType":"path","markerEnd":"arrow","points":[{"x":788,"y":433,"isAttachedTo":"da8de","RelX":-1,"anchor":[0,0.5,-1,0],"RelY":0},{"x":578,"y":509,"isAttachedTo":"c2e56","RelX":1,"anchor":[1,0.5,1,0],"RelY":0}],"interactionGraph":[{"id":"da8de","interactsWith":"c2e56"}],"interactionType":"gpml:Arrow"},{"networkType":"edge","gpmlType":"interaction","@type":["interaction"],"graphicalType":"path","points":[{"x":526.25,"y":499,"isAttachedTo":"c2e56","RelX":-0.5,"anchor":[0.25,0,0,-1],"RelY":-1},{"x":526.25,"y":479},{"x":560.75,"y":479},{"x":560.75,"y":499,"isAttachedTo":"c2e56","RelX":0.5,"anchor":[0.75,0,0,-1],"RelY":-1}]},{"networkType":"edge","gpmlType":"interaction","@type":["interaction"],"graphicalType":"path","points":[{"x":546,"y":318,"isAttachedTo":"fe369","RelX":0,"anchor":[0.5,1,0,1],"RelY":1},{"x":543.5,"y":499,"isAttachedTo":"c2e56","RelX":0,"anchor":[0.5,0,0,-1],"RelY":-1}]},{"networkType":"edge","gpmlType":"interaction","@type":["interaction"],"graphicalType":"path","points":[{"x":543.5,"y":519,"isAttachedTo":"c2e56","RelX":0,"anchor":[0.5,1,0,1],"RelY":1},{"x":534,"y":694,"isAttachedTo":"e25cc","RelX":0,"anchor":[0.5,0,0,-1],"RelY":-1}]},{"networkType":"edge","gpmlType":"interaction","@type":["interaction"],"graphicalType":"path","markerEnd":"arrow","points":[{"x":416,"y":649,"isAttachedTo":"dc454","RelX":0.5,"anchor":[0.75,0,0,-1],"RelY":-1},{"x":543.5,"y":519,"isAttachedTo":"c2e56","RelX":0,"anchor":[0.5,1,0,1],"RelY":1}],"interactionGraph":[{"id":"dc454","interactsWith":"c2e56"}],"interactionType":"gpml:Arrow"},{"networkType":"edge","gpmlType":"interaction","@type":["interaction"],"graphicalType":"path","markerEnd":"arrow","points":[{"x":625,"y":451,"isAttachedTo":"cd0cd","RelX":0,"anchor":[0.5,1,0,1],"RelY":1},{"x":585.5,"y":594,"isAttachedTo":"f2573","RelX":0,"anchor":[0.5,0,0,-1],"RelY":-1}],"interactionGraph":[{"id":"cd0cd","interactsWith":"f2573"}],"interactionType":"gpml:Arrow"},{"networkType":"edge","gpmlType":"interaction","@type":["interaction"],"graphicalType":"path","markerEnd":"arrow","points":[{"x":251,"y":550,"isAttachedTo":"ebc41","RelX":1,"anchor":[1,0.5,1,0],"RelY":0},{"x":552,"y":604,"isAttachedTo":"f2573","RelX":-1,"anchor":[0,0.5,-1,0],"RelY":0}],"interactionGraph":[{"id":"ebc41","interactsWith":"f2573"}],"interactionType":"gpml:Arrow"},{"networkType":"edge","gpmlType":"interaction","@type":["interaction"],"graphicalType":"path","markerEnd":"arrow","points":[{"x":552,"y":604,"isAttachedTo":"f2573","RelX":-1,"anchor":[0,0.5,-1,0],"RelY":0},{"x":427,"y":546,"isAttachedTo":"f0b4a","RelX":1,"anchor":[1,0.5,1,0],"RelY":0}],"interactionGraph":[{"id":"f2573","interactsWith":"f0b4a"}],"interactionType":"gpml:Arrow"},{"networkType":"edge","gpmlType":"interaction","@type":["interaction"],"graphicalType":"path","markerEnd":"arrow","points":[{"x":552,"y":604,"isAttachedTo":"f2573","RelX":-1,"anchor":[0,0.5,-1,0],"RelY":0},{"x":414,"y":449,"isAttachedTo":"e1c35","RelX":0.5,"anchor":[0.75,1,0,1],"RelY":1}],"interactionGraph":[{"id":"f2573","interactsWith":"e1c35"}],"interactionType":"gpml:Arrow"},{"networkType":"edge","gpmlType":"interaction","@type":["interaction"],"graphicalType":"path","markerEnd":"arrow","points":[{"x":251,"y":550,"isAttachedTo":"ebc41","RelX":1,"anchor":[1,0.5,1,0],"RelY":0},{"x":367,"y":546,"isAttachedTo":"f0b4a","RelX":-1,"anchor":[0,0.5,-1,0],"RelY":0}],"interactionGraph":[{"id":"ebc41","interactsWith":"f0b4a"}],"interactionType":"gpml:Arrow"},{"networkType":"edge","gpmlType":"interaction","@type":["interaction"],"graphicalType":"path","points":[{"x":431,"y":439,"isAttachedTo":"e1c35","RelX":1,"anchor":[1,0.5,1,0],"RelY":0},{"x":771,"y":537,"isAttachedTo":"c4991","RelX":-1,"anchor":[0,0.5,-1,0],"RelY":0}]},{"networkType":"edge","gpmlType":"interaction","@type":["interaction"],"graphicalType":"path","points":[{"x":398.5,"y":354,"isAttachedTo":"f194a","RelX":0,"anchor":[0.5,1,0,1],"RelY":1},{"x":397,"y":429,"isAttachedTo":"e1c35","RelX":0,"anchor":[0.5,0,0,-1],"RelY":-1}]},{"networkType":"edge","gpmlType":"interaction","@type":["interaction"],"graphicalType":"path","points":[{"x":515,"y":308,"isAttachedTo":"fe369","RelX":-1,"anchor":[0,0.5,-1,0],"RelY":0},{"x":412.75,"y":334,"isAttachedTo":"f194a","RelX":0.5,"anchor":[0.75,0,0,-1],"RelY":-1}]},{"networkType":"edge","gpmlType":"interaction","@type":["interaction"],"graphicalType":"path","markerEnd":"arrow","points":[{"x":667,"y":349,"isAttachedTo":"a76c3","RelX":-1,"anchor":[0,0.5,-1,0],"RelY":0},{"x":427,"y":344,"isAttachedTo":"f194a","RelX":1,"anchor":[1,0.5,1,0],"RelY":0}],"interactionGraph":[{"id":"a76c3","interactsWith":"f194a"}],"interactionType":"gpml:Arrow"},{"networkType":"edge","gpmlType":"interaction","@type":["interaction"],"graphicalType":"path","points":[{"x":249,"y":324,"isAttachedTo":"b80ca","RelX":1,"anchor":[1,0.5,1,0],"RelY":0},{"x":480,"y":405,"isAttachedTo":"ac5fe","RelX":-1,"anchor":[0,0.5,-1,0],"RelY":0}]},{"networkType":"edge","gpmlType":"interaction","@type":["interaction"],"graphicalType":"path","points":[{"x":363,"y":439,"isAttachedTo":"e1c35","RelX":-1,"anchor":[0,0.5,-1,0],"RelY":0},{"x":203,"y":449.5,"isAttachedTo":"dd4bd","RelX":1,"anchor":[1,0.5,1,0],"RelY":0}]},{"networkType":"edge","gpmlType":"interaction","@type":["interaction"],"graphicalType":"path","markerEnd":"arrow","points":[{"x":233.83333333333334,"y":334,"isAttachedTo":"b80ca","RelX":0.5,"anchor":[0.75,1,0,1],"RelY":1},{"x":367,"y":546,"isAttachedTo":"f0b4a","RelX":-1,"anchor":[0,0.5,-1,0],"RelY":0}],"interactionGraph":[{"id":"b80ca","interactsWith":"f0b4a"}],"interactionType":"gpml:Arrow"},{"networkType":"edge","gpmlType":"interaction","@type":["interaction"],"graphicalType":"path","markerEnd":"arrow","points":[{"x":218.66666666666669,"y":334,"isAttachedTo":"b80ca","RelX":0,"anchor":[0.5,1,0,1],"RelY":1},{"x":220,"y":540,"isAttachedTo":"ebc41","RelX":0,"anchor":[0.5,0,0,-1],"RelY":-1}],"interactionGraph":[{"id":"b80ca","interactsWith":"ebc41"}],"interactionType":"gpml:Arrow"},{"networkType":"edge","gpmlType":"interaction","@type":["interaction"],"graphicalType":"path","markerEnd":"arrow","points":[{"x":397,"y":449,"isAttachedTo":"e1c35","RelX":0,"anchor":[0.5,1,0,1],"RelY":1},{"x":397,"y":536,"isAttachedTo":"f0b4a","RelX":0,"anchor":[0.5,0,0,-1],"RelY":-1}],"interactionGraph":[{"id":"e1c35","interactsWith":"f0b4a"}],"interactionType":"gpml:Arrow"},{"networkType":"edge","gpmlType":"interaction","@type":["interaction"],"graphicalType":"path","markerEnd":"arrow","points":[{"x":590,"y":441,"isAttachedTo":"cd0cd","RelX":-1,"anchor":[0,0.5,-1,0],"RelY":0},{"x":412,"y":536}]},{"networkType":"edge","gpmlType":"interaction","@type":["interaction"],"graphicalType":"path","markerEnd":"arrow","points":[{"x":824,"y":423,"isAttachedTo":"da8de","RelX":0.5,"anchor":[0.75,0,0,-1],"RelY":-1},{"x":868,"y":246,"isAttachedTo":"dd7df","RelX":-0.5,"anchor":[0.25,1,0,1],"RelY":1}],"interactionGraph":[{"id":"da8de","interactsWith":"dd7df"}],"interactionType":"gpml:Arrow"},{"networkType":"edge","gpmlType":"interaction","@type":["interaction"],"graphicalType":"path","points":[{"x":892.5,"y":316,"isAttachedTo":"f88c7","RelX":0,"anchor":[0.5,1,0,1],"RelY":1},{"x":994.75,"y":389,"isAttachedTo":"edd7e","RelX":-0.5,"anchor":[0.25,0,0,-1],"RelY":-1}]},{"networkType":"edge","gpmlType":"interaction","@type":["interaction"],"graphicalType":"path","points":[{"x":171.16666666666669,"y":232,"isAttachedTo":"e5f1c","RelX":0,"anchor":[0.5,1,0,1],"RelY":1},{"x":203.50000000000003,"y":314,"isAttachedTo":"b80ca","RelX":-0.5,"anchor":[0.25,0,0,-1],"RelY":-1}]},{"networkType":"edge","gpmlType":"interaction","@type":["interaction"],"graphicalType":"path","points":[{"x":100.33333333333331,"y":369,"isAttachedTo":"e24bb","RelX":1,"anchor":[1,0.5,1,0],"RelY":0},{"x":188.33333333333337,"y":324,"isAttachedTo":"b80ca","RelX":-1,"anchor":[0,0.5,-1,0],"RelY":0}]},{"networkType":"edge","gpmlType":"interaction","@type":["interaction"],"graphicalType":"path","points":[{"x":71.66666666666666,"y":266,"isAttachedTo":"bf6e0","RelX":0,"anchor":[0.5,1,0,1],"RelY":1},{"x":71.16666666666666,"y":359,"isAttachedTo":"e24bb","RelX":0,"anchor":[0.5,0,0,-1],"RelY":-1}]},{"networkType":"edge","gpmlType":"interaction","@type":["interaction"],"graphicalType":"path","points":[{"x":171,"y":440,"isAttachedTo":"dd4bd","RelX":0,"anchor":[0.5,0,0,-1],"RelY":-1},{"x":203.50000000000003,"y":334,"isAttachedTo":"b80ca","RelX":-0.5,"anchor":[0.25,1,0,1],"RelY":1}]},{"networkType":"edge","gpmlType":"interaction","@type":["interaction"],"graphicalType":"path","points":[{"x":171.16666666666669,"y":232,"isAttachedTo":"e5f1c","RelX":0,"anchor":[0.5,1,0,1],"RelY":1},{"x":171,"y":440,"isAttachedTo":"dd4bd","RelX":0,"anchor":[0.5,0,0,-1],"RelY":-1}]},{"networkType":"edge","gpmlType":"interaction","@type":["interaction"],"graphicalType":"path","points":[{"x":71.16666666666666,"y":359,"isAttachedTo":"e24bb","RelX":0,"anchor":[0.5,0,0,-1],"RelY":-1},{"x":171.16666666666669,"y":232,"isAttachedTo":"e5f1c","RelX":0,"anchor":[0.5,1,0,1],"RelY":1}]},{"networkType":"node","nodeType":"DataNode","dataNodeType":"GeneProduct","@type":["DataNode","GeneProduct","datanode"],"gpmlType":"datanode","graphicalType":"path"},{"networkType":"edge","gpmlType":"interaction","@type":["interaction"],"graphicalType":"path","points":[{"x":203.50000000000003,"y":314,"isAttachedTo":"b80ca","RelX":-0.5,"anchor":[0.25,0,0,-1],"RelY":-1},{"x":203.50000000000003,"y":294},{"x":233.83333333333334,"y":294},{"x":233.83333333333334,"y":314,"isAttachedTo":"b80ca","RelX":0.5,"anchor":[0.75,0,0,-1],"RelY":-1}]},{"networkType":"edge","gpmlType":"interaction","@type":["interaction"],"graphicalType":"path","points":[{"x":233.83333333333334,"y":314,"isAttachedTo":"b80ca","RelX":0.5,"anchor":[0.75,0,0,-1],"RelY":-1},{"x":469.5,"y":185,"isAttachedTo":"c29c8","RelX":0,"anchor":[0.5,1,0,1],"RelY":1}]},{"networkType":"edge","gpmlType":"interaction","@type":["interaction"],"graphicalType":"path","markerEnd":"arrow","points":[{"x":353.66666666666663,"y":112,"isAttachedTo":"fee2e","RelX":0,"anchor":[0.5,1,0,1],"RelY":1},{"x":530.5,"y":298,"isAttachedTo":"fe369","RelX":-0.5,"anchor":[0.25,0,0,-1],"RelY":-1}],"interactionGraph":[{"id":"fee2e","interactsWith":"fe369"}],"interactionType":"gpml:Arrow"},{"networkType":"edge","gpmlType":"interaction","@type":["interaction"],"graphicalType":"path","points":[{"x":337.99999999999994,"y":92,"isAttachedTo":"fee2e","RelX":-0.5,"anchor":[0.25,0,0,-1],"RelY":-1},{"x":337.99999999999994,"y":72},{"x":369.3333333333333,"y":72},{"x":369.3333333333333,"y":92,"isAttachedTo":"fee2e","RelX":0.5,"anchor":[0.75,0,0,-1],"RelY":-1}]},{"networkType":"edge","gpmlType":"interaction","@type":["interaction"],"graphicalType":"path","markerEnd":"arrow","points":[{"x":836,"y":433,"isAttachedTo":"da8de","RelX":1,"anchor":[1,0.5,1,0],"RelY":0},{"x":980,"y":399,"isAttachedTo":"edd7e","RelX":-1,"anchor":[0,0.5,-1,0],"RelY":0}],"interactionGraph":[{"id":"da8de","interactsWith":"edd7e"}],"interactionType":"gpml:Arrow"},{"networkType":"edge","gpmlType":"interaction","@type":["interaction"],"graphicalType":"path","markerEnd":"arrow","points":[{"x":836,"y":433,"isAttachedTo":"da8de","RelX":1,"anchor":[1,0.5,1,0],"RelY":0},{"x":1069,"y":461,"isAttachedTo":"e0a6b","RelX":-1,"anchor":[0,0.5,-1,0],"RelY":0}],"interactionGraph":[{"id":"da8de","interactsWith":"e0a6b"}],"interactionType":"gpml:Arrow"},{"networkType":"edge","gpmlType":"interaction","@type":["interaction"],"graphicalType":"path","markerEnd":"arrow","points":[{"x":729,"y":271,"isAttachedTo":"ab9da","RelX":0,"anchor":[0.5,1,0,1],"RelY":1},{"x":800,"y":423,"isAttachedTo":"da8de","RelX":-0.5,"anchor":[0.25,0,0,-1],"RelY":-1}],"interactionGraph":[{"id":"ab9da","interactsWith":"da8de"}],"interactionType":"gpml:Arrow"},{"networkType":"edge","gpmlType":"interaction","@type":["interaction"],"graphicalType":"path","markerEnd":"arrow","points":[{"x":812,"y":443,"isAttachedTo":"da8de","RelX":0,"anchor":[0.5,1,0,1],"RelY":1},{"x":926.5,"y":518,"isAttachedTo":"a73c0","RelX":0,"anchor":[0.5,0,0,-1],"RelY":-1}],"interactionGraph":[{"id":"da8de","interactsWith":"a73c0"}],"interactionType":"gpml:Arrow"},{"networkType":"edge","gpmlType":"interaction","@type":["interaction"],"graphicalType":"path","markerEnd":"arrow","points":[{"x":824,"y":423,"isAttachedTo":"da8de","RelX":0.5,"anchor":[0.75,0,0,-1],"RelY":-1},{"x":824,"y":403},{"x":800,"y":403},{"x":800,"y":423,"isAttachedTo":"da8de","RelX":-0.5,"anchor":[0.25,0,0,-1],"RelY":-1}],"interactionGraph":[{"id":"da8de","interactsWith":"da8de"}],"interactionType":"gpml:Arrow"},{"networkType":"edge","gpmlType":"interaction","@type":["interaction"],"graphicalType":"path","markerEnd":"arrow","points":[{"x":943.25,"y":518,"isAttachedTo":"a73c0","RelX":0.5,"anchor":[0.75,0,0,-1],"RelY":-1},{"x":943.25,"y":498},{"x":909.75,"y":498},{"x":909.75,"y":518,"isAttachedTo":"a73c0","RelX":-0.5,"anchor":[0.25,0,0,-1],"RelY":-1}],"interactionGraph":[{"id":"a73c0","interactsWith":"a73c0"}],"interactionType":"gpml:Arrow"},{"networkType":"edge","gpmlType":"interaction","@type":["interaction"],"graphicalType":"path","points":[{"x":1009.5,"y":409,"isAttachedTo":"edd7e","RelX":0,"anchor":[0.5,1,0,1],"RelY":1},{"x":1006.5,"y":619,"isAttachedTo":"d7e99","RelX":0,"anchor":[0.5,0,0,-1],"RelY":-1}]},{"networkType":"edge","gpmlType":"interaction","@type":["interaction"],"graphicalType":"path","points":[{"x":1022.75,"y":619,"isAttachedTo":"d7e99","RelX":0.5,"anchor":[0.75,0,0,-1],"RelY":-1},{"x":1022.75,"y":599},{"x":990.25,"y":599},{"x":990.25,"y":619,"isAttachedTo":"d7e99","RelX":-0.5,"anchor":[0.25,0,0,-1],"RelY":-1}]},{"networkType":"edge","gpmlType":"interaction","@type":["interaction"],"graphicalType":"path","markerEnd":"arrow","points":[{"x":805,"y":527,"isAttachedTo":"c4991","RelX":0,"anchor":[0.5,0,0,-1],"RelY":-1},{"x":729,"y":271,"isAttachedTo":"ab9da","RelX":0,"anchor":[0.5,1,0,1],"RelY":1}],"interactionGraph":[{"id":"c4991","interactsWith":"ab9da"}],"interactionType":"gpml:Arrow"},{"networkType":"edge","gpmlType":"interaction","@type":["interaction"],"graphicalType":"path","markerEnd":"arrow","points":[{"x":893,"y":528,"isAttachedTo":"a73c0","RelX":-1,"anchor":[0,0.5,-1,0],"RelY":0},{"x":660,"y":441,"isAttachedTo":"cd0cd","RelX":1,"anchor":[1,0.5,1,0],"RelY":0}],"interactionGraph":[{"id":"a73c0","interactsWith":"cd0cd"}],"interactionType":"gpml:Arrow"},{"networkType":"edge","gpmlType":"interaction","@type":["interaction"],"graphicalType":"path","markerEnd":"arrow","points":[{"x":878.75,"y":316,"isAttachedTo":"f88c7","RelX":-0.5,"anchor":[0.25,1,0,1],"RelY":1},{"x":642.5,"y":431,"isAttachedTo":"cd0cd","RelX":0.5,"anchor":[0.75,0,0,-1],"RelY":-1}],"interactionGraph":[{"id":"f88c7","interactsWith":"cd0cd"}],"interactionType":"gpml:Arrow"},{"networkType":"edge","gpmlType":"interaction","@type":["interaction"],"graphicalType":"path","markerEnd":"arrow","points":[{"x":642.5,"y":451,"isAttachedTo":"cd0cd","RelX":0.5,"anchor":[0.75,1,0,1],"RelY":1},{"x":719.5,"y":589,"isAttachedTo":"ada63","RelX":0,"anchor":[0.5,0,0,-1],"RelY":-1}],"interactionGraph":[{"id":"cd0cd","interactsWith":"ada63"}],"interactionType":"gpml:Arrow"},{"networkType":"edge","gpmlType":"interaction","@type":["interaction"],"graphicalType":"path","markerEnd":"arrow","points":[{"x":715,"y":339,"isAttachedTo":"a76c3","RelX":0.5,"anchor":[0.75,0,0,-1],"RelY":-1},{"x":854,"y":236,"isAttachedTo":"dd7df","RelX":-1,"anchor":[0,0.5,-1,0],"RelY":0}],"interactionGraph":[{"id":"a76c3","interactsWith":"dd7df"}],"interactionType":"gpml:Arrow"},{"networkType":"edge","gpmlType":"interaction","@type":["interaction"],"graphicalType":"path","markerEnd":"arrow","points":[{"x":731,"y":349,"isAttachedTo":"a76c3","RelX":1,"anchor":[1,0.5,1,0],"RelY":0},{"x":980,"y":399,"isAttachedTo":"edd7e","RelX":-1,"anchor":[0,0.5,-1,0],"RelY":0}],"interactionGraph":[{"id":"a76c3","interactsWith":"edd7e"}],"interactionType":"gpml:Arrow"},{"networkType":"edge","gpmlType":"interaction","@type":["interaction"],"graphicalType":"path","markerEnd":"arrow","points":[{"x":699,"y":359,"isAttachedTo":"a76c3","RelX":0,"anchor":[0.5,1,0,1],"RelY":1},{"x":625,"y":431,"isAttachedTo":"cd0cd","RelX":0,"anchor":[0.5,0,0,-1],"RelY":-1}],"interactionGraph":[{"id":"a76c3","interactsWith":"cd0cd"}],"interactionType":"gpml:Arrow"},{"networkType":"edge","gpmlType":"interaction","@type":["interaction"],"graphicalType":"path","markerEnd":"tBar","points":[{"x":561.5,"y":318,"isAttachedTo":"fe369","RelX":0.5,"anchor":[0.75,1,0,1],"RelY":1},{"x":625,"y":431,"isAttachedTo":"cd0cd","RelX":0,"anchor":[0.5,0,0,-1],"RelY":-1}],"interactionGraph":[{"id":"fe369","interactsWith":"cd0cd"}],"interactionType":"t-bar"},{"networkType":"edge","gpmlType":"interaction","@type":["interaction"],"graphicalType":"path","markerEnd":"arrow","points":[{"x":699,"y":359,"isAttachedTo":"a76c3","RelX":0,"anchor":[0.5,1,0,1],"RelY":1},{"x":719.5,"y":589,"isAttachedTo":"ada63","RelX":0,"anchor":[0.5,0,0,-1],"RelY":-1}],"interactionGraph":[{"id":"a76c3","interactsWith":"ada63"}],"interactionType":"gpml:Arrow"},{"networkType":"edge","gpmlType":"interaction","@type":["interaction"],"graphicalType":"path","points":[{"x":514,"y":694,"isAttachedTo":"e25cc","RelX":-0.5,"anchor":[0.25,0,0,-1],"RelY":-1},{"x":514,"y":674},{"x":554,"y":674},{"x":554,"y":694,"isAttachedTo":"e25cc","RelX":0.5,"anchor":[0.75,0,0,-1],"RelY":-1}]},{"networkType":"edge","gpmlType":"interaction","@type":["interaction"],"graphicalType":"path","markerEnd":"arrow","points":[{"x":619,"y":604,"isAttachedTo":"f2573","RelX":1,"anchor":[1,0.5,1,0],"RelY":0},{"x":685,"y":599,"isAttachedTo":"ada63","RelX":-1,"anchor":[0,0.5,-1,0],"RelY":0}],"interactionGraph":[{"id":"f2573","interactsWith":"ada63"}],"interactionType":"gpml:Arrow"},{"networkType":"edge","gpmlType":"interaction","@type":["interaction"],"graphicalType":"path","markerEnd":"arrow","points":[{"x":436,"y":659,"isAttachedTo":"dc454","RelX":1,"anchor":[1,0.5,1,0],"RelY":0},{"x":552,"y":604,"isAttachedTo":"f2573","RelX":-1,"anchor":[0,0.5,-1,0],"RelY":0}],"interactionGraph":[{"id":"dc454","interactsWith":"f2573"}],"interactionType":"gpml:Arrow"},{"networkType":"edge","gpmlType":"interaction","@type":["interaction"],"graphicalType":"path","markerEnd":"arrow","points":[{"x":602.25,"y":614,"isAttachedTo":"f2573","RelX":0.5,"anchor":[0.75,1,0,1],"RelY":1},{"x":847,"y":671,"isAttachedTo":"f2738","RelX":-1,"anchor":[0,0.5,-1,0],"RelY":0}],"interactionGraph":[{"id":"f2573","interactsWith":"f2738"}],"interactionType":"gpml:Arrow"},{"networkType":"edge","gpmlType":"interaction","@type":["interaction"],"graphicalType":"path","markerEnd":"arrow","points":[{"x":800,"y":443,"isAttachedTo":"da8de","RelX":-0.5,"anchor":[0.25,1,0,1],"RelY":1},{"x":602.25,"y":594,"isAttachedTo":"f2573","RelX":0.5,"anchor":[0.75,0,0,-1],"RelY":-1}],"interactionGraph":[{"id":"da8de","interactsWith":"f2573"}],"interactionType":"gpml:Arrow"},{"networkType":"edge","gpmlType":"interaction","@type":["interaction"],"graphicalType":"path","markerEnd":"arrow","points":[{"x":602.25,"y":594,"isAttachedTo":"f2573","RelX":0.5,"anchor":[0.75,0,0,-1],"RelY":-1},{"x":602.25,"y":574},{"x":568.75,"y":574},{"x":568.75,"y":594,"isAttachedTo":"f2573","RelX":-0.5,"anchor":[0.25,0,0,-1],"RelY":-1}],"interactionGraph":[{"id":"f2573","interactsWith":"f2573"}],"interactionType":"gpml:Arrow"},{"networkType":"edge","gpmlType":"interaction","@type":["interaction"],"graphicalType":"path","markerEnd":"arrow","points":[{"x":994.75,"y":409,"isAttachedTo":"edd7e","RelX":-0.5,"anchor":[0.25,1,0,1],"RelY":1},{"x":619,"y":604,"isAttachedTo":"f2573","RelX":1,"anchor":[1,0.5,1,0],"RelY":0}],"interactionGraph":[{"id":"edd7e","interactsWith":"f2573"}],"interactionType":"gpml:Arrow"},{"networkType":"edge","gpmlType":"interaction","@type":["interaction"],"graphicalType":"path","markerEnd":"arrow","points":[{"x":396,"y":649,"isAttachedTo":"dc454","RelX":0,"anchor":[0.5,0,0,-1],"RelY":-1},{"x":397,"y":556,"isAttachedTo":"f0b4a","RelX":0,"anchor":[0.5,1,0,1],"RelY":1}],"interactionGraph":[{"id":"dc454","interactsWith":"f0b4a"}],"interactionType":"gpml:Arrow"},{"networkType":"edge","gpmlType":"interaction","@type":["interaction"],"graphicalType":"path","markerEnd":"arrow","points":[{"x":412,"y":536,"isAttachedTo":"f0b4a","RelX":0.5,"anchor":[0.75,0,0,-1],"RelY":-1},{"x":412,"y":516},{"x":382,"y":516},{"x":382,"y":536,"isAttachedTo":"f0b4a","RelX":-0.5,"anchor":[0.25,0,0,-1],"RelY":-1}],"interactionGraph":[{"id":"f0b4a","interactsWith":"f0b4a"}],"interactionType":"gpml:Arrow"},{"networkType":"edge","gpmlType":"interaction","@type":["interaction"],"graphicalType":"path","markerEnd":"arrow","points":[{"x":235.5,"y":540,"isAttachedTo":"ebc41","RelX":0.5,"anchor":[0.75,0,0,-1],"RelY":-1},{"x":380,"y":449,"isAttachedTo":"e1c35","RelX":-0.5,"anchor":[0.25,1,0,1],"RelY":1}],"interactionGraph":[{"id":"ebc41","interactsWith":"e1c35"}],"interactionType":"gpml:Arrow"},{"networkType":"edge","gpmlType":"interaction","@type":["interaction"],"graphicalType":"path","markerEnd":"arrow","points":[{"x":546,"y":318,"isAttachedTo":"fe369","RelX":0,"anchor":[0.5,1,0,1],"RelY":1},{"x":414,"y":429,"isAttachedTo":"e1c35","RelX":0.5,"anchor":[0.75,0,0,-1],"RelY":-1}],"interactionGraph":[{"id":"fe369","interactsWith":"e1c35"}],"interactionType":"gpml:Arrow"},{"networkType":"edge","gpmlType":"interaction","@type":["interaction"],"graphicalType":"path","markerEnd":"arrow","points":[{"x":414,"y":429,"isAttachedTo":"e1c35","RelX":0.5,"anchor":[0.75,0,0,-1],"RelY":-1},{"x":414,"y":409},{"x":380,"y":409},{"x":380,"y":429,"isAttachedTo":"e1c35","RelX":-0.5,"anchor":[0.25,0,0,-1],"RelY":-1}],"interactionGraph":[{"id":"e1c35","interactsWith":"e1c35"}],"interactionType":"gpml:Arrow"},{"networkType":"edge","gpmlType":"interaction","@type":["interaction"],"graphicalType":"path","markerEnd":"arrow","points":[{"x":788,"y":433,"isAttachedTo":"da8de","RelX":-1,"anchor":[0,0.5,-1,0],"RelY":0},{"x":531,"y":405,"isAttachedTo":"ac5fe","RelX":1,"anchor":[1,0.5,1,0],"RelY":0}],"interactionGraph":[{"id":"da8de","interactsWith":"ac5fe"}],"interactionType":"gpml:Arrow"},{"networkType":"node","nodeType":"DataNode","dataNodeType":"GeneProduct","@type":["DataNode","GeneProduct","datanode"],"gpmlType":"datanode","graphicalType":"path","datasourceReference":{"database":"Entrez Gene","id":"56992","organism":"Homo sapiens"},"unificationXref":"http://identifiers.org/ensembl/ENSG00000163808"},{"networkType":"node","nodeType":"DataNode","dataNodeType":"GeneProduct","@type":["DataNode","GeneProduct","datanode"],"gpmlType":"datanode","graphicalType":"path","datasourceReference":{"database":"Entrez Gene","id":"6790","organism":"Homo sapiens"},"unificationXref":"http://identifiers.org/ensembl/ENSG00000087586"},{"networkType":"node","nodeType":"DataNode","dataNodeType":"GeneProduct","@type":["DataNode","GeneProduct","datanode"],"gpmlType":"datanode","graphicalType":"path","datasourceReference":{"database":"Entrez Gene","id":"11082","organism":"Homo sapiens"},"unificationXref":"http://identifiers.org/ensembl/ENSG00000164283"},{"networkType":"node","nodeType":"DataNode","dataNodeType":"GeneProduct","@type":["DataNode","GeneProduct","datanode"],"gpmlType":"datanode","graphicalType":"path","datasourceReference":{"database":"Entrez Gene","id":"4851","organism":"Homo sapiens"},"unificationXref":"http://identifiers.org/ensembl/ENSG00000148400"},{"networkType":"node","nodeType":"DataNode","dataNodeType":"GeneProduct","@type":["DataNode","GeneProduct","datanode"],"gpmlType":"datanode","graphicalType":"path","datasourceReference":{"database":"Entrez Gene","id":"8209","organism":"Homo sapiens"},"unificationXref":"http://identifiers.org/ensembl/ENSG00000160221"},{"networkType":"node","nodeType":"DataNode","dataNodeType":"GeneProduct","@type":["DataNode","GeneProduct","datanode"],"gpmlType":"datanode","graphicalType":"path","datasourceReference":{"database":"Entrez Gene","id":"4605","organism":"Homo sapiens"},"unificationXref":"http://identifiers.org/ensembl/ENSG00000101057"},{"networkType":"node","nodeType":"DataNode","dataNodeType":"GeneProduct","@type":["DataNode","GeneProduct","datanode"],"gpmlType":"datanode","graphicalType":"path","datasourceReference":{"database":"Entrez Gene","id":"286826","organism":"Homo sapiens"},"unificationXref":"http://identifiers.org/ensembl/ENSG00000183814"},{"networkType":"node","nodeType":"DataNode","dataNodeType":"GeneProduct","@type":["DataNode","GeneProduct","datanode"],"gpmlType":"datanode","graphicalType":"path","datasourceReference":{"database":"Entrez Gene","id":"8900","organism":"Homo sapiens"},"unificationXref":"http://identifiers.org/ensembl/ENSG00000133101"},{"networkType":"node","nodeType":"DataNode","dataNodeType":"GeneProduct","@type":["DataNode","GeneProduct","datanode"],"gpmlType":"datanode","graphicalType":"path","datasourceReference":{"database":"Entrez Gene","id":"1063","organism":"Homo sapiens"},"unificationXref":"http://identifiers.org/ensembl/ENSG00000117724"},{"networkType":"node","nodeType":"DataNode","dataNodeType":"GeneProduct","@type":["DataNode","GeneProduct","datanode"],"gpmlType":"datanode","graphicalType":"path","datasourceReference":{"database":"Entrez Gene","id":"57122","organism":"Homo sapiens"},"unificationXref":"http://identifiers.org/ensembl/ENSG00000111581"},{"networkType":"node","nodeType":"DataNode","dataNodeType":"GeneProduct","@type":["DataNode","GeneProduct","datanode"],"gpmlType":"datanode","graphicalType":"path","datasourceReference":{"database":"Entrez Gene","id":"64094","organism":"Homo sapiens"},"unificationXref":"http://identifiers.org/ensembl/ENSG00000112562"},{"networkType":"node","nodeType":"DataNode","dataNodeType":"GeneProduct","@type":["DataNode","GeneProduct","datanode"],"gpmlType":"datanode","graphicalType":"path","datasourceReference":{"database":"Entrez Gene","id":"3020","organism":"Homo sapiens"},"unificationXref":"http://identifiers.org/ensembl/ENSG00000163041"},{"networkType":"node","nodeType":"DataNode","dataNodeType":"GeneProduct","@type":["DataNode","GeneProduct","datanode"],"gpmlType":"datanode","graphicalType":"path","datasourceReference":{"database":"Entrez Gene","id":"4173","organism":"Homo sapiens"},"unificationXref":"http://identifiers.org/ensembl/ENSG00000104738"},{"networkType":"node","nodeType":"DataNode","dataNodeType":"GeneProduct","@type":["DataNode","GeneProduct","datanode"],"gpmlType":"datanode","graphicalType":"path","datasourceReference":{"database":"Entrez Gene","id":"9585","organism":"Homo sapiens"},"unificationXref":"http://identifiers.org/ensembl/ENSG00000138182"},{"networkType":"node","nodeType":"DataNode","dataNodeType":"GeneProduct","@type":["DataNode","GeneProduct","datanode"],"gpmlType":"datanode","graphicalType":"path","datasourceReference":{"database":"Entrez Gene","id":"121504","organism":"Homo sapiens"},"unificationXref":"http://identifiers.org/ensembl/ENSG00000197837"},{"networkType":"node","nodeType":"DataNode","dataNodeType":"GeneProduct","@type":["DataNode","GeneProduct","datanode"],"gpmlType":"datanode","graphicalType":"path","datasourceReference":{"database":"Entrez Gene","id":"324","organism":"Homo sapiens"},"unificationXref":"http://identifiers.org/ensembl/ENSG00000134982"},{"networkType":"node","nodeType":"DataNode","dataNodeType":"GeneProduct","@type":["DataNode","GeneProduct","datanode"],"gpmlType":"datanode","graphicalType":"path","datasourceReference":{"database":"Entrez Gene","id":"11065","organism":"Homo sapiens"},"unificationXref":"http://identifiers.org/ensembl/ENSG00000175063"},{"networkType":"node","nodeType":"DataNode","dataNodeType":"GeneProduct","@type":["DataNode","GeneProduct","datanode"],"gpmlType":"datanode","graphicalType":"path","datasourceReference":{"database":"Entrez Gene","id":"54476","organism":"Homo sapiens"},"unificationXref":"http://identifiers.org/ensembl/ENSG00000011275"},{"networkType":"node","nodeType":"DataNode","dataNodeType":"GeneProduct","@type":["DataNode","GeneProduct","datanode"],"gpmlType":"datanode","graphicalType":"path","datasourceReference":{"database":"Entrez Gene","id":"6286","organism":"Homo sapiens"},"unificationXref":"http://identifiers.org/ensembl/ENSG00000163993"},{"networkType":"node","nodeType":"DataNode","dataNodeType":"GeneProduct","@type":["DataNode","GeneProduct","datanode"],"gpmlType":"datanode","graphicalType":"path","datasourceReference":{"database":"Entrez Gene","id":"144455","organism":"Homo sapiens"},"unificationXref":"http://identifiers.org/ensembl/ENSG00000165891"},{"networkType":"node","nodeType":"DataNode","dataNodeType":"GeneProduct","@type":["DataNode","GeneProduct","datanode"],"gpmlType":"datanode","graphicalType":"path","datasourceReference":{"database":"Entrez Gene","id":"1894","organism":"Homo sapiens"},"unificationXref":"http://identifiers.org/ensembl/ENSG00000114346"},{"networkType":"node","nodeType":"DataNode","dataNodeType":"GeneProduct","@type":["DataNode","GeneProduct","datanode"],"gpmlType":"datanode","graphicalType":"path","datasourceReference":{"database":"Entrez Gene","id":"7153","organism":"Homo sapiens"},"unificationXref":"http://identifiers.org/ensembl/ENSG00000131747"},{"networkType":"node","nodeType":"DataNode","dataNodeType":"GeneProduct","@type":["DataNode","GeneProduct","datanode"],"gpmlType":"datanode","graphicalType":"path","datasourceReference":{"database":"Entrez Gene","id":"54891","organism":"Homo sapiens"},"unificationXref":"http://identifiers.org/ensembl/ENSG00000114933"},{"networkType":"node","nodeType":"DataNode","dataNodeType":"GeneProduct","@type":["DataNode","GeneProduct","datanode"],"gpmlType":"datanode","graphicalType":"path","datasourceReference":{"database":"Entrez Gene","id":"8607","organism":"Homo sapiens"},"unificationXref":"http://identifiers.org/ensembl/ENSG00000175792"},{"networkType":"node","nodeType":"DataNode","dataNodeType":"GeneProduct","@type":["DataNode","GeneProduct","datanode"],"gpmlType":"datanode","graphicalType":"path","datasourceReference":{"database":"Entrez Gene","id":"86","organism":"Homo sapiens"},"unificationXref":"http://identifiers.org/ensembl/ENSG00000136518"},{"networkType":"node","nodeType":"DataNode","dataNodeType":"GeneProduct","@type":["DataNode","GeneProduct","datanode"],"gpmlType":"datanode","graphicalType":"path","datasourceReference":{"database":"Entrez Gene","id":"352954","organism":"Homo sapiens"},"unificationXref":"http://identifiers.org/ensembl/ENSG00000160844"},{"networkType":"node","nodeType":"DataNode","dataNodeType":"GeneProduct","@type":["DataNode","GeneProduct","datanode"],"gpmlType":"datanode","graphicalType":"path","datasourceReference":{"database":"Entrez Gene","id":"22974","organism":"Homo sapiens"},"unificationXref":"http://identifiers.org/ensembl/ENSG00000088325"},{"networkType":"edge","gpmlType":"interaction","@type":["interaction"],"graphicalType":"path","points":[{"x":71.66666666666666,"y":266,"isAttachedTo":"bf6e0","RelX":0,"anchor":[0.5,1,0,1],"RelY":1},{"x":171,"y":440,"isAttachedTo":"dd4bd","RelX":0,"anchor":[0.5,0,0,-1],"RelY":-1}]}],"xmlns":"http://pathvisio.org/GPML/2013a","author":"Kristina Hanspers","lastModified":"10/17/2013","name":"Gastric cancer network 1","organism":"Homo sapiens","image":{"@context":{"@vocab":"http://schema.org/"},"width":1147,"height":765},"publicationXref":[],"id":"wpId:WP2361","revision":"71382"}}