{"@context":{"@vocab":"http://vocabularies.wikipathways.org/gpml#","@base":"wpId:WP2487","pathwayIri":"wpId:WP2487","ChEBI":"http://www.ebi.ac.uk/chebi/searchId.do?chebiId=","dataSource":"gpml:Data-Source","datasourceReference":"wp:DatasourceReference","Group":{"@container":"@list","@id":"gpml:Group"},"interaction":{"@id":"biopax:Interaction","@type":"@id"},"interactionType":{"@id":"biopax:InteractionType","@type":"@id"},"interactionGraph":"@graph","lastModified":"gpml:Last-Modified","pathway":"biopax:Pathway","point":{"@container":"@list","@id":"gpml:Point"},"publicationXref":"biopax:PublicationXref","unificationXref":"biopax:UnificationXref","author":"schema:author","backgroundColor":"css2:colors.html#propdef-background-color","backgroundImage":"css2:colors.html#propdef-background-image","biopax":"http://www.biopax.org/release/biopax-level3.owl#","borderColor":"css2:box.html#propdef-border-color","borderStyle":"css2:box.html#propdef-border-style","borderWidth":"css2:box.html#propdef-border-width","boxSizing":{"@id":"css3Ui:box-sizing","@value":"border-box"},"color":"css2:colors.html#propdef-color","contains":{"@id":"ex:contains","@type":"@id"},"css2":"http://www.w3.org/TR/CSS2/","css3Ui":"http://www.w3.org/TR/css3-ui/#","cssTransform":"http://www.w3.org/TR/css-transforms-1/#","gpmlDataNodeType":"gpml:Type","dcterms":"http://puri.org/dc/terms/","entrezGene":"http://www.ncbi.nlm.nih.gov/gene/","ex":"http://www.example.org/","fontFamily":"css2:fonts.html#font-family-prop","fontSize":"css2:fonts.html#propdef-font-size","fontStyle":"css2:fonts.html#propdef-font-style","fontWeight":"css2:fonts.html#propdef-font-weight","gpml":"http://vocabularies.wikipathways.org/gpml#","gpmlFolder":"file://Users/andersriutta/Sites/pathvisiojs/test/gpml/","hMDB":"http://www.hmdb.ca/metabolites/HMDB","height":"css2:visudet.html#propdef-height","id":"@id","image":"schema:image","interactsWith":{"@id":"ex:interactsWith","@type":"@id"},"isContainedBy":{"@reverse":"ex:contains","@type":"@id"},"media":"http://www.w3.org/TR/mediaont-10/","name":"http://xmlns.com/foaf/0.1/name","organism":"biopax:organism","padding":"css2:box.html#propdef-padding","elements":{"@container":"@list","@id":"ex:pathwayElements/"},"position":"css2:visuren.html#propdef-position","rotate":"cssTransform:funcdef-rotate","schema":"http://schema.org/","shapeLibrary":"http://shapelibrary.example.org/","shape":"shapeLibrary:shape","stroke":"svg:painting.html#StrokeProperty","strokeWidth":"svg:painting.html#StrokeWidthProperty","svg":"http://www.w3.org/TR/SVG11/","textAlign":"css2:text.html#propdef-text-align","verticalAlign":"css2:visudet.html#propdef-vertical-align","width":"css2:visudet.html#propdef-width","wp":"http://vocabularies.wikipathways.org/wp#","wpId":"http://identifiers.org/wikipathways/","x":{"@id":"css2:visuren.html#propdef-left","@type":"xsd:integer"},"xsd":"http://www.w3.org/2001/XMLSchema#","y":"css2:visuren.html#propdef-top","zIndex":{"@id":"css2:z-index","@type":"xsd:integer"}},"wpId:WP2487":{"elements":[{"networkType":"node","nodeType":"DataNode","dataNodeType":"GeneProduct","@type":["DataNode","GeneProduct","datanode"],"gpmlType":"datanode","graphicalType":"path"},{"networkType":"node","nodeType":"DataNode","dataNodeType":"GeneProduct","@type":["DataNode","GeneProduct","datanode"],"gpmlType":"datanode","graphicalType":"path","datasourceReference":{"database":"Ensembl","id":"EBESCG00000001171","organism":"Escherichia coli"},"unificationXref":"http://identifiers.org/ensembl/EBESCG00000001171"},{"networkType":"edge","gpmlType":"interaction","@type":["interaction"],"graphicalType":"path","markerEnd":"mimConversion","points":[{"x":228.10084033613447,"y":217.0504201680672,"isAttachedTo":"f050a","RelX":1,"anchor":[1,0.5,1,0],"RelY":0},{"x":313.06481481481484,"y":216.56481481481472,"isAttachedTo":"a464f","RelX":-1,"anchor":[0,0.5,-1,0],"RelY":0}],"interactionGraph":[{"id":"f050a","interactsWith":"a464f"}],"interactionType":"mim-conversion"},{"gpmlType":"anchor","zIndex":null,"networkType":"node","@type":["anchor"],"graphicalType":"path","x":null,"y":null},{"networkType":"edge","gpmlType":"interaction","@type":["interaction"],"graphicalType":"path","markerEnd":"mimConversion","points":[{"x":356.06481481481484,"y":216.56481481481472,"isAttachedTo":"a464f","RelX":1,"anchor":[1,0.5,1,0],"RelY":0},{"x":578,"y":217.10084033613447,"isAttachedTo":"be7b1","RelX":-1,"anchor":[0,0.5,-1,0],"RelY":0}],"interactionGraph":[{"id":"a464f","interactsWith":"be7b1"}],"interactionType":"mim-conversion"},{"gpmlType":"anchor","zIndex":null,"networkType":"node","@type":["anchor"],"graphicalType":"path","x":null,"y":null},{"networkType":"edge","gpmlType":"interaction","@type":["interaction"],"graphicalType":"path","points":[{"x":228,"y":175,"isAttachedTo":"c36e4","RelX":0,"anchor":[0.5,1,0,1],"RelY":1},{"x":228,"y":217},{"x":262.0864301276066,"y":217},{"x":262.0864301276066,"y":216.8561780267662,"isAttachedTo":"ed7d0","RelX":0,"anchor":[0.5,0.5,0,0],"RelY":0}]},{"networkType":"edge","gpmlType":"interaction","@type":["interaction"],"graphicalType":"path","points":[{"x":415.57588100779947,"y":174.91428804769498,"isAttachedTo":"dc94e","RelX":0,"anchor":[0.5,1,0,1],"RelY":1},{"x":415.57588100779947,"y":216.38655462184872},{"x":444.8388888888889,"y":216.38655462184872},{"x":444.8388888888889,"y":216.77922502334263,"isAttachedTo":"db038","RelX":0,"anchor":[0.5,0.5,0,0],"RelY":0}]},{"networkType":"edge","gpmlType":"interaction","@type":["interaction"],"graphicalType":"path","markerEnd":"arrow","points":[{"x":262.0864301276066,"y":216.8561780267662,"isAttachedTo":"ed7d0","RelX":0,"anchor":[0.5,0.5,0,0],"RelY":0},{"x":262.0864301276066,"y":217.43697478991595},{"x":318,"y":217.43697478991595},{"x":318,"y":175,"isAttachedTo":"b861d","RelX":0,"anchor":[0.5,1,0,1],"RelY":1}],"interactionGraph":[{"id":"ed7d0","interactsWith":"b861d"}],"interactionType":"gpml:Arrow"},{"networkType":"edge","gpmlType":"interaction","@type":["interaction"],"graphicalType":"path","markerEnd":"arrow","points":[{"x":444.8388888888889,"y":216.77922502334263,"isAttachedTo":"db038","RelX":0,"anchor":[0.5,0.5,0,0],"RelY":0},{"x":444.8388888888889,"y":217},{"x":528.0149454857284,"y":217},{"x":528.0149454857284,"y":182.3981481481486,"isAttachedTo":"c1404","RelX":0,"anchor":[0.5,1,0,1],"RelY":1}],"interactionGraph":[{"id":"db038","interactsWith":"c1404"}],"interactionType":"gpml:Arrow"},{"networkType":"edge","gpmlType":"interaction","@type":["interaction"],"graphicalType":"path","markerEnd":"mimCatalysis","points":[{"x":263.6512605042017,"y":241.84873949579833,"isAttachedTo":"a59eb","RelX":0,"anchor":[0.5,0,0,-1],"RelY":-1},{"x":262.0864301276066,"y":216.8561780267662,"isAttachedTo":"ed7d0","RelX":0,"anchor":[0.5,0.5,0,0],"RelY":0}],"interactionGraph":[{"id":"a59eb","interactsWith":"ed7d0"}],"interactionType":"mim-catalysis"},{"networkType":"edge","gpmlType":"interaction","@type":["interaction"],"graphicalType":"path","markerEnd":"mimCatalysis","points":[{"x":445.0504201680673,"y":246,"isAttachedTo":"b9f59","RelX":0,"anchor":[0.5,0,0,-1],"RelY":-1},{"x":444.8388888888889,"y":216.77922502334263,"isAttachedTo":"db038","RelX":0,"anchor":[0.5,0.5,0,0],"RelY":0}],"interactionGraph":[{"id":"b9f59","interactsWith":"db038"}],"interactionType":"mim-catalysis"},{"networkType":"edge","gpmlType":"interaction","@type":["interaction"],"graphicalType":"path","markerEnd":"mimConversion","points":[{"x":887.1332477435418,"y":229.0504201680672,"isAttachedTo":"ef3cd","RelX":0,"anchor":[0.5,1,0,1],"RelY":1},{"x":885.5,"y":422,"isAttachedTo":"f304e","RelX":0,"anchor":[0.5,0,0,-1],"RelY":-1}],"interactionGraph":[{"id":"ef3cd","interactsWith":"f304e"}],"interactionType":"mim-conversion"},{"gpmlType":"anchor","zIndex":null,"networkType":"node","@type":["anchor"],"graphicalType":"path","x":null,"y":null},{"networkType":"edge","gpmlType":"interaction","@type":["interaction"],"graphicalType":"path","points":[{"x":921,"y":291,"isAttachedTo":"caa2b","RelX":-1,"anchor":[0,0.5,-1,0],"RelY":0},{"x":886,"y":291},{"x":886,"y":326.51675441720585},{"x":886.3082308110232,"y":326.51675441720585,"isAttachedTo":"c629c","RelX":0,"anchor":[0.5,0.5,0,0],"RelY":0}]},{"networkType":"edge","gpmlType":"interaction","@type":["interaction"],"graphicalType":"path","markerEnd":"arrow","points":[{"x":886.3082308110232,"y":326.51675441720585,"isAttachedTo":"c629c","RelX":0,"anchor":[0.5,0.5,0,0],"RelY":0},{"x":886.3082308110232,"y":345.1704501578598},{"x":916.282407407407,"y":345.1704501578598},{"x":916.282407407407,"y":364.3439580015515,"isAttachedTo":"f158e","RelX":-1,"anchor":[0,0.5,-1,0],"RelY":0}],"interactionGraph":[{"id":"c629c","interactsWith":"f158e"}],"interactionType":"gpml:Arrow"},{"networkType":"edge","gpmlType":"interaction","@type":["interaction"],"graphicalType":"path","markerEnd":"mimCatalysis","points":[{"x":853,"y":326.0504201680673,"isAttachedTo":"d64fd","RelX":1,"anchor":[1,0.5,1,0],"RelY":0},{"x":886.3082308110232,"y":326.51675441720585,"isAttachedTo":"c629c","RelX":0,"anchor":[0.5,0.5,0,0],"RelY":0}],"interactionGraph":[{"id":"d64fd","interactsWith":"c629c"}],"interactionType":"mim-catalysis"},{"networkType":"edge","gpmlType":"interaction","@type":["interaction"],"graphicalType":"path","markerEnd":"mimConversion","points":[{"x":818,"y":432,"isAttachedTo":"f304e","RelX":-1,"anchor":[0,0.5,-1,0],"RelY":0},{"x":669.0648148148148,"y":432.5648148148147,"isAttachedTo":"b7279","RelX":1,"anchor":[1,0.5,1,0],"RelY":0}],"interactionGraph":[{"id":"f304e","interactsWith":"b7279"}],"interactionType":"mim-conversion"},{"gpmlType":"anchor","zIndex":null,"networkType":"node","@type":["anchor"],"graphicalType":"path","x":null,"y":null},{"networkType":"edge","gpmlType":"interaction","@type":["interaction"],"graphicalType":"path","points":[{"x":816.0149454857284,"y":470.8240740740739,"isAttachedTo":"b2b99","RelX":0,"anchor":[0.5,0,0,-1],"RelY":-1},{"x":816.0149454857284,"y":432},{"x":758.4259259259259,"y":432},{"x":758.4259259259259,"y":432.2259259259259,"isAttachedTo":"e78fc","RelX":0,"anchor":[0.5,0.5,0,0],"RelY":0}]},{"networkType":"edge","gpmlType":"interaction","@type":["interaction"],"graphicalType":"path","markerEnd":"arrow","points":[{"x":758.4259259259259,"y":432.2259259259259,"isAttachedTo":"e78fc","RelX":0,"anchor":[0.5,0.5,0,0],"RelY":0},{"x":758.4259259259259,"y":433},{"x":708.0185185185188,"y":433},{"x":708.0185185185188,"y":479.27819263496224,"isAttachedTo":"a70f3","RelX":0,"anchor":[0.5,0,0,-1],"RelY":-1}],"interactionGraph":[{"id":"e78fc","interactsWith":"a70f3"}],"interactionType":"gpml:Arrow"},{"networkType":"edge","gpmlType":"interaction","@type":["interaction"],"graphicalType":"path","markerEnd":"mimCatalysis","points":[{"x":758,"y":402,"isAttachedTo":"ac7d6","RelX":0,"anchor":[0.5,1,0,1],"RelY":1},{"x":758.4259259259259,"y":432.2259259259259,"isAttachedTo":"e78fc","RelX":0,"anchor":[0.5,0.5,0,0],"RelY":0}],"interactionGraph":[{"id":"ac7d6","interactsWith":"e78fc"}],"interactionType":"mim-catalysis"},{"networkType":"edge","gpmlType":"interaction","@type":["interaction"],"graphicalType":"path","markerEnd":"mimConversion","points":[{"x":713,"y":217.10084033613447,"isAttachedTo":"be7b1","RelX":1,"anchor":[1,0.5,1,0],"RelY":0},{"x":834.1656551509492,"y":216.83282757547457,"isAttachedTo":"ef3cd","RelX":-1,"anchor":[0,0.5,-1,0],"RelY":0}],"interactionGraph":[{"id":"be7b1","interactsWith":"ef3cd"}],"interactionType":"mim-conversion"},{"gpmlType":"anchor","zIndex":null,"networkType":"node","@type":["anchor"],"graphicalType":"path","x":null,"y":null},{"networkType":"edge","gpmlType":"interaction","@type":["interaction"],"graphicalType":"path","markerEnd":"arrow","points":[{"x":761.4662620603797,"y":216.9936352318705,"isAttachedTo":"c7360","RelX":0,"anchor":[0.5,0.5,0,0],"RelY":0},{"x":761.4662620603797,"y":216.38655462184872},{"x":824,"y":216.38655462184872},{"x":824,"y":178,"isAttachedTo":"d06a0","RelX":0,"anchor":[0.5,1,0,1],"RelY":1}],"interactionGraph":[{"id":"c7360","interactsWith":"d06a0"}],"interactionType":"gpml:Arrow"},{"networkType":"node","nodeType":"DataNode","dataNodeType":"GeneProduct","@type":["DataNode","GeneProduct","datanode"],"gpmlType":"datanode","graphicalType":"path"},{"networkType":"edge","gpmlType":"interaction","@type":["interaction"],"graphicalType":"path","points":[{"x":724,"y":178,"isAttachedTo":"aafaa","RelX":0,"anchor":[0.5,1,0,1],"RelY":1},{"x":724,"y":217.43697478991595},{"x":761.4662620603797,"y":217.43697478991595},{"x":761.4662620603797,"y":216.9936352318705,"isAttachedTo":"c7360","RelX":0,"anchor":[0.5,0.5,0,0],"RelY":0}]},{"networkType":"node","nodeType":"DataNode","dataNodeType":"Metabolite","@type":["DataNode","Metabolite","datanode"],"gpmlType":"datanode","graphicalType":"path","datasourceReference":{"database":"HMDB","id":"HMDB00217","organism":"Escherichia coli"}},{"networkType":"node","nodeType":"DataNode","dataNodeType":"Metabolite","@type":["DataNode","Metabolite","datanode"],"gpmlType":"datanode","graphicalType":"path","datasourceReference":{"database":"HMDB","id":"HMDB02111","organism":"Escherichia coli"}},{"networkType":"node","nodeType":"DataNode","dataNodeType":"Metabolite","@type":["DataNode","Metabolite","datanode"],"gpmlType":"datanode","graphicalType":"path","datasourceReference":{"database":"HMDB","id":"HMDB01429","organism":"Escherichia coli"}},{"networkType":"node","nodeType":"DataNode","dataNodeType":"Metabolite","@type":["DataNode","Metabolite","datanode"],"gpmlType":"datanode","graphicalType":"path","datasourceReference":{"database":"HMDB","id":"HMDB00538","organism":"Escherichia coli"}},{"networkType":"node","nodeType":"DataNode","dataNodeType":"GeneProduct","@type":["DataNode","GeneProduct","datanode"],"gpmlType":"datanode","graphicalType":"path","datasourceReference":{"database":"Ensembl","id":"EBESCG00000001171","organism":"Escherichia coli"},"unificationXref":"http://identifiers.org/ensembl/EBESCG00000001171"},{"networkType":"node","nodeType":"DataNode","dataNodeType":"Metabolite","@type":["DataNode","Metabolite","datanode"],"gpmlType":"datanode","graphicalType":"path","datasourceReference":{"database":"HMDB","id":"HMDB00229","organism":"Escherichia coli"}},{"networkType":"node","nodeType":"DataNode","dataNodeType":"GeneProduct","@type":["DataNode","GeneProduct","datanode"],"gpmlType":"datanode","graphicalType":"path","datasourceReference":{"database":"Ensembl","id":"EBESCG00000003522","organism":"Escherichia coli"},"unificationXref":"http://identifiers.org/ensembl/EBESCG00000003522"},{"networkType":"node","nodeType":"DataNode","dataNodeType":"Metabolite","@type":["DataNode","Metabolite","datanode"],"gpmlType":"datanode","graphicalType":"path","datasourceReference":{"database":"HMDB","id":"HMDB00902","organism":"Escherichia coli"}},{"networkType":"node","nodeType":"DataNode","dataNodeType":"Metabolite","@type":["DataNode","Metabolite","datanode"],"gpmlType":"datanode","graphicalType":"path","datasourceReference":{"database":"HMDB","id":"HMDB02111","organism":"Escherichia coli"}},{"networkType":"node","nodeType":"DataNode","dataNodeType":"Metabolite","@type":["DataNode","Metabolite","datanode"],"gpmlType":"datanode","graphicalType":"path","datasourceReference":{"database":"HMDB","id":"HMDB59597","organism":"Escherichia coli"}},{"networkType":"node","nodeType":"DataNode","dataNodeType":"Metabolite","@type":["DataNode","Metabolite","datanode"],"gpmlType":"datanode","graphicalType":"path","datasourceReference":{"database":"HMDB","id":"HMDB59597","organism":"Escherichia coli"}},{"networkType":"node","nodeType":"DataNode","dataNodeType":"Metabolite","@type":["DataNode","Metabolite","datanode"],"gpmlType":"datanode","graphicalType":"path","datasourceReference":{"database":"HMDB","id":"HMDB00045","organism":"Escherichia coli"}},{"networkType":"node","nodeType":"DataNode","dataNodeType":"Metabolite","@type":["DataNode","Metabolite","datanode"],"gpmlType":"datanode","graphicalType":"path","datasourceReference":{"database":"HMDB","id":"HMDB02111","organism":"Escherichia coli"}},{"networkType":"node","nodeType":"DataNode","dataNodeType":"Metabolite","@type":["DataNode","Metabolite","datanode"],"gpmlType":"datanode","graphicalType":"path","datasourceReference":{"database":"HMDB","id":"HMDB01429","organism":"Escherichia coli"}},{"networkType":"node","nodeType":"DataNode","dataNodeType":"Metabolite","@type":["DataNode","Metabolite","datanode"],"gpmlType":"datanode","graphicalType":"path","datasourceReference":{"database":"HMDB","id":"HMDB00855","organism":"Escherichia coli"}},{"networkType":"node","nodeType":"DataNode","dataNodeType":"Metabolite","@type":["DataNode","Metabolite","datanode"],"gpmlType":"datanode","graphicalType":"path","datasourceReference":{"database":"HMDB","id":"HMDB00229","organism":"Escherichia coli"}},{"networkType":"node","nodeType":"DataNode","dataNodeType":"Metabolite","@type":["DataNode","Metabolite","datanode"],"gpmlType":"datanode","graphicalType":"path","datasourceReference":{"database":"HMDB","id":"HMDB59597","organism":"Escherichia coli"}},{"networkType":"node","nodeType":"DataNode","dataNodeType":"Metabolite","@type":["DataNode","Metabolite","datanode"],"gpmlType":"datanode","graphicalType":"path","datasourceReference":{"database":"HMDB","id":"HMDB01341","organism":"Escherichia coli"}},{"networkType":"node","nodeType":"DataNode","dataNodeType":"Metabolite","@type":["DataNode","Metabolite","datanode"],"gpmlType":"datanode","graphicalType":"path","datasourceReference":{"database":"HMDB","id":"HMDB00902","organism":"Escherichia coli"}},{"networkType":"node","nodeType":"DataNode","dataNodeType":"Metabolite","@type":["DataNode","Metabolite","datanode"],"gpmlType":"datanode","graphicalType":"path","datasourceReference":{"database":"HMDB","id":"HMDB59597","organism":"Escherichia coli"}},{"networkType":"node","nodeType":"DataNode","dataNodeType":"Metabolite","@type":["DataNode","Metabolite","datanode"],"gpmlType":"datanode","graphicalType":"path","datasourceReference":{"database":"HMDB","id":"HMDB00538","organism":"Escherichia coli"}},{"networkType":"node","nodeType":"DataNode","dataNodeType":"Metabolite","@type":["DataNode","Metabolite","datanode"],"gpmlType":"datanode","graphicalType":"path","datasourceReference":{"database":"HMDB","id":"HMDB00250","organism":"Escherichia coli"}},{"networkType":"edge","gpmlType":"interaction","@type":["interaction"],"graphicalType":"path","markerEnd":"mimCatalysis","points":[{"x":761.0504201680671,"y":244.05042016806726,"isAttachedTo":"d585b","RelX":0,"anchor":[0.5,0,0,-1],"RelY":-1},{"x":761.4662620603797,"y":216.9936352318705,"isAttachedTo":"c7360","RelX":0,"anchor":[0.5,0.5,0,0],"RelY":0}],"interactionGraph":[{"id":"d585b","interactsWith":"c7360"}],"interactionType":"mim-catalysis"}],"xmlns":"http://pathvisio.org/GPML/2013a","version":"20130409","name":"NAD salvage pathway II","organism":"Escherichia coli","image":{"@context":{"@vocab":"http://schema.org/"},"width":1036,"height":556.0906937808807},"publicationXref":[],"id":"wpId:WP2487","revision":"71964"}}