{"@context":{"@vocab":"http://vocabularies.wikipathways.org/gpml#","@base":"wpId:WP2453","pathwayIri":"wpId:WP2453","ChEBI":"http://www.ebi.ac.uk/chebi/searchId.do?chebiId=","dataSource":"gpml:Data-Source","datasourceReference":"wp:DatasourceReference","Group":{"@container":"@list","@id":"gpml:Group"},"interaction":{"@id":"biopax:Interaction","@type":"@id"},"interactionType":{"@id":"biopax:InteractionType","@type":"@id"},"interactionGraph":{"@container":"@list","@type":"@id"},"lastModified":"gpml:Last-Modified","pathway":"biopax:Pathway","point":{"@container":"@list","@id":"gpml:Point"},"publicationXref":"biopax:PublicationXref","unificationXref":"biopax:UnificationXref","author":"schema:author","backgroundColor":"css2:colors.html#propdef-background-color","backgroundImage":"css2:colors.html#propdef-background-image","biopax":"http://www.biopax.org/release/biopax-level3.owl#","borderColor":"css2:box.html#propdef-border-color","borderStyle":"css2:box.html#propdef-border-style","borderWidth":"css2:box.html#propdef-border-width","boxSizing":{"@id":"css3Ui:box-sizing","@value":"border-box"},"color":"css2:colors.html#propdef-color","contains":{"@id":"ex:contains","@type":"@id"},"css2":"http://www.w3.org/TR/CSS2/","css3Ui":"http://www.w3.org/TR/css3-ui/#","cssTransform":"http://www.w3.org/TR/css-transforms-1/#","gpmlDataNodeType":"gpml:Type","dcterms":"http://puri.org/dc/terms/","entrezGene":"http://www.ncbi.nlm.nih.gov/gene/","ex":"http://www.example.org/","fontFamily":"css2:fonts.html#font-family-prop","fontSize":"css2:fonts.html#propdef-font-size","fontStyle":"css2:fonts.html#propdef-font-style","fontWeight":"css2:fonts.html#propdef-font-weight","gpml":"http://vocabularies.wikipathways.org/gpml#","gpmlFolder":"file://Users/andersriutta/Sites/pathvisiojs/test/gpml/","hMDB":"http://www.hmdb.ca/metabolites/HMDB","height":"css2:visudet.html#propdef-height","id":"@id","image":"schema:image","interactsWith":{"@id":"ex:interactsWith","@type":"@id"},"isContainedBy":{"@reverse":"ex:contains","@type":"@id"},"media":"http://www.w3.org/TR/mediaont-10/","name":"http://xmlns.com/foaf/0.1/name","organism":"biopax:organism","padding":"css2:box.html#propdef-padding","elements":{"@container":"@list","@id":"ex:pathwayElements/"},"position":"css2:visuren.html#propdef-position","rotate":"cssTransform:funcdef-rotate","schema":"http://schema.org/","shapeLibrary":"http://shapelibrary.example.org/","shape":"shapeLibrary:shape","stroke":"svg:painting.html#StrokeProperty","strokeWidth":"svg:painting.html#StrokeWidthProperty","svg":"http://www.w3.org/TR/SVG11/","textAlign":"css2:text.html#propdef-text-align","verticalAlign":"css2:visudet.html#propdef-vertical-align","width":"css2:visudet.html#propdef-width","wp":"http://vocabularies.wikipathways.org/wp#","wpId":"http://identifiers.org/wikipathways/","x":{"@id":"css2:visuren.html#propdef-left","@type":"xsd:integer"},"xsd":"http://www.w3.org/2001/XMLSchema#","y":"css2:visuren.html#propdef-top","zIndex":{"@id":"css2:z-index","@type":"xsd:integer"}},"wpId:WP2453":{"elements":[{"networkType":"node","nodeType":"DataNode","dataNodeType":"Pathway","@type":["DataNode","Pathway","datanode"],"gpmlType":"datanode","graphicalType":"path"},{"networkType":"node","nodeType":"DataNode","dataNodeType":"GeneProduct","@type":["DataNode","GeneProduct","datanode"],"gpmlType":"datanode","graphicalType":"path","datasourceReference":{"database":"KEGG Orthology","id":"K00382","organism":"Homo sapiens"}},{"networkType":"node","nodeType":"DataNode","dataNodeType":"GeneProduct","@type":["DataNode","GeneProduct","datanode"],"gpmlType":"datanode","graphicalType":"path"},{"networkType":"node","nodeType":"DataNode","dataNodeType":"Metabolite","@type":["DataNode","Metabolite","datanode"],"gpmlType":"datanode","graphicalType":"path"},{"networkType":"node","nodeType":"DataNode","dataNodeType":"Metabolite","@type":["DataNode","Metabolite","datanode"],"gpmlType":"datanode","graphicalType":"path"},{"networkType":"node","nodeType":"DataNode","dataNodeType":"Metabolite","@type":["DataNode","Metabolite","datanode"],"gpmlType":"datanode","graphicalType":"path"},{"networkType":"node","nodeType":"DataNode","dataNodeType":"Metabolite","@type":["DataNode","Metabolite","datanode"],"gpmlType":"datanode","graphicalType":"path"},{"networkType":"node","nodeType":"Label","@type":["label"],"gpmlType":"label","graphicalType":"path"},{"networkType":"edge","gpmlType":"interaction","@type":["interaction"],"graphicalType":"path","markerEnd":"arrow","points":[{"x":378.8208955223888,"y":51.71641791044775,"isAttachedTo":"f9ec3","RelX":0,"anchor":[0.5,1,0,1],"RelY":1},{"x":378.8208955223888,"y":133.71641791044775,"isAttachedTo":"a82ca","RelX":0,"anchor":[0.5,0,0,-1],"RelY":-1}],"interactionGraph":[{"id":"f9ec3","interactsWith":"a82ca"}],"interactionType":"gpml:Arrow"},{"networkType":"edge","gpmlType":"interaction","@type":["interaction"],"graphicalType":"path","markerEnd":"arrow","points":[{"x":338.8208955223888,"y":143.71641791044775,"isAttachedTo":"a82ca","RelX":-1,"anchor":[0,0.5,-1,0],"RelY":0},{"x":501.8208955223895,"y":143.71641791044775,"isAttachedTo":"d8b9c","RelX":-1,"anchor":[0,0.5,-1,0],"RelY":0}],"interactionGraph":[{"id":"a82ca","interactsWith":"d8b9c"}],"interactionType":"gpml:Arrow"},{"networkType":"edge","gpmlType":"interaction","@type":["interaction"],"graphicalType":"path","markerEnd":"mimCatalysis","points":[{"x":461.3208955223891,"y":185.71641791044775,"isAttachedTo":"f03af","RelX":0,"anchor":[0.5,1,0,1],"RelY":1},{"x":461.48492998039325,"y":145.26631022918428}]},{"networkType":"edge","gpmlType":"interaction","@type":["interaction"],"graphicalType":"path","markerEnd":"arrow","points":[{"x":541.8208955223895,"y":133.71641791044775,"isAttachedTo":"d8b9c","RelX":0,"anchor":[0.5,0,0,-1],"RelY":-1},{"x":541.8208955223895,"y":53.71641791044775,"isAttachedTo":"ec54d","RelX":0,"anchor":[0.5,1,0,1],"RelY":1}],"interactionGraph":[{"id":"d8b9c","interactsWith":"ec54d"}],"interactionType":"gpml:Arrow"},{"networkType":"edge","gpmlType":"interaction","@type":["interaction"],"graphicalType":"path","markerEnd":"arrow","points":[{"x":581.8208955223895,"y":41.71641791044775,"isAttachedTo":"ec54d","RelX":1,"anchor":[1,0.5,1,0],"RelY":0},{"x":418.8208955223888,"y":41.71641791044775,"isAttachedTo":"f9ec3","RelX":1,"anchor":[1,0.5,1,0],"RelY":0}],"interactionGraph":[{"id":"ec54d","interactsWith":"f9ec3"}],"interactionType":"gpml:Arrow"},{"networkType":"edge","gpmlType":"interaction","@type":["interaction"],"graphicalType":"path","markerEnd":"mimCatalysis","points":[{"x":514.8208955223889,"y":81.71641791044779,"isAttachedTo":"cace4","RelX":1,"anchor":[1,0.5,1,0],"RelY":0},{"x":540.4511898511756,"y":81.73436478769115}]},{"networkType":"edge","gpmlType":"interaction","@type":["interaction"],"graphicalType":"path","markerEnd":"arrow","points":[{"x":541.8208955223895,"y":264.71641791044783,"isAttachedTo":"d552a","RelX":0,"anchor":[0.5,0,0,-1],"RelY":-1},{"x":541.8208955223895,"y":153.71641791044775,"isAttachedTo":"d8b9c","RelX":0,"anchor":[0.5,1,0,1],"RelY":1}],"interactionGraph":[{"id":"d552a","interactsWith":"d8b9c"}],"interactionType":"gpml:Arrow"},{"networkType":"edge","gpmlType":"interaction","@type":["interaction"],"graphicalType":"path","markerEnd":"mimCatalysis","points":[{"x":577.8208955223889,"y":186.71641791044775},{"x":537.3134328358209,"y":191.79104477611938}]},{"networkType":"edge","gpmlType":"interaction","@type":["interaction"],"graphicalType":"path","markerEnd":"arrow","points":[{"x":536.5671641791045,"y":193.28358208955223},{"x":418.8208955223888,"y":240.71641791044775,"isAttachedTo":"b4515","RelX":1,"anchor":[1,0.5,1,0],"RelY":0}]},{"networkType":"edge","gpmlType":"interaction","@type":["interaction"],"graphicalType":"path","markerEnd":"arrow","points":[{"x":541.8208955223895,"y":284.71641791044783,"isAttachedTo":"d552a","RelX":0,"anchor":[0.5,1,0,1],"RelY":1},{"x":541.8208955223895,"y":386.71641791044783,"isAttachedTo":"b069b","RelX":0,"anchor":[0.5,0,0,-1],"RelY":-1}],"interactionGraph":[{"id":"d552a","interactsWith":"b069b"}],"interactionType":"gpml:Arrow"},{"networkType":"edge","gpmlType":"interaction","@type":["interaction"],"graphicalType":"path","markerEnd":"mimCatalysis","points":[{"x":577.3208955223894,"y":316.46641791044783,"isAttachedTo":"b4871","RelX":-1,"anchor":[0,0.5,-1,0],"RelY":0},{"x":542.9637526652459,"y":316.47951913083546}]},{"networkType":"edge","gpmlType":"interaction","@type":["interaction"],"graphicalType":"path","markerEnd":"arrow","points":[{"x":640.8208955223895,"y":25.716417910447753,"isAttachedTo":"ecbb5","RelX":-1,"anchor":[0,0.5,-1,0],"RelY":0},{"x":541.8208955223895,"y":133.71641791044775,"isAttachedTo":"d8b9c","RelX":0,"anchor":[0.5,0,0,-1],"RelY":-1}],"interactionGraph":[{"id":"ecbb5","interactsWith":"d8b9c"}],"interactionType":"gpml:Arrow"},{"networkType":"edge","gpmlType":"interaction","@type":["interaction"],"graphicalType":"path","markerEnd":"mimCatalysis","points":[{"x":641.0708955223894,"y":90.71641791044779,"isAttachedTo":"bc343","RelX":-0.5,"anchor":[0.25,0,0,-1],"RelY":-1},{"x":605.418885472138,"y":65.22323772380024}]},{"networkType":"edge","gpmlType":"interaction","@type":["interaction"],"graphicalType":"path","markerEnd":"arrow","points":[{"x":893.820895522389,"y":25.716417910447753,"isAttachedTo":"ff6a3","RelX":1,"anchor":[1,0.5,1,0],"RelY":0},{"x":987.820895522389,"y":25.716417910447753,"isAttachedTo":"d5cc6","RelX":-1,"anchor":[0,0.5,-1,0],"RelY":0}],"interactionGraph":[{"id":"ff6a3","interactsWith":"d5cc6"}],"interactionType":"gpml:Arrow"},{"gpmlType":"anchor","zIndex":null,"networkType":"node","@type":["anchor"],"graphicalType":"path","x":null,"y":null},{"networkType":"edge","gpmlType":"interaction","@type":["interaction"],"graphicalType":"path","markerEnd":"mimCatalysis","points":[{"x":940.3208955223889,"y":66.46268656716418,"isAttachedTo":"eec07","RelX":0,"anchor":[0.5,0,0,-1],"RelY":-1},{"x":940.307614833229,"y":26.09904533327618}]},{"networkType":"edge","gpmlType":"interaction","@type":["interaction"],"graphicalType":"path","markerEnd":"arrow","points":[{"x":720.8208955223895,"y":25.716417910447753,"isAttachedTo":"ecbb5","RelX":1,"anchor":[1,0.5,1,0],"RelY":0},{"x":813.820895522389,"y":25.716417910447753,"isAttachedTo":"ff6a3","RelX":-1,"anchor":[0,0.5,-1,0],"RelY":0}],"interactionGraph":[{"id":"ecbb5","interactsWith":"ff6a3"}],"interactionType":"gpml:Arrow"},{"networkType":"edge","gpmlType":"interaction","@type":["interaction"],"graphicalType":"path","markerEnd":"mimCatalysis","points":[{"x":769.320895522389,"y":65.71641791044776,"isAttachedTo":"b930c","RelX":0,"anchor":[0.5,0,0,-1],"RelY":-1},{"x":769.4533434764451,"y":26.457982878143376}]},{"networkType":"edge","gpmlType":"interaction","@type":["interaction"],"graphicalType":"path","markerEnd":"arrow","points":[{"x":1027.820895522389,"y":133.71641791044775,"isAttachedTo":"e6d1e","RelX":0,"anchor":[0.5,0,0,-1],"RelY":-1},{"x":1027.820895522389,"y":35.71641791044775,"isAttachedTo":"d5cc6","RelX":0,"anchor":[0.5,1,0,1],"RelY":1}],"interactionGraph":[{"id":"e6d1e","interactsWith":"d5cc6"}],"interactionType":"gpml:Arrow"},{"networkType":"edge","gpmlType":"interaction","@type":["interaction"],"graphicalType":"path","markerEnd":"mimCatalysis","points":[{"x":1060.8208955223904,"y":75.71641791044776,"isAttachedTo":"e8dcf","RelX":-1,"anchor":[0,0.5,-1,0],"RelY":0},{"x":1028.820895522389,"y":76.71641791044779}]},{"networkType":"edge","gpmlType":"interaction","@type":["interaction"],"graphicalType":"path","markerEnd":"arrow","points":[{"x":720.8208955223895,"y":396.71641791044783,"isAttachedTo":"ce186","RelX":1,"anchor":[1,0.5,1,0],"RelY":0},{"x":813.820895522389,"y":396.71641791044783,"isAttachedTo":"f693e","RelX":-1,"anchor":[0,0.5,-1,0],"RelY":0}],"interactionGraph":[{"id":"ce186","interactsWith":"f693e"}],"interactionType":"gpml:Arrow"},{"gpmlType":"anchor","zIndex":null,"networkType":"node","@type":["anchor"],"graphicalType":"path","x":null,"y":null},{"networkType":"edge","gpmlType":"interaction","@type":["interaction"],"graphicalType":"path","markerEnd":"mimCatalysis","points":[{"x":769.320895522389,"y":367.71641791044783,"isAttachedTo":"c992f","RelX":0,"anchor":[0.5,1,0,1],"RelY":1},{"x":769.4029850746281,"y":396.71641791044783,"isAttachedTo":"b50c8","RelX":0,"anchor":[0.5,0.5,0,0],"RelY":0}],"interactionGraph":[{"id":"c992f","interactsWith":"b50c8"}],"interactionType":"mim-catalysis"},{"networkType":"edge","gpmlType":"interaction","@type":["interaction"],"graphicalType":"path","markerEnd":"arrow","points":[{"x":581.8208955223895,"y":396.71641791044783,"isAttachedTo":"b069b","RelX":1,"anchor":[1,0.5,1,0],"RelY":0},{"x":640.8208955223895,"y":396.71641791044783,"isAttachedTo":"ce186","RelX":-1,"anchor":[0,0.5,-1,0],"RelY":0}],"interactionGraph":[{"id":"b069b","interactsWith":"ce186"}],"interactionType":"gpml:Arrow"},{"networkType":"edge","gpmlType":"interaction","@type":["interaction"],"graphicalType":"path","markerEnd":"mimCatalysis","points":[{"x":608.8208955223894,"y":367.71641791044783,"isAttachedTo":"ddcf8","RelX":0,"anchor":[0.5,1,0,1],"RelY":1},{"x":608.8208955223892,"y":395.71641791044783}]},{"networkType":"edge","gpmlType":"interaction","@type":["interaction"],"graphicalType":"path","points":[{"x":541.8208955223895,"y":406.71641791044783,"isAttachedTo":"b069b","RelX":0,"anchor":[0.5,1,0,1],"RelY":1},{"x":542.3208955223888,"y":444.21641791044783}]},{"networkType":"edge","gpmlType":"interaction","@type":["interaction"],"graphicalType":"path","points":[{"x":542.6048151203788,"y":444.26128510355625},{"x":853.8036665202354,"y":444.9791601932906}]},{"networkType":"edge","gpmlType":"interaction","@type":["interaction"],"graphicalType":"path","markerEnd":"mimCatalysis","points":[{"x":680.8208955223885,"y":466.7357602702157,"isAttachedTo":"ee549","RelX":0,"anchor":[0.5,0,0,-1],"RelY":-1},{"x":680.985305580416,"y":445.78798464158905}]},{"networkType":"edge","gpmlType":"interaction","@type":["interaction"],"graphicalType":"path","markerEnd":"arrow","points":[{"x":1027.820895522389,"y":287.70149253731336,"isAttachedTo":"f83d7","RelX":0,"anchor":[0.5,1,0,1],"RelY":1},{"x":1027.8208955223893,"y":383.7313432835822,"isAttachedTo":"e4553","RelX":0,"anchor":[0.5,0,0,-1],"RelY":-1}],"interactionGraph":[{"id":"f83d7","interactsWith":"e4553"}],"interactionType":"gpml:Arrow"},{"gpmlType":"anchor","zIndex":null,"networkType":"node","@type":["anchor"],"graphicalType":"path","x":null,"y":null},{"networkType":"edge","gpmlType":"interaction","@type":["interaction"],"graphicalType":"path","markerEnd":"mimCatalysis","points":[{"x":1060.82089552239,"y":357.716813727991,"isAttachedTo":"bf510","RelX":-1,"anchor":[0,0.5,-1,0],"RelY":0},{"x":1027.8208955223893,"y":357.46268656716416,"isAttachedTo":"d3cba","RelX":0,"anchor":[0.5,0.5,0,0],"RelY":0}],"interactionGraph":[{"id":"bf510","interactsWith":"d3cba"}],"interactionType":"mim-catalysis"},{"networkType":"edge","gpmlType":"interaction","@type":["interaction"],"graphicalType":"path","markerEnd":"arrow","points":[{"x":1027.820895522389,"y":261.7313432835821,"isAttachedTo":"f83d7","RelX":0,"anchor":[0.5,0,0,-1],"RelY":-1},{"x":1027.820895522389,"y":153.71641791044775,"isAttachedTo":"e6d1e","RelX":0,"anchor":[0.5,1,0,1],"RelY":1}],"interactionGraph":[{"id":"f83d7","interactsWith":"e6d1e"}],"interactionType":"gpml:Arrow"},{"networkType":"edge","gpmlType":"interaction","@type":["interaction"],"graphicalType":"path","markerEnd":"arrow","points":[{"x":893.820895522389,"y":396.71641791044783,"isAttachedTo":"f693e","RelX":1,"anchor":[1,0.5,1,0],"RelY":0},{"x":978.8208955223895,"y":396.71641791044783,"isAttachedTo":"e4553","RelX":-1,"anchor":[0,0.5,-1,0],"RelY":0}],"interactionGraph":[{"id":"f693e","interactsWith":"e4553"}],"interactionType":"gpml:Arrow"},{"networkType":"edge","gpmlType":"interaction","@type":["interaction"],"graphicalType":"path","markerEnd":"mimCatalysis","points":[{"x":940.3208955223888,"y":486.7357602702156,"isAttachedTo":"f9289","RelX":0,"anchor":[0.5,1,0,1],"RelY":1},{"x":940.2985074626876,"y":397.7611940298508}]},{"networkType":"edge","gpmlType":"interaction","@type":["interaction"],"graphicalType":"path","markerEnd":"mimCatalysis","points":[{"x":1060.8208955223902,"y":196.71641791044772,"isAttachedTo":"a08d7","RelX":-1,"anchor":[0,0.5,-1,0],"RelY":0},{"x":1028.3582089552247,"y":197.7611940298507}]},{"networkType":"edge","gpmlType":"interaction","@type":["interaction"],"graphicalType":"path","markerEnd":"arrow","points":[{"x":1060.82089552239,"y":476.73576027021556,"isAttachedTo":"a3b0f","RelX":-1,"anchor":[0,0.5,-1,0],"RelY":0},{"x":971.8208955223888,"y":476.7357602702156,"isAttachedTo":"f9289","RelX":1,"anchor":[1,0.5,1,0],"RelY":0}],"interactionGraph":[{"id":"a3b0f","interactsWith":"f9289"}],"interactionType":"gpml:Arrow"},{"networkType":"edge","gpmlType":"interaction","@type":["interaction"],"graphicalType":"path","markerEnd":"arrow","points":[{"x":1092.32089552239,"y":367.716813727991,"isAttachedTo":"bf510","RelX":0,"anchor":[0.5,1,0,1],"RelY":1},{"x":1092.32089552239,"y":466.73576027021556,"isAttachedTo":"a3b0f","RelX":0,"anchor":[0.5,0,0,-1],"RelY":-1}],"interactionGraph":[{"id":"bf510","interactsWith":"a3b0f"}],"interactionType":"gpml:Arrow"},{"networkType":"edge","gpmlType":"interaction","@type":["interaction"],"graphicalType":"path","markerEnd":"arrow","points":[{"x":1123.8208955223902,"y":196.71641791044772,"isAttachedTo":"a08d7","RelX":1,"anchor":[1,0.5,1,0],"RelY":0},{"x":1170.58955223881,"y":196.71641791044775,"isAttachedTo":"de2a1","RelX":-1,"anchor":[0,0.5,-1,0],"RelY":0}],"interactionGraph":[{"id":"a08d7","interactsWith":"de2a1"}],"interactionType":"gpml:Arrow"},{"networkType":"edge","gpmlType":"interaction","@type":["interaction"],"graphicalType":"path","markerEnd":"arrow","points":[{"x":1170.58955223881,"y":357.716813727991,"isAttachedTo":"e38a5","RelX":-1,"anchor":[0,0.5,-1,0],"RelY":0},{"x":1123.82089552239,"y":357.716813727991,"isAttachedTo":"bf510","RelX":1,"anchor":[1,0.5,1,0],"RelY":0}],"interactionGraph":[{"id":"e38a5","interactsWith":"bf510"}],"interactionType":"gpml:Arrow"},{"networkType":"edge","gpmlType":"interaction","@type":["interaction"],"graphicalType":"path","markerEnd":"arrow","points":[{"x":1202.08955223881,"y":210.67164179104475,"isAttachedTo":"de2a1","RelX":0,"anchor":[0.5,1,0,1],"RelY":1},{"x":1202.08955223881,"y":347.716813727991,"isAttachedTo":"e38a5","RelX":0,"anchor":[0.5,0,0,-1],"RelY":-1}],"interactionGraph":[{"id":"de2a1","interactsWith":"e38a5"}],"interactionType":"gpml:Arrow"},{"networkType":"edge","gpmlType":"interaction","@type":["interaction"],"graphicalType":"path","markerEnd":"arrow","points":[{"x":338.8208955223888,"y":143.71641791044775,"isAttachedTo":"a82ca","RelX":-1,"anchor":[0,0.5,-1,0],"RelY":0},{"x":252.80970149253736,"y":143.71641791044775,"isAttachedTo":"cadaa","RelX":1,"anchor":[1,0.5,1,0],"RelY":0}],"interactionGraph":[{"id":"a82ca","interactsWith":"cadaa"}],"interactionType":"gpml:Arrow"},{"networkType":"node","nodeType":"DataNode","dataNodeType":"GeneProduct","@type":["DataNode","GeneProduct","datanode"],"gpmlType":"datanode","graphicalType":"path"},{"networkType":"edge","gpmlType":"interaction","@type":["interaction"],"graphicalType":"path","markerEnd":"arrow","points":[{"x":252.80970149253736,"y":240.71641791044777,"isAttachedTo":"d639f","RelX":1,"anchor":[1,0.5,1,0],"RelY":0},{"x":338.8208955223888,"y":240.71641791044775,"isAttachedTo":"b4515","RelX":-1,"anchor":[0,0.5,-1,0],"RelY":0}],"interactionGraph":[{"id":"d639f","interactsWith":"b4515"}],"interactionType":"gpml:Arrow"},{"networkType":"edge","gpmlType":"interaction","@type":["interaction"],"graphicalType":"path","markerEnd":"mimCatalysis","points":[{"x":300.5223880597016,"y":91.71641791044777,"isAttachedTo":"ea1d1","RelX":0,"anchor":[0.5,1,0,1],"RelY":1},{"x":300.7462686567164,"y":143.28358208955223}]},{"networkType":"edge","gpmlType":"interaction","@type":["interaction"],"graphicalType":"path","markerEnd":"mimCatalysis","points":[{"x":164.4104477611937,"y":196.71641791044772,"isAttachedTo":"ba207","RelX":1,"anchor":[1,0.5,1,0],"RelY":0},{"x":211.94029850746267,"y":196.2686567164179}]},{"networkType":"edge","gpmlType":"interaction","@type":["interaction"],"graphicalType":"path","markerEnd":"mimCatalysis","points":[{"x":300.5223880597016,"y":306.46641791044783,"isAttachedTo":"f2589","RelX":0,"anchor":[0.5,0,0,-1],"RelY":-1},{"x":301.2345679012345,"y":241.9753086419753}]},{"networkType":"edge","gpmlType":"interaction","@type":["interaction"],"graphicalType":"path","markerEnd":"arrow","points":[{"x":132.91044776119372,"y":186.71641791044772,"isAttachedTo":"ba207","RelX":0,"anchor":[0.5,0,0,-1],"RelY":-1},{"x":132.91044776119372,"y":91.71641791044775,"isAttachedTo":"f98a2","RelX":0,"anchor":[0.5,1,0,1],"RelY":1}],"interactionGraph":[{"id":"ba207","interactsWith":"f98a2"}],"interactionType":"gpml:Arrow"},{"networkType":"edge","gpmlType":"interaction","@type":["interaction"],"graphicalType":"path","markerEnd":"arrow","points":[{"x":164.41044776119367,"y":81.71641791044777,"isAttachedTo":"f98a2","RelX":1,"anchor":[1,0.5,1,0],"RelY":0},{"x":269.0223880597016,"y":81.71641791044777,"isAttachedTo":"ea1d1","RelX":-1,"anchor":[0,0.5,-1,0],"RelY":0}],"interactionGraph":[{"id":"f98a2","interactsWith":"ea1d1"}],"interactionType":"gpml:Arrow"},{"networkType":"edge","gpmlType":"interaction","@type":["interaction"],"graphicalType":"path","markerEnd":"mimCatalysis","points":[{"x":1175.9763835145268,"y":274.7164179104477,"isAttachedTo":"b2c8c","RelX":1,"anchor":[1,0.5,1,0],"RelY":0},{"x":1202.469135802469,"y":274.8971193415638}]},{"networkType":"edge","gpmlType":"interaction","@type":["interaction"],"graphicalType":"path","markerEnd":"arrow","points":[{"x":132.9104477611937,"y":260.5974721642046,"isAttachedTo":"b0a68","RelX":0,"anchor":[0.5,0,0,-1],"RelY":-1},{"x":132.91044776119372,"y":206.71641791044772,"isAttachedTo":"ba207","RelX":0,"anchor":[0.5,1,0,1],"RelY":1}],"interactionGraph":[{"id":"b0a68","interactsWith":"ba207"}],"interactionType":"gpml:Arrow"},{"networkType":"edge","gpmlType":"interaction","@type":["interaction"],"graphicalType":"path","markerEnd":"arrow","points":[{"x":269.0223880597016,"y":316.46641791044783,"isAttachedTo":"f2589","RelX":-1,"anchor":[0,0.5,-1,0],"RelY":0},{"x":164.41044776119375,"y":365.56415453596253,"isAttachedTo":"ddcee","RelX":1,"anchor":[1,0.5,1,0],"RelY":0}],"interactionGraph":[{"id":"f2589","interactsWith":"ddcee"}],"interactionType":"gpml:Arrow"},{"networkType":"edge","gpmlType":"interaction","@type":["interaction"],"graphicalType":"path","points":[{"x":853.820895522389,"y":406.71641791044783,"isAttachedTo":"f693e","RelX":0,"anchor":[0.5,1,0,1],"RelY":1},{"x":853.820895522389,"y":444.71641791044783}]},{"networkType":"edge","gpmlType":"interaction","@type":["interaction"],"graphicalType":"path","markerEnd":"mimCatalysis","points":[{"x":83.91877034580267,"y":313.52300227258803,"isAttachedTo":"d5fa6","RelX":1,"anchor":[1,0.5,1,0],"RelY":0},{"x":131.81069958847752,"y":313.7037037037042}]},{"networkType":"edge","gpmlType":"interaction","@type":["interaction"],"graphicalType":"path","markerEnd":"arrow","points":[{"x":132.91044776119372,"y":351.6089306553655,"isAttachedTo":"ddcee","RelX":0,"anchor":[0.5,0,0,-1],"RelY":-1},{"x":132.9104477611937,"y":280.5974721642046,"isAttachedTo":"b0a68","RelX":0,"anchor":[0.5,1,0,1],"RelY":1}],"interactionGraph":[{"id":"ddcee","interactsWith":"b0a68"}],"interactionType":"gpml:Arrow"},{"networkType":"node","nodeType":"DataNode","dataNodeType":"GeneProduct","@type":["DataNode","GeneProduct","datanode"],"gpmlType":"datanode","graphicalType":"path","datasourceReference":{"database":"KEGG Orthology","id":"K01647","organism":"Homo sapiens"}},{"networkType":"node","nodeType":"DataNode","dataNodeType":"Metabolite","@type":["DataNode","Metabolite","datanode"],"gpmlType":"datanode","graphicalType":"path","datasourceReference":{"database":"KEGG Compound","id":"C00074","organism":"Homo sapiens"}},{"networkType":"node","nodeType":"DataNode","dataNodeType":"Metabolite","@type":["DataNode","Metabolite","datanode"],"gpmlType":"datanode","graphicalType":"path","datasourceReference":{"database":"KEGG Compound","id":"C00158","organism":"Homo sapiens"}},{"networkType":"node","nodeType":"DataNode","dataNodeType":"Metabolite","@type":["DataNode","Metabolite","datanode"],"gpmlType":"datanode","graphicalType":"path","datasourceReference":{"database":"KEGG Compound","id":"C00036","organism":"Homo sapiens"}},{"networkType":"node","nodeType":"DataNode","dataNodeType":"Metabolite","@type":["DataNode","Metabolite","datanode"],"gpmlType":"datanode","graphicalType":"path","datasourceReference":{"database":"KEGG Compound","id":"C00022","organism":"Homo sapiens"}},{"networkType":"node","nodeType":"DataNode","dataNodeType":"GeneProduct","@type":["DataNode","GeneProduct","datanode"],"gpmlType":"datanode","graphicalType":"path","datasourceReference":{"database":"KEGG Orthology","id":"K01648","organism":"Homo sapiens"}},{"networkType":"node","nodeType":"DataNode","dataNodeType":"GeneProduct","@type":["DataNode","GeneProduct","datanode"],"gpmlType":"datanode","graphicalType":"path","datasourceReference":{"database":"KEGG Orthology","id":"K01681","organism":"Homo sapiens"}},{"networkType":"node","nodeType":"DataNode","dataNodeType":"Metabolite","@type":["DataNode","Metabolite","datanode"],"gpmlType":"datanode","graphicalType":"path","datasourceReference":{"database":"KEGG Compound","id":"C00024","organism":"Homo sapiens"}},{"networkType":"node","nodeType":"DataNode","dataNodeType":"Metabolite","@type":["DataNode","Metabolite","datanode"],"gpmlType":"datanode","graphicalType":"path","datasourceReference":{"database":"KEGG Compound","id":"C00311","organism":"Homo sapiens"}},{"networkType":"node","nodeType":"DataNode","dataNodeType":"Metabolite","@type":["DataNode","Metabolite","datanode"],"gpmlType":"datanode","graphicalType":"path","datasourceReference":{"database":"KEGG Compound","id":"C00149","organism":"Homo sapiens"}},{"networkType":"node","nodeType":"DataNode","dataNodeType":"GeneProduct","@type":["DataNode","GeneProduct","datanode"],"gpmlType":"datanode","graphicalType":"path","datasourceReference":{"database":"KEGG Orthology","id":"K00025","organism":"Homo sapiens"}},{"networkType":"node","nodeType":"DataNode","dataNodeType":"GeneProduct","@type":["DataNode","GeneProduct","datanode"],"gpmlType":"datanode","graphicalType":"path","datasourceReference":{"database":"KEGG Orthology","id":"K00234","organism":"Homo sapiens"}},{"networkType":"node","nodeType":"DataNode","dataNodeType":"GeneProduct","@type":["DataNode","GeneProduct","datanode"],"gpmlType":"datanode","graphicalType":"path","datasourceReference":{"database":"KEGG Orthology","id":"K01679","organism":"Homo sapiens"}},{"networkType":"node","nodeType":"DataNode","dataNodeType":"Metabolite","@type":["DataNode","Metabolite","datanode"],"gpmlType":"datanode","graphicalType":"path","datasourceReference":{"database":"KEGG Compound","id":"C00122","organism":"Homo sapiens"}},{"networkType":"node","nodeType":"DataNode","dataNodeType":"Metabolite","@type":["DataNode","Metabolite","datanode"],"gpmlType":"datanode","graphicalType":"path","datasourceReference":{"database":"KEGG Compound","id":"C00042","organism":"Homo sapiens"}},{"networkType":"node","nodeType":"DataNode","dataNodeType":"GeneProduct","@type":["DataNode","GeneProduct","datanode"],"gpmlType":"datanode","graphicalType":"path","datasourceReference":{"database":"KEGG Orthology","id":"K01900","organism":"Homo sapiens"}},{"networkType":"node","nodeType":"DataNode","dataNodeType":"Metabolite","@type":["DataNode","Metabolite","datanode"],"gpmlType":"datanode","graphicalType":"path","datasourceReference":{"database":"KEGG Compound","id":"C00091","organism":"Homo sapiens"}},{"networkType":"node","nodeType":"DataNode","dataNodeType":"GeneProduct","@type":["DataNode","GeneProduct","datanode"],"gpmlType":"datanode","graphicalType":"path","datasourceReference":{"database":"KEGG Orthology","id":"K00031","organism":"Homo sapiens"}},{"networkType":"node","nodeType":"DataNode","dataNodeType":"Metabolite","@type":["DataNode","Metabolite","datanode"],"gpmlType":"datanode","graphicalType":"path","datasourceReference":{"database":"KEGG Compound","id":"C05379","organism":"Homo sapiens"}},{"networkType":"node","nodeType":"DataNode","dataNodeType":"Metabolite","@type":["DataNode","Metabolite","datanode"],"gpmlType":"datanode","graphicalType":"path","datasourceReference":{"database":"KEGG Compound","id":"C00026","organism":"Homo sapiens"}},{"networkType":"node","nodeType":"DataNode","dataNodeType":"GeneProduct","@type":["DataNode","GeneProduct","datanode"],"gpmlType":"datanode","graphicalType":"path","datasourceReference":{"database":"KEGG Orthology","id":"K00031","organism":"Homo sapiens"}},{"networkType":"node","nodeType":"DataNode","dataNodeType":"GeneProduct","@type":["DataNode","GeneProduct","datanode"],"gpmlType":"datanode","graphicalType":"path","datasourceReference":{"database":"KEGG Orthology","id":"K00030","organism":"Homo sapiens"}},{"networkType":"node","nodeType":"DataNode","dataNodeType":"GeneProduct","@type":["DataNode","GeneProduct","datanode"],"gpmlType":"datanode","graphicalType":"path","datasourceReference":{"database":"KEGG Orthology","id":"K00164","organism":"Homo sapiens"}},{"networkType":"node","nodeType":"DataNode","dataNodeType":"GeneProduct","@type":["DataNode","GeneProduct","datanode"],"gpmlType":"datanode","graphicalType":"path","datasourceReference":{"database":"KEGG Orthology","id":"K00164","organism":"Homo sapiens"}},{"networkType":"node","nodeType":"DataNode","dataNodeType":"GeneProduct","@type":["DataNode","GeneProduct","datanode"],"gpmlType":"datanode","graphicalType":"path","datasourceReference":{"database":"KEGG Orthology","id":"K00658","organism":"Homo sapiens"}},{"networkType":"node","nodeType":"DataNode","dataNodeType":"GeneProduct","@type":["DataNode","GeneProduct","datanode"],"gpmlType":"datanode","graphicalType":"path","datasourceReference":{"database":"KEGG Orthology","id":"K00382","organism":"Homo sapiens"}},{"networkType":"node","nodeType":"DataNode","dataNodeType":"Metabolite","@type":["DataNode","Metabolite","datanode"],"gpmlType":"datanode","graphicalType":"path","datasourceReference":{"database":"KEGG Compound","id":"C00068","organism":"Homo sapiens"}},{"networkType":"node","nodeType":"DataNode","dataNodeType":"GeneProduct","@type":["DataNode","GeneProduct","datanode"],"gpmlType":"datanode","graphicalType":"path","datasourceReference":{"database":"KEGG Orthology","id":"K00161","organism":"Homo sapiens"}},{"networkType":"node","nodeType":"DataNode","dataNodeType":"Metabolite","@type":["DataNode","Metabolite","datanode"],"gpmlType":"datanode","graphicalType":"path","datasourceReference":{"database":"KEGG Compound","id":"C15972","organism":"Homo sapiens"}},{"networkType":"node","nodeType":"DataNode","dataNodeType":"Metabolite","@type":["DataNode","Metabolite","datanode"],"gpmlType":"datanode","graphicalType":"path","datasourceReference":{"database":"KEGG Compound","id":"C05125","organism":"Homo sapiens"}},{"networkType":"node","nodeType":"DataNode","dataNodeType":"GeneProduct","@type":["DataNode","GeneProduct","datanode"],"gpmlType":"datanode","graphicalType":"path","datasourceReference":{"database":"KEGG Orthology","id":"K00627","organism":"Homo sapiens"}},{"networkType":"node","nodeType":"DataNode","dataNodeType":"GeneProduct","@type":["DataNode","GeneProduct","datanode"],"gpmlType":"datanode","graphicalType":"path","datasourceReference":{"database":"KEGG Orthology","id":"K00161","organism":"Homo sapiens"}},{"networkType":"node","nodeType":"DataNode","dataNodeType":"Metabolite","@type":["DataNode","Metabolite","datanode"],"gpmlType":"datanode","graphicalType":"path","datasourceReference":{"database":"KEGG Compound","id":"C16255","organism":"Homo sapiens"}},{"networkType":"node","nodeType":"DataNode","dataNodeType":"Metabolite","@type":["DataNode","Metabolite","datanode"],"gpmlType":"datanode","graphicalType":"path","datasourceReference":{"database":"KEGG Compound","id":"C00068","organism":"Homo sapiens"}},{"networkType":"node","nodeType":"DataNode","dataNodeType":"Metabolite","@type":["DataNode","Metabolite","datanode"],"gpmlType":"datanode","graphicalType":"path","datasourceReference":{"database":"KEGG Compound","id":"C15972","organism":"Homo sapiens"}},{"networkType":"edge","gpmlType":"interaction","@type":["interaction"],"graphicalType":"path","markerEnd":"arrow","points":[{"x":212.80970149253736,"y":155.93097014925377,"isAttachedTo":"cadaa","RelX":0,"anchor":[0.5,1,0,1],"RelY":1},{"x":212.80970149253736,"y":228.50186567164175,"isAttachedTo":"d639f","RelX":0,"anchor":[0.5,0,0,-1],"RelY":-1}],"interactionGraph":[{"id":"cadaa","interactsWith":"d639f"}],"interactionType":"gpml:Arrow"}],"xmlns":"http://pathvisio.org/GPML/2013a","author":"M Aguirre","lastModified":"10/16/2013","name":"TCA Cycle and PDHc","organism":"Homo sapiens","image":{"@context":{"@vocab":"http://schema.org/"},"width":1263.58955223881,"height":516.7357602702157},"publicationXref":[],"id":"wpId:WP2453","revision":"72092"}}