{"@context":{"@vocab":"http://vocabularies.wikipathways.org/gpml#","@base":"wpId:WP2566","pathwayIri":"wpId:WP2566","ChEBI":"http://www.ebi.ac.uk/chebi/searchId.do?chebiId=","dataSource":"gpml:Data-Source","datasourceReference":"wp:DatasourceReference","Group":{"@container":"@list","@id":"gpml:Group"},"interaction":{"@id":"biopax:Interaction","@type":"@id"},"interactionType":{"@id":"biopax:InteractionType","@type":"@id"},"interactionGraph":"@graph","lastModified":"gpml:Last-Modified","pathway":"biopax:Pathway","point":{"@container":"@list","@id":"gpml:Point"},"publicationXref":"biopax:PublicationXref","unificationXref":"biopax:UnificationXref","author":"schema:author","backgroundColor":"css2:colors.html#propdef-background-color","backgroundImage":"css2:colors.html#propdef-background-image","biopax":"http://www.biopax.org/release/biopax-level3.owl#","borderColor":"css2:box.html#propdef-border-color","borderStyle":"css2:box.html#propdef-border-style","borderWidth":"css2:box.html#propdef-border-width","boxSizing":{"@id":"css3Ui:box-sizing","@value":"border-box"},"color":"css2:colors.html#propdef-color","contains":{"@id":"ex:contains","@type":"@id"},"css2":"http://www.w3.org/TR/CSS2/","css3Ui":"http://www.w3.org/TR/css3-ui/#","cssTransform":"http://www.w3.org/TR/css-transforms-1/#","gpmlDataNodeType":"gpml:Type","dcterms":"http://puri.org/dc/terms/","entrezGene":"http://www.ncbi.nlm.nih.gov/gene/","ex":"http://www.example.org/","fontFamily":"css2:fonts.html#font-family-prop","fontSize":"css2:fonts.html#propdef-font-size","fontStyle":"css2:fonts.html#propdef-font-style","fontWeight":"css2:fonts.html#propdef-font-weight","gpml":"http://vocabularies.wikipathways.org/gpml#","gpmlFolder":"file://Users/andersriutta/Sites/pathvisiojs/test/gpml/","hMDB":"http://www.hmdb.ca/metabolites/HMDB","height":"css2:visudet.html#propdef-height","id":"@id","image":"schema:image","interactsWith":{"@id":"ex:interactsWith","@type":"@id"},"isContainedBy":{"@reverse":"ex:contains","@type":"@id"},"media":"http://www.w3.org/TR/mediaont-10/","name":"http://xmlns.com/foaf/0.1/name","organism":"biopax:organism","padding":"css2:box.html#propdef-padding","elements":{"@container":"@list","@id":"ex:pathwayElements/"},"position":"css2:visuren.html#propdef-position","rotate":"cssTransform:funcdef-rotate","schema":"http://schema.org/","shapeLibrary":"http://shapelibrary.example.org/","shape":"shapeLibrary:shape","stroke":"svg:painting.html#StrokeProperty","strokeWidth":"svg:painting.html#StrokeWidthProperty","svg":"http://www.w3.org/TR/SVG11/","textAlign":"css2:text.html#propdef-text-align","verticalAlign":"css2:visudet.html#propdef-vertical-align","width":"css2:visudet.html#propdef-width","wp":"http://vocabularies.wikipathways.org/wp#","wpId":"http://identifiers.org/wikipathways/","x":{"@id":"css2:visuren.html#propdef-left","@type":"xsd:integer"},"xsd":"http://www.w3.org/2001/XMLSchema#","y":"css2:visuren.html#propdef-top","zIndex":{"@id":"css2:z-index","@type":"xsd:integer"}},"wpId:WP2566":{"elements":[{"networkType":"edge","gpmlType":"interaction","@type":["interaction"],"graphicalType":"path","markerEnd":"arrow","points":[{"x":1169.649651074018,"y":153.2019323890836,"isAttachedTo":"a76ec","RelX":1,"anchor":[1,0.5,1,0],"RelY":0},{"x":1189.649651074018,"y":153.2019323890836},{"x":1189.649651074018,"y":768.7845307900093},{"x":1029.3182801597177,"y":768.7845307900093,"isAttachedTo":"b60a6","RelX":1,"anchor":[1,0.5,1,0],"RelY":0}],"interactionGraph":[{"id":"a76ec","interactsWith":"b60a6"}],"interactionType":"gpml:Arrow"},{"networkType":"node","nodeType":"DataNode","dataNodeType":"GeneProduct","@type":["DataNode","GeneProduct","datanode"],"gpmlType":"datanode","graphicalType":"path","datasourceReference":{"database":"Uniprot-TrEMBL","id":"L7N4I7","organism":"Mycobacterium tuberculosis"}},{"networkType":"edge","gpmlType":"interaction","@type":["interaction"],"graphicalType":"path","markerEnd":"arrow","points":[{"x":989.3182801597177,"y":778.7845307900093,"isAttachedTo":"b60a6","RelX":0,"anchor":[0.5,1,0,1],"RelY":1},{"x":989.3182801597177,"y":881},{"x":454.9629577226775,"y":881},{"x":454.9629577226775,"y":735.3245860707336,"isAttachedTo":"c74f1","RelX":0,"anchor":[0.5,1,0,1],"RelY":1}],"interactionGraph":[{"id":"b60a6","interactsWith":"c74f1"}],"interactionType":"gpml:Arrow"},{"gpmlType":"anchor","zIndex":null,"networkType":"node","@type":["anchor"],"graphicalType":"path","x":null,"y":null},{"networkType":"edge","gpmlType":"interaction","@type":["interaction"],"graphicalType":"path","markerEnd":"arrow","points":[{"x":237.6786141339756,"y":440.0165020550097,"isAttachedTo":"ace8d","RelX":1,"anchor":[1,0.5,1,0],"RelY":0},{"x":415.49334915390557,"y":438.0738965020366,"isAttachedTo":"c0ec1","RelX":-1,"anchor":[0,0.5,-1,0],"RelY":0}],"interactionGraph":[{"id":"ace8d","interactsWith":"c0ec1"}],"interactionType":"gpml:Arrow"},{"gpmlType":"anchor","zIndex":null,"networkType":"node","@type":["anchor"],"graphicalType":"path","x":null,"y":null},{"networkType":"edge","gpmlType":"interaction","@type":["interaction"],"graphicalType":"path","markerEnd":"mimConversion","points":[{"x":455.49334915390557,"y":428.0738965020366,"isAttachedTo":"c0ec1","RelX":0,"anchor":[0.5,0,0,-1],"RelY":-1},{"x":455.49334915390557,"y":258.7880191404381},{"x":690.3724013964755,"y":258.7880191404381,"isAttachedTo":"dc9ab","RelX":-1,"anchor":[0,0.5,-1,0],"RelY":0}],"interactionGraph":[{"id":"c0ec1","interactsWith":"dc9ab"}],"interactionType":"mim-conversion"},{"gpmlType":"anchor","zIndex":null,"networkType":"node","@type":["anchor"],"graphicalType":"path","x":null,"y":null},{"networkType":"edge","gpmlType":"interaction","@type":["interaction"],"graphicalType":"path","markerEnd":"mimCatalysis","points":[{"x":500.5640561362254,"y":248.36918145564618,"isAttachedTo":"ce130","RelX":1,"anchor":[1,0.5,1,0],"RelY":0},{"x":564.0191879007995,"y":283.50474479214716,"isAttachedTo":"b9d39","RelX":0,"anchor":[0.5,0.5,0,0],"RelY":0}],"interactionGraph":[{"id":"ce130","interactsWith":"b9d39"}],"interactionType":"mim-catalysis"},{"networkType":"edge","gpmlType":"interaction","@type":["interaction"],"graphicalType":"path","markerEnd":"mimConversion","points":[{"x":454.9629577226775,"y":715.3245860707336,"isAttachedTo":"c74f1","RelX":0,"anchor":[0.5,0,0,-1],"RelY":-1},{"x":454.9629577226775,"y":622},{"x":455.49334915390557,"y":622},{"x":455.49334915390557,"y":448.0738965020366,"isAttachedTo":"c0ec1","RelX":0,"anchor":[0.5,1,0,1],"RelY":1}],"interactionGraph":[{"id":"c74f1","interactsWith":"c0ec1"}],"interactionType":"mim-conversion"},{"gpmlType":"anchor","zIndex":null,"networkType":"node","@type":["anchor"],"graphicalType":"path","x":null,"y":null},{"networkType":"edge","gpmlType":"interaction","@type":["interaction"],"graphicalType":"path","markerEnd":"mimCatalysis","points":[{"x":246.29015576742194,"y":608.2180163317745,"isAttachedTo":"a2808","RelX":1,"anchor":[1,0.5,1,0],"RelY":0},{"x":455.34131635749924,"y":608.4258238037736,"isAttachedTo":"af3d4","RelX":0,"anchor":[0.5,0.5,0,0],"RelY":0}],"interactionGraph":[{"id":"a2808","interactsWith":"af3d4"}],"interactionType":"mim-catalysis"},{"networkType":"edge","gpmlType":"interaction","@type":["interaction"],"graphicalType":"path","markerEnd":"mimConversion","points":[{"x":1051,"y":575},{"x":989.3182801597177,"y":758.7845307900093,"isAttachedTo":"b60a6","RelX":0,"anchor":[0.5,0,0,-1],"RelY":-1}]},{"networkType":"edge","gpmlType":"interaction","@type":["interaction"],"graphicalType":"path","markerEnd":"mimCatalysis","points":[{"x":923.8092498387475,"y":672.8433847785765,"isAttachedTo":"fcf20","RelX":1,"anchor":[1,0.5,1,0],"RelY":0},{"x":1026,"y":652}]},{"networkType":"edge","gpmlType":"interaction","@type":["interaction"],"graphicalType":"path","markerEnd":"mimConversion","points":[{"x":770.3724013964755,"y":258.7880191404381,"isAttachedTo":"dc9ab","RelX":1,"anchor":[1,0.5,1,0],"RelY":0},{"x":1007.6879623600155,"y":258.7880191404381},{"x":1007.6879623600155,"y":413.3414125955865,"isAttachedTo":"d8110","RelX":0,"anchor":[0.5,0,0,-1],"RelY":-1}],"interactionGraph":[{"id":"dc9ab","interactsWith":"d8110"}],"interactionType":"mim-conversion"},{"gpmlType":"anchor","zIndex":null,"networkType":"node","@type":["anchor"],"graphicalType":"path","x":null,"y":null},{"networkType":"edge","gpmlType":"interaction","@type":["interaction"],"graphicalType":"path","markerEnd":"mimConversion","points":[{"x":1007.6879623600155,"y":433.3414125955865,"isAttachedTo":"d8110","RelX":0,"anchor":[0.5,1,0,1],"RelY":1},{"x":1053.730698907964,"y":556.2803038857456,"isAttachedTo":"a0d7e","RelX":0,"anchor":[0.5,0,0,-1],"RelY":-1}],"interactionGraph":[{"id":"d8110","interactsWith":"a0d7e"}],"interactionType":"mim-conversion"},{"gpmlType":"anchor","zIndex":null,"networkType":"node","@type":["anchor"],"graphicalType":"path","x":null,"y":null},{"networkType":"edge","gpmlType":"interaction","@type":["interaction"],"graphicalType":"path","markerEnd":"mimConversion","points":[{"x":771,"y":259},{"x":1089.649651074018,"y":153.2019323890836,"isAttachedTo":"a76ec","RelX":-1,"anchor":[0,0.5,-1,0],"RelY":0}]},{"gpmlType":"anchor","zIndex":null,"networkType":"node","@type":["anchor"],"graphicalType":"path","x":null,"y":null},{"networkType":"edge","gpmlType":"interaction","@type":["interaction"],"graphicalType":"path","markerEnd":"mimCatalysis","points":[{"x":1249.756246921197,"y":578.8884495562679,"isAttachedTo":"aee97","RelX":-0.5,"anchor":[0.25,0,0,-1],"RelY":-1},{"x":1189.5359696249438,"y":426.57618538848726,"isAttachedTo":"d5c0d","RelX":0,"anchor":[0.5,0.5,0,0],"RelY":0}],"interactionGraph":[{"id":"aee97","interactsWith":"d5c0d"}],"interactionType":"mim-catalysis"},{"networkType":"edge","gpmlType":"interaction","@type":["interaction"],"graphicalType":"path","markerEnd":"mimConversion","points":[{"x":1309.8338773735866,"y":764.6766158824569,"isAttachedTo":"efd7c","RelX":-1,"anchor":[0,0.5,-1,0],"RelY":0},{"x":1029.3182801597177,"y":768.7845307900093,"isAttachedTo":"b60a6","RelX":1,"anchor":[1,0.5,1,0],"RelY":0}],"interactionGraph":[{"id":"efd7c","interactsWith":"b60a6"}],"interactionType":"mim-conversion"},{"gpmlType":"anchor","zIndex":null,"networkType":"node","@type":["anchor"],"graphicalType":"path","x":null,"y":null},{"networkType":"edge","gpmlType":"interaction","@type":["interaction"],"graphicalType":"path","markerEnd":"mimCatalysis","points":[{"x":1249.756246921197,"y":598.4213983172353,"isAttachedTo":"aee97","RelX":-0.5,"anchor":[0.25,1,0,1],"RelY":1},{"x":1197.627638488039,"y":766.3197818454778,"isAttachedTo":"b4207","RelX":0,"anchor":[0.5,0.5,0,0],"RelY":0}],"interactionGraph":[{"id":"aee97","interactsWith":"b4207"}],"interactionType":"mim-catalysis"},{"networkType":"edge","gpmlType":"interaction","@type":["interaction"],"graphicalType":"path","markerEnd":"mimCatalysis","points":[{"x":197.55142804552708,"y":580.956744053669,"isAttachedTo":"a2808","RelX":0,"anchor":[0.5,0,0,-1],"RelY":-1},{"x":308.8045081419476,"y":439.23945983382043,"isAttachedTo":"d1f26","RelX":0,"anchor":[0.5,0.5,0,0],"RelY":0}],"interactionGraph":[{"id":"a2808","interactsWith":"d1f26"}],"interactionType":"mim-catalysis"},{"networkType":"edge","gpmlType":"interaction","@type":["interaction"],"graphicalType":"path","markerEnd":"mimCatalysis","points":[{"x":931.1424509815947,"y":496.57764204228636,"isAttachedTo":"de0f2","RelX":1,"anchor":[1,0.5,1,0],"RelY":0},{"x":1026.1050569791948,"y":482.51696911165016,"isAttachedTo":"cb0f0","RelX":0,"anchor":[0.5,0.5,0,0],"RelY":0}],"interactionGraph":[{"id":"de0f2","interactsWith":"cb0f0"}],"interactionType":"mim-catalysis"},{"gpmlType":"anchor","zIndex":null,"networkType":"node","@type":["anchor"],"graphicalType":"path","x":null,"y":null},{"networkType":"edge","gpmlType":"interaction","@type":["interaction"],"graphicalType":"path","markerEnd":"mimCatalysis","points":[{"x":1005.4292729417132,"y":284.01761556748454,"isAttachedTo":"c2ad4","RelX":-1,"anchor":[0,0.5,-1,0],"RelY":0},{"x":934.5002401090312,"y":297.3140491115955,"isAttachedTo":"e6420","RelX":0,"anchor":[0.5,0.5,0,0],"RelY":0}],"interactionGraph":[{"id":"c2ad4","interactsWith":"e6420"}],"interactionType":"mim-catalysis"},{"networkType":"edge","gpmlType":"interaction","@type":["interaction"],"graphicalType":"path","markerEnd":"mimCatalysis","points":[{"x":731.143158370018,"y":941.7030507927568,"isAttachedTo":"ca2af","RelX":0,"anchor":[0.5,0,0,-1],"RelY":-1},{"x":731.0908331665147,"y":880.8259426920607,"isAttachedTo":"aea8b","RelX":0,"anchor":[0.5,0.5,0,0],"RelY":0}],"interactionGraph":[{"id":"ca2af","interactsWith":"aea8b"}],"interactionType":"mim-catalysis"},{"networkType":"node","nodeType":"DataNode","dataNodeType":"Metabolite","@type":["DataNode","Metabolite","datanode"],"gpmlType":"datanode","graphicalType":"path","datasourceReference":{"database":"Chemspider","id":"4573809","organism":"Mycobacterium tuberculosis"}},{"networkType":"node","nodeType":"DataNode","dataNodeType":"Metabolite","@type":["DataNode","Metabolite","datanode"],"gpmlType":"datanode","graphicalType":"path","datasourceReference":{"database":"Chemspider","id":"2849615","organism":"Mycobacterium tuberculosis"}},{"networkType":"node","nodeType":"DataNode","dataNodeType":"Metabolite","@type":["DataNode","Metabolite","datanode"],"gpmlType":"datanode","graphicalType":"path","datasourceReference":{"database":"Chemspider","id":"4573886","organism":"Mycobacterium tuberculosis"}},{"networkType":"node","nodeType":"DataNode","dataNodeType":"Metabolite","@type":["DataNode","Metabolite","datanode"],"gpmlType":"datanode","graphicalType":"path","datasourceReference":{"database":"Chemspider","id":"140973","organism":"Mycobacterium tuberculosis"}},{"networkType":"node","nodeType":"DataNode","dataNodeType":"Metabolite","@type":["DataNode","Metabolite","datanode"],"gpmlType":"datanode","graphicalType":"path","datasourceReference":{"database":"Chemspider","id":"140981","organism":"Mycobacterium tuberculosis"}},{"networkType":"node","nodeType":"DataNode","dataNodeType":"Metabolite","@type":["DataNode","Metabolite","datanode"],"gpmlType":"datanode","graphicalType":"path","datasourceReference":{"database":"Chemspider","id":"2509917","organism":"Mycobacterium tuberculosis"}},{"networkType":"node","nodeType":"DataNode","dataNodeType":"Metabolite","@type":["DataNode","Metabolite","datanode"],"gpmlType":"datanode","graphicalType":"path","datasourceReference":{"database":"Chemspider","id":"29081","organism":"Mycobacterium tuberculosis"}},{"networkType":"node","nodeType":"DataNode","dataNodeType":"Metabolite","@type":["DataNode","Metabolite","datanode"],"gpmlType":"datanode","graphicalType":"path","datasourceReference":{"database":"Chemspider","id":"392413","organism":"Mycobacterium tuberculosis"}},{"networkType":"node","nodeType":"DataNode","dataNodeType":"GeneProduct","@type":["DataNode","GeneProduct","datanode"],"gpmlType":"datanode","graphicalType":"path","datasourceReference":{"database":"Uniprot-TrEMBL","id":"P0A5J4","organism":"Mycobacterium tuberculosis"}},{"networkType":"node","nodeType":"DataNode","dataNodeType":"GeneProduct","@type":["DataNode","GeneProduct","datanode"],"gpmlType":"datanode","graphicalType":"path","datasourceReference":{"database":"Uniprot-TrEMBL","id":"P0A5H3","organism":"Mycobacterium tuberculosis"}},{"networkType":"node","nodeType":"DataNode","dataNodeType":"GeneProduct","@type":["DataNode","GeneProduct","datanode"],"gpmlType":"datanode","graphicalType":"path","datasourceReference":{"database":"Uniprot-TrEMBL","id":"L0T829","organism":"Mycobacterium tuberculosis"}},{"networkType":"node","nodeType":"DataNode","dataNodeType":"GeneProduct","@type":["DataNode","GeneProduct","datanode"],"gpmlType":"datanode","graphicalType":"path","datasourceReference":{"database":"Uniprot-TrEMBL","id":"L0T891","organism":"Mycobacterium tuberculosis"}},{"networkType":"node","nodeType":"DataNode","dataNodeType":"GeneProduct","@type":["DataNode","GeneProduct","datanode"],"gpmlType":"datanode","graphicalType":"path","datasourceReference":{"database":"Uniprot-TrEMBL","id":"L7N501","organism":"Mycobacterium tuberculosis"}},{"networkType":"node","nodeType":"DataNode","dataNodeType":"GeneProduct","@type":["DataNode","GeneProduct","datanode"],"gpmlType":"datanode","graphicalType":"path","datasourceReference":{"database":"Uniprot-TrEMBL","id":"O53446","organism":"Mycobacterium tuberculosis"}},{"networkType":"node","nodeType":"DataNode","dataNodeType":"GeneProduct","@type":["DataNode","GeneProduct","datanode"],"gpmlType":"datanode","graphicalType":"path","datasourceReference":{"database":"Uniprot-TrEMBL","id":"P0A5J6","organism":"Mycobacterium tuberculosis"}},{"networkType":"node","nodeType":"DataNode","dataNodeType":"GeneProduct","@type":["DataNode","GeneProduct","datanode"],"gpmlType":"datanode","graphicalType":"path","datasourceReference":{"database":"Uniprot-TrEMBL","id":"P65419","organism":"Mycobacterium tuberculosis"}},{"networkType":"node","nodeType":"DataNode","dataNodeType":"GeneProduct","@type":["DataNode","GeneProduct","datanode"],"gpmlType":"datanode","graphicalType":"path","datasourceReference":{"database":"Uniprot-TrEMBL","id":"P63777","organism":"Mycobacterium tuberculosis"}},{"networkType":"node","nodeType":"DataNode","dataNodeType":"GeneProduct","@type":["DataNode","GeneProduct","datanode"],"gpmlType":"datanode","graphicalType":"path","datasourceReference":{"database":"Uniprot-TrEMBL","id":"O06162","organism":"Mycobacterium tuberculosis"}},{"networkType":"node","nodeType":"DataNode","dataNodeType":"GeneProduct","@type":["DataNode","GeneProduct","datanode"],"gpmlType":"datanode","graphicalType":"path","datasourceReference":{"database":"Uniprot-TrEMBL","id":"L7N4I7","organism":"Mycobacterium tuberculosis"}},{"networkType":"node","nodeType":"DataNode","dataNodeType":"Metabolite","@type":["DataNode","Metabolite","datanode"],"gpmlType":"datanode","graphicalType":"path","datasourceReference":{"database":"Chemspider","id":"392413","organism":"Mycobacterium tuberculosis"}},{"networkType":"node","nodeType":"DataNode","dataNodeType":"GeneProduct","@type":["DataNode","GeneProduct","datanode"],"gpmlType":"datanode","graphicalType":"path","datasourceReference":{"database":"Uniprot-TrEMBL","id":"L7N605","organism":"Mycobacterium tuberculosis"}},{"networkType":"node","nodeType":"DataNode","dataNodeType":"GeneProduct","@type":["DataNode","GeneProduct","datanode"],"gpmlType":"datanode","graphicalType":"path","datasourceReference":{"database":"Uniprot-TrEMBL","id":"L7N510","organism":"Mycobacterium tuberculosis"}},{"networkType":"node","nodeType":"DataNode","dataNodeType":"GeneProduct","@type":["DataNode","GeneProduct","datanode"],"gpmlType":"datanode","graphicalType":"path","datasourceReference":{"database":"Uniprot-TrEMBL","id":"L0TC66","organism":"Mycobacterium tuberculosis"}},{"networkType":"edge","gpmlType":"interaction","@type":["interaction"],"graphicalType":"path","markerEnd":"mimCatalysis","points":[{"x":1074.8976000519215,"y":242.66189110311518,"isAttachedTo":"c2ad4","RelX":0,"anchor":[0.5,0,0,-1],"RelY":-1},{"x":957.671157319568,"y":197.02143621831195,"isAttachedTo":"ba176","RelX":0,"anchor":[0.5,0.5,0,0],"RelY":0}],"interactionGraph":[{"id":"c2ad4","interactsWith":"ba176"}],"interactionType":"mim-catalysis"}],"xmlns":"http://pathvisio.org/GPML/2013a","author":"Andra Waagmeester","name":"Glyoxylate cycle","organism":"Mycobacterium tuberculosis","image":{"@context":{"@vocab":"http://schema.org/"},"width":1480.8338773735866,"height":1029.1651567619047},"publicationXref":[],"id":"wpId:WP2566","revision":"71840"}}