{"@context":{"@vocab":"http://vocabularies.wikipathways.org/gpml#","@base":"wpId:WP2625","pathwayIri":"wpId:WP2625","ChEBI":"http://www.ebi.ac.uk/chebi/searchId.do?chebiId=","dataSource":"gpml:Data-Source","datasourceReference":"wp:DatasourceReference","Group":{"@container":"@list","@id":"gpml:Group"},"interaction":{"@id":"biopax:Interaction","@type":"@id"},"interactionType":{"@id":"biopax:InteractionType","@type":"@id"},"interactionGraph":"@graph","lastModified":"gpml:Last-Modified","pathway":"biopax:Pathway","point":{"@container":"@list","@id":"gpml:Point"},"publicationXref":"biopax:PublicationXref","unificationXref":"biopax:UnificationXref","author":"schema:author","backgroundColor":"css2:colors.html#propdef-background-color","backgroundImage":"css2:colors.html#propdef-background-image","biopax":"http://www.biopax.org/release/biopax-level3.owl#","borderColor":"css2:box.html#propdef-border-color","borderStyle":"css2:box.html#propdef-border-style","borderWidth":"css2:box.html#propdef-border-width","boxSizing":{"@id":"css3Ui:box-sizing","@value":"border-box"},"color":"css2:colors.html#propdef-color","contains":{"@id":"ex:contains","@type":"@id"},"css2":"http://www.w3.org/TR/CSS2/","css3Ui":"http://www.w3.org/TR/css3-ui/#","cssTransform":"http://www.w3.org/TR/css-transforms-1/#","gpmlDataNodeType":"gpml:Type","dcterms":"http://puri.org/dc/terms/","entrezGene":"http://www.ncbi.nlm.nih.gov/gene/","ex":"http://www.example.org/","fontFamily":"css2:fonts.html#font-family-prop","fontSize":"css2:fonts.html#propdef-font-size","fontStyle":"css2:fonts.html#propdef-font-style","fontWeight":"css2:fonts.html#propdef-font-weight","gpml":"http://vocabularies.wikipathways.org/gpml#","gpmlFolder":"file://Users/andersriutta/Sites/pathvisiojs/test/gpml/","hMDB":"http://www.hmdb.ca/metabolites/HMDB","height":"css2:visudet.html#propdef-height","id":"@id","image":"schema:image","interactsWith":{"@id":"ex:interactsWith","@type":"@id"},"isContainedBy":{"@reverse":"ex:contains","@type":"@id"},"media":"http://www.w3.org/TR/mediaont-10/","name":"http://xmlns.com/foaf/0.1/name","organism":"biopax:organism","padding":"css2:box.html#propdef-padding","elements":{"@container":"@list","@id":"ex:pathwayElements/"},"position":"css2:visuren.html#propdef-position","rotate":"cssTransform:funcdef-rotate","schema":"http://schema.org/","shapeLibrary":"http://shapelibrary.example.org/","shape":"shapeLibrary:shape","stroke":"svg:painting.html#StrokeProperty","strokeWidth":"svg:painting.html#StrokeWidthProperty","svg":"http://www.w3.org/TR/SVG11/","textAlign":"css2:text.html#propdef-text-align","verticalAlign":"css2:visudet.html#propdef-vertical-align","width":"css2:visudet.html#propdef-width","wp":"http://vocabularies.wikipathways.org/wp#","wpId":"http://identifiers.org/wikipathways/","x":{"@id":"css2:visuren.html#propdef-left","@type":"xsd:integer"},"xsd":"http://www.w3.org/2001/XMLSchema#","y":"css2:visuren.html#propdef-top","zIndex":{"@id":"css2:z-index","@type":"xsd:integer"}},"wpId:WP2625":{"elements":[{"networkType":"node","nodeType":"DataNode","dataNodeType":"GeneProduct","@type":["DataNode","GeneProduct","datanode"],"gpmlType":"datanode","graphicalType":"path"},{"networkType":"node","nodeType":"DataNode","dataNodeType":"GeneProduct","@type":["DataNode","GeneProduct","datanode"],"gpmlType":"datanode","graphicalType":"path","datasourceReference":{"database":"Ensembl Plants","id":"MLOC_75450","organism":"Hordeum vulgare"}},{"networkType":"node","nodeType":"DataNode","dataNodeType":"Pathway","@type":["DataNode","Pathway","datanode"],"gpmlType":"datanode","graphicalType":"path"},{"networkType":"node","nodeType":"DataNode","dataNodeType":"Pathway","@type":["DataNode","Pathway","datanode"],"gpmlType":"datanode","graphicalType":"path"},{"networkType":"node","nodeType":"DataNode","dataNodeType":"Pathway","@type":["DataNode","Pathway","datanode"],"gpmlType":"datanode","graphicalType":"path"},{"networkType":"node","nodeType":"Label","@type":["label"],"gpmlType":"label","graphicalType":"path"},{"networkType":"node","nodeType":"Label","@type":["label"],"gpmlType":"label","graphicalType":"path"},{"networkType":"node","nodeType":"Label","@type":["label"],"gpmlType":"label","graphicalType":"path"},{"networkType":"node","nodeType":"Label","@type":["label"],"gpmlType":"label","graphicalType":"path"},{"networkType":"node","nodeType":"Label","@type":["label"],"gpmlType":"label","graphicalType":"path"},{"networkType":"node","nodeType":"Label","@type":["label"],"gpmlType":"label","graphicalType":"path"},{"networkType":"node","nodeType":"Label","@type":["label"],"gpmlType":"label","graphicalType":"path"},{"networkType":"node","nodeType":"Label","@type":["label"],"gpmlType":"label","graphicalType":"path"},{"networkType":"node","nodeType":"Shape","@type":["shape"],"gpmlType":"shape","graphicalType":"path"},{"networkType":"node","nodeType":"Shape","@type":["shape"],"gpmlType":"shape","graphicalType":"path"},{"networkType":"node","nodeType":"Shape","@type":["shape"],"gpmlType":"shape","graphicalType":"path"},{"networkType":"node","nodeType":"Shape","@type":["shape"],"gpmlType":"shape","graphicalType":"path"},{"networkType":"node","nodeType":"Shape","@type":["shape"],"gpmlType":"shape","graphicalType":"path"},{"networkType":"node","nodeType":"Shape","@type":["shape"],"gpmlType":"shape","graphicalType":"path"},{"networkType":"node","nodeType":"Shape","@type":["shape"],"gpmlType":"shape","graphicalType":"path"},{"networkType":"node","nodeType":"Shape","@type":["shape"],"gpmlType":"shape","graphicalType":"path"},{"networkType":"node","nodeType":"Shape","@type":["shape"],"gpmlType":"shape","graphicalType":"path"},{"networkType":"node","nodeType":"Shape","@type":["shape"],"gpmlType":"shape","graphicalType":"path"},{"networkType":"node","nodeType":"Shape","@type":["shape"],"gpmlType":"shape","graphicalType":"path"},{"networkType":"node","nodeType":"Shape","@type":["shape"],"gpmlType":"shape","graphicalType":"path"},{"networkType":"node","nodeType":"Shape","@type":["shape"],"gpmlType":"shape","graphicalType":"path"},{"networkType":"edge","@type":["graphicalline"],"gpmlType":"graphicalline","graphicalType":"path","points":[{"x":126.51542549332632,"y":618.6317380016526,"isAttachedTo":"fdb15","RelX":0,"anchor":[0.5,0,0,-1],"RelY":-1},{"x":126.51542549332632,"y":618.6317380016526,"isAttachedTo":"fdb15","RelX":0,"anchor":[0.5,0,0,-1],"RelY":-1}]},{"networkType":"edge","@type":["graphicalline"],"gpmlType":"graphicalline","graphicalType":"path","points":[{"x":126.51542549332632,"y":618.6317380016526,"isAttachedTo":"fdb15","RelX":0,"anchor":[0.5,0,0,-1],"RelY":-1},{"x":126.24680390523702,"y":638.5390497210924}]},{"networkType":"edge","@type":["graphicalline"],"gpmlType":"graphicalline","graphicalType":"path","points":[{"x":126.5283052457196,"y":638.8205510615751},{"x":134.69184411971415,"y":645.0135805521918}]},{"networkType":"edge","@type":["graphicalline"],"gpmlType":"graphicalline","graphicalType":"path","points":[{"x":891.0024276707348,"y":256.22320606908636},{"x":897.6690943374012,"y":262.22320606908625}]},{"networkType":"edge","@type":["graphicalline"],"gpmlType":"graphicalline","graphicalType":"path","points":[{"x":920.3357610040683,"y":266.889872735753},{"x":911.0024276707351,"y":266.889872735753}]},{"networkType":"edge","@type":["graphicalline"],"gpmlType":"graphicalline","graphicalType":"path","points":[{"x":877.6690943374012,"y":263.889872735753},{"x":918.6690943374016,"y":293.88987273575344}]},{"networkType":"edge","@type":["graphicalline"],"gpmlType":"graphicalline","graphicalType":"path","points":[{"x":898.6690943374012,"y":253.88987273575302},{"x":897.6690943374012,"y":304.88987273575344}]},{"networkType":"edge","@type":["graphicalline"],"gpmlType":"graphicalline","graphicalType":"path","points":[{"x":916.3357610040683,"y":261.5565394024196},{"x":880.335761004068,"y":294.55653940242}]},{"networkType":"edge","@type":["graphicalline"],"gpmlType":"graphicalline","graphicalType":"path","points":[{"x":898.335761004068,"y":295.55653940242},{"x":891.0024276707348,"y":301.5565394024202}]},{"networkType":"edge","@type":["graphicalline"],"gpmlType":"graphicalline","graphicalType":"path","points":[{"x":909.0024276707351,"y":259.5565394024197},{"x":911.6690943374016,"y":267.5565394024196}]},{"networkType":"edge","@type":["graphicalline"],"gpmlType":"graphicalline","graphicalType":"path","points":[{"x":883.6690943374014,"y":259.5565394024197},{"x":884.6690943374014,"y":268.55653940241956}]},{"networkType":"edge","@type":["graphicalline"],"gpmlType":"graphicalline","graphicalType":"path","points":[{"x":875.0024276707346,"y":270.889872735753},{"x":885.0024276707346,"y":268.2232060690863}]},{"networkType":"edge","@type":["graphicalline"],"gpmlType":"graphicalline","graphicalType":"path","points":[{"x":898.335761004068,"y":295.55653940242024},{"x":905.0024276707351,"y":301.5565394024204}]},{"networkType":"edge","@type":["graphicalline"],"gpmlType":"graphicalline","graphicalType":"path","points":[{"x":905.6690943374016,"y":256.22320606908613},{"x":898.335761004068,"y":262.22320606908625}]},{"networkType":"edge","@type":["graphicalline"],"gpmlType":"graphicalline","graphicalType":"path","points":[{"x":910.3357610040686,"y":287.5565394024199},{"x":920.3357610040683,"y":284.8898727357531}]},{"networkType":"edge","@type":["graphicalline"],"gpmlType":"graphicalline","graphicalType":"path","points":[{"x":911.0024276707351,"y":286.88987273575316},{"x":912.0024276707351,"y":295.8898727357535}]},{"networkType":"edge","@type":["graphicalline"],"gpmlType":"graphicalline","graphicalType":"path","points":[{"x":885.6690943374011,"y":289.5565394024201},{"x":888.3357610040679,"y":297.55653940242036}]},{"networkType":"edge","@type":["graphicalline"],"gpmlType":"graphicalline","graphicalType":"path","points":[{"x":886.3357610040679,"y":288.8898727357533},{"x":877.0024276707343,"y":288.8898727357533}]},{"networkType":"edge","@type":["graphicalline"],"gpmlType":"graphicalline","graphicalType":"path","points":[{"x":454.4083669394181,"y":239.3117204080324},{"x":454.4518299988723,"y":246.69803664863716,"isAttachedTo":"c56fb","RelX":0,"anchor":[0.5,0,0,-1],"RelY":-1}]},{"networkType":"edge","@type":["graphicalline"],"gpmlType":"graphicalline","graphicalType":"path","points":[{"x":470.79706809411016,"y":247.8975974258055},{"x":466.3506395226817,"y":252.6833117115198}]},{"networkType":"edge","@type":["graphicalline"],"gpmlType":"graphicalline","graphicalType":"path","points":[{"x":442.701829998872,"y":272.18331171151976},{"x":438.25540142744353,"y":276.96902599723404}]},{"networkType":"node","nodeType":"DataNode","dataNodeType":"Pathway","@type":["DataNode","Pathway","datanode"],"gpmlType":"datanode","graphicalType":"path"},{"networkType":"edge","@type":["graphicalline"],"gpmlType":"graphicalline","graphicalType":"path","points":[{"x":439.84468714172954,"y":246.94521647342452},{"x":443.65421095125294,"y":251.70712123532897}]},{"networkType":"edge","@type":["graphicalline"],"gpmlType":"graphicalline","graphicalType":"path","points":[{"x":454.4083669394181,"y":284.8901286254524},{"x":454.4458776179199,"y":277.4452164734246}]},{"networkType":"edge","gpmlType":"interaction","@type":["interaction"],"graphicalType":"path","markerEnd":"arrow","points":[{"x":829.6525005781256,"y":733.158628203121,"isAttachedTo":"d4566","RelX":1,"anchor":[1,0.25,1,0],"RelY":-0.5},{"x":478.10249999999996,"y":743.0841624999962,"isAttachedTo":"effbf","RelX":-1,"anchor":[0,0.5,-1,0],"RelY":0}],"interactionGraph":[{"id":"d4566","interactsWith":"effbf"}],"interactionType":"gpml:Arrow"},{"networkType":"edge","gpmlType":"interaction","@type":["interaction"],"graphicalType":"path","markerEnd":"tBar","points":[{"x":872.0264652812499,"y":443.0629432812512,"isAttachedTo":"b0065","RelX":-1,"anchor":[0,0.5,-1,0],"RelY":0},{"x":823.5521826093745,"y":442.69223950000026,"isAttachedTo":"fc5f7","RelX":1,"anchor":[1,0.5,1,0],"RelY":0}],"interactionGraph":[{"id":"b0065","interactsWith":"fc5f7"}],"interactionType":"t-bar"},{"networkType":"edge","gpmlType":"interaction","@type":["interaction"],"graphicalType":"path","markerEnd":"arrow","points":[{"x":369.1776300425142,"y":647.205,"isAttachedTo":"e894c","RelX":0,"anchor":[0.5,1,0,1],"RelY":1},{"x":569.6025,"y":727.0841624999962,"isAttachedTo":"effbf","RelX":0.5,"anchor":[0.75,0,0,-1],"RelY":-1}],"interactionGraph":[{"id":"e894c","interactsWith":"effbf"}],"interactionType":"gpml:Arrow"},{"networkType":"edge","gpmlType":"interaction","@type":["interaction"],"graphicalType":"path","markerEnd":"arrow","points":[{"x":927.2764652812499,"y":454.8129432812512,"isAttachedTo":"b0065","RelX":0,"anchor":[0.5,1,0,1],"RelY":1},{"x":600.1025,"y":735.0841624999962,"isAttachedTo":"effbf","RelX":1,"anchor":[1,0.25,1,0],"RelY":-0.5}],"interactionGraph":[{"id":"b0065","interactsWith":"effbf"}],"interactionType":"gpml:Arrow"},{"networkType":"edge","gpmlType":"interaction","@type":["interaction"],"graphicalType":"path","markerEnd":"tBar","points":[{"x":284.84493750000007,"y":570.6965062499994},{"x":442.24936249999894,"y":546.2221374999997,"isAttachedTo":"f17b1","RelX":-0.5,"anchor":[0.25,1,0,1],"RelY":1}]},{"networkType":"edge","gpmlType":"interaction","@type":["interaction"],"graphicalType":"path","markerEnd":"tBar","points":[{"x":286.84493750000007,"y":579.6965062499992},{"x":466.99936249999894,"y":546.2221374999997,"isAttachedTo":"f17b1","RelX":0,"anchor":[0.5,1,0,1],"RelY":1}]},{"networkType":"edge","gpmlType":"interaction","@type":["interaction"],"graphicalType":"path","markerEnd":"tBar","points":[{"x":774.8021826093745,"y":457.94223950000026,"isAttachedTo":"fc5f7","RelX":0,"anchor":[0.5,1,0,1],"RelY":1},{"x":539.1025,"y":727.0841624999962,"isAttachedTo":"effbf","RelX":0,"anchor":[0.5,0,0,-1],"RelY":-1}],"interactionGraph":[{"id":"fc5f7","interactsWith":"effbf"}],"interactionType":"t-bar"},{"networkType":"edge","gpmlType":"interaction","@type":["interaction"],"graphicalType":"path","markerEnd":"arrow","points":[{"x":248.29152123878686,"y":622.0158124999989,"isAttachedTo":"f5dd2","RelX":0,"anchor":[0.5,1,0,1],"RelY":1},{"x":478.10249999999996,"y":735.0841624999962,"isAttachedTo":"effbf","RelX":-1,"anchor":[0,0.25,-1,0],"RelY":-0.5}],"interactionGraph":[{"id":"f5dd2","interactsWith":"effbf"}],"interactionType":"gpml:Arrow"},{"networkType":"edge","gpmlType":"interaction","@type":["interaction"],"graphicalType":"path","markerEnd":"arrow","points":[{"x":491.74936249999894,"y":546.2221374999997,"isAttachedTo":"f17b1","RelX":0.5,"anchor":[0.75,1,0,1],"RelY":1},{"x":508.60249999999996,"y":727.0841624999962,"isAttachedTo":"effbf","RelX":-0.5,"anchor":[0.25,0,0,-1],"RelY":-1}],"interactionGraph":[{"id":"f17b1","interactsWith":"effbf"}],"interactionType":"gpml:Arrow"},{"networkType":"edge","gpmlType":"interaction","@type":["interaction"],"graphicalType":"path","markerEnd":"arrow","points":[{"x":888.5350687500002,"y":313.60061249999995},{"x":927.2764652812499,"y":431.3129432812512,"isAttachedTo":"b0065","RelX":0,"anchor":[0.5,0,0,-1],"RelY":-1}]},{"networkType":"edge","gpmlType":"interaction","@type":["interaction"],"graphicalType":"path","markerEnd":"tBar","points":[{"x":881.24203125,"y":281.99745},{"x":774.8021826093745,"y":427.44223950000026,"isAttachedTo":"fc5f7","RelX":0,"anchor":[0.5,0,0,-1],"RelY":-1}]},{"networkType":"edge","gpmlType":"interaction","@type":["interaction"],"graphicalType":"path","markerEnd":"tBar","points":[{"x":485.4637347607767,"y":262.1009245167424},{"x":750.4271826093745,"y":427.44223950000026,"isAttachedTo":"fc5f7","RelX":-0.5,"anchor":[0.25,0,0,-1],"RelY":-1}]},{"networkType":"edge","gpmlType":"interaction","@type":["interaction"],"graphicalType":"path","markerEnd":"arrow","points":[{"x":485.4637347607767,"y":277.4955265710974,"isAttachedTo":"ddd0e","RelX":1,"anchor":[1,0.75,1,0],"RelY":0.5},{"x":726.0521826093745,"y":435.06723950000026,"isAttachedTo":"fc5f7","RelX":-1,"anchor":[0,0.25,-1,0],"RelY":-0.5}],"interactionGraph":[{"id":"ddd0e","interactsWith":"fc5f7"}],"interactionType":"gpml:Arrow"},{"networkType":"edge","gpmlType":"interaction","@type":["interaction"],"graphicalType":"path","markerEnd":"arrow","points":[{"x":443.65978125000004,"y":291.7215},{"x":466.99936249999894,"y":514.2221374999997,"isAttachedTo":"f17b1","RelX":0,"anchor":[0.5,0,0,-1],"RelY":-1}]},{"networkType":"edge","gpmlType":"interaction","@type":["interaction"],"graphicalType":"path","markerEnd":"arrow","points":[{"x":461.892375,"y":285.64396875},{"x":571.5942999999991,"y":516.1702374999991,"isAttachedTo":"fe91f","RelX":0,"anchor":[0.5,0,0,-1],"RelY":-1}]},{"networkType":"edge","gpmlType":"interaction","@type":["interaction"],"graphicalType":"path","markerEnd":"arrow","points":[{"x":571.5942999999991,"y":544.6702374999991,"isAttachedTo":"fe91f","RelX":0,"anchor":[0.5,1,0,1],"RelY":1},{"x":701.0057907335706,"y":856.0880830634492,"isAttachedTo":"defb6","RelX":-1,"anchor":[0,0.25,-1,0],"RelY":-0.5}],"interactionGraph":[{"id":"fe91f","interactsWith":"defb6"}],"interactionType":"gpml:Arrow"},{"networkType":"edge","gpmlType":"interaction","@type":["interaction"],"graphicalType":"path","markerEnd":"arrow","points":[{"x":539.1025,"y":759.0841624999962,"isAttachedTo":"effbf","RelX":0,"anchor":[0.5,1,0,1],"RelY":1},{"x":701.0057907335706,"y":869.8860080830016,"isAttachedTo":"defb6","RelX":-1,"anchor":[0,0.5,-1,0],"RelY":0}],"interactionGraph":[{"id":"effbf","interactsWith":"defb6"}],"interactionType":"gpml:Arrow"},{"networkType":"edge","gpmlType":"interaction","@type":["interaction"],"graphicalType":"path","markerEnd":"arrow","points":[{"x":435.15123750000004,"y":294.1525125},{"x":331.6852600850288,"y":629.3942376243639,"isAttachedTo":"e894c","RelX":-1,"anchor":[0,0.25,-1,0],"RelY":-0.5}]},{"networkType":"edge","gpmlType":"interaction","@type":["interaction"],"graphicalType":"path","points":[{"x":1148.6783768233663,"y":638.3050732730907},{"x":1191.9991877347954,"y":638.9819609435816}]},{"networkType":"edge","gpmlType":"interaction","@type":["interaction"],"graphicalType":"path","markerEnd":"arrow","points":[{"x":153.10739371757086,"y":637.2676434089633,"isAttachedTo":"b5c27","RelX":1,"anchor":[1,0.5,1,0],"RelY":0},{"x":331.6852600850288,"y":635.3311584162426,"isAttachedTo":"e894c","RelX":-1,"anchor":[0,0.5,-1,0],"RelY":0}],"interactionGraph":[{"id":"b5c27","interactsWith":"e894c"}],"interactionType":"gpml:Arrow"},{"networkType":"edge","gpmlType":"interaction","@type":["interaction"],"graphicalType":"path","points":[{"x":469.79706809411005,"y":292.8901286254524,"isAttachedTo":"ddd0e","RelX":0.5,"anchor":[0.75,1,0,1],"RelY":1},{"x":668.9912500000002,"y":516.5075000000002,"isAttachedTo":"c9f8f","RelX":0,"anchor":[0.5,0,0,-1],"RelY":-1}]},{"networkType":"edge","gpmlType":"interaction","@type":["interaction"],"graphicalType":"path","markerEnd":"tBar","points":[{"x":668.020286921875,"y":539.31980871875},{"x":715.6639833987667,"y":842.2901580438969,"isAttachedTo":"defb6","RelX":-0.5,"anchor":[0.25,0,0,-1],"RelY":-1}]},{"networkType":"edge","gpmlType":"interaction","@type":["interaction"],"graphicalType":"path","points":[{"x":642,"y":544},{"x":519,"y":729}]},{"networkType":"edge","gpmlType":"interaction","@type":["interaction"],"graphicalType":"path","points":[{"x":693,"y":541},{"x":771.9025005781256,"y":726.033628203121,"isAttachedTo":"d4566","RelX":0,"anchor":[0.5,0,0,-1],"RelY":-1}]},{"networkType":"edge","gpmlType":"interaction","@type":["interaction"],"graphicalType":"path","markerEnd":"tBar","points":[{"x":722.311550296875,"y":443.57165704687503},{"x":594.4692999999991,"y":516.1702374999991,"isAttachedTo":"fe91f","RelX":0.5,"anchor":[0.75,0,0,-1],"RelY":-1}]},{"networkType":"edge","gpmlType":"interaction","@type":["interaction"],"graphicalType":"path","markerEnd":"tBar","points":[{"x":1147.8431528556841,"y":674.1722029942581},{"x":1197.240455636444,"y":674.2690058479533}]},{"networkType":"edge","gpmlType":"interaction","@type":["interaction"],"graphicalType":"path","points":[{"x":469.3684966655388,"y":262.65950218771025},{"x":477.4637347607767,"y":262.65950218771025}]},{"networkType":"edge","gpmlType":"interaction","@type":["interaction"],"graphicalType":"path","points":[{"x":430.79706809411005,"y":262.1833117115196},{"x":438.892306189348,"y":262.1833117115196}]},{"networkType":"edge","gpmlType":"interaction","@type":["interaction"],"graphicalType":"path","markerEnd":"arrow","points":[{"x":1151.4585442705982,"y":698.0690707925171},{"x":1199.4449521101974,"y":698.5480759467966}]},{"networkType":"edge","gpmlType":"interaction","@type":["interaction"],"graphicalType":"path","markerEnd":"arrow","points":[{"x":1153.1847937853793,"y":718.4112588990407},{"x":1200.1218397806883,"y":717.500930720547}]},{"networkType":"edge","gpmlType":"interaction","@type":["interaction"],"graphicalType":"path","points":[{"x":1149.2019494364915,"y":656.4277253189833},{"x":1192.3976608187136,"y":656.140350877193}]},{"networkType":"node","nodeType":"DataNode","dataNodeType":"GeneProduct","@type":["DataNode","GeneProduct","datanode"],"gpmlType":"datanode","graphicalType":"path","datasourceReference":{"database":"Ensembl Plants","id":"MLOC_61901","organism":"Hordeum vulgare"}},{"networkType":"node","nodeType":"DataNode","dataNodeType":"GeneProduct","@type":["DataNode","GeneProduct","datanode"],"gpmlType":"datanode","graphicalType":"path","datasourceReference":{"database":"Ensembl Plants","id":"MLOC_68576","organism":"Hordeum vulgare"}},{"networkType":"node","nodeType":"DataNode","dataNodeType":"GeneProduct","@type":["DataNode","GeneProduct","datanode"],"gpmlType":"datanode","graphicalType":"path","datasourceReference":{"database":"Uniprot/TrEMBL","id":"Q68I23","organism":"Hordeum vulgare"}},{"networkType":"node","nodeType":"DataNode","dataNodeType":"GeneProduct","@type":["DataNode","GeneProduct","datanode"],"gpmlType":"datanode","graphicalType":"path","datasourceReference":{"database":"Uniprot-TrEMBL","id":"A0S6X4","organism":"Hordeum vulgare"}},{"networkType":"node","nodeType":"DataNode","dataNodeType":"GeneProduct","@type":["DataNode","GeneProduct","datanode"],"gpmlType":"datanode","graphicalType":"path","datasourceReference":{"database":"Ensembl Plants","id":"MLOC_6921","organism":"Hordeum vulgare"}},{"networkType":"node","nodeType":"DataNode","dataNodeType":"GeneProduct","@type":["DataNode","GeneProduct","datanode"],"gpmlType":"datanode","graphicalType":"path","datasourceReference":{"database":"Ensembl Plants","id":"MLOC_81154","organism":"Hordeum vulgare"}},{"networkType":"node","nodeType":"DataNode","dataNodeType":"GeneProduct","@type":["DataNode","GeneProduct","datanode"],"gpmlType":"datanode","graphicalType":"path","datasourceReference":{"database":"Ensembl Plants","id":"MLOC_75281","organism":"Hordeum vulgare"}},{"networkType":"node","nodeType":"DataNode","dataNodeType":"GeneProduct","@type":["DataNode","GeneProduct","datanode"],"gpmlType":"datanode","graphicalType":"path","datasourceReference":{"database":"EMBL","id":"AK357505","organism":"Hordeum vulgare"}},{"networkType":"node","nodeType":"DataNode","dataNodeType":"GeneProduct","@type":["DataNode","GeneProduct","datanode"],"gpmlType":"datanode","graphicalType":"path","datasourceReference":{"database":"Ensembl Plants","id":"MLOC_74854","organism":"Hordeum vulgare"}},{"networkType":"node","nodeType":"DataNode","dataNodeType":"GeneProduct","@type":["DataNode","GeneProduct","datanode"],"gpmlType":"datanode","graphicalType":"path","datasourceReference":{"database":"Uniprot-TrEMBL","id":"K7QT26","organism":"Hordeum vulgare"}},{"networkType":"node","nodeType":"DataNode","dataNodeType":"GeneProduct","@type":["DataNode","GeneProduct","datanode"],"gpmlType":"datanode","graphicalType":"path","datasourceReference":{"database":"Ensembl Plants","id":"MLOC_18291","organism":"Hordeum vulgare"}},{"networkType":"node","nodeType":"DataNode","dataNodeType":"GeneProduct","@type":["DataNode","GeneProduct","datanode"],"gpmlType":"datanode","graphicalType":"path","datasourceReference":{"database":"Uniprot-TrEMBL","id":"Q8L581","organism":"Hordeum vulgare"}},{"networkType":"edge","@type":["graphicalline"],"gpmlType":"graphicalline","graphicalType":"path","points":[{"x":464.1304014274432,"y":273.6118831400911},{"x":467.9399252369674,"y":277.89759742580526}]}],"xmlns":"http://pathvisio.org/GPML/2013a","version":"20130809","name":"Hordeum vulgare Flowering Time Pathway","organism":"Hordeum vulgare","image":{"@context":{"@vocab":"http://schema.org/"},"width":1378.9326664102196,"height":936.2749336519445},"publicationXref":[],"id":"wpId:WP2625","revision":"73627"}}