{"@context":{"@vocab":"http://vocabularies.wikipathways.org/gpml#","@base":"wpId:WP272","pathwayIri":"wpId:WP272","ChEBI":"http://www.ebi.ac.uk/chebi/searchId.do?chebiId=","dataSource":"gpml:Data-Source","datasourceReference":"wp:DatasourceReference","Group":{"@container":"@list","@id":"gpml:Group"},"interaction":{"@id":"biopax:Interaction","@type":"@id"},"interactionType":{"@id":"biopax:InteractionType","@type":"@id"},"interactionGraph":{"@container":"@list","@type":"@id"},"lastModified":"gpml:Last-Modified","pathway":"biopax:Pathway","point":{"@container":"@list","@id":"gpml:Point"},"publicationXref":"biopax:PublicationXref","unificationXref":"biopax:UnificationXref","author":"schema:author","backgroundColor":"css2:colors.html#propdef-background-color","backgroundImage":"css2:colors.html#propdef-background-image","biopax":"http://www.biopax.org/release/biopax-level3.owl#","borderColor":"css2:box.html#propdef-border-color","borderStyle":"css2:box.html#propdef-border-style","borderWidth":"css2:box.html#propdef-border-width","boxSizing":{"@id":"css3Ui:box-sizing","@value":"border-box"},"color":"css2:colors.html#propdef-color","contains":{"@id":"ex:contains","@type":"@id"},"css2":"http://www.w3.org/TR/CSS2/","css3Ui":"http://www.w3.org/TR/css3-ui/#","cssTransform":"http://www.w3.org/TR/css-transforms-1/#","gpmlDataNodeType":"gpml:Type","dcterms":"http://puri.org/dc/terms/","entrezGene":"http://www.ncbi.nlm.nih.gov/gene/","ex":"http://www.example.org/","fontFamily":"css2:fonts.html#font-family-prop","fontSize":"css2:fonts.html#propdef-font-size","fontStyle":"css2:fonts.html#propdef-font-style","fontWeight":"css2:fonts.html#propdef-font-weight","gpml":"http://vocabularies.wikipathways.org/gpml#","gpmlFolder":"file://Users/andersriutta/Sites/pathvisiojs/test/gpml/","hMDB":"http://www.hmdb.ca/metabolites/HMDB","height":"css2:visudet.html#propdef-height","id":"@id","image":"schema:image","interactsWith":{"@id":"ex:interactsWith","@type":"@id"},"isContainedBy":{"@reverse":"ex:contains","@type":"@id"},"media":"http://www.w3.org/TR/mediaont-10/","name":"http://xmlns.com/foaf/0.1/name","organism":"biopax:organism","padding":"css2:box.html#propdef-padding","elements":{"@container":"@list","@id":"ex:pathwayElements/"},"position":"css2:visuren.html#propdef-position","rotate":"cssTransform:funcdef-rotate","schema":"http://schema.org/","shapeLibrary":"http://shapelibrary.example.org/","shape":"shapeLibrary:shape","stroke":"svg:painting.html#StrokeProperty","strokeWidth":"svg:painting.html#StrokeWidthProperty","svg":"http://www.w3.org/TR/SVG11/","textAlign":"css2:text.html#propdef-text-align","verticalAlign":"css2:visudet.html#propdef-vertical-align","width":"css2:visudet.html#propdef-width","wp":"http://vocabularies.wikipathways.org/wp#","wpId":"http://identifiers.org/wikipathways/","x":{"@id":"css2:visuren.html#propdef-left","@type":"xsd:integer"},"xsd":"http://www.w3.org/2001/XMLSchema#","y":"css2:visuren.html#propdef-top","zIndex":{"@id":"css2:z-index","@type":"xsd:integer"}},"wpId:WP272":{"elements":[{"networkType":"node","nodeType":"DataNode","dataNodeType":"GeneProduct","@type":["DataNode","GeneProduct","datanode"],"gpmlType":"datanode","graphicalType":"path"},{"networkType":"node","nodeType":"DataNode","dataNodeType":"GeneProduct","@type":["DataNode","GeneProduct","datanode"],"gpmlType":"datanode","graphicalType":"path","datasourceReference":{"database":"Entrez Gene","id":"2147","organism":"Homo sapiens"},"unificationXref":"http://identifiers.org/ensembl/ENSG00000180210"},{"networkType":"node","nodeType":"Label","@type":["label"],"gpmlType":"label","graphicalType":"path"},{"networkType":"node","nodeType":"Label","@type":["label"],"gpmlType":"label","graphicalType":"path"},{"networkType":"node","nodeType":"Label","@type":["label"],"gpmlType":"label","graphicalType":"path"},{"networkType":"node","nodeType":"Label","@type":["label"],"gpmlType":"label","graphicalType":"path"},{"networkType":"node","nodeType":"Label","@type":["label"],"gpmlType":"label","graphicalType":"path"},{"networkType":"node","nodeType":"Label","@type":["label"],"gpmlType":"label","graphicalType":"path"},{"networkType":"node","nodeType":"Label","@type":["label"],"gpmlType":"label","graphicalType":"path"},{"networkType":"node","nodeType":"Label","@type":["label"],"gpmlType":"label","graphicalType":"path"},{"networkType":"node","nodeType":"Label","@type":["label"],"gpmlType":"label","graphicalType":"path"},{"networkType":"node","nodeType":"Label","@type":["label"],"gpmlType":"label","graphicalType":"path"},{"networkType":"node","nodeType":"Label","@type":["label"],"gpmlType":"label","graphicalType":"path"},{"networkType":"node","nodeType":"Label","@type":["label"],"gpmlType":"label","graphicalType":"path"},{"networkType":"node","nodeType":"Label","@type":["label"],"gpmlType":"label","graphicalType":"path"},{"networkType":"node","nodeType":"Label","@type":["label"],"gpmlType":"label","graphicalType":"path"},{"networkType":"node","nodeType":"Label","@type":["label"],"gpmlType":"label","graphicalType":"path"},{"networkType":"node","nodeType":"Label","@type":["label"],"gpmlType":"label","graphicalType":"path"},{"networkType":"node","nodeType":"Label","@type":["label"],"gpmlType":"label","graphicalType":"path"},{"networkType":"node","nodeType":"Label","@type":["label"],"gpmlType":"label","graphicalType":"path"},{"networkType":"node","nodeType":"Label","@type":["label"],"gpmlType":"label","graphicalType":"path"},{"networkType":"node","nodeType":"Label","@type":["label"],"gpmlType":"label","graphicalType":"path"},{"networkType":"node","nodeType":"Shape","@type":["shape"],"gpmlType":"shape","graphicalType":"path"},{"networkType":"edge","gpmlType":"interaction","@type":["interaction"],"graphicalType":"path","markerEnd":"arrow","points":[{"x":527.6666666666667,"y":474,"isAttachedTo":"a1d","RelX":1,"anchor":[1,0.5,1,0],"RelY":0},{"x":605,"y":475,"isAttachedTo":"c57ed","RelX":-1,"anchor":[0,0.5,-1,0],"RelY":0}],"interactionGraph":[{"id":"a1d","interactsWith":"c57ed"}],"interactionType":"gpml:Arrow"},{"gpmlType":"anchor","zIndex":null,"networkType":"node","@type":["anchor"],"graphicalType":"path","x":null,"y":null},{"networkType":"edge","gpmlType":"interaction","@type":["interaction"],"graphicalType":"path","markerEnd":"arrow","points":[{"x":648,"y":234,"isAttachedTo":"cce","RelX":-1,"anchor":[0,0.5,-1,0],"RelY":0},{"x":574.3333333333333,"y":313,"isAttachedTo":"fd90f","RelX":1,"anchor":[1,0.5,1,0],"RelY":0}],"interactionGraph":[{"id":"cce","interactsWith":"fd90f"}],"interactionType":"gpml:Arrow"},{"networkType":"edge","gpmlType":"interaction","@type":["interaction"],"graphicalType":"path","markerEnd":"arrow","points":[{"x":572.3333333333334,"y":439,"isAttachedTo":"f4e","RelX":0,"anchor":[0.5,1,0,1],"RelY":1},{"x":572.9765051395008,"y":474.58590308370043,"isAttachedTo":"a8fbc","RelX":0,"anchor":[0.5,0.5,0,0],"RelY":0}],"interactionGraph":[{"id":"f4e","interactsWith":"a8fbc"}],"interactionType":"gpml:Arrow"},{"networkType":"edge","gpmlType":"interaction","@type":["interaction"],"graphicalType":"path","markerEnd":"arrow","points":[{"x":279,"y":306.83333333333337,"isAttachedTo":"b3e","RelX":0,"anchor":[0.5,1,0,1],"RelY":1},{"x":279.0805687203791,"y":339.3333333333333,"isAttachedTo":"c8106","RelX":0,"anchor":[0.5,0.5,0,0],"RelY":0}],"interactionGraph":[{"id":"b3e","interactsWith":"c8106"}],"interactionType":"gpml:Arrow"},{"networkType":"edge","gpmlType":"interaction","@type":["interaction"],"graphicalType":"path","markerEnd":"arrow","points":[{"x":737.1666666666667,"y":562.5,"isAttachedTo":"fa8","RelX":0,"anchor":[0.5,1,0,1],"RelY":1},{"x":761.9166666666666,"y":597.8333333333334,"isAttachedTo":"a3f","RelX":-0.5,"anchor":[0.25,0,0,-1],"RelY":-1}],"interactionGraph":[{"id":"fa8","interactsWith":"a3f"}],"interactionType":"gpml:Arrow"},{"networkType":"edge","gpmlType":"interaction","@type":["interaction"],"graphicalType":"path","markerEnd":"arrow","points":[{"x":697.6666666666666,"y":310.66666666666663,"isAttachedTo":"d41","RelX":0,"anchor":[0.5,1,0,1],"RelY":1},{"x":618,"y":364,"isAttachedTo":"c2a48","RelX":0,"anchor":[0.5,0,0,-1],"RelY":-1}],"interactionGraph":[{"id":"d41","interactsWith":"c2a48"}],"interactionType":"gpml:Arrow"},{"networkType":"edge","gpmlType":"interaction","@type":["interaction"],"graphicalType":"path","markerEnd":"arrow","points":[{"x":791,"y":616.8333333333334,"isAttachedTo":"a3f","RelX":0,"anchor":[0.5,1,0,1],"RelY":1},{"x":791,"y":652.5,"isAttachedTo":"a53","RelX":0,"anchor":[0.5,0,0,-1],"RelY":-1}],"interactionGraph":[{"id":"a3f","interactsWith":"a53"}],"interactionType":"gpml:Arrow"},{"networkType":"edge","gpmlType":"interaction","@type":["interaction"],"graphicalType":"path","markerEnd":"arrow","points":[{"x":671.3333333333335,"y":634,"isAttachedTo":"edf","RelX":0,"anchor":[0.5,1,0,1],"RelY":1},{"x":671,"y":686.5,"isAttachedTo":"b0d","RelX":0,"anchor":[0.5,0,0,-1],"RelY":-1}],"interactionGraph":[{"id":"edf","interactsWith":"b0d"}],"interactionType":"gpml:Arrow"},{"networkType":"edge","gpmlType":"interaction","@type":["interaction"],"graphicalType":"path","markerEnd":"arrow","points":[{"x":135,"y":415,"isAttachedTo":"e0f","RelX":1,"anchor":[1,0.5,1,0],"RelY":0},{"x":196,"y":415,"isAttachedTo":"c14","RelX":-1,"anchor":[0,0.5,-1,0],"RelY":0}],"interactionGraph":[{"id":"e0f","interactsWith":"c14"}],"interactionType":"gpml:Arrow"},{"networkType":"edge","gpmlType":"interaction","@type":["interaction"],"graphicalType":"path","markerEnd":"arrow","points":[{"x":492,"y":634,"isAttachedTo":"c85","RelX":0,"anchor":[0.5,1,0,1],"RelY":1},{"x":492,"y":686,"isAttachedTo":"b6a","RelX":0,"anchor":[0.5,0,0,-1],"RelY":-1}],"interactionGraph":[{"id":"c85","interactsWith":"b6a"}],"interactionType":"gpml:Arrow"},{"networkType":"edge","gpmlType":"interaction","@type":["interaction"],"graphicalType":"path","markerEnd":"arrow","points":[{"x":529.6666666666666,"y":341,"isAttachedTo":"fd90f","RelX":0,"anchor":[0.5,1,0,1],"RelY":1},{"x":477.0833333333333,"y":314.8333333333333,"isAttachedTo":"d8b","RelX":0,"anchor":[0.5,0,0,-1],"RelY":-1}],"interactionGraph":[{"id":"fd90f","interactsWith":"d8b"}],"interactionType":"gpml:Arrow"},{"networkType":"edge","gpmlType":"interaction","@type":["interaction"],"graphicalType":"path","markerEnd":"arrow","points":[{"x":635,"y":485,"isAttachedTo":"c57ed","RelX":0,"anchor":[0.5,1,0,1],"RelY":1},{"x":644.1777828126991,"y":574.9428543685127,"isAttachedTo":"fc0e6","RelX":0,"anchor":[0.5,0.5,0,0],"RelY":0}],"interactionGraph":[{"id":"c57ed","interactsWith":"fc0e6"}],"interactionType":"gpml:Arrow"},{"networkType":"edge","gpmlType":"interaction","@type":["interaction"],"graphicalType":"path","markerEnd":"arrow","points":[{"x":457.54166666666663,"y":333.8333333333333,"isAttachedTo":"d8b","RelX":-0.5,"anchor":[0.25,1,0,1],"RelY":1},{"x":466.5883211678832,"y":440.05547445255473,"isAttachedTo":"f84a5","RelX":0,"anchor":[0.5,0.5,0,0],"RelY":0}],"interactionGraph":[{"id":"d8b","interactsWith":"f84a5"}],"interactionType":"gpml:Arrow"},{"networkType":"edge","gpmlType":"interaction","@type":["interaction"],"graphicalType":"path","markerEnd":"arrow","points":[{"x":791,"y":672,"isAttachedTo":"a53","RelX":0,"anchor":[0.5,1,0,1],"RelY":1.0526315789473684},{"x":791.3333333333335,"y":732.8333333333333,"isAttachedTo":"e5b","RelX":0,"anchor":[0.5,0,0,-1],"RelY":-1}],"interactionGraph":[{"id":"a53","interactsWith":"e5b"}],"interactionType":"gpml:Arrow"},{"gpmlType":"anchor","zIndex":null,"networkType":"node","@type":["anchor"],"graphicalType":"path","x":null,"y":null},{"networkType":"edge","gpmlType":"interaction","@type":["interaction"],"graphicalType":"path","markerEnd":"arrow","points":[{"x":438.3333333333333,"y":523.3333333333333,"isAttachedTo":"e677e","RelX":1,"anchor":[1,0.5,1,0],"RelY":0},{"x":489,"y":374,"isAttachedTo":"d8abe","RelX":-1,"anchor":[0,0.5,-1,0],"RelY":0}],"interactionGraph":[{"id":"e677e","interactsWith":"d8abe"}],"interactionType":"gpml:Arrow"},{"gpmlType":"anchor","zIndex":null,"networkType":"node","@type":["anchor"],"graphicalType":"path","x":null,"y":null},{"networkType":"edge","gpmlType":"interaction","@type":["interaction"],"graphicalType":"path","markerEnd":"arrow","points":[{"x":140.33333333333331,"y":297.33333333333337,"isAttachedTo":"e03","RelX":1,"anchor":[1,0.5,1,0],"RelY":0},{"x":232.33333333333331,"y":297.33333333333337,"isAttachedTo":"b3e","RelX":-1.1336032388663968,"anchor":[0,0.5,-1,0],"RelY":0}],"interactionGraph":[{"id":"e03","interactsWith":"b3e"}],"interactionType":"gpml:Arrow"},{"gpmlType":"anchor","zIndex":null,"networkType":"node","@type":["anchor"],"graphicalType":"path","x":null,"y":null},{"networkType":"edge","gpmlType":"interaction","@type":["interaction"],"graphicalType":"path","markerEnd":"arrow","points":[{"x":861,"y":563.5,"isAttachedTo":"dcd","RelX":0,"anchor":[0.5,1,0,1],"RelY":1},{"x":820.0833333333334,"y":597.8333333333334,"isAttachedTo":"a3f","RelX":0.5,"anchor":[0.75,0,0,-1],"RelY":-1}],"interactionGraph":[{"id":"dcd","interactsWith":"a3f"}],"interactionType":"gpml:Arrow"},{"networkType":"edge","gpmlType":"interaction","@type":["interaction"],"graphicalType":"path","markerEnd":"arrow","points":[{"x":323,"y":811.6666666666666,"isAttachedTo":"d27b6","RelX":0,"anchor":[0.5,1,0,1],"RelY":1},{"x":310,"y":686,"isAttachedTo":"ef4","RelX":0,"anchor":[0.5,0,0,-1],"RelY":-1}],"interactionGraph":[{"id":"d27b6","interactsWith":"ef4"}],"interactionType":"gpml:Arrow"},{"networkType":"edge","gpmlType":"interaction","@type":["interaction"],"graphicalType":"path","markerEnd":"arrow","points":[{"x":327.9166666666666,"y":425.8333333333333,"isAttachedTo":"c25","RelX":0.5,"anchor":[0.75,0,0,-1],"RelY":-1},{"x":466.5883211678832,"y":440.05547445255473,"isAttachedTo":"f84a5","RelX":0,"anchor":[0.5,0.5,0,0],"RelY":0}],"interactionGraph":[{"id":"c25","interactsWith":"f84a5"}],"interactionType":"gpml:Arrow"},{"networkType":"edge","gpmlType":"interaction","@type":["interaction"],"graphicalType":"path","markerEnd":"arrow","points":[{"x":586,"y":607,"isAttachedTo":"fa7f8","RelX":1,"anchor":[1,0.5,1,0],"RelY":0},{"x":684,"y":553,"isAttachedTo":"fa8","RelX":-1,"anchor":[0,0.5,-1,0],"RelY":0}],"interactionGraph":[{"id":"fa7f8","interactsWith":"fa8"}],"interactionType":"gpml:Arrow"},{"gpmlType":"anchor","zIndex":null,"networkType":"node","@type":["anchor"],"graphicalType":"path","x":null,"y":null},{"networkType":"edge","gpmlType":"interaction","@type":["interaction"],"graphicalType":"path","markerEnd":"arrow","points":[{"x":196.66666666666666,"y":236.83333333333334,"isAttachedTo":"cd4","RelX":0,"anchor":[0.5,1,0,1],"RelY":1},{"x":196.02681992337162,"y":297.33333333333337,"isAttachedTo":"a2cea","RelX":0,"anchor":[0.5,0.5,0,0],"RelY":0}],"interactionGraph":[{"id":"cd4","interactsWith":"a2cea"}],"interactionType":"gpml:Arrow"},{"networkType":"node","nodeType":"Label","@type":["label"],"gpmlType":"label","graphicalType":"path"},{"networkType":"edge","gpmlType":"interaction","@type":["interaction"],"graphicalType":"path","markerEnd":"arrow","points":[{"x":221,"y":339.3333333333333,"isAttachedTo":"c3c","RelX":1,"anchor":[1,0.5,1,0],"RelY":0},{"x":328.5,"y":339.3333333333333,"isAttachedTo":"ca8","RelX":-1,"anchor":[0,0.5,-1,0],"RelY":0}],"interactionGraph":[{"id":"c3c","interactsWith":"ca8"}],"interactionType":"gpml:Arrow"},{"gpmlType":"anchor","zIndex":null,"networkType":"node","@type":["anchor"],"graphicalType":"path","x":null,"y":null},{"networkType":"edge","gpmlType":"interaction","@type":["interaction"],"graphicalType":"path","markerEnd":"arrow","points":[{"x":194.33333333333334,"y":467.3333333333333,"isAttachedTo":"fc6","RelX":1,"anchor":[1,0.5,1,0],"RelY":0},{"x":263.16666666666663,"y":435.3333333333333,"isAttachedTo":"c25","RelX":-1,"anchor":[0,0.5,-1,0],"RelY":0}],"interactionGraph":[{"id":"fc6","interactsWith":"c25"}],"interactionType":"gpml:Arrow"},{"gpmlType":"anchor","zIndex":null,"networkType":"node","@type":["anchor"],"graphicalType":"path","x":null,"y":null},{"networkType":"edge","gpmlType":"interaction","@type":["interaction"],"graphicalType":"path","markerEnd":"arrow","points":[{"x":522,"y":696,"isAttachedTo":"b6a","RelX":1,"anchor":[1,0.5,1,0],"RelY":0},{"x":637.8333333333333,"y":696,"isAttachedTo":"b0d","RelX":-1,"anchor":[0,0.5,-1,0],"RelY":0}],"interactionGraph":[{"id":"b6a","interactsWith":"b0d"}],"interactionType":"gpml:Arrow"},{"networkType":"edge","gpmlType":"interaction","@type":["interaction"],"graphicalType":"path","markerEnd":"arrow","points":[{"x":861,"y":464,"isAttachedTo":"d78","RelX":0,"anchor":[0.5,1,0,1],"RelY":1},{"x":861,"y":544.5,"isAttachedTo":"dcd","RelX":0,"anchor":[0.5,0,0,-1],"RelY":-1}],"interactionGraph":[{"id":"d78","interactsWith":"dcd"}],"interactionType":"gpml:Arrow"},{"networkType":"edge","gpmlType":"interaction","@type":["interaction"],"graphicalType":"path","markerEnd":"arrow","points":[{"x":704.1666666666667,"y":696,"isAttachedTo":"b0d","RelX":1,"anchor":[1,0.5,1,0],"RelY":0},{"x":791.1333333333334,"y":696.3333333333333,"isAttachedTo":"d23c5","RelX":0,"anchor":[0.5,0.5,0,0],"RelY":0}],"interactionGraph":[{"id":"b0d","interactsWith":"d23c5"}],"interactionType":"gpml:Arrow"},{"networkType":"edge","gpmlType":"interaction","@type":["interaction"],"graphicalType":"path","markerEnd":"arrow","points":[{"x":240.66666666666666,"y":424.5,"isAttachedTo":"c14","RelX":0,"anchor":[0.5,1,0,1],"RelY":1},{"x":236.14099783080258,"y":447.89732465654373,"isAttachedTo":"f0080","RelX":0,"anchor":[0.5,0.5,0,0],"RelY":0}],"interactionGraph":[{"id":"c14","interactsWith":"f0080"}],"interactionType":"gpml:Arrow"},{"networkType":"edge","gpmlType":"interaction","@type":["interaction"],"graphicalType":"path","markerEnd":"arrow","points":[{"x":618,"y":384,"isAttachedTo":"c2a48","RelX":0,"anchor":[0.5,1,0,1],"RelY":1},{"x":572.3333333333334,"y":419,"isAttachedTo":"f4e","RelX":0,"anchor":[0.5,0,0,-1],"RelY":-1}],"interactionGraph":[{"id":"c2a48","interactsWith":"f4e"}],"interactionType":"gpml:Arrow"},{"networkType":"edge","gpmlType":"interaction","@type":["interaction"],"graphicalType":"path","markerEnd":"arrow","points":[{"x":73,"y":245,"isAttachedTo":"f2b4c","RelX":1,"anchor":[1,0.5,1,0],"RelY":0},{"x":153.5,"y":227.33333333333334,"isAttachedTo":"cd4","RelX":-1,"anchor":[0,0.5,-1,0],"RelY":0}],"interactionGraph":[{"id":"f2b4c","interactsWith":"cd4"}],"interactionType":"gpml:Arrow"},{"networkType":"edge","gpmlType":"interaction","@type":["interaction"],"graphicalType":"path","markerEnd":"arrow","points":[{"x":381.375,"y":348.8333333333333,"isAttachedTo":"ca8","RelX":0.5,"anchor":[0.75,1,0,1],"RelY":1},{"x":466.5883211678832,"y":440.05547445255473,"isAttachedTo":"f84a5","RelX":0,"anchor":[0.5,0.5,0,0],"RelY":0}],"interactionGraph":[{"id":"ca8","interactsWith":"f84a5"}],"interactionType":"gpml:Arrow"},{"networkType":"edge","gpmlType":"interaction","@type":["interaction"],"graphicalType":"path","markerEnd":"arrow","points":[{"x":520,"y":384,"isAttachedTo":"d8abe","RelX":0,"anchor":[0.5,1,0,1],"RelY":1},{"x":572.3333333333334,"y":419,"isAttachedTo":"f4e","RelX":0,"anchor":[0.5,0,0,-1],"RelY":-1}],"interactionGraph":[{"id":"d8abe","interactsWith":"f4e"}],"interactionType":"gpml:Arrow"},{"networkType":"edge","gpmlType":"interaction","@type":["interaction"],"graphicalType":"path","markerEnd":"arrow","points":[{"x":475.8333333333333,"y":749.3333333333334},{"x":476.8333333333333,"y":717}]},{"networkType":"edge","gpmlType":"interaction","@type":["interaction"],"graphicalType":"path","markerEnd":"tBar","points":[{"x":532.9999999999997,"y":165.99999999999994},{"x":532.9999999999997,"y":231.3333333333334}]},{"networkType":"edge","gpmlType":"interaction","@type":["interaction"],"graphicalType":"path","markerEnd":"tBar","points":[{"x":534.3333333333334,"y":166},{"x":605,"y":232.66666666666666}]},{"networkType":"edge","gpmlType":"interaction","@type":["interaction"],"graphicalType":"path","points":[{"x":468.33333333333326,"y":296.66666666666663},{"x":477.6666666666666,"y":283.33333333333326}]},{"networkType":"edge","gpmlType":"interaction","@type":["interaction"],"graphicalType":"path","markerEnd":"arrow","points":[{"x":505.5000000000001,"y":749.1666666666671},{"x":506.5000000000001,"y":716.8333333333337}]},{"networkType":"edge","gpmlType":"interaction","@type":["interaction"],"graphicalType":"path","markerEnd":"arrow","points":[{"x":522.5,"y":692},{"x":627,"y":691.5}]},{"networkType":"edge","gpmlType":"interaction","@type":["interaction"],"graphicalType":"path","markerEnd":"arrow","points":[{"x":522,"y":700},{"x":627,"y":700}]},{"networkType":"edge","gpmlType":"interaction","@type":["interaction"],"graphicalType":"path","markerEnd":"tBar","points":[{"x":529.5,"y":289},{"x":496.625,"y":314.8333333333333,"isAttachedTo":"d8b","RelX":0.5,"anchor":[0.75,0,0,-1],"RelY":-1}]},{"networkType":"node","nodeType":"DataNode","dataNodeType":"GeneProduct","@type":["DataNode","GeneProduct","datanode"],"gpmlType":"datanode","graphicalType":"path","datasourceReference":{"database":"Entrez Gene","id":"2160","organism":"Homo sapiens"},"unificationXref":"http://identifiers.org/ensembl/ENSG00000088926"},{"networkType":"node","nodeType":"DataNode","dataNodeType":"GeneProduct","@type":["DataNode","GeneProduct","datanode"],"gpmlType":"datanode","graphicalType":"path","datasourceReference":{"database":"Entrez Gene","id":"2161","organism":"Homo sapiens"},"unificationXref":"http://identifiers.org/ensembl/ENSG00000131187"},{"networkType":"node","nodeType":"DataNode","dataNodeType":"GeneProduct","@type":["DataNode","GeneProduct","datanode"],"gpmlType":"datanode","graphicalType":"path","datasourceReference":{"database":"Entrez Gene","id":"2159","organism":"Homo sapiens"},"unificationXref":"http://identifiers.org/ensembl/ENSG00000126218"},{"networkType":"node","nodeType":"DataNode","dataNodeType":"GeneProduct","@type":["DataNode","GeneProduct","datanode"],"gpmlType":"datanode","graphicalType":"path","datasourceReference":{"database":"Entrez Gene","id":"2158","organism":"Homo sapiens"},"unificationXref":"http://identifiers.org/ensembl/ENSG00000101981"},{"networkType":"node","nodeType":"DataNode","dataNodeType":"GeneProduct","@type":["DataNode","GeneProduct","datanode"],"gpmlType":"datanode","graphicalType":"path","datasourceReference":{"database":"Entrez Gene","id":"2159","organism":"Homo sapiens"},"unificationXref":"http://identifiers.org/ensembl/ENSG00000126218"},{"networkType":"node","nodeType":"DataNode","dataNodeType":"GeneProduct","@type":["DataNode","GeneProduct","datanode"],"gpmlType":"datanode","graphicalType":"path","datasourceReference":{"database":"Entrez Gene","id":"7450","organism":"Homo sapiens"},"unificationXref":"http://identifiers.org/ensembl/ENSG00000110799"},{"networkType":"node","nodeType":"DataNode","dataNodeType":"GeneProduct","@type":["DataNode","GeneProduct","datanode"],"gpmlType":"datanode","graphicalType":"path","datasourceReference":{"database":"Entrez Gene","id":"2153","organism":"Homo sapiens"},"unificationXref":"http://identifiers.org/ensembl/ENSG00000198734"},{"networkType":"node","nodeType":"DataNode","dataNodeType":"GeneProduct","@type":["DataNode","GeneProduct","datanode"],"gpmlType":"datanode","graphicalType":"path","datasourceReference":{"database":"Entrez Gene","id":"2155","organism":"Homo sapiens"},"unificationXref":"http://identifiers.org/ensembl/ENSG00000057593"},{"networkType":"node","nodeType":"DataNode","dataNodeType":"GeneProduct","@type":["DataNode","GeneProduct","datanode"],"gpmlType":"datanode","graphicalType":"path","datasourceReference":{"database":"Entrez Gene","id":"2165","organism":"Homo sapiens"},"unificationXref":"http://identifiers.org/ensembl/ENSG00000143278"},{"networkType":"node","nodeType":"DataNode","dataNodeType":"GeneProduct","@type":["DataNode","GeneProduct","datanode"],"gpmlType":"datanode","graphicalType":"path","datasourceReference":{"database":"Entrez Gene","id":"2147","organism":"Homo sapiens"},"unificationXref":"http://identifiers.org/ensembl/ENSG00000180210"},{"networkType":"node","nodeType":"DataNode","dataNodeType":"GeneProduct","@type":["DataNode","GeneProduct","datanode"],"gpmlType":"datanode","graphicalType":"path","datasourceReference":{"database":"Entrez Gene","id":"5345","organism":"Homo sapiens"},"unificationXref":"http://identifiers.org/ensembl/ENSG00000167711"},{"networkType":"node","nodeType":"DataNode","dataNodeType":"GeneProduct","@type":["DataNode","GeneProduct","datanode"],"gpmlType":"datanode","graphicalType":"path","datasourceReference":{"database":"Entrez Gene","id":"5328","organism":"Homo sapiens"},"unificationXref":"http://identifiers.org/ensembl/ENSG00000122861"},{"networkType":"node","nodeType":"DataNode","dataNodeType":"GeneProduct","@type":["DataNode","GeneProduct","datanode"],"gpmlType":"datanode","graphicalType":"path","datasourceReference":{"database":"Entrez Gene","id":"5327","organism":"Homo sapiens"},"unificationXref":"http://identifiers.org/ensembl/ENSG00000104368"},{"networkType":"node","nodeType":"DataNode","dataNodeType":"GeneProduct","@type":["DataNode","GeneProduct","datanode"],"gpmlType":"datanode","graphicalType":"path","datasourceReference":{"database":"Entrez Gene","id":"5055","organism":"Homo sapiens"},"unificationXref":"http://identifiers.org/ensembl/ENSG00000197632"},{"networkType":"node","nodeType":"DataNode","dataNodeType":"GeneProduct","@type":["DataNode","GeneProduct","datanode"],"gpmlType":"datanode","graphicalType":"path","datasourceReference":{"database":"Entrez Gene","id":"5054","organism":"Homo sapiens"},"unificationXref":"http://identifiers.org/ensembl/ENSG00000106366"},{"networkType":"node","nodeType":"DataNode","dataNodeType":"GeneProduct","@type":["DataNode","GeneProduct","datanode"],"gpmlType":"datanode","graphicalType":"path","datasourceReference":{"database":"Entrez Gene","id":"5340","organism":"Homo sapiens"},"unificationXref":"http://identifiers.org/ensembl/ENSG00000122194"},{"networkType":"node","nodeType":"DataNode","dataNodeType":"GeneProduct","@type":["DataNode","GeneProduct","datanode"],"gpmlType":"datanode","graphicalType":"path","datasourceReference":{"database":"Entrez Gene","id":"2244","organism":"Homo sapiens"},"unificationXref":"http://identifiers.org/ensembl/ENSG00000171564"},{"networkType":"node","nodeType":"DataNode","dataNodeType":"GeneProduct","@type":["DataNode","GeneProduct","datanode"],"gpmlType":"datanode","graphicalType":"path","datasourceReference":{"database":"Entrez Gene","id":"2243","organism":"Homo sapiens"},"unificationXref":"http://identifiers.org/ensembl/ENSG00000171560"},{"networkType":"node","nodeType":"DataNode","dataNodeType":"GeneProduct","@type":["DataNode","GeneProduct","datanode"],"gpmlType":"datanode","graphicalType":"path","datasourceReference":{"database":"Entrez Gene","id":"2266","organism":"Homo sapiens"},"unificationXref":"http://identifiers.org/ensembl/ENSG00000171557"},{"networkType":"node","nodeType":"DataNode","dataNodeType":"GeneProduct","@type":["DataNode","GeneProduct","datanode"],"gpmlType":"datanode","graphicalType":"path","datasourceReference":{"database":"Entrez Gene","id":"2157","organism":"Homo sapiens"},"unificationXref":"http://identifiers.org/ensembl/ENSG00000269261"},{"networkType":"node","nodeType":"DataNode","dataNodeType":"Metabolite","@type":["DataNode","Metabolite","datanode"],"gpmlType":"datanode","graphicalType":"path","datasourceReference":{"database":"CAS","id":"9001-31-4","organism":"Homo sapiens"}},{"networkType":"node","nodeType":"DataNode","dataNodeType":"GeneProduct","@type":["DataNode","GeneProduct","datanode"],"gpmlType":"datanode","graphicalType":"path","datasourceReference":{"database":"Entrez Gene","id":"8263","organism":"Homo sapiens"},"unificationXref":"http://identifiers.org/ensembl/ENSG00000268835"},{"networkType":"node","nodeType":"DataNode","dataNodeType":"Metabolite","@type":["DataNode","Metabolite","datanode"],"gpmlType":"datanode","graphicalType":"path","datasourceReference":{"database":"HMDB","id":"HMDB01303","organism":"Homo sapiens"}},{"networkType":"node","nodeType":"DataNode","dataNodeType":"GeneProduct","@type":["DataNode","GeneProduct","datanode"],"gpmlType":"datanode","graphicalType":"path","datasourceReference":{"database":"Entrez Gene","id":"3818","organism":"Homo sapiens"},"unificationXref":"http://identifiers.org/ensembl/ENSG00000164344"},{"networkType":"node","nodeType":"DataNode","dataNodeType":"GeneProduct","@type":["DataNode","GeneProduct","datanode"],"gpmlType":"datanode","graphicalType":"path","datasourceReference":{"database":"Entrez Gene","id":"3816","organism":"Homo sapiens"},"unificationXref":"http://identifiers.org/ensembl/ENSG00000167748"},{"networkType":"node","nodeType":"DataNode","dataNodeType":"GeneProduct","@type":["DataNode","GeneProduct","datanode"],"gpmlType":"datanode","graphicalType":"path","datasourceReference":{"database":"Entrez Gene","id":"2159","organism":"Homo sapiens"},"unificationXref":"http://identifiers.org/ensembl/ENSG00000126218"},{"networkType":"node","nodeType":"DataNode","dataNodeType":"GeneProduct","@type":["DataNode","GeneProduct","datanode"],"gpmlType":"datanode","graphicalType":"path","datasourceReference":{"database":"Entrez Gene","id":"2153","organism":"Homo sapiens"},"unificationXref":"http://identifiers.org/ensembl/ENSG00000198734"},{"networkType":"edge","gpmlType":"interaction","@type":["interaction"],"graphicalType":"path","markerEnd":"arrow","points":[{"x":340,"y":696,"isAttachedTo":"ef4","RelX":1,"anchor":[1,0.5,1,0],"RelY":0},{"x":462,"y":696,"isAttachedTo":"b6a","RelX":-1,"anchor":[0,0.5,-1,0],"RelY":0}],"interactionGraph":[{"id":"ef4","interactsWith":"b6a"}],"interactionType":"gpml:Arrow"}],"xmlns":"http://pathvisio.org/GPML/2013a","lastModified":"10/17/2013","license":"CC BY 2.0","name":"Blood Clotting Cascade","organism":"Homo sapiens","image":{"@context":{"@vocab":"http://schema.org/"},"width":936.1666666666667,"height":841.6666666666666},"publicationXref":[],"id":"wpId:WP272","revision":"71361"}}