{"@context":{"@vocab":"http://vocabularies.wikipathways.org/gpml#","@base":"wpId:WP297","pathwayIri":"wpId:WP297","ChEBI":"http://www.ebi.ac.uk/chebi/searchId.do?chebiId=","dataSource":"gpml:Data-Source","datasourceReference":"wp:DatasourceReference","Group":{"@container":"@list","@id":"gpml:Group"},"interaction":{"@id":"biopax:Interaction","@type":"@id"},"interactionType":{"@id":"biopax:InteractionType","@type":"@id"},"interactionGraph":{"@container":"@list","@type":"@id"},"lastModified":"gpml:Last-Modified","pathway":"biopax:Pathway","point":{"@container":"@list","@id":"gpml:Point"},"publicationXref":"biopax:PublicationXref","unificationXref":"biopax:UnificationXref","author":"schema:author","backgroundColor":"css2:colors.html#propdef-background-color","backgroundImage":"css2:colors.html#propdef-background-image","biopax":"http://www.biopax.org/release/biopax-level3.owl#","borderColor":"css2:box.html#propdef-border-color","borderStyle":"css2:box.html#propdef-border-style","borderWidth":"css2:box.html#propdef-border-width","boxSizing":{"@id":"css3Ui:box-sizing","@value":"border-box"},"color":"css2:colors.html#propdef-color","contains":{"@id":"ex:contains","@type":"@id"},"css2":"http://www.w3.org/TR/CSS2/","css3Ui":"http://www.w3.org/TR/css3-ui/#","cssTransform":"http://www.w3.org/TR/css-transforms-1/#","gpmlDataNodeType":"gpml:Type","dcterms":"http://puri.org/dc/terms/","entrezGene":"http://www.ncbi.nlm.nih.gov/gene/","ex":"http://www.example.org/","fontFamily":"css2:fonts.html#font-family-prop","fontSize":"css2:fonts.html#propdef-font-size","fontStyle":"css2:fonts.html#propdef-font-style","fontWeight":"css2:fonts.html#propdef-font-weight","gpml":"http://vocabularies.wikipathways.org/gpml#","gpmlFolder":"file://Users/andersriutta/Sites/pathvisiojs/test/gpml/","hMDB":"http://www.hmdb.ca/metabolites/HMDB","height":"css2:visudet.html#propdef-height","id":"@id","image":"schema:image","interactsWith":{"@id":"ex:interactsWith","@type":"@id"},"isContainedBy":{"@reverse":"ex:contains","@type":"@id"},"media":"http://www.w3.org/TR/mediaont-10/","name":"http://xmlns.com/foaf/0.1/name","organism":"biopax:organism","padding":"css2:box.html#propdef-padding","elements":{"@container":"@list","@id":"ex:pathwayElements/"},"position":"css2:visuren.html#propdef-position","rotate":"cssTransform:funcdef-rotate","schema":"http://schema.org/","shapeLibrary":"http://shapelibrary.example.org/","shape":"shapeLibrary:shape","stroke":"svg:painting.html#StrokeProperty","strokeWidth":"svg:painting.html#StrokeWidthProperty","svg":"http://www.w3.org/TR/SVG11/","textAlign":"css2:text.html#propdef-text-align","verticalAlign":"css2:visudet.html#propdef-vertical-align","width":"css2:visudet.html#propdef-width","wp":"http://vocabularies.wikipathways.org/wp#","wpId":"http://identifiers.org/wikipathways/","x":{"@id":"css2:visuren.html#propdef-left","@type":"xsd:integer"},"xsd":"http://www.w3.org/2001/XMLSchema#","y":"css2:visuren.html#propdef-top","zIndex":{"@id":"css2:z-index","@type":"xsd:integer"}},"wpId:WP297":{"elements":[{"networkType":"node","nodeType":"DataNode","dataNodeType":"GeneProduct","@type":["DataNode","GeneProduct","datanode"],"gpmlType":"datanode","graphicalType":"path"},{"networkType":"node","nodeType":"DataNode","dataNodeType":"GeneProduct","@type":["DataNode","GeneProduct","datanode"],"gpmlType":"datanode","graphicalType":"path","datasourceReference":{"database":"Entrez Gene","id":"26396","organism":"Mus musculus"},"unificationXref":"http://identifiers.org/ensembl/ENSMUSG00000035027"},{"networkType":"node","nodeType":"Label","@type":["label"],"gpmlType":"label","graphicalType":"path"},{"networkType":"node","nodeType":"Label","@type":["label"],"gpmlType":"label","graphicalType":"path"},{"networkType":"node","nodeType":"Label","@type":["label"],"gpmlType":"label","graphicalType":"path"},{"networkType":"node","nodeType":"Label","@type":["label"],"gpmlType":"label","graphicalType":"path"},{"networkType":"node","nodeType":"Label","@type":["label"],"gpmlType":"label","graphicalType":"path"},{"networkType":"node","nodeType":"Label","@type":["label"],"gpmlType":"label","graphicalType":"path"},{"networkType":"node","nodeType":"Label","@type":["label"],"gpmlType":"label","graphicalType":"path"},{"networkType":"node","nodeType":"Label","@type":["label"],"gpmlType":"label","graphicalType":"path"},{"networkType":"node","nodeType":"Label","@type":["label"],"gpmlType":"label","graphicalType":"path"},{"networkType":"node","nodeType":"Label","@type":["label"],"gpmlType":"label","graphicalType":"path"},{"networkType":"node","nodeType":"Label","@type":["label"],"gpmlType":"label","graphicalType":"path"},{"networkType":"node","nodeType":"Label","@type":["label"],"gpmlType":"label","graphicalType":"path"},{"networkType":"node","nodeType":"Label","@type":["label"],"gpmlType":"label","graphicalType":"path"},{"networkType":"node","nodeType":"Label","@type":["label"],"gpmlType":"label","graphicalType":"path"},{"networkType":"node","nodeType":"Label","@type":["label"],"gpmlType":"label","graphicalType":"path"},{"networkType":"node","nodeType":"Label","@type":["label"],"gpmlType":"label","graphicalType":"path"},{"networkType":"node","nodeType":"Label","@type":["label"],"gpmlType":"label","graphicalType":"path"},{"networkType":"node","nodeType":"Label","@type":["label"],"gpmlType":"label","graphicalType":"path"},{"networkType":"node","nodeType":"Label","@type":["label"],"gpmlType":"label","graphicalType":"path"},{"networkType":"node","nodeType":"Label","@type":["label"],"gpmlType":"label","graphicalType":"path"},{"networkType":"node","nodeType":"Label","@type":["label"],"gpmlType":"label","graphicalType":"path"},{"networkType":"node","nodeType":"Label","@type":["label"],"gpmlType":"label","graphicalType":"path"},{"networkType":"node","nodeType":"Label","@type":["label"],"gpmlType":"label","graphicalType":"path"},{"networkType":"node","nodeType":"Label","@type":["label"],"gpmlType":"label","graphicalType":"path"},{"networkType":"node","nodeType":"Label","@type":["label"],"gpmlType":"label","graphicalType":"path"},{"networkType":"node","nodeType":"Label","@type":["label"],"gpmlType":"label","graphicalType":"path"},{"networkType":"node","nodeType":"Label","@type":["label"],"gpmlType":"label","graphicalType":"path"},{"networkType":"node","nodeType":"Label","@type":["label"],"gpmlType":"label","graphicalType":"path"},{"networkType":"node","nodeType":"Label","@type":["label"],"gpmlType":"label","graphicalType":"path"},{"networkType":"node","nodeType":"Label","@type":["label"],"gpmlType":"label","graphicalType":"path"},{"networkType":"node","nodeType":"Label","@type":["label"],"gpmlType":"label","graphicalType":"path"},{"networkType":"node","nodeType":"Label","@type":["label"],"gpmlType":"label","graphicalType":"path"},{"networkType":"node","nodeType":"Label","@type":["label"],"gpmlType":"label","graphicalType":"path"},{"networkType":"node","nodeType":"Label","@type":["label"],"gpmlType":"label","graphicalType":"path"},{"networkType":"node","nodeType":"Label","@type":["label"],"gpmlType":"label","graphicalType":"path"},{"networkType":"node","nodeType":"Label","@type":["label"],"gpmlType":"label","graphicalType":"path"},{"networkType":"node","nodeType":"Label","@type":["label"],"gpmlType":"label","graphicalType":"path"},{"networkType":"node","nodeType":"Label","@type":["label"],"gpmlType":"label","graphicalType":"path"},{"networkType":"node","nodeType":"Label","@type":["label"],"gpmlType":"label","graphicalType":"path"},{"networkType":"node","nodeType":"Label","@type":["label"],"gpmlType":"label","graphicalType":"path"},{"networkType":"node","nodeType":"Label","@type":["label"],"gpmlType":"label","graphicalType":"path"},{"networkType":"node","nodeType":"Label","@type":["label"],"gpmlType":"label","graphicalType":"path"},{"networkType":"node","nodeType":"Label","@type":["label"],"gpmlType":"label","graphicalType":"path"},{"networkType":"node","nodeType":"Label","@type":["label"],"gpmlType":"label","graphicalType":"path"},{"networkType":"node","nodeType":"Shape","@type":["shape"],"gpmlType":"shape","graphicalType":"path"},{"networkType":"node","nodeType":"Shape","@type":["shape"],"gpmlType":"shape","graphicalType":"path"},{"networkType":"node","nodeType":"Shape","@type":["shape"],"gpmlType":"shape","graphicalType":"path"},{"networkType":"node","nodeType":"Shape","@type":["shape"],"gpmlType":"shape","graphicalType":"path"},{"networkType":"node","nodeType":"Shape","@type":["shape"],"gpmlType":"shape","graphicalType":"path"},{"networkType":"node","nodeType":"Shape","@type":["shape"],"gpmlType":"shape","graphicalType":"path"},{"networkType":"node","nodeType":"Shape","@type":["shape"],"gpmlType":"shape","graphicalType":"path"},{"networkType":"node","nodeType":"Shape","@type":["shape"],"gpmlType":"shape","graphicalType":"path"},{"networkType":"node","nodeType":"Shape","@type":["shape"],"gpmlType":"shape","graphicalType":"path"},{"networkType":"node","nodeType":"Shape","@type":["shape"],"gpmlType":"shape","graphicalType":"path"},{"networkType":"node","nodeType":"Shape","@type":["shape"],"gpmlType":"shape","graphicalType":"path"},{"networkType":"node","nodeType":"Shape","@type":["shape"],"gpmlType":"shape","graphicalType":"path"},{"networkType":"edge","gpmlType":"interaction","@type":["interaction"],"graphicalType":"path","markerEnd":"receptorRound","points":[{"x":650,"y":206.66666666666666},{"x":650,"y":183.33333333333334}]},{"networkType":"edge","gpmlType":"interaction","@type":["interaction"],"graphicalType":"path","markerEnd":"ligandRound","points":[{"x":650,"y":170},{"x":650,"y":186.66666666666666}]},{"networkType":"edge","gpmlType":"interaction","@type":["interaction"],"graphicalType":"path","markerEnd":"receptorRound","points":[{"x":690,"y":206.66666666666666},{"x":690,"y":183.33333333333334}]},{"networkType":"edge","gpmlType":"interaction","@type":["interaction"],"graphicalType":"path","points":[{"x":650,"y":153.33333333333334},{"x":650,"y":140}]},{"networkType":"edge","gpmlType":"interaction","@type":["interaction"],"graphicalType":"path","points":[{"x":623.3333333333334,"y":216.66666666666666},{"x":623.3333333333334,"y":216.66666666666666}]},{"networkType":"edge","gpmlType":"interaction","@type":["interaction"],"graphicalType":"path","points":[{"x":623.3333333333334,"y":226.66666666666666},{"x":623.3333333333334,"y":233.33333333333334}]},{"networkType":"edge","gpmlType":"interaction","@type":["interaction"],"graphicalType":"path","markerEnd":"arrow","points":[{"x":533.3333333333334,"y":246.66666666666666},{"x":533.3333333333334,"y":286.6666666666667}]},{"networkType":"edge","gpmlType":"interaction","@type":["interaction"],"graphicalType":"path","points":[{"x":626.6666666666666,"y":226.66666666666666},{"x":626.6666666666666,"y":246.66666666666666}]},{"networkType":"edge","gpmlType":"interaction","@type":["interaction"],"graphicalType":"path","markerEnd":"arrow","points":[{"x":496.6666666666667,"y":233.33333333333334},{"x":496.6666666666667,"y":306.6666666666667}]},{"networkType":"edge","gpmlType":"interaction","@type":["interaction"],"graphicalType":"path","markerEnd":"arrow","points":[{"x":716.6666666666666,"y":226.66666666666666},{"x":716.6666666666666,"y":286.6666666666667}]},{"networkType":"edge","gpmlType":"interaction","@type":["interaction"],"graphicalType":"path","markerEnd":"arrow","points":[{"x":646.6666666666666,"y":500},{"x":660,"y":500}]},{"networkType":"edge","gpmlType":"interaction","@type":["interaction"],"graphicalType":"path","points":[{"x":640,"y":303.3333333333333},{"x":640,"y":333.3333333333333}]},{"networkType":"edge","gpmlType":"interaction","@type":["interaction"],"graphicalType":"path","points":[{"x":640,"y":333.3333333333333},{"x":766.6666666666666,"y":333.3333333333333}]},{"networkType":"edge","gpmlType":"interaction","@type":["interaction"],"graphicalType":"path","markerEnd":"arrow","points":[{"x":766.6666666666666,"y":333.3333333333333},{"x":766.6666666666666,"y":463.3333333333333}]},{"networkType":"edge","gpmlType":"interaction","@type":["interaction"],"graphicalType":"path","markerEnd":"arrow","points":[{"x":566.6666666666666,"y":386.6666666666667},{"x":553.3333333333334,"y":386.6666666666667}]},{"networkType":"edge","gpmlType":"interaction","@type":["interaction"],"graphicalType":"path","markerEnd":"arrow","points":[{"x":640,"y":283.3333333333333},{"x":640,"y":226.66666666666666}]},{"networkType":"edge","gpmlType":"interaction","@type":["interaction"],"graphicalType":"path","points":[{"x":566.6666666666666,"y":386.6666666666667},{"x":566.6666666666666,"y":253.33333333333334}]},{"networkType":"edge","gpmlType":"interaction","@type":["interaction"],"graphicalType":"path","points":[{"x":633.3333333333334,"y":253.33333333333334},{"x":566.6666666666666,"y":253.33333333333334}]},{"networkType":"edge","gpmlType":"interaction","@type":["interaction"],"graphicalType":"path","points":[{"x":650,"y":226.66666666666666},{"x":650,"y":466.6666666666667}]},{"networkType":"edge","gpmlType":"interaction","@type":["interaction"],"graphicalType":"path","points":[{"x":646.6666666666666,"y":226.66666666666666},{"x":646.6666666666666,"y":500}]},{"networkType":"edge","gpmlType":"interaction","@type":["interaction"],"graphicalType":"path","points":[{"x":633.3333333333334,"y":226.66666666666666},{"x":633.3333333333334,"y":253.33333333333334}]},{"networkType":"edge","gpmlType":"interaction","@type":["interaction"],"graphicalType":"path","points":[{"x":636.6666666666666,"y":226.66666666666666},{"x":636.6666666666666,"y":263.3333333333333}]},{"networkType":"edge","gpmlType":"interaction","@type":["interaction"],"graphicalType":"path","points":[{"x":636.6666666666666,"y":263.3333333333333},{"x":576.6666666666666,"y":263.3333333333333}]},{"networkType":"edge","gpmlType":"interaction","@type":["interaction"],"graphicalType":"path","markerEnd":"arrow","points":[{"x":603.3333333333334,"y":303.3333333333333},{"x":603.3333333333334,"y":386.6666666666667}]},{"networkType":"edge","gpmlType":"interaction","@type":["interaction"],"graphicalType":"path","markerEnd":"arrow","points":[{"x":583.3333333333334,"y":396.6666666666667},{"x":553.3333333333334,"y":396.6666666666667}]},{"networkType":"edge","gpmlType":"interaction","@type":["interaction"],"graphicalType":"path","markerEnd":"arrow","points":[{"x":723.3333333333334,"y":296.6666666666667},{"x":780,"y":296.6666666666667}]},{"networkType":"edge","gpmlType":"interaction","@type":["interaction"],"graphicalType":"path","points":[{"x":690,"y":306.6666666666667},{"x":690,"y":323.3333333333333}]},{"networkType":"edge","gpmlType":"interaction","@type":["interaction"],"graphicalType":"path","points":[{"x":690,"y":323.3333333333333},{"x":533.3333333333334,"y":323.3333333333333}]},{"networkType":"edge","gpmlType":"interaction","@type":["interaction"],"graphicalType":"path","markerEnd":"arrow","points":[{"x":533.3333333333334,"y":323.3333333333333},{"x":533.3333333333334,"y":380}]},{"networkType":"edge","gpmlType":"interaction","@type":["interaction"],"graphicalType":"path","points":[{"x":673.3333333333334,"y":286.6666666666667},{"x":673.3333333333334,"y":253.33333333333334}]},{"networkType":"edge","gpmlType":"interaction","@type":["interaction"],"graphicalType":"path","points":[{"x":673.3333333333334,"y":253.33333333333334},{"x":696.6666666666666,"y":253.33333333333334}]},{"networkType":"edge","gpmlType":"interaction","@type":["interaction"],"graphicalType":"path","markerEnd":"arrow","points":[{"x":750,"y":476.6666666666667},{"x":723.3333333333334,"y":476.6666666666667}]},{"networkType":"edge","gpmlType":"interaction","@type":["interaction"],"graphicalType":"path","markerEnd":"arrow","points":[{"x":766.6666666666666,"y":500},{"x":723.3333333333334,"y":500}]},{"networkType":"edge","gpmlType":"interaction","@type":["interaction"],"graphicalType":"path","markerEnd":"arrow","points":[{"x":673.3333333333334,"y":286.6666666666667},{"x":640,"y":286.6666666666667}]},{"networkType":"edge","gpmlType":"interaction","@type":["interaction"],"graphicalType":"path","points":[{"x":683.3333333333334,"y":300},{"x":663.3333333333334,"y":300}]},{"networkType":"edge","gpmlType":"interaction","@type":["interaction"],"graphicalType":"path","markerEnd":"arrow","points":[{"x":663.3333333333334,"y":300},{"x":663.3333333333334,"y":226.66666666666666}]},{"networkType":"edge","gpmlType":"interaction","@type":["interaction"],"graphicalType":"path","markerEnd":"arrow","points":[{"x":710,"y":306.6666666666667},{"x":710,"y":463.3333333333333}]},{"networkType":"edge","gpmlType":"interaction","@type":["interaction"],"graphicalType":"path","points":[{"x":633.3333333333334,"y":303.3333333333333},{"x":633.3333333333334,"y":473.3333333333333}]},{"networkType":"edge","gpmlType":"interaction","@type":["interaction"],"graphicalType":"path","points":[{"x":626.6666666666666,"y":303.3333333333333},{"x":626.6666666666666,"y":490}]},{"networkType":"edge","gpmlType":"interaction","@type":["interaction"],"graphicalType":"path","markerEnd":"arrow","points":[{"x":626.6666666666666,"y":490},{"x":663.3333333333334,"y":490}]},{"networkType":"edge","gpmlType":"interaction","@type":["interaction"],"graphicalType":"path","points":[{"x":696.6666666666666,"y":306.6666666666667},{"x":696.6666666666666,"y":346.6666666666667}]},{"networkType":"edge","gpmlType":"interaction","@type":["interaction"],"graphicalType":"path","points":[{"x":740,"y":346.6666666666667},{"x":740,"y":490}]},{"networkType":"edge","gpmlType":"interaction","@type":["interaction"],"graphicalType":"path","markerEnd":"arrow","points":[{"x":740,"y":490},{"x":723.3333333333334,"y":490}]},{"networkType":"edge","gpmlType":"interaction","@type":["interaction"],"graphicalType":"path","markerEnd":"arrow","points":[{"x":670,"y":216.66666666666666},{"x":683.3333333333334,"y":216.66666666666666}]},{"networkType":"edge","gpmlType":"interaction","@type":["interaction"],"graphicalType":"path","points":[{"x":1003.3333333333334,"y":246.66666666666666},{"x":886.6666666666666,"y":246.66666666666666}]},{"networkType":"edge","gpmlType":"interaction","@type":["interaction"],"graphicalType":"path","points":[{"x":720,"y":306.6666666666667},{"x":720,"y":323.3333333333333}]},{"networkType":"edge","gpmlType":"interaction","@type":["interaction"],"graphicalType":"path","points":[{"x":720,"y":323.3333333333333},{"x":800,"y":323.3333333333333}]},{"networkType":"edge","gpmlType":"interaction","@type":["interaction"],"graphicalType":"path","points":[{"x":723.3333333333334,"y":306.6666666666667},{"x":723.3333333333334,"y":316.6666666666667}]},{"networkType":"edge","gpmlType":"interaction","@type":["interaction"],"graphicalType":"path","points":[{"x":723.3333333333334,"y":316.6666666666667},{"x":850,"y":316.6666666666667}]},{"networkType":"edge","gpmlType":"interaction","@type":["interaction"],"graphicalType":"path","markerEnd":"arrow","points":[{"x":800,"y":323.3333333333333},{"x":800,"y":390}]},{"networkType":"edge","gpmlType":"interaction","@type":["interaction"],"graphicalType":"path","markerEnd":"arrow","points":[{"x":850,"y":316.6666666666667},{"x":850,"y":390}]},{"networkType":"edge","gpmlType":"interaction","@type":["interaction"],"graphicalType":"path","points":[{"x":620,"y":226.66666666666666},{"x":620,"y":276.6666666666667}]},{"networkType":"edge","gpmlType":"interaction","@type":["interaction"],"graphicalType":"path","points":[{"x":620,"y":276.6666666666667},{"x":400,"y":276.6666666666667}]},{"networkType":"edge","gpmlType":"interaction","@type":["interaction"],"graphicalType":"path","markerEnd":"arrow","points":[{"x":576.6666666666666,"y":263.3333333333333},{"x":576.6666666666666,"y":430}]},{"networkType":"edge","gpmlType":"interaction","@type":["interaction"],"graphicalType":"path","markerEnd":"arrow","points":[{"x":650,"y":466.6666666666667},{"x":663.3333333333334,"y":466.6666666666667}]},{"networkType":"edge","gpmlType":"interaction","@type":["interaction"],"graphicalType":"path","markerEnd":"arrow","points":[{"x":633.3333333333334,"y":473.3333333333333},{"x":663.3333333333334,"y":473.3333333333333}]},{"networkType":"edge","gpmlType":"interaction","@type":["interaction"],"graphicalType":"path","points":[{"x":766.6666666666666,"y":483.3333333333333},{"x":766.6666666666666,"y":500}]},{"networkType":"edge","gpmlType":"interaction","@type":["interaction"],"graphicalType":"path","markerEnd":"arrow","points":[{"x":886.6666666666666,"y":246.66666666666666},{"x":886.6666666666666,"y":416.6666666666667}]},{"networkType":"edge","gpmlType":"interaction","@type":["interaction"],"graphicalType":"path","markerEnd":"arrow","points":[{"x":933.3333333333334,"y":253.33333333333334},{"x":933.3333333333334,"y":440}]},{"networkType":"edge","gpmlType":"interaction","@type":["interaction"],"graphicalType":"path","points":[{"x":1006.6666666666666,"y":250},{"x":933.3333333333334,"y":250}]},{"networkType":"edge","gpmlType":"interaction","@type":["interaction"],"graphicalType":"path","markerEnd":"arrow","points":[{"x":440,"y":443.3333333333333},{"x":440,"y":476.6666666666667}]},{"networkType":"edge","gpmlType":"interaction","@type":["interaction"],"graphicalType":"path","points":[{"x":400,"y":276.6666666666667},{"x":400,"y":413.3333333333333}]},{"networkType":"edge","gpmlType":"interaction","@type":["interaction"],"graphicalType":"path","points":[{"x":533.3333333333334,"y":246.66666666666666},{"x":626.6666666666666,"y":246.66666666666666}]},{"networkType":"edge","gpmlType":"interaction","@type":["interaction"],"graphicalType":"path","points":[{"x":623.3333333333334,"y":233.33333333333334},{"x":496.6666666666667,"y":233.33333333333334}]},{"networkType":"edge","gpmlType":"interaction","@type":["interaction"],"graphicalType":"path","points":[{"x":410,"y":416.6666666666667},{"x":433.3333333333333,"y":416.6666666666667}]},{"networkType":"edge","gpmlType":"interaction","@type":["interaction"],"graphicalType":"path","markerEnd":"arrow","points":[{"x":433.3333333333333,"y":323.3333333333333},{"x":476.6666666666667,"y":323.3333333333333}]},{"networkType":"edge","gpmlType":"interaction","@type":["interaction"],"graphicalType":"path","points":[{"x":406.6666666666667,"y":443.3333333333333},{"x":440,"y":443.3333333333333}]},{"networkType":"node","nodeType":"Label","@type":["label"],"gpmlType":"label","graphicalType":"path"},{"networkType":"edge","gpmlType":"interaction","@type":["interaction"],"graphicalType":"path","points":[{"x":386.6666666666667,"y":426.6666666666667},{"x":306.6666666666667,"y":426.6666666666667}]},{"networkType":"edge","gpmlType":"interaction","@type":["interaction"],"graphicalType":"path","markerEnd":"arrow","points":[{"x":306.6666666666667,"y":426.6666666666667},{"x":306.6666666666667,"y":500}]},{"networkType":"edge","gpmlType":"interaction","@type":["interaction"],"graphicalType":"path","markerEnd":"arrow","points":[{"x":406.6666666666667,"y":446.6666666666667},{"x":406.6666666666667,"y":500}]},{"networkType":"edge","gpmlType":"interaction","@type":["interaction"],"graphicalType":"path","markerEnd":"arrow","points":[{"x":393.3333333333333,"y":440},{"x":393.3333333333333,"y":523.3333333333334}]},{"networkType":"edge","gpmlType":"interaction","@type":["interaction"],"graphicalType":"path","points":[{"x":386.6666666666667,"y":436.6666666666667},{"x":386.6666666666667,"y":453.3333333333333}]},{"networkType":"edge","gpmlType":"interaction","@type":["interaction"],"graphicalType":"path","points":[{"x":386.6666666666667,"y":453.3333333333333},{"x":336.6666666666667,"y":453.3333333333333}]},{"networkType":"edge","gpmlType":"interaction","@type":["interaction"],"graphicalType":"path","markerEnd":"arrow","points":[{"x":336.6666666666667,"y":453.3333333333333},{"x":336.6666666666667,"y":556.6666666666666}]},{"networkType":"edge","gpmlType":"interaction","@type":["interaction"],"graphicalType":"path","points":[{"x":400,"y":443.3333333333333},{"x":400,"y":473.3333333333333}]},{"networkType":"edge","gpmlType":"interaction","@type":["interaction"],"graphicalType":"path","points":[{"x":400,"y":473.3333333333333},{"x":356.6666666666667,"y":473.3333333333333}]},{"networkType":"edge","gpmlType":"interaction","@type":["interaction"],"graphicalType":"path","markerEnd":"arrow","points":[{"x":356.6666666666667,"y":473.3333333333333},{"x":356.6666666666667,"y":580}]},{"networkType":"edge","gpmlType":"interaction","@type":["interaction"],"graphicalType":"path","points":[{"x":410,"y":436.6666666666667},{"x":500,"y":436.6666666666667}]},{"networkType":"edge","gpmlType":"interaction","@type":["interaction"],"graphicalType":"path","markerEnd":"arrow","points":[{"x":500,"y":436.6666666666667},{"x":500,"y":513.3333333333334}]},{"networkType":"edge","gpmlType":"interaction","@type":["interaction"],"graphicalType":"path","markerEnd":"arrow","points":[{"x":516.6666666666666,"y":513.3333333333334},{"x":516.6666666666666,"y":400}]},{"networkType":"edge","gpmlType":"interaction","@type":["interaction"],"graphicalType":"path","markerEnd":"arrow","points":[{"x":520,"y":516.6666666666666},{"x":556.6666666666666,"y":516.6666666666666}]},{"networkType":"edge","gpmlType":"interaction","@type":["interaction"],"graphicalType":"path","points":[{"x":433.3333333333333,"y":323.3333333333333},{"x":433.3333333333333,"y":416.6666666666667}]},{"networkType":"edge","gpmlType":"interaction","@type":["interaction"],"graphicalType":"path","points":[{"x":410,"y":433.3333333333333},{"x":560,"y":433.3333333333333}]},{"networkType":"edge","gpmlType":"interaction","@type":["interaction"],"graphicalType":"path","markerEnd":"arrow","points":[{"x":560,"y":433.3333333333333},{"x":560,"y":506.6666666666667}]},{"networkType":"edge","gpmlType":"interaction","@type":["interaction"],"graphicalType":"path","markerEnd":"arrow","points":[{"x":580,"y":526.6666666666666},{"x":580,"y":550}]},{"networkType":"edge","gpmlType":"interaction","@type":["interaction"],"graphicalType":"path","points":[{"x":506.6666666666667,"y":533.3333333333334},{"x":506.6666666666667,"y":560}]},{"networkType":"edge","gpmlType":"interaction","@type":["interaction"],"graphicalType":"path","markerEnd":"arrow","points":[{"x":506.6666666666667,"y":560},{"x":556.6666666666666,"y":560}]},{"networkType":"edge","gpmlType":"interaction","@type":["interaction"],"graphicalType":"path","markerEnd":"arrow","points":[{"x":600,"y":560},{"x":620,"y":560}]},{"networkType":"edge","gpmlType":"interaction","@type":["interaction"],"graphicalType":"path","markerEnd":"arrow","points":[{"x":580,"y":570},{"x":580,"y":586.6666666666666}]},{"networkType":"edge","gpmlType":"interaction","@type":["interaction"],"graphicalType":"path","markerEnd":"arrow","points":[{"x":683.3333333333334,"y":423.3333333333333},{"x":683.3333333333334,"y":463.3333333333333}]},{"networkType":"edge","gpmlType":"interaction","@type":["interaction"],"graphicalType":"path","points":[{"x":433.3333333333333,"y":233.33333333333334},{"x":433.3333333333333,"y":313.3333333333333}]},{"networkType":"edge","gpmlType":"interaction","@type":["interaction"],"graphicalType":"path","markerEnd":"arrow","points":[{"x":433.3333333333333,"y":313.3333333333333},{"x":476.6666666666667,"y":313.3333333333333}]},{"networkType":"edge","gpmlType":"interaction","@type":["interaction"],"graphicalType":"path","points":[{"x":1030,"y":246.66666666666666},{"x":1073.3333333333333,"y":246.66666666666666}]},{"networkType":"edge","gpmlType":"interaction","@type":["interaction"],"graphicalType":"path","markerEnd":"arrow","points":[{"x":1073.3333333333333,"y":246.66666666666666},{"x":1073.3333333333333,"y":403.3333333333333}]},{"networkType":"edge","gpmlType":"interaction","@type":["interaction"],"graphicalType":"path","points":[{"x":1003.3333333333334,"y":243.33333333333334},{"x":676.6666666666666,"y":243.33333333333334}]},{"networkType":"edge","gpmlType":"interaction","@type":["interaction"],"graphicalType":"path","points":[{"x":670,"y":226.66666666666666},{"x":676.6666666666666,"y":226.66666666666666}]},{"networkType":"edge","gpmlType":"interaction","@type":["interaction"],"graphicalType":"path","points":[{"x":676.6666666666666,"y":226.66666666666666},{"x":676.6666666666666,"y":243.33333333333334}]},{"networkType":"edge","gpmlType":"interaction","@type":["interaction"],"graphicalType":"path","markerEnd":"arrow","points":[{"x":1046.6666666666667,"y":253.33333333333334},{"x":1046.6666666666667,"y":450}]},{"networkType":"edge","gpmlType":"interaction","@type":["interaction"],"graphicalType":"path","points":[{"x":1026.6666666666667,"y":253.33333333333334},{"x":1046.6666666666667,"y":253.33333333333334}]},{"networkType":"edge","gpmlType":"interaction","@type":["interaction"],"graphicalType":"path","markerEnd":"arrow","points":[{"x":1016.6666666666666,"y":256.6666666666667},{"x":1016.6666666666666,"y":516.6666666666666}]},{"networkType":"edge","gpmlType":"interaction","@type":["interaction"],"graphicalType":"path","points":[{"x":1010,"y":260},{"x":980,"y":260}]},{"networkType":"edge","gpmlType":"interaction","@type":["interaction"],"graphicalType":"path","markerEnd":"arrow","points":[{"x":980,"y":260},{"x":980,"y":440}]},{"networkType":"edge","gpmlType":"interaction","@type":["interaction"],"graphicalType":"path","points":[{"x":1006.6666666666666,"y":253.33333333333334},{"x":963.3333333333334,"y":253.33333333333334}]},{"networkType":"edge","gpmlType":"interaction","@type":["interaction"],"graphicalType":"path","markerEnd":"arrow","points":[{"x":963.3333333333334,"y":253.33333333333334},{"x":963.3333333333334,"y":480}]},{"networkType":"edge","gpmlType":"interaction","@type":["interaction"],"graphicalType":"path","markerEnd":"arrow","points":[{"x":963.3333333333334,"y":536.6666666666666},{"x":963.3333333333334,"y":500}]},{"networkType":"edge","gpmlType":"interaction","@type":["interaction"],"graphicalType":"path","markerEnd":"receptorRound","points":[{"x":80,"y":736.6666666666666},{"x":80,"y":710}]},{"networkType":"edge","gpmlType":"interaction","@type":["interaction"],"graphicalType":"path","markerEnd":"ligandRound","points":[{"x":80,"y":786.6666666666666},{"x":80,"y":833.3333333333334}]},{"networkType":"edge","gpmlType":"interaction","@type":["interaction"],"graphicalType":"path","markerEnd":"arrow","points":[{"x":43.333333333333336,"y":1013.3333333333334},{"x":106.66666666666667,"y":1013.3333333333334}]},{"networkType":"edge","gpmlType":"interaction","@type":["interaction"],"graphicalType":"path","points":[{"x":43.333333333333336,"y":1046.6666666666667},{"x":96.66666666666667,"y":1046.6666666666667}]},{"networkType":"edge","gpmlType":"interaction","@type":["interaction"],"graphicalType":"path","markerEnd":"arrow","points":[{"x":36.666666666666664,"y":1276.6666666666667},{"x":110,"y":1276.6666666666667}]},{"networkType":"edge","gpmlType":"interaction","@type":["interaction"],"graphicalType":"path","markerEnd":"arrow","points":[{"x":36.666666666666664,"y":1306.6666666666667},{"x":110,"y":1306.6666666666667}]},{"networkType":"edge","gpmlType":"interaction","@type":["interaction"],"graphicalType":"path","markerEnd":"arrow","points":[{"x":36.666666666666664,"y":1250},{"x":110,"y":1250}]},{"networkType":"edge","gpmlType":"interaction","@type":["interaction"],"graphicalType":"path","markerEnd":"arrow","points":[{"x":40,"y":1416.6666666666667},{"x":106.66666666666667,"y":1416.6666666666667}]},{"networkType":"edge","gpmlType":"interaction","@type":["interaction"],"graphicalType":"path","markerEnd":"arrow","points":[{"x":36.666666666666664,"y":1333.3333333333333},{"x":110,"y":1333.3333333333333}]},{"networkType":"edge","gpmlType":"interaction","@type":["interaction"],"graphicalType":"path","markerEnd":"arrow","points":[{"x":36.666666666666664,"y":1170},{"x":110,"y":1170}]},{"networkType":"edge","gpmlType":"interaction","@type":["interaction"],"graphicalType":"path","markerEnd":"arrow","points":[{"x":36.666666666666664,"y":1116.6666666666667},{"x":110,"y":1116.6666666666667}]},{"networkType":"edge","gpmlType":"interaction","@type":["interaction"],"graphicalType":"path","markerEnd":"arrow","points":[{"x":36.666666666666664,"y":1363.3333333333333},{"x":110,"y":1363.3333333333333}]},{"networkType":"edge","gpmlType":"interaction","@type":["interaction"],"graphicalType":"path","markerEnd":"arrow","points":[{"x":36.666666666666664,"y":1196.6666666666667},{"x":110,"y":1196.6666666666667}]},{"networkType":"edge","gpmlType":"interaction","@type":["interaction"],"graphicalType":"path","markerEnd":"arrow","points":[{"x":40,"y":1530},{"x":106.66666666666667,"y":1530}]},{"networkType":"edge","gpmlType":"interaction","@type":["interaction"],"graphicalType":"path","markerEnd":"arrow","points":[{"x":40,"y":1476.6666666666667},{"x":106.66666666666667,"y":1476.6666666666667}]},{"networkType":"edge","gpmlType":"interaction","@type":["interaction"],"graphicalType":"path","markerEnd":"arrow","points":[{"x":40,"y":1503.3333333333333},{"x":106.66666666666667,"y":1503.3333333333333}]},{"networkType":"edge","gpmlType":"interaction","@type":["interaction"],"graphicalType":"path","markerEnd":"arrow","points":[{"x":40,"y":1583.3333333333333},{"x":106.66666666666667,"y":1583.3333333333333}]},{"networkType":"edge","gpmlType":"interaction","@type":["interaction"],"graphicalType":"path","points":[{"x":410,"y":406.6666666666667},{"x":410,"y":290}]},{"networkType":"edge","gpmlType":"interaction","@type":["interaction"],"graphicalType":"path","markerEnd":"arrow","points":[{"x":410,"y":290},{"x":510,"y":290}]},{"networkType":"edge","gpmlType":"interaction","@type":["interaction"],"graphicalType":"path","points":[{"x":410,"y":423.3333333333333},{"x":493.3333333333333,"y":423.3333333333333}]},{"networkType":"edge","gpmlType":"interaction","@type":["interaction"],"graphicalType":"path","markerEnd":"arrow","points":[{"x":493.3333333333333,"y":423.3333333333333},{"x":493.3333333333333,"y":360}]},{"networkType":"edge","gpmlType":"interaction","@type":["interaction"],"graphicalType":"path","markerEnd":"arrow","points":[{"x":83.33333333333333,"y":1076.6666666666667},{"x":90,"y":1086.6666666666667}]},{"networkType":"edge","gpmlType":"interaction","@type":["interaction"],"graphicalType":"path","markerEnd":"arrow","points":[{"x":636.6666666666666,"y":570},{"x":636.6666666666666,"y":600}]},{"networkType":"edge","gpmlType":"interaction","@type":["interaction"],"graphicalType":"path","markerEnd":"arrow","points":[{"x":636.6666666666666,"y":620},{"x":636.6666666666666,"y":646.6666666666666}]},{"networkType":"edge","gpmlType":"interaction","@type":["interaction"],"graphicalType":"path","markerEnd":"arrow","points":[{"x":623.3333333333334,"y":666.6666666666666},{"x":623.3333333333334,"y":703.3333333333334}]},{"networkType":"edge","gpmlType":"interaction","@type":["interaction"],"graphicalType":"path","markerEnd":"arrow","points":[{"x":653.3333333333334,"y":666.6666666666666},{"x":653.3333333333334,"y":703.3333333333334}]},{"networkType":"edge","gpmlType":"interaction","@type":["interaction"],"graphicalType":"path","markerEnd":"arrow","points":[{"x":586.6666666666666,"y":723.3333333333334},{"x":586.6666666666666,"y":750}]},{"networkType":"edge","gpmlType":"interaction","@type":["interaction"],"graphicalType":"path","markerEnd":"arrow","points":[{"x":666.6666666666666,"y":723.3333333333334},{"x":666.6666666666666,"y":750}]},{"networkType":"edge","gpmlType":"interaction","@type":["interaction"],"graphicalType":"path","points":[{"x":656.6666666666666,"y":723.3333333333334},{"x":656.6666666666666,"y":736.6666666666666}]},{"networkType":"edge","gpmlType":"interaction","@type":["interaction"],"graphicalType":"path","points":[{"x":656.6666666666666,"y":736.6666666666666},{"x":606.6666666666666,"y":736.6666666666666}]},{"networkType":"edge","gpmlType":"interaction","@type":["interaction"],"graphicalType":"path","markerEnd":"arrow","points":[{"x":606.6666666666666,"y":736.6666666666666},{"x":606.6666666666666,"y":750}]},{"networkType":"edge","gpmlType":"interaction","@type":["interaction"],"graphicalType":"path","points":[{"x":613.3333333333334,"y":723.3333333333334},{"x":613.3333333333334,"y":733.3333333333334}]},{"networkType":"edge","gpmlType":"interaction","@type":["interaction"],"graphicalType":"path","points":[{"x":613.3333333333334,"y":733.3333333333334},{"x":646.6666666666666,"y":733.3333333333334}]},{"networkType":"edge","gpmlType":"interaction","@type":["interaction"],"graphicalType":"path","markerEnd":"arrow","points":[{"x":646.6666666666666,"y":733.3333333333334},{"x":646.6666666666666,"y":750}]},{"networkType":"edge","gpmlType":"interaction","@type":["interaction"],"graphicalType":"path","points":[{"x":696.6666666666666,"y":226.66666666666666},{"x":696.6666666666666,"y":253.33333333333334}]},{"networkType":"edge","gpmlType":"interaction","@type":["interaction"],"graphicalType":"path","points":[{"x":696.6666666666666,"y":346.6666666666667},{"x":740,"y":346.6666666666667}]},{"networkType":"edge","gpmlType":"interaction","@type":["interaction"],"graphicalType":"path","markerEnd":"arrow","points":[{"x":36.666666666666664,"y":1143.3333333333333},{"x":110,"y":1143.3333333333333}]},{"networkType":"edge","gpmlType":"interaction","@type":["interaction"],"graphicalType":"path","markerEnd":"arrow","points":[{"x":36.666666666666664,"y":1223.3333333333333},{"x":110,"y":1223.3333333333333}]},{"networkType":"edge","gpmlType":"interaction","@type":["interaction"],"graphicalType":"path","markerEnd":"arrow","points":[{"x":40,"y":1446.6666666666667},{"x":106.66666666666667,"y":1446.6666666666667}]},{"networkType":"edge","gpmlType":"interaction","@type":["interaction"],"graphicalType":"path","markerEnd":"arrow","points":[{"x":40,"y":1390},{"x":110,"y":1390}]},{"networkType":"edge","gpmlType":"interaction","@type":["interaction"],"graphicalType":"path","markerEnd":"arrow","points":[{"x":43.333333333333336,"y":1556.6666666666667},{"x":106.66666666666667,"y":1556.6666666666667}]},{"networkType":"node","nodeType":"DataNode","dataNodeType":"GeneProduct","@type":["DataNode","GeneProduct","datanode"],"gpmlType":"datanode","graphicalType":"path","datasourceReference":{"database":"Entrez Gene","id":"18708","organism":"Mus musculus"},"unificationXref":"http://identifiers.org/ensembl/ENSMUSG00000041417"},{"networkType":"node","nodeType":"DataNode","dataNodeType":"GeneProduct","@type":["DataNode","GeneProduct","datanode"],"gpmlType":"datanode","graphicalType":"path","datasourceReference":{"database":"Entrez Gene","id":"16197","organism":"Mus musculus"},"unificationXref":"http://identifiers.org/ensembl/ENSMUSG00000003882"},{"networkType":"node","nodeType":"DataNode","dataNodeType":"GeneProduct","@type":["DataNode","GeneProduct","datanode"],"gpmlType":"datanode","graphicalType":"path","datasourceReference":{"database":"Entrez Gene","id":"16453","organism":"Mus musculus"},"unificationXref":"http://identifiers.org/ensembl/ENSMUSG00000031805"},{"networkType":"node","nodeType":"DataNode","dataNodeType":"GeneProduct","@type":["DataNode","GeneProduct","datanode"],"gpmlType":"datanode","graphicalType":"path","datasourceReference":{"database":"Entrez Gene","id":"16186","organism":"Mus musculus"},"unificationXref":"http://identifiers.org/ensembl/ENSMUSG00000031304"},{"networkType":"node","nodeType":"DataNode","dataNodeType":"GeneProduct","@type":["DataNode","GeneProduct","datanode"],"gpmlType":"datanode","graphicalType":"path","datasourceReference":{"database":"Entrez Gene","id":"16451","organism":"Mus musculus"},"unificationXref":"http://identifiers.org/ensembl/ENSMUSG00000028530"},{"networkType":"node","nodeType":"DataNode","dataNodeType":"GeneProduct","@type":["DataNode","GeneProduct","datanode"],"gpmlType":"datanode","graphicalType":"path","datasourceReference":{"database":"Entrez Gene","id":"14360","organism":"Mus musculus"},"unificationXref":"http://identifiers.org/ensembl/ENSMUSG00000019843"},{"networkType":"node","nodeType":"DataNode","dataNodeType":"GeneProduct","@type":["DataNode","GeneProduct","datanode"],"gpmlType":"datanode","graphicalType":"path","datasourceReference":{"database":"Entrez Gene","id":"17096","organism":"Mus musculus"},"unificationXref":"http://identifiers.org/ensembl/ENSMUSG00000042228"},{"networkType":"node","nodeType":"DataNode","dataNodeType":"GeneProduct","@type":["DataNode","GeneProduct","datanode"],"gpmlType":"datanode","graphicalType":"path","datasourceReference":{"database":"Entrez Gene","id":"20850","organism":"Mus musculus"},"unificationXref":"http://identifiers.org/ensembl/ENSMUSG00000004043"},{"networkType":"node","nodeType":"DataNode","dataNodeType":"GeneProduct","@type":["DataNode","GeneProduct","datanode"],"gpmlType":"datanode","graphicalType":"path","datasourceReference":{"database":"Entrez Gene","id":"20848","organism":"Mus musculus"},"unificationXref":"http://identifiers.org/ensembl/ENSMUSG00000004040"},{"networkType":"node","nodeType":"DataNode","dataNodeType":"GeneProduct","@type":["DataNode","GeneProduct","datanode"],"gpmlType":"datanode","graphicalType":"path","datasourceReference":{"database":"Entrez Gene","id":"20851","organism":"Mus musculus"},"unificationXref":"http://identifiers.org/ensembl/ENSMUSG00000020919"},{"networkType":"node","nodeType":"DataNode","dataNodeType":"GeneProduct","@type":["DataNode","GeneProduct","datanode"],"gpmlType":"datanode","graphicalType":"path","datasourceReference":{"database":"Entrez Gene","id":"18708","organism":"Mus musculus"},"unificationXref":"http://identifiers.org/ensembl/ENSMUSG00000041417"},{"networkType":"node","nodeType":"DataNode","dataNodeType":"GeneProduct","@type":["DataNode","GeneProduct","datanode"],"gpmlType":"datanode","graphicalType":"path","datasourceReference":{"database":"Entrez Gene","id":"19229","organism":"Mus musculus"},"unificationXref":"http://identifiers.org/ensembl/ENSMUSG00000059456"},{"networkType":"node","nodeType":"DataNode","dataNodeType":"GeneProduct","@type":["DataNode","GeneProduct","datanode"],"gpmlType":"datanode","graphicalType":"path","datasourceReference":{"database":"Entrez Gene","id":"16367","organism":"Mus musculus"},"unificationXref":"http://identifiers.org/ensembl/ENSMUSG00000055980"},{"networkType":"node","nodeType":"DataNode","dataNodeType":"GeneProduct","@type":["DataNode","GeneProduct","datanode"],"gpmlType":"datanode","graphicalType":"path","datasourceReference":{"database":"Entrez Gene","id":"384783","organism":"Mus musculus"},"unificationXref":"http://identifiers.org/ensembl/ENSMUSG00000038894"},{"networkType":"node","nodeType":"DataNode","dataNodeType":"GeneProduct","@type":["DataNode","GeneProduct","datanode"],"gpmlType":"datanode","graphicalType":"path","datasourceReference":{"database":"Entrez Gene","id":"11651","organism":"Mus musculus"},"unificationXref":"http://identifiers.org/ensembl/ENSMUSG00000001729"},{"networkType":"node","nodeType":"DataNode","dataNodeType":"GeneProduct","@type":["DataNode","GeneProduct","datanode"],"gpmlType":"datanode","graphicalType":"path","datasourceReference":{"database":"Entrez Gene","id":"20846","organism":"Mus musculus"},"unificationXref":"http://identifiers.org/ensembl/ENSMUSG00000026104"},{"networkType":"node","nodeType":"DataNode","dataNodeType":"GeneProduct","@type":["DataNode","GeneProduct","datanode"],"gpmlType":"datanode","graphicalType":"path","datasourceReference":{"database":"Entrez Gene","id":"56324","organism":"Mus musculus"},"unificationXref":"http://identifiers.org/ensembl/ENSMUSG00000055371"},{"networkType":"node","nodeType":"DataNode","dataNodeType":"GeneProduct","@type":["DataNode","GeneProduct","datanode"],"gpmlType":"datanode","graphicalType":"path","datasourceReference":{"database":"Entrez Gene","id":"20844","organism":"Mus musculus"},"unificationXref":"http://identifiers.org/ensembl/ENSMUSG00000026718"},{"networkType":"node","nodeType":"DataNode","dataNodeType":"GeneProduct","@type":["DataNode","GeneProduct","datanode"],"gpmlType":"datanode","graphicalType":"path","datasourceReference":{"database":"Entrez Gene","id":"12028","organism":"Mus musculus"},"unificationXref":"http://identifiers.org/ensembl/ENSMUSG00000003873"},{"networkType":"node","nodeType":"DataNode","dataNodeType":"GeneProduct","@type":["DataNode","GeneProduct","datanode"],"gpmlType":"datanode","graphicalType":"path","datasourceReference":{"database":"Entrez Gene","id":"12015","organism":"Mus musculus"},"unificationXref":"http://identifiers.org/ensembl/ENSMUSG00000024959"},{"networkType":"node","nodeType":"DataNode","dataNodeType":"GeneProduct","@type":["DataNode","GeneProduct","datanode"],"gpmlType":"datanode","graphicalType":"path","datasourceReference":{"database":"Entrez Gene","id":"56484","organism":"Mus musculus"},"unificationXref":"http://identifiers.org/ensembl/ENSMUSG00000048756"},{"networkType":"node","nodeType":"DataNode","dataNodeType":"GeneProduct","@type":["DataNode","GeneProduct","datanode"],"gpmlType":"datanode","graphicalType":"path","datasourceReference":{"database":"Entrez Gene","id":"56637","organism":"Mus musculus"},"unificationXref":"http://identifiers.org/ensembl/ENSMUSG00000022812"},{"networkType":"node","nodeType":"DataNode","dataNodeType":"GeneProduct","@type":["DataNode","GeneProduct","datanode"],"gpmlType":"datanode","graphicalType":"path","datasourceReference":{"database":"Entrez Gene","id":"56458","organism":"Mus musculus"},"unificationXref":"http://identifiers.org/ensembl/ENSMUSG00000044167"},{"networkType":"node","nodeType":"DataNode","dataNodeType":"GeneProduct","@type":["DataNode","GeneProduct","datanode"],"gpmlType":"datanode","graphicalType":"path","datasourceReference":{"database":"Entrez Gene","id":"19645","organism":"Mus musculus"},"unificationXref":"http://identifiers.org/ensembl/ENSMUSG00000022105"},{"networkType":"node","nodeType":"DataNode","dataNodeType":"GeneProduct","@type":["DataNode","GeneProduct","datanode"],"gpmlType":"datanode","graphicalType":"path","datasourceReference":{"database":"Entrez Gene","id":"12444","organism":"Mus musculus"},"unificationXref":"http://identifiers.org/ensembl/ENSMUSG00000000184"},{"networkType":"node","nodeType":"DataNode","dataNodeType":"GeneProduct","@type":["DataNode","GeneProduct","datanode"],"gpmlType":"datanode","graphicalType":"path","datasourceReference":{"database":"Entrez Gene","id":"12428","organism":"Mus musculus"},"unificationXref":"http://identifiers.org/ensembl/ENSMUSG00000027715"},{"networkType":"node","nodeType":"DataNode","dataNodeType":"GeneProduct","@type":["DataNode","GeneProduct","datanode"],"gpmlType":"datanode","graphicalType":"path","datasourceReference":{"database":"Entrez Gene","id":"12567","organism":"Mus musculus"},"unificationXref":"http://identifiers.org/ensembl/ENSMUSG00000006728"},{"networkType":"node","nodeType":"DataNode","dataNodeType":"GeneProduct","@type":["DataNode","GeneProduct","datanode"],"gpmlType":"datanode","graphicalType":"path","datasourceReference":{"database":"Entrez Gene","id":"12566","organism":"Mus musculus"},"unificationXref":"http://identifiers.org/ensembl/ENSMUSG00000025358"},{"networkType":"node","nodeType":"DataNode","dataNodeType":"GeneProduct","@type":["DataNode","GeneProduct","datanode"],"gpmlType":"datanode","graphicalType":"path","datasourceReference":{"database":"Entrez Gene","id":"67300","organism":"Mus musculus"},"unificationXref":"http://identifiers.org/ensembl/ENSMUSG00000047126"},{"networkType":"node","nodeType":"DataNode","dataNodeType":"GeneProduct","@type":["DataNode","GeneProduct","datanode"],"gpmlType":"datanode","graphicalType":"path","datasourceReference":{"database":"Entrez Gene","id":"12125","organism":"Mus musculus"},"unificationXref":"http://identifiers.org/ensembl/ENSMUSG00000027381"},{"networkType":"node","nodeType":"DataNode","dataNodeType":"GeneProduct","@type":["DataNode","GeneProduct","datanode"],"gpmlType":"datanode","graphicalType":"path","datasourceReference":{"database":"Entrez Gene","id":"17210","organism":"Mus musculus"},"unificationXref":"http://identifiers.org/ensembl/ENSMUSG00000038612"},{"networkType":"node","nodeType":"DataNode","dataNodeType":"GeneProduct","@type":["DataNode","GeneProduct","datanode"],"gpmlType":"datanode","graphicalType":"path","datasourceReference":{"database":"Entrez Gene","id":"12143","organism":"Mus musculus"},"unificationXref":"http://identifiers.org/ensembl/ENSMUSG00000014453"},{"networkType":"node","nodeType":"DataNode","dataNodeType":"GeneProduct","@type":["DataNode","GeneProduct","datanode"],"gpmlType":"datanode","graphicalType":"path","datasourceReference":{"database":"Entrez Gene","id":"26413","organism":"Mus musculus"},"unificationXref":"http://identifiers.org/ensembl/ENSMUSG00000063358"},{"networkType":"node","nodeType":"DataNode","dataNodeType":"GeneProduct","@type":["DataNode","GeneProduct","datanode"],"gpmlType":"datanode","graphicalType":"path","datasourceReference":{"database":"Entrez Gene","id":"26417","organism":"Mus musculus"},"unificationXref":"http://identifiers.org/ensembl/ENSMUSG00000063065"},{"networkType":"node","nodeType":"DataNode","dataNodeType":"GeneProduct","@type":["DataNode","GeneProduct","datanode"],"gpmlType":"datanode","graphicalType":"path","datasourceReference":{"database":"Entrez Gene","id":"208650","organism":"Mus musculus"},"unificationXref":"http://identifiers.org/ensembl/ENSMUSG00000022637"},{"networkType":"node","nodeType":"DataNode","dataNodeType":"GeneProduct","@type":["DataNode","GeneProduct","datanode"],"gpmlType":"datanode","graphicalType":"path","datasourceReference":{"database":"Entrez Gene","id":"20416","organism":"Mus musculus"},"unificationXref":"http://identifiers.org/ensembl/ENSMUSG00000042626"},{"networkType":"node","nodeType":"DataNode","dataNodeType":"GeneProduct","@type":["DataNode","GeneProduct","datanode"],"gpmlType":"datanode","graphicalType":"path","datasourceReference":{"database":"Entrez Gene","id":"14784","organism":"Mus musculus"},"unificationXref":"http://identifiers.org/ensembl/ENSMUSG00000059923"},{"networkType":"node","nodeType":"DataNode","dataNodeType":"GeneProduct","@type":["DataNode","GeneProduct","datanode"],"gpmlType":"datanode","graphicalType":"path","datasourceReference":{"database":"Entrez Gene","id":"20662","organism":"Mus musculus"},"unificationXref":"http://identifiers.org/ensembl/ENSMUSG00000024241"},{"networkType":"node","nodeType":"DataNode","dataNodeType":"GeneProduct","@type":["DataNode","GeneProduct","datanode"],"gpmlType":"datanode","graphicalType":"path","datasourceReference":{"database":"Entrez Gene","id":"12402","organism":"Mus musculus"},"unificationXref":"http://identifiers.org/ensembl/ENSMUSG00000034342"},{"networkType":"node","nodeType":"DataNode","dataNodeType":"GeneProduct","@type":["DataNode","GeneProduct","datanode"],"gpmlType":"datanode","graphicalType":"path","datasourceReference":{"database":"Entrez Gene","id":"16362","organism":"Mus musculus"},"unificationXref":"http://identifiers.org/ensembl/ENSMUSG00000018899"},{"networkType":"node","nodeType":"DataNode","dataNodeType":"GeneProduct","@type":["DataNode","GeneProduct","datanode"],"gpmlType":"datanode","graphicalType":"path","datasourceReference":{"database":"Entrez Gene","id":"17829","organism":"Mus musculus"},"unificationXref":"http://identifiers.org/ensembl/ENSMUSG00000042784"},{"networkType":"node","nodeType":"DataNode","dataNodeType":"GeneProduct","@type":["DataNode","GeneProduct","datanode"],"gpmlType":"datanode","graphicalType":"path","datasourceReference":{"database":"Entrez Gene","id":"15461","organism":"Mus musculus"},"unificationXref":"http://identifiers.org/ensembl/ENSMUSG00000025499"},{"networkType":"node","nodeType":"DataNode","dataNodeType":"GeneProduct","@type":["DataNode","GeneProduct","datanode"],"gpmlType":"datanode","graphicalType":"path","datasourceReference":{"database":"Entrez Gene","id":"110157","organism":"Mus musculus"},"unificationXref":"http://identifiers.org/ensembl/ENSMUSG00000000441"},{"networkType":"node","nodeType":"DataNode","dataNodeType":"GeneProduct","@type":["DataNode","GeneProduct","datanode"],"gpmlType":"datanode","graphicalType":"path","datasourceReference":{"database":"Entrez Gene","id":"26395","organism":"Mus musculus"},"unificationXref":"http://identifiers.org/ensembl/ENSMUSG00000004936"},{"networkType":"edge","gpmlType":"interaction","@type":["interaction"],"graphicalType":"path","markerEnd":"arrow","points":[{"x":636.6666666666666,"y":300},{"x":636.6666666666666,"y":510}]}],"xmlns":"http://pathvisio.org/GPML/2013a","name":"IL-7 Signaling Pathway","organism":"Mus musculus","image":{"@context":{"@vocab":"http://schema.org/"},"width":1126.6666666666667,"height":1833.3333333333335},"publicationXref":[],"id":"wpId:WP297","revision":"69128"}}