{"@context":{"@vocab":"http://vocabularies.wikipathways.org/gpml#","@base":"wpId:WP298","pathwayIri":"wpId:WP298","ChEBI":"http://www.ebi.ac.uk/chebi/searchId.do?chebiId=","dataSource":"gpml:Data-Source","datasourceReference":"wp:DatasourceReference","Group":{"@container":"@list","@id":"gpml:Group"},"interaction":{"@id":"biopax:Interaction","@type":"@id"},"interactionType":{"@id":"biopax:InteractionType","@type":"@id"},"interactionGraph":{"@container":"@list","@type":"@id"},"lastModified":"gpml:Last-Modified","pathway":"biopax:Pathway","point":{"@container":"@list","@id":"gpml:Point"},"publicationXref":"biopax:PublicationXref","unificationXref":"biopax:UnificationXref","author":"schema:author","backgroundColor":"css2:colors.html#propdef-background-color","backgroundImage":"css2:colors.html#propdef-background-image","biopax":"http://www.biopax.org/release/biopax-level3.owl#","borderColor":"css2:box.html#propdef-border-color","borderStyle":"css2:box.html#propdef-border-style","borderWidth":"css2:box.html#propdef-border-width","boxSizing":{"@id":"css3Ui:box-sizing","@value":"border-box"},"color":"css2:colors.html#propdef-color","contains":{"@id":"ex:contains","@type":"@id"},"css2":"http://www.w3.org/TR/CSS2/","css3Ui":"http://www.w3.org/TR/css3-ui/#","cssTransform":"http://www.w3.org/TR/css-transforms-1/#","gpmlDataNodeType":"gpml:Type","dcterms":"http://puri.org/dc/terms/","entrezGene":"http://www.ncbi.nlm.nih.gov/gene/","ex":"http://www.example.org/","fontFamily":"css2:fonts.html#font-family-prop","fontSize":"css2:fonts.html#propdef-font-size","fontStyle":"css2:fonts.html#propdef-font-style","fontWeight":"css2:fonts.html#propdef-font-weight","gpml":"http://vocabularies.wikipathways.org/gpml#","gpmlFolder":"file://Users/andersriutta/Sites/pathvisiojs/test/gpml/","hMDB":"http://www.hmdb.ca/metabolites/HMDB","height":"css2:visudet.html#propdef-height","id":"@id","image":"schema:image","interactsWith":{"@id":"ex:interactsWith","@type":"@id"},"isContainedBy":{"@reverse":"ex:contains","@type":"@id"},"media":"http://www.w3.org/TR/mediaont-10/","name":"http://xmlns.com/foaf/0.1/name","organism":"biopax:organism","padding":"css2:box.html#propdef-padding","elements":{"@container":"@list","@id":"ex:pathwayElements/"},"position":"css2:visuren.html#propdef-position","rotate":"cssTransform:funcdef-rotate","schema":"http://schema.org/","shapeLibrary":"http://shapelibrary.example.org/","shape":"shapeLibrary:shape","stroke":"svg:painting.html#StrokeProperty","strokeWidth":"svg:painting.html#StrokeWidthProperty","svg":"http://www.w3.org/TR/SVG11/","textAlign":"css2:text.html#propdef-text-align","verticalAlign":"css2:visudet.html#propdef-vertical-align","width":"css2:visudet.html#propdef-width","wp":"http://vocabularies.wikipathways.org/wp#","wpId":"http://identifiers.org/wikipathways/","x":{"@id":"css2:visuren.html#propdef-left","@type":"xsd:integer"},"xsd":"http://www.w3.org/2001/XMLSchema#","y":"css2:visuren.html#propdef-top","zIndex":{"@id":"css2:z-index","@type":"xsd:integer"}},"wpId:WP298":{"elements":[{"networkType":"node","nodeType":"Label","@type":["label"],"gpmlType":"label","graphicalType":"path"},{"networkType":"node","nodeType":"DataNode","dataNodeType":"GeneProduct","@type":["DataNode","GeneProduct","datanode"],"gpmlType":"datanode","graphicalType":"path","datasourceReference":{"database":"Entrez Gene","id":"51789","organism":"Mus musculus"},"unificationXref":"http://identifiers.org/ensembl/ENSMUSG00000022791"},{"networkType":"node","nodeType":"Label","@type":["label"],"gpmlType":"label","graphicalType":"path"},{"networkType":"node","nodeType":"Label","@type":["label"],"gpmlType":"label","graphicalType":"path"},{"networkType":"node","nodeType":"Label","@type":["label"],"gpmlType":"label","graphicalType":"path"},{"networkType":"node","nodeType":"Label","@type":["label"],"gpmlType":"label","graphicalType":"path"},{"networkType":"node","nodeType":"Label","@type":["label"],"gpmlType":"label","graphicalType":"path"},{"networkType":"node","nodeType":"Label","@type":["label"],"gpmlType":"label","graphicalType":"path"},{"networkType":"node","nodeType":"Label","@type":["label"],"gpmlType":"label","graphicalType":"path"},{"networkType":"node","nodeType":"Label","@type":["label"],"gpmlType":"label","graphicalType":"path"},{"networkType":"node","nodeType":"Label","@type":["label"],"gpmlType":"label","graphicalType":"path"},{"networkType":"node","nodeType":"Label","@type":["label"],"gpmlType":"label","graphicalType":"path"},{"networkType":"edge","gpmlType":"interaction","@type":["interaction"],"graphicalType":"path","points":[{"x":499,"y":240.33333333333334,"isAttachedTo":"e1f","RelX":-1,"anchor":[0,0.5,-1,0],"RelY":0},{"x":459,"y":240.33333333333334},{"x":459,"y":249.2},{"x":458.8666666666667,"y":249.2,"isAttachedTo":"b7e49","RelX":0,"anchor":[0.5,0.5,0,0],"RelY":0}]},{"networkType":"edge","gpmlType":"interaction","@type":["interaction"],"graphicalType":"path","points":[{"x":436.6666666666667,"y":63.333333333333336},{"x":486.6666666666667,"y":63.333333333333336}]},{"networkType":"edge","gpmlType":"interaction","@type":["interaction"],"graphicalType":"path","markerEnd":"arrow","points":[{"x":456.6666666666667,"y":170},{"x":455.6666666666667,"y":208.66666666666666,"isAttachedTo":"a73","RelX":-0.1111111111111111,"anchor":[0.4444444444444444,0.07936507936507936,0,0],"RelY":-0.8412698412698413}]},{"networkType":"edge","gpmlType":"interaction","@type":["interaction"],"graphicalType":"path","markerEnd":"arrow","points":[{"x":757.3333333333334,"y":219,"isAttachedTo":"f2c","RelX":1.3333333333333333,"anchor":[1,0.5,1,0],"RelY":0},{"x":799,"y":219,"isAttachedTo":"ae8","RelX":-1.2222222222222223,"anchor":[0,0.5,-1,0],"RelY":0}],"interactionGraph":[{"id":"f2c","interactsWith":"ae8"}],"interactionType":"gpml:Arrow"},{"networkType":"edge","gpmlType":"interaction","@type":["interaction"],"graphicalType":"path","markerEnd":"arrow","points":[{"x":543.3333333333333,"y":480,"isAttachedTo":"d1c","RelX":-0.4444444444444444,"anchor":[0.2777777777777778,1,0,1],"RelY":1.6666666666666667},{"x":563.1666666666666,"y":526.3333333333334,"isAttachedTo":"debca","RelX":0.5,"anchor":[0.75,0,0,-1],"RelY":-1}],"interactionGraph":[{"id":"d1c","interactsWith":"debca"}],"interactionType":"gpml:Arrow"},{"networkType":"edge","gpmlType":"interaction","@type":["interaction"],"graphicalType":"path","markerEnd":"arrow","points":[{"x":830,"y":519.3333333333334,"isAttachedTo":"c97","RelX":0,"anchor":[0.5,1,0,1],"RelY":1.3333333333333333},{"x":830,"y":549,"isAttachedTo":"ffc","RelX":0,"anchor":[0.5,0,0,-1],"RelY":-1.3333333333333333}],"interactionGraph":[{"id":"c97","interactsWith":"ffc"}],"interactionType":"gpml:Arrow"},{"networkType":"edge","gpmlType":"interaction","@type":["interaction"],"graphicalType":"path","markerEnd":"arrow","points":[{"x":458.6666666666667,"y":108,"isAttachedTo":"b20","RelX":-0.1111111111111111,"anchor":[0.4444444444444444,1,0,1],"RelY":1.6666666666666667},{"x":459,"y":145.33333333333334,"isAttachedTo":"afa","RelX":0,"anchor":[0.5,0,0,-1],"RelY":-1}],"interactionGraph":[{"id":"b20","interactsWith":"afa"}],"interactionType":"gpml:Arrow"},{"networkType":"edge","gpmlType":"interaction","@type":["interaction"],"graphicalType":"path","markerEnd":"arrow","points":[{"x":266,"y":275.5,"isAttachedTo":"f2b52","RelX":-1,"anchor":[0,0.75,-1,0],"RelY":0.5},{"x":195,"y":273.5833333333333,"isAttachedTo":"e97","RelX":1,"anchor":[1,0.5,1,0],"RelY":0}],"interactionGraph":[{"id":"f2b52","interactsWith":"e97"}],"interactionType":"gpml:Arrow"},{"gpmlType":"anchor","zIndex":null,"networkType":"node","@type":["anchor"],"graphicalType":"path","x":null,"y":null},{"networkType":"edge","gpmlType":"interaction","@type":["interaction"],"graphicalType":"path","markerEnd":"arrow","points":[{"x":429,"y":217.5,"isAttachedTo":"a73","RelX":-1,"anchor":[0,0.5,-1,0],"RelY":0},{"x":343,"y":161.16666666666669,"isAttachedTo":"f2b52","RelX":1,"anchor":[1,0.25,1,0],"RelY":-0.5}],"interactionGraph":[{"id":"a73","interactsWith":"f2b52"}],"interactionType":"gpml:Arrow"},{"networkType":"edge","gpmlType":"interaction","@type":["interaction"],"graphicalType":"path","markerEnd":"arrow","points":[{"x":560,"y":446.66666666666663,"isAttachedTo":"d1c","RelX":0.1111111111111111,"anchor":[0.5555555555555556,0,0,-1],"RelY":-1.6666666666666667},{"x":630,"y":363.3333333333333,"isAttachedTo":"ecc46","RelX":-1,"anchor":[0,0.5,-1,0],"RelY":0}],"interactionGraph":[{"id":"d1c","interactsWith":"ecc46"}],"interactionType":"gpml:Arrow"},{"networkType":"edge","gpmlType":"interaction","@type":["interaction"],"graphicalType":"path","markerEnd":"arrow","points":[{"x":428.66666666666674,"y":411,"isAttachedTo":"efa","RelX":-0.9,"anchor":[0.04999999999999999,1,0,1],"RelY":1.6666666666666667},{"x":366.3333333333333,"y":449,"isAttachedTo":"f7b","RelX":0.1111111111111111,"anchor":[0.5555555555555556,0,0,-1],"RelY":-1}],"interactionGraph":[{"id":"efa","interactsWith":"f7b"}],"interactionType":"gpml:Arrow"},{"networkType":"edge","gpmlType":"interaction","@type":["interaction"],"graphicalType":"path","markerEnd":"arrow","points":[{"x":413.3333333333333,"y":581.3333333333333,"isAttachedTo":"b87","RelX":0,"anchor":[0.5,1,0,1],"RelY":1.6666666666666667},{"x":413.33333333333337,"y":650.5687134502923,"isAttachedTo":"eda","RelX":0.20161290322580644,"anchor":[0.6008064516129032,0,0,-1],"RelY":-1.7543859649122806}],"interactionGraph":[{"id":"b87","interactsWith":"eda"}],"interactionType":"gpml:Arrow"},{"networkType":"edge","gpmlType":"interaction","@type":["interaction"],"graphicalType":"path","markerEnd":"arrow","points":[{"x":702.9999999999999,"y":323.3333333333333,"isAttachedTo":"d49","RelX":0.5,"anchor":[0.75,0,0,-1],"RelY":-1},{"x":810.375,"y":289.0000000000001,"isAttachedTo":"f86","RelX":-0.5,"anchor":[0.25,1,0,1],"RelY":1}],"interactionGraph":[{"id":"d49","interactsWith":"f86"}],"interactionType":"gpml:Arrow"},{"networkType":"edge","gpmlType":"interaction","@type":["interaction"],"graphicalType":"path","markerEnd":"arrow","points":[{"x":600,"y":466.66666666666663,"isAttachedTo":"d1c","RelX":1.4444444444444444,"anchor":[1,0.6666666666666666,1,0],"RelY":0.3333333333333333},{"x":783.3333333333334,"y":502.6666666666667,"isAttachedTo":"c97","RelX":-1.5555555555555556,"anchor":[0,0.33333333333333337,-1,0],"RelY":-0.3333333333333333}],"interactionGraph":[{"id":"d1c","interactsWith":"c97"}],"interactionType":"gpml:Arrow"},{"networkType":"edge","gpmlType":"interaction","@type":["interaction"],"graphicalType":"path","points":[{"x":255.66666666666663,"y":358.6666666666667,"isAttachedTo":"d2165","RelX":0,"anchor":[0.5,0,0,-1],"RelY":-1},{"x":255.66666666666663,"y":274},{"x":237.6,"y":274},{"x":237.6,"y":274.73333333333335,"isAttachedTo":"b6bcc","RelX":0,"anchor":[0.5,0.5,0,0],"RelY":0}]},{"networkType":"edge","gpmlType":"interaction","@type":["interaction"],"graphicalType":"path","markerEnd":"arrow","points":[{"x":166.66666666666666,"y":556.6666666666667,"isAttachedTo":"e4c","RelX":-0.1111111111111111,"anchor":[0.4444444444444444,1,0,1],"RelY":1.3333333333333333},{"x":166.66666666666666,"y":588,"isAttachedTo":"dc3","RelX":0,"anchor":[0.5,0,0,-1],"RelY":-1.6666666666666667}],"interactionGraph":[{"id":"e4c","interactsWith":"dc3"}],"interactionType":"gpml:Arrow"},{"networkType":"edge","gpmlType":"interaction","@type":["interaction"],"graphicalType":"path","markerEnd":"arrow","points":[{"x":835.6666666666666,"y":403.3333333333333,"isAttachedTo":"da1","RelX":0,"anchor":[0.5,1,0,1],"RelY":1},{"x":836.3333333333335,"y":431.1666666666667,"isAttachedTo":"b99","RelX":0,"anchor":[0.5,0,0,-1],"RelY":-1}],"interactionGraph":[{"id":"da1","interactsWith":"b99"}],"interactionType":"gpml:Arrow"},{"networkType":"edge","gpmlType":"interaction","@type":["interaction"],"graphicalType":"path","markerEnd":"arrow","points":[{"x":835.6666666666666,"y":235.66666666666666,"isAttachedTo":"ae8","RelX":0,"anchor":[0.5,1,0,1],"RelY":1.6666666666666667},{"x":835.25,"y":259.0657894736843,"isAttachedTo":"f86","RelX":0,"anchor":[0.5,0,0,-1],"RelY":-1.0526315789473684}],"interactionGraph":[{"id":"ae8","interactsWith":"f86"}],"interactionType":"gpml:Arrow"},{"networkType":"edge","gpmlType":"interaction","@type":["interaction"],"graphicalType":"path","markerEnd":"arrow","points":[{"x":458.6666666666667,"y":301,"isAttachedTo":"a99","RelX":-0.03664921465968586,"anchor":[0.4816753926701571,1,0,1],"RelY":1.0526315789473684},{"x":458.66666666666674,"y":357.3333333333333,"isAttachedTo":"affcf","RelX":0,"anchor":[0.5,0,0,-1],"RelY":-1}],"interactionGraph":[{"id":"a99","interactsWith":"affcf"}],"interactionType":"gpml:Arrow"},{"networkType":"edge","gpmlType":"interaction","@type":["interaction"],"graphicalType":"path","markerEnd":"arrow","points":[{"x":489,"y":217.5,"isAttachedTo":"a73","RelX":1,"anchor":[1,0.5,1,0],"RelY":0},{"x":674,"y":219,"isAttachedTo":"f2c","RelX":-1.4444444444444444,"anchor":[0,0.5,-1,0],"RelY":0}],"interactionGraph":[{"id":"a73","interactsWith":"f2c"}],"interactionType":"gpml:Arrow"},{"gpmlType":"anchor","zIndex":null,"networkType":"node","@type":["anchor"],"graphicalType":"path","x":null,"y":null},{"networkType":"edge","gpmlType":"interaction","@type":["interaction"],"graphicalType":"path","markerEnd":"arrow","points":[{"x":488.66666666666674,"y":411,"isAttachedTo":"efa","RelX":0.9,"anchor":[0.95,1,0,1],"RelY":1.6666666666666667},{"x":546.6666666666666,"y":450,"isAttachedTo":"d1c","RelX":-0.3333333333333333,"anchor":[0.33333333333333337,0,0,-1],"RelY":-1.3333333333333333}],"interactionGraph":[{"id":"efa","interactsWith":"d1c"}],"interactionType":"gpml:Arrow"},{"networkType":"edge","gpmlType":"interaction","@type":["interaction"],"graphicalType":"path","markerEnd":"arrow","points":[{"x":727.9999999999999,"y":393.3333333333333,"isAttachedTo":"c82","RelX":1.0769230769230769,"anchor":[1,0.5,1,0],"RelY":0},{"x":792.3333333333333,"y":393.3333333333333,"isAttachedTo":"da1","RelX":-1.4444444444444444,"anchor":[0,0.5,-1,0],"RelY":0}],"interactionGraph":[{"id":"c82","interactsWith":"da1"}],"interactionType":"gpml:Arrow"},{"networkType":"edge","gpmlType":"interaction","@type":["interaction"],"graphicalType":"path","markerEnd":"arrow","points":[{"x":166.66666666666666,"y":618,"isAttachedTo":"dc3","RelX":0,"anchor":[0.5,1,0,1],"RelY":1.3333333333333333},{"x":166.66666666666663,"y":667.907894736842,"isAttachedTo":"e46","RelX":-0.12320328542094455,"anchor":[0.4383983572895277,0,0,-1],"RelY":-1.0526315789473684}],"interactionGraph":[{"id":"dc3","interactsWith":"e46"}],"interactionType":"gpml:Arrow"},{"networkType":"edge","gpmlType":"interaction","@type":["interaction"],"graphicalType":"path","markerEnd":"arrow","points":[{"x":625,"y":557.6666666666667,"isAttachedTo":"d40","RelX":-0.1111111111111111,"anchor":[0.4444444444444444,1,0,1],"RelY":1.3333333333333333},{"x":625.0000000000001,"y":649.9459064327484,"isAttachedTo":"afd","RelX":-0.273972602739726,"anchor":[0.363013698630137,0,0,-1],"RelY":-1.7543859649122806}],"interactionGraph":[{"id":"d40","interactsWith":"afd"}],"interactionType":"gpml:Arrow"},{"networkType":"edge","gpmlType":"interaction","@type":["interaction"],"graphicalType":"path","markerEnd":"arrow","points":[{"x":319.6666666666667,"y":462.3333333333333,"isAttachedTo":"f7b","RelX":-1.4444444444444444,"anchor":[0,0.6666666666666666,-1,0],"RelY":0.3333333333333333},{"x":193.33333333333334,"y":461.3333333333333,"isAttachedTo":"d39","RelX":1.7647058823529411,"anchor":[1,0.5,1,0],"RelY":0}],"interactionGraph":[{"id":"f7b","interactsWith":"d39"}],"interactionType":"gpml:Arrow"},{"networkType":"edge","gpmlType":"interaction","@type":["interaction"],"graphicalType":"path","markerEnd":"arrow","points":[{"x":319.6666666666667,"y":475.6666666666667,"isAttachedTo":"f7b","RelX":-1.4444444444444444,"anchor":[0,1,-1,1],"RelY":1.6666666666666667},{"x":190,"y":506.6666666666667,"isAttachedTo":"e1d","RelX":0.6666666666666666,"anchor":[0.8333333333333333,0,0,-1],"RelY":-1.6666666666666667}],"interactionGraph":[{"id":"f7b","interactsWith":"e1d"}],"interactionType":"gpml:Arrow"},{"networkType":"edge","gpmlType":"interaction","@type":["interaction"],"graphicalType":"path","markerEnd":"arrow","points":[{"x":275,"y":122,"isAttachedTo":"e8d","RelX":-1,"anchor":[0,0.5,-1,0],"RelY":0},{"x":154.00000000000003,"y":119,"isAttachedTo":"d9c","RelX":1.3286713286713288,"anchor":[1,0.5,1,0],"RelY":0}],"interactionGraph":[{"id":"e8d","interactsWith":"d9c"}],"interactionType":"gpml:Arrow"},{"networkType":"edge","gpmlType":"interaction","@type":["interaction"],"graphicalType":"path","markerEnd":"arrow","points":[{"x":366.3333333333333,"y":472.3333333333333,"isAttachedTo":"f7b","RelX":0.1111111111111111,"anchor":[0.5555555555555556,1,0,1],"RelY":1.3333333333333333},{"x":460,"y":526.3333333333334,"isAttachedTo":"debca","RelX":0,"anchor":[0.5,0,0,-1],"RelY":-1}],"interactionGraph":[{"id":"f7b","interactsWith":"debca"}],"interactionType":"gpml:Arrow"},{"networkType":"node","nodeType":"Label","@type":["label"],"gpmlType":"label","graphicalType":"path"},{"gpmlType":"anchor","zIndex":null,"networkType":"node","@type":["anchor"],"graphicalType":"path","x":null,"y":null},{"networkType":"edge","gpmlType":"interaction","@type":["interaction"],"graphicalType":"path","markerEnd":"arrow","points":[{"x":724.6666666666665,"y":363.3333333333333,"isAttachedTo":"b1f","RelX":1,"anchor":[1,0.5,1,0],"RelY":0},{"x":798.6666666666667,"y":363.25,"isAttachedTo":"b8c","RelX":-1,"anchor":[0,0.5,-1,0],"RelY":0}],"interactionGraph":[{"id":"b1f","interactsWith":"b8c"}],"interactionType":"gpml:Arrow"},{"networkType":"edge","gpmlType":"interaction","@type":["interaction"],"graphicalType":"path","markerEnd":"arrow","points":[{"x":604.1703853955376,"y":218.4338139356395,"isAttachedTo":"ddaac","RelX":0,"anchor":[0.5,0.5,0,0],"RelY":0},{"x":604.1703853955376,"y":219},{"x":681.3333333333333,"y":219},{"x":681.3333333333333,"y":323.3333333333333,"isAttachedTo":"d49","RelX":0,"anchor":[0.5,0,0,-1],"RelY":-1}],"interactionGraph":[{"id":"ddaac","interactsWith":"d49"}],"interactionType":"gpml:Arrow"},{"networkType":"edge","gpmlType":"interaction","@type":["interaction"],"graphicalType":"path","markerEnd":"tBar","points":[{"x":830,"y":600.3333333333334,"isAttachedTo":"bdf59","RelX":0,"anchor":[0.5,1,0,1],"RelY":1},{"x":829.6666666666667,"y":673.8333333333334,"isAttachedTo":"ed0","RelX":0,"anchor":[0.5,0,0,-1],"RelY":-1}],"interactionGraph":[{"id":"bdf59","interactsWith":"ed0"}],"interactionType":"t-bar"},{"networkType":"node","nodeType":"DataNode","dataNodeType":"GeneProduct","@type":["DataNode","GeneProduct","datanode"],"gpmlType":"datanode","graphicalType":"path","datasourceReference":{"database":"Entrez Gene","id":"16885","organism":"Mus musculus"},"unificationXref":"http://identifiers.org/ensembl/ENSMUSG00000029674"},{"networkType":"node","nodeType":"DataNode","dataNodeType":"GeneProduct","@type":["DataNode","GeneProduct","datanode"],"gpmlType":"datanode","graphicalType":"path","datasourceReference":{"database":"Entrez Gene","id":"14674","organism":"Mus musculus"},"unificationXref":"http://identifiers.org/ensembl/ENSMUSG00000020611"},{"networkType":"node","nodeType":"DataNode","dataNodeType":"GeneProduct","@type":["DataNode","GeneProduct","datanode"],"gpmlType":"datanode","graphicalType":"path","datasourceReference":{"database":"Entrez Gene","id":"16801","organism":"Mus musculus"},"unificationXref":"http://identifiers.org/ensembl/ENSMUSG00000040940"},{"networkType":"node","nodeType":"DataNode","dataNodeType":"GeneProduct","@type":["DataNode","GeneProduct","datanode"],"gpmlType":"datanode","graphicalType":"path","datasourceReference":{"database":"Entrez Gene","id":"11848","organism":"Mus musculus"},"unificationXref":"http://identifiers.org/ensembl/ENSMUSG00000007815"},{"networkType":"node","nodeType":"DataNode","dataNodeType":"GeneProduct","@type":["DataNode","GeneProduct","datanode"],"gpmlType":"datanode","graphicalType":"path","datasourceReference":{"database":"Entrez Gene","id":"18709","organism":"Mus musculus"},"unificationXref":"http://identifiers.org/ensembl/ENSMUSG00000031834"},{"networkType":"node","nodeType":"DataNode","dataNodeType":"GeneProduct","@type":["DataNode","GeneProduct","datanode"],"gpmlType":"datanode","graphicalType":"path","datasourceReference":{"database":"Entrez Gene","id":"13367","organism":"Mus musculus"},"unificationXref":"http://identifiers.org/ensembl/ENSMUSG00000024456"},{"networkType":"node","nodeType":"DataNode","dataNodeType":"GeneProduct","@type":["DataNode","GeneProduct","datanode"],"gpmlType":"datanode","graphicalType":"path","datasourceReference":{"database":"Entrez Gene","id":"18643","organism":"Mus musculus"},"unificationXref":"http://identifiers.org/ensembl/ENSMUSG00000018293"},{"networkType":"node","nodeType":"DataNode","dataNodeType":"GeneProduct","@type":["DataNode","GeneProduct","datanode"],"gpmlType":"datanode","graphicalType":"path","datasourceReference":{"database":"Entrez Gene","id":"18718","organism":"Mus musculus"},"unificationXref":"http://identifiers.org/ensembl/ENSMUSG00000026737"},{"networkType":"node","nodeType":"DataNode","dataNodeType":"GeneProduct","@type":["DataNode","GeneProduct","datanode"],"gpmlType":"datanode","graphicalType":"path","datasourceReference":{"database":"Entrez Gene","id":"26414","organism":"Mus musculus"},"unificationXref":"http://identifiers.org/ensembl/ENSMUSG00000046709"},{"networkType":"node","nodeType":"DataNode","dataNodeType":"GeneProduct","@type":["DataNode","GeneProduct","datanode"],"gpmlType":"datanode","graphicalType":"path","datasourceReference":{"database":"Entrez Gene","id":"320795","organism":"Mus musculus"},"unificationXref":"http://identifiers.org/ensembl/ENSMUSG00000057672"},{"networkType":"node","nodeType":"DataNode","dataNodeType":"GeneProduct","@type":["DataNode","GeneProduct","datanode"],"gpmlType":"datanode","graphicalType":"path","datasourceReference":{"database":"Entrez Gene","id":"53311","organism":"Mus musculus"},"unificationXref":"http://identifiers.org/ensembl/ENSMUSG00000042451"},{"networkType":"node","nodeType":"DataNode","dataNodeType":"GeneProduct","@type":["DataNode","GeneProduct","datanode"],"gpmlType":"datanode","graphicalType":"path","datasourceReference":{"database":"Entrez Gene","id":"19046","organism":"Mus musculus"},"unificationXref":"http://identifiers.org/ensembl/ENSMUSG00000014956"},{"networkType":"node","nodeType":"DataNode","dataNodeType":"GeneProduct","@type":["DataNode","GeneProduct","datanode"],"gpmlType":"datanode","graphicalType":"path","datasourceReference":{"database":"Entrez Gene","id":"11857","organism":"Mus musculus"},"unificationXref":"http://identifiers.org/ensembl/ENSMUSG00000030220"},{"networkType":"node","nodeType":"DataNode","dataNodeType":"GeneProduct","@type":["DataNode","GeneProduct","datanode"],"gpmlType":"datanode","graphicalType":"path","datasourceReference":{"database":"Entrez Gene","id":"19353","organism":"Mus musculus"},"unificationXref":"http://identifiers.org/ensembl/ENSMUSG00000001847"},{"networkType":"node","nodeType":"DataNode","dataNodeType":"GeneProduct","@type":["DataNode","GeneProduct","datanode"],"gpmlType":"datanode","graphicalType":"path","datasourceReference":{"database":"Entrez Gene","id":"26407","organism":"Mus musculus"},"unificationXref":"http://identifiers.org/ensembl/ENSMUSG00000014426"},{"networkType":"node","nodeType":"DataNode","dataNodeType":"GeneProduct","@type":["DataNode","GeneProduct","datanode"],"gpmlType":"datanode","graphicalType":"path","datasourceReference":{"database":"Entrez Gene","id":"18481","organism":"Mus musculus"},"unificationXref":"http://identifiers.org/ensembl/ENSMUSG00000031284"},{"networkType":"node","nodeType":"DataNode","dataNodeType":"GeneProduct","@type":["DataNode","GeneProduct","datanode"],"gpmlType":"datanode","graphicalType":"path","datasourceReference":{"database":"Entrez Gene","id":"17901","organism":"Mus musculus"},"unificationXref":"http://identifiers.org/ensembl/ENSMUSG00000061816"},{"networkType":"node","nodeType":"DataNode","dataNodeType":"GeneProduct","@type":["DataNode","GeneProduct","datanode"],"gpmlType":"datanode","graphicalType":"path","datasourceReference":{"database":"Entrez Gene","id":"12704","organism":"Mus musculus"},"unificationXref":"http://identifiers.org/ensembl/ENSMUSG00000029516"},{"networkType":"node","nodeType":"DataNode","dataNodeType":"GeneProduct","@type":["DataNode","GeneProduct","datanode"],"gpmlType":"datanode","graphicalType":"path","datasourceReference":{"database":"Entrez Gene","id":"544963","organism":"Mus musculus"},"unificationXref":"http://identifiers.org/ensembl/ENSMUSG00000021676"},{"networkType":"node","nodeType":"DataNode","dataNodeType":"GeneProduct","@type":["DataNode","GeneProduct","datanode"],"gpmlType":"datanode","graphicalType":"path","datasourceReference":{"database":"Entrez Gene","id":"29875","organism":"Mus musculus"},"unificationXref":"http://identifiers.org/ensembl/ENSMUSG00000030536"},{"networkType":"node","nodeType":"DataNode","dataNodeType":"GeneProduct","@type":["DataNode","GeneProduct","datanode"],"gpmlType":"datanode","graphicalType":"path","datasourceReference":{"database":"Entrez Gene","id":"19877","organism":"Mus musculus"},"unificationXref":"http://identifiers.org/ensembl/ENSMUSG00000024290"},{"networkType":"node","nodeType":"DataNode","dataNodeType":"GeneProduct","@type":["DataNode","GeneProduct","datanode"],"gpmlType":"datanode","graphicalType":"path","datasourceReference":{"database":"Entrez Gene","id":"19878","organism":"Mus musculus"},"unificationXref":"http://identifiers.org/ensembl/ENSMUSG00000020580"},{"networkType":"node","nodeType":"DataNode","dataNodeType":"GeneProduct","@type":["DataNode","GeneProduct","datanode"],"gpmlType":"datanode","graphicalType":"path","datasourceReference":{"database":"Entrez Gene","id":"59009","organism":"Mus musculus"},"unificationXref":"http://identifiers.org/ensembl/ENSMUSG00000031642"},{"networkType":"node","nodeType":"DataNode","dataNodeType":"GeneProduct","@type":["DataNode","GeneProduct","datanode"],"gpmlType":"datanode","graphicalType":"path","datasourceReference":{"database":"Entrez Gene","id":"18706","organism":"Mus musculus"},"unificationXref":"http://identifiers.org/ensembl/ENSMUSG00000027665"},{"networkType":"node","nodeType":"DataNode","dataNodeType":"GeneProduct","@type":["DataNode","GeneProduct","datanode"],"gpmlType":"datanode","graphicalType":"path","datasourceReference":{"database":"Entrez Gene","id":"74769","organism":"Mus musculus"},"unificationXref":"http://identifiers.org/ensembl/ENSMUSG00000032462"},{"networkType":"node","nodeType":"DataNode","dataNodeType":"GeneProduct","@type":["DataNode","GeneProduct","datanode"],"gpmlType":"datanode","graphicalType":"path","datasourceReference":{"database":"Entrez Gene","id":"18707","organism":"Mus musculus"},"unificationXref":"http://identifiers.org/ensembl/ENSMUSG00000039936"},{"networkType":"node","nodeType":"DataNode","dataNodeType":"GeneProduct","@type":["DataNode","GeneProduct","datanode"],"gpmlType":"datanode","graphicalType":"path","datasourceReference":{"database":"Entrez Gene","id":"12632","organism":"Mus musculus"},"unificationXref":"http://identifiers.org/ensembl/ENSMUSG00000062929"},{"networkType":"node","nodeType":"DataNode","dataNodeType":"GeneProduct","@type":["DataNode","GeneProduct","datanode"],"gpmlType":"datanode","graphicalType":"path","datasourceReference":{"database":"Entrez Gene","id":"12631","organism":"Mus musculus"},"unificationXref":"http://identifiers.org/ensembl/ENSMUSG00000056201"},{"networkType":"node","nodeType":"DataNode","dataNodeType":"GeneProduct","@type":["DataNode","GeneProduct","datanode"],"gpmlType":"datanode","graphicalType":"path","datasourceReference":{"database":"Entrez Gene","id":"72508","organism":"Mus musculus"},"unificationXref":"http://identifiers.org/ensembl/ENSMUSG00000020516"},{"networkType":"node","nodeType":"DataNode","dataNodeType":"GeneProduct","@type":["DataNode","GeneProduct","datanode"],"gpmlType":"datanode","graphicalType":"path","datasourceReference":{"database":"Entrez Gene","id":"20166","organism":"Mus musculus"},"unificationXref":"http://identifiers.org/ensembl/ENSMUSG00000034930"},{"networkType":"node","nodeType":"DataNode","dataNodeType":"GeneProduct","@type":["DataNode","GeneProduct","datanode"],"gpmlType":"datanode","graphicalType":"path","datasourceReference":{"database":"Entrez Gene","id":"52428","organism":"Mus musculus"},"unificationXref":"http://identifiers.org/ensembl/ENSMUSG00000030494"},{"networkType":"node","nodeType":"DataNode","dataNodeType":"GeneProduct","@type":["DataNode","GeneProduct","datanode"],"gpmlType":"datanode","graphicalType":"path","datasourceReference":{"database":"Entrez Gene","id":"14570","organism":"Mus musculus"},"unificationXref":"http://identifiers.org/ensembl/ENSMUSG00000073433"},{"networkType":"node","nodeType":"DataNode","dataNodeType":"GeneProduct","@type":["DataNode","GeneProduct","datanode"],"gpmlType":"datanode","graphicalType":"path","datasourceReference":{"database":"Entrez Gene","id":"12313","organism":"Mus musculus"},"unificationXref":"http://identifiers.org/ensembl/ENSMUSG00000036438"},{"networkType":"node","nodeType":"DataNode","dataNodeType":"GeneProduct","@type":["DataNode","GeneProduct","datanode"],"gpmlType":"datanode","graphicalType":"path","datasourceReference":{"database":"Entrez Gene","id":"12540","organism":"Mus musculus"},"unificationXref":"http://identifiers.org/ensembl/ENSMUSG00000006699"},{"networkType":"node","nodeType":"DataNode","dataNodeType":"GeneProduct","@type":["DataNode","GeneProduct","datanode"],"gpmlType":"datanode","graphicalType":"path","datasourceReference":{"database":"Entrez Gene","id":"73178","organism":"Mus musculus"},"unificationXref":"http://identifiers.org/ensembl/ENSMUSG00000029684"},{"networkType":"node","nodeType":"DataNode","dataNodeType":"GeneProduct","@type":["DataNode","GeneProduct","datanode"],"gpmlType":"datanode","graphicalType":"path","datasourceReference":{"database":"Entrez Gene","id":"22376","organism":"Mus musculus"},"unificationXref":"http://identifiers.org/ensembl/ENSMUSG00000031165"},{"networkType":"node","nodeType":"DataNode","dataNodeType":"GeneProduct","@type":["DataNode","GeneProduct","datanode"],"gpmlType":"datanode","graphicalType":"path","datasourceReference":{"database":"Entrez Gene","id":"24068","organism":"Mus musculus"},"unificationXref":"http://identifiers.org/ensembl/ENSMUSG00000006050"},{"networkType":"edge","gpmlType":"interaction","@type":["interaction"],"graphicalType":"path","markerEnd":"arrow","points":[{"x":459,"y":228,"isAttachedTo":"a73","RelX":0,"anchor":[0.5,1,0,1],"RelY":1},{"x":458.6666666666667,"y":281,"isAttachedTo":"a99","RelX":-0.03664921465968586,"anchor":[0.4816753926701571,0,0,-1],"RelY":-1.0526315789473684}],"interactionGraph":[{"id":"a73","interactsWith":"a99"}],"interactionType":"gpml:Arrow"}],"xmlns":"http://pathvisio.org/GPML/2013a","name":"G13 Signaling Pathway","organism":"Mus musculus","image":{"@context":{"@vocab":"http://schema.org/"},"width":942.3333333333334,"height":733.9999999999999},"publicationXref":[],"id":"wpId:WP298","revision":"71281"}}