{"@context":{"@vocab":"http://vocabularies.wikipathways.org/gpml#","@base":"wpId:WP322","pathwayIri":"wpId:WP322","ChEBI":"http://www.ebi.ac.uk/chebi/searchId.do?chebiId=","dataSource":"gpml:Data-Source","datasourceReference":"wp:DatasourceReference","Group":{"@container":"@list","@id":"gpml:Group"},"interaction":{"@id":"biopax:Interaction","@type":"@id"},"interactionType":{"@id":"biopax:InteractionType","@type":"@id"},"interactionGraph":{"@container":"@list","@type":"@id"},"lastModified":"gpml:Last-Modified","pathway":"biopax:Pathway","point":{"@container":"@list","@id":"gpml:Point"},"publicationXref":"biopax:PublicationXref","unificationXref":"biopax:UnificationXref","author":"schema:author","backgroundColor":"css2:colors.html#propdef-background-color","backgroundImage":"css2:colors.html#propdef-background-image","biopax":"http://www.biopax.org/release/biopax-level3.owl#","borderColor":"css2:box.html#propdef-border-color","borderStyle":"css2:box.html#propdef-border-style","borderWidth":"css2:box.html#propdef-border-width","boxSizing":{"@id":"css3Ui:box-sizing","@value":"border-box"},"color":"css2:colors.html#propdef-color","contains":{"@id":"ex:contains","@type":"@id"},"css2":"http://www.w3.org/TR/CSS2/","css3Ui":"http://www.w3.org/TR/css3-ui/#","cssTransform":"http://www.w3.org/TR/css-transforms-1/#","gpmlDataNodeType":"gpml:Type","dcterms":"http://puri.org/dc/terms/","entrezGene":"http://www.ncbi.nlm.nih.gov/gene/","ex":"http://www.example.org/","fontFamily":"css2:fonts.html#font-family-prop","fontSize":"css2:fonts.html#propdef-font-size","fontStyle":"css2:fonts.html#propdef-font-style","fontWeight":"css2:fonts.html#propdef-font-weight","gpml":"http://vocabularies.wikipathways.org/gpml#","gpmlFolder":"file://Users/andersriutta/Sites/pathvisiojs/test/gpml/","hMDB":"http://www.hmdb.ca/metabolites/HMDB","height":"css2:visudet.html#propdef-height","id":"@id","image":"schema:image","interactsWith":{"@id":"ex:interactsWith","@type":"@id"},"isContainedBy":{"@reverse":"ex:contains","@type":"@id"},"media":"http://www.w3.org/TR/mediaont-10/","name":"http://xmlns.com/foaf/0.1/name","organism":"biopax:organism","padding":"css2:box.html#propdef-padding","elements":{"@container":"@list","@id":"ex:pathwayElements/"},"position":"css2:visuren.html#propdef-position","rotate":"cssTransform:funcdef-rotate","schema":"http://schema.org/","shapeLibrary":"http://shapelibrary.example.org/","shape":"shapeLibrary:shape","stroke":"svg:painting.html#StrokeProperty","strokeWidth":"svg:painting.html#StrokeWidthProperty","svg":"http://www.w3.org/TR/SVG11/","textAlign":"css2:text.html#propdef-text-align","verticalAlign":"css2:visudet.html#propdef-vertical-align","width":"css2:visudet.html#propdef-width","wp":"http://vocabularies.wikipathways.org/wp#","wpId":"http://identifiers.org/wikipathways/","x":{"@id":"css2:visuren.html#propdef-left","@type":"xsd:integer"},"xsd":"http://www.w3.org/2001/XMLSchema#","y":"css2:visuren.html#propdef-top","zIndex":{"@id":"css2:z-index","@type":"xsd:integer"}},"wpId:WP322":{"elements":[{"networkType":"node","nodeType":"DataNode","dataNodeType":"Unknown","@type":["DataNode","Unknown","datanode"],"gpmlType":"datanode","graphicalType":"path"},{"networkType":"node","nodeType":"DataNode","dataNodeType":"Metabolite","@type":["DataNode","Metabolite","datanode"],"gpmlType":"datanode","graphicalType":"path","datasourceReference":{"database":"ChEBI","id":"CHEBI:29101","organism":"Homo sapiens"}},{"networkType":"node","nodeType":"Label","@type":["label"],"gpmlType":"label","graphicalType":"path"},{"networkType":"node","nodeType":"Label","@type":["label"],"gpmlType":"label","graphicalType":"path"},{"networkType":"node","nodeType":"Label","@type":["label"],"gpmlType":"label","graphicalType":"path"},{"networkType":"node","nodeType":"Label","@type":["label"],"gpmlType":"label","graphicalType":"path"},{"networkType":"node","nodeType":"Shape","@type":["shape"],"gpmlType":"shape","graphicalType":"path"},{"networkType":"node","nodeType":"Shape","@type":["shape"],"gpmlType":"shape","graphicalType":"path"},{"networkType":"edge","gpmlType":"interaction","@type":["interaction"],"graphicalType":"path","markerEnd":"arrow","points":[{"x":221.6285258539039,"y":289.994794921875,"isAttachedTo":"b53","RelX":0.8385542805989583,"anchor":[0.9192771402994792,0.8708837890625001,0,0],"RelY":0.741767578125},{"x":413.0000066672942,"y":411.00000392193783,"isAttachedTo":"d83","RelX":-0.6530118815104167,"anchor":[0.17349405924479167,0,0,-1],"RelY":-1.4345377604166667}],"interactionGraph":[{"id":"b53","interactsWith":"d83"}],"interactionType":"gpml:Arrow"},{"networkType":"edge","gpmlType":"interaction","@type":["interaction"],"graphicalType":"path","markerEnd":"arrow","points":[{"x":407.0000066672942,"y":425.00000392193783,"isAttachedTo":"d83","RelX":-0.8030118815104167,"anchor":[0.09849405924479165,0.48273111979166666,0,0],"RelY":-0.03453776041666667},{"x":225.99999627415926,"y":425.0000105892319,"isAttachedTo":"cd0","RelX":1.1757027180989583,"anchor":[1,0.46004069010416665,1,0],"RelY":-0.07991861979166667}],"interactionGraph":[{"id":"d83","interactsWith":"cd0"}],"interactionType":"gpml:Arrow"},{"networkType":"edge","gpmlType":"interaction","@type":["interaction"],"graphicalType":"path","markerEnd":"arrow","points":[{"x":711.0933734939761,"y":98,"isAttachedTo":"bf0f6","RelX":-0.5,"anchor":[0.25,1,0,1],"RelY":1},{"x":659.0000156877514,"y":262.00000686339104,"isAttachedTo":"ac3","RelX":0.24046223958333332,"anchor":[0.6202311197916667,0,0,-1],"RelY":-1.3437744140625}],"interactionGraph":[{"id":"bf0f6","interactsWith":"ac3"}],"interactionType":"gpml:Arrow"},{"networkType":"edge","gpmlType":"interaction","@type":["interaction"],"graphicalType":"path","markerEnd":"arrow","points":[{"x":694.4578313253014,"y":82.5,"isAttachedTo":"bf0f6","RelX":-1,"anchor":[0,0.75,-1,0],"RelY":0.5},{"x":566.6867469879528,"y":276.847389558233,"isAttachedTo":"a41","RelX":0.5,"anchor":[0.75,0,0,-1],"RelY":-1}],"interactionGraph":[{"id":"bf0f6","interactsWith":"a41"}],"interactionType":"gpml:Arrow"},{"networkType":"edge","gpmlType":"interaction","@type":["interaction"],"graphicalType":"path","markerEnd":"arrow","points":[{"x":416,"y":154,"isAttachedTo":"b86","RelX":0.725,"anchor":[0.8625,0.7,0,0],"RelY":0.4},{"x":513.3534136546195,"y":276.847389558233,"isAttachedTo":"a41","RelX":-0.5,"anchor":[0.25,0,0,-1],"RelY":-1}],"interactionGraph":[{"id":"b86","interactsWith":"a41"}],"interactionType":"gpml:Arrow"},{"networkType":"edge","gpmlType":"interaction","@type":["interaction"],"graphicalType":"path","markerEnd":"arrow","points":[{"x":220.79674874547018,"y":262.094794921875,"isAttachedTo":"b53","RelX":0.8135542805989583,"anchor":[0.9067771402994791,0.4208837890625,0,0],"RelY":-0.158232421875},{"x":436.00001333458863,"y":330.00000784387555,"isAttachedTo":"fff","RelX":-1.0812337239583334,"anchor":[0,0.4654622395833333,-1,0],"RelY":-0.06907552083333333}],"interactionGraph":[{"id":"b53","interactsWith":"fff"}],"interactionType":"gpml:Arrow"},{"networkType":"edge","gpmlType":"interaction","@type":["interaction"],"graphicalType":"path","markerEnd":"tBar","points":[{"x":404,"y":156,"isAttachedTo":"b86","RelX":0.425,"anchor":[0.7125,0.8,0,0],"RelY":0.6},{"x":461.5742971887553,"y":320.69076305220887,"isAttachedTo":"fff","RelX":-0.5,"anchor":[0.25,0,0,-1],"RelY":-1}],"interactionGraph":[{"id":"b86","interactsWith":"fff"}],"interactionType":"t-bar"},{"networkType":"edge","gpmlType":"interaction","@type":["interaction"],"graphicalType":"path","markerEnd":"tBar","points":[{"x":222.46030296233764,"y":277.594794921875,"isAttachedTo":"b53","RelX":0.8635542805989583,"anchor":[0.9317771402994792,0.6708837890625,0,0],"RelY":0.341767578125},{"x":483.00000109693946,"y":385.0000074516817,"isAttachedTo":"b71","RelX":-1.120307399265644,"anchor":[0,0.04718912760416666,-1,0],"RelY":-0.9056217447916667}],"interactionGraph":[{"id":"b53","interactsWith":"b71"}],"interactionType":"t-bar"},{"networkType":"edge","gpmlType":"interaction","@type":["interaction"],"graphicalType":"path","markerEnd":"arrow","points":[{"x":586.534145114865,"y":395.5180797408383,"isAttachedTo":"b71","RelX":0.7848065425362727,"anchor":[0.8924032712681363,0.5730927420619961,0,0],"RelY":0.14618548412399227},{"x":859.5582643072297,"y":406.51404681224864,"isAttachedTo":"ba7","RelX":-1.1561851445415814,"anchor":[0,0.4538147904116371,-1,0],"RelY":-0.0923704191767259}],"interactionGraph":[{"id":"b71","interactsWith":"ba7"}],"interactionType":"gpml:Arrow"},{"networkType":"edge","gpmlType":"interaction","@type":["interaction"],"graphicalType":"path","markerEnd":"arrow","points":[{"x":860.7190578576225,"y":121.75903281093136,"isAttachedTo":"ec2","RelX":-0.052884321239258285,"anchor":[0.4735578393803709,0.6742970220726693,0,0],"RelY":0.34859404414533857},{"x":824.6385895418662,"y":181.53012087412156,"isAttachedTo":"c7f","RelX":0.3793914691688626,"anchor":[0.6896957345844313,0,0,-1],"RelY":-1.1104417278488896}],"interactionGraph":[{"id":"ec2","interactsWith":"c7f"}],"interactionType":"gpml:Arrow"},{"networkType":"edge","gpmlType":"interaction","@type":["interaction"],"graphicalType":"path","markerEnd":"arrow","points":[{"x":799.1205136799499,"y":198.91566304279627,"isAttachedTo":"c7f","RelX":-0.18996344925561645,"anchor":[0.40501827537219176,0.8140562445092898,0,0],"RelY":0.6281124890185795},{"x":696.843389181728,"y":272.77109120074044,"isAttachedTo":"ac3","RelX":1.1865465769327481,"anchor":[1,0.36666700983621925,1,0],"RelY":-0.26666598032756156}],"interactionGraph":[{"id":"c7f","interactsWith":"ac3"}],"interactionType":"gpml:Arrow"},{"networkType":"edge","gpmlType":"interaction","@type":["interaction"],"graphicalType":"path","markerEnd":"arrow","points":[{"x":665.6385699046195,"y":285.4096454176079,"isAttachedTo":"ac3","RelX":0.4064260950050357,"anchor":[0.7032130475025178,0.9985947206795935,0,0],"RelY":0.9971894413591872},{"x":849.6626788403627,"y":323.77107806224893,"isAttachedTo":"bc5","RelX":-1.174261857211448,"anchor":[0,0.34686079845698514,-1,0],"RelY":-0.3062784030860297}],"interactionGraph":[{"id":"ac3","interactsWith":"bc5"}],"interactionType":"gpml:Arrow"},{"networkType":"edge","gpmlType":"interaction","@type":["interaction"],"graphicalType":"path","markerEnd":"arrow","points":[{"x":566.6867469879528,"y":296.847389558233,"isAttachedTo":"a41","RelX":0.5,"anchor":[0.75,1,0,1],"RelY":1},{"x":850.0723205321304,"y":365.85540874435225,"isAttachedTo":"fad","RelX":-1.2411863890748116,"anchor":[0,0.2897583890248461,-1,0],"RelY":-0.4204832219503078}],"interactionGraph":[{"id":"a41","interactsWith":"fad"}],"interactionType":"gpml:Arrow"},{"networkType":"edge","gpmlType":"interaction","@type":["interaction"],"graphicalType":"path","markerEnd":"arrow","points":[{"x":549.0883534136548,"y":631.1285140562263,"isAttachedTo":"a1d","RelX":0,"anchor":[0.5,0,0,-1],"RelY":-1},{"x":549.1526104417666,"y":585.2730923694795,"isAttachedTo":"e33","RelX":0,"anchor":[0.5,1,0,1],"RelY":1}],"interactionGraph":[{"id":"a1d","interactsWith":"e33"}],"interactionType":"gpml:Arrow"},{"networkType":"edge","gpmlType":"interaction","@type":["interaction"],"graphicalType":"path","markerEnd":"tBar","points":[{"x":547.204825279501,"y":577.1686550891094,"isAttachedTo":"e33","RelX":-0.04345864743764525,"anchor":[0.47827067628117736,0.5947781359814932,0,0],"RelY":0.1895562719629864},{"x":551.120479574549,"y":465.77107806224893,"isAttachedTo":"cda","RelX":-0.0018072877447108718,"anchor":[0.4990963561276446,1,0,1],"RelY":1.5590355170682717}],"interactionGraph":[{"id":"e33","interactsWith":"cda"}],"interactionType":"t-bar"},{"networkType":"edge","gpmlType":"interaction","@type":["interaction"],"graphicalType":"path","markerEnd":"arrow","points":[{"x":725.5100401606456,"y":630.8433734939781,"isAttachedTo":"d68","RelX":0,"anchor":[0.5,0,0,-1],"RelY":-1},{"x":696.7550287085855,"y":587.8875462788682,"isAttachedTo":"ccf","RelX":0.38654640044554983,"anchor":[0.6932732002227749,1,0,1],"RelY":1.2232927804971405}],"interactionGraph":[{"id":"d68","interactsWith":"ccf"}],"interactionType":"gpml:Arrow"},{"networkType":"edge","gpmlType":"interaction","@type":["interaction"],"graphicalType":"path","markerEnd":"tBar","points":[{"x":675.8072375439264,"y":576.321281218626,"isAttachedTo":"ccf","RelX":-0.13714837867092985,"anchor":[0.43142581066453506,0.5333331372364652,0,0],"RelY":0.06666627447293043},{"x":595.4497968436253,"y":466.38553589357423,"isAttachedTo":"cda","RelX":1.106425643982196,"anchor":[1,1,1,1],"RelY":1.6204813002008025}],"interactionGraph":[{"id":"ccf","interactsWith":"cda"}],"interactionType":"t-bar"},{"networkType":"edge","gpmlType":"interaction","@type":["interaction"],"graphicalType":"path","markerEnd":"arrow","points":[{"x":251,"y":495.8032128514062,"isAttachedTo":"edb","RelX":1,"anchor":[1,0.5,1,0],"RelY":0},{"x":330.2971887550201,"y":495.8032128514062,"isAttachedTo":"d0189","RelX":-1,"anchor":[0,0.5,-1,0],"RelY":0}],"interactionGraph":[{"id":"edb","interactsWith":"d0189"}],"interactionType":"gpml:Arrow"},{"networkType":"edge","gpmlType":"interaction","@type":["interaction"],"graphicalType":"path","markerEnd":"tBar","points":[{"x":410.0553083533779,"y":639.9398290810102,"isAttachedTo":"f00","RelX":0.019277206482180797,"anchor":[0.5096386032410904,0.5000012942394885,0,0],"RelY":0.000002588478976880045},{"x":503.57831089984955,"y":461.1807166164658,"isAttachedTo":"cda","RelX":-1.1903615046121967,"anchor":[0,1,-1,1],"RelY":1.099999372489959}],"interactionGraph":[{"id":"f00","interactsWith":"cda"}],"interactionType":"t-bar"},{"gpmlType":"anchor","zIndex":null,"networkType":"node","@type":["anchor"],"graphicalType":"path","x":null,"y":null},{"networkType":"node","nodeType":"Label","@type":["label"],"gpmlType":"label","graphicalType":"path"},{"networkType":"edge","gpmlType":"interaction","@type":["interaction"],"graphicalType":"path","markerEnd":"mimCatalysis","points":[{"x":394.1887550200803,"y":586.6265060240964,"isAttachedTo":"ef2","RelX":0.5,"anchor":[0.75,1,0,1],"RelY":1},{"x":429.06662502941936,"y":603.601751781761,"isAttachedTo":"a690e","RelX":0,"anchor":[0.5,0.5,0,0],"RelY":0}],"interactionGraph":[{"id":"ef2","interactsWith":"a690e"}],"interactionType":"mim-catalysis"},{"networkType":"node","nodeType":"DataNode","dataNodeType":"Metabolite","@type":["DataNode","Metabolite","datanode"],"gpmlType":"datanode","graphicalType":"path","datasourceReference":{"database":"HMDB","id":"HMDB00876","organism":"Homo sapiens"}},{"networkType":"node","nodeType":"DataNode","dataNodeType":"Protein","@type":["DataNode","Protein","datanode"],"gpmlType":"datanode","graphicalType":"path","datasourceReference":{"database":"Entrez Gene","id":"8074","organism":"Homo sapiens"},"unificationXref":"http://identifiers.org/ensembl/ENSG00000118972"},{"networkType":"node","nodeType":"DataNode","dataNodeType":"Protein","@type":["DataNode","Protein","datanode"],"gpmlType":"datanode","graphicalType":"path","datasourceReference":{"database":"Entrez Gene","id":"8600","organism":"Homo sapiens"},"unificationXref":"http://identifiers.org/ensembl/ENSG00000120659"},{"networkType":"node","nodeType":"DataNode","dataNodeType":"Protein","@type":["DataNode","Protein","datanode"],"gpmlType":"datanode","graphicalType":"path","datasourceReference":{"database":"Entrez Gene","id":"4982","organism":"Homo sapiens"},"unificationXref":"http://identifiers.org/ensembl/ENSG00000164761"},{"networkType":"node","nodeType":"DataNode","dataNodeType":"Protein","@type":["DataNode","Protein","datanode"],"gpmlType":"datanode","graphicalType":"path","datasourceReference":{"database":"Entrez Gene","id":"8074","organism":"Homo sapiens"},"unificationXref":"http://identifiers.org/ensembl/ENSG00000118972"},{"networkType":"node","nodeType":"DataNode","dataNodeType":"Protein","@type":["DataNode","Protein","datanode"],"gpmlType":"datanode","graphicalType":"path","datasourceReference":{"database":"Uniprot-TrEMBL","id":"P02818","organism":"Homo sapiens"},"unificationXref":"http://identifiers.org/ensembl/ENSG00000242252"},{"networkType":"node","nodeType":"DataNode","dataNodeType":"Protein","@type":["DataNode","Protein","datanode"],"gpmlType":"datanode","graphicalType":"path","datasourceReference":{"database":"Entrez Gene","id":"3381","organism":"Homo sapiens"},"unificationXref":"http://identifiers.org/ensembl/ENSG00000029559"},{"networkType":"node","nodeType":"DataNode","dataNodeType":"Protein","@type":["DataNode","Protein","datanode"],"gpmlType":"datanode","graphicalType":"path","datasourceReference":{"database":"Entrez Gene","id":"3381","organism":"Homo sapiens"},"unificationXref":"http://identifiers.org/ensembl/ENSG00000029559"},{"networkType":"node","nodeType":"DataNode","dataNodeType":"Protein","@type":["DataNode","Protein","datanode"],"gpmlType":"datanode","graphicalType":"path","datasourceReference":{"database":"Entrez Gene","id":"5745","organism":"Homo sapiens"},"unificationXref":"http://identifiers.org/ensembl/ENSG00000160801"},{"networkType":"node","nodeType":"DataNode","dataNodeType":"Protein","@type":["DataNode","Protein","datanode"],"gpmlType":"datanode","graphicalType":"path","datasourceReference":{"database":"Entrez Gene","id":"5741","organism":"Homo sapiens"},"unificationXref":"http://identifiers.org/ensembl/ENSG00000152266"},{"networkType":"node","nodeType":"DataNode","dataNodeType":"Protein","@type":["DataNode","Protein","datanode"],"gpmlType":"datanode","graphicalType":"path","datasourceReference":{"database":"Entrez Gene","id":"8600","organism":"Homo sapiens"},"unificationXref":"http://identifiers.org/ensembl/ENSG00000120659"},{"networkType":"node","nodeType":"DataNode","dataNodeType":"Protein","@type":["DataNode","Protein","datanode"],"gpmlType":"datanode","graphicalType":"path","datasourceReference":{"database":"Entrez Gene","id":"4982","organism":"Homo sapiens"},"unificationXref":"http://identifiers.org/ensembl/ENSG00000164761"},{"networkType":"node","nodeType":"DataNode","dataNodeType":"Protein","@type":["DataNode","Protein","datanode"],"gpmlType":"datanode","graphicalType":"path","datasourceReference":{"database":"Entrez Gene","id":"1277","organism":"Homo sapiens"},"unificationXref":"http://identifiers.org/ensembl/ENSG00000108821"},{"networkType":"node","nodeType":"DataNode","dataNodeType":"Protein","@type":["DataNode","Protein","datanode"],"gpmlType":"datanode","graphicalType":"path","datasourceReference":{"database":"Entrez Gene","id":"5741","organism":"Homo sapiens"},"unificationXref":"http://identifiers.org/ensembl/ENSG00000152266"},{"networkType":"node","nodeType":"DataNode","dataNodeType":"Protein","@type":["DataNode","Protein","datanode"],"gpmlType":"datanode","graphicalType":"path","datasourceReference":{"database":"Entrez Gene","id":"5745","organism":"Homo sapiens"},"unificationXref":"http://identifiers.org/ensembl/ENSG00000160801"},{"networkType":"node","nodeType":"DataNode","dataNodeType":"GeneProduct","@type":["DataNode","GeneProduct","datanode"],"gpmlType":"datanode","graphicalType":"path","datasourceReference":{"database":"Entrez Gene","id":"5155/5154","organism":"Homo sapiens"}},{"networkType":"node","nodeType":"DataNode","dataNodeType":"Protein","@type":["DataNode","Protein","datanode"],"gpmlType":"datanode","graphicalType":"path","datasourceReference":{"database":"Entrez Gene","id":"10246","organism":"Homo sapiens"},"unificationXref":"http://identifiers.org/ensembl/ENSG00000112337"},{"networkType":"node","nodeType":"DataNode","dataNodeType":"Metabolite","@type":["DataNode","Metabolite","datanode"],"gpmlType":"datanode","graphicalType":"path","datasourceReference":{"database":"ChEBI","id":"CHEBI:29101","organism":"Homo sapiens"}},{"networkType":"node","nodeType":"DataNode","dataNodeType":"Metabolite","@type":["DataNode","Metabolite","datanode"],"gpmlType":"datanode","graphicalType":"path","datasourceReference":{"database":"PubChem-compound","id":"1061","organism":"Homo sapiens"}},{"networkType":"node","nodeType":"DataNode","dataNodeType":"Protein","@type":["DataNode","Protein","datanode"],"gpmlType":"datanode","graphicalType":"path","datasourceReference":{"database":"Entrez Gene","id":"5155","organism":"Homo sapiens"},"unificationXref":"http://identifiers.org/ensembl/ENSG00000100311"},{"networkType":"node","nodeType":"DataNode","dataNodeType":"Protein","@type":["DataNode","Protein","datanode"],"gpmlType":"datanode","graphicalType":"path","datasourceReference":{"database":"Entrez Gene","id":"5155","organism":"Homo sapiens"},"unificationXref":"http://identifiers.org/ensembl/ENSG00000100311"},{"networkType":"node","nodeType":"DataNode","dataNodeType":"Protein","@type":["DataNode","Protein","datanode"],"gpmlType":"datanode","graphicalType":"path","datasourceReference":{"database":"Entrez Gene","id":"5156","organism":"Homo sapiens"},"unificationXref":"http://identifiers.org/ensembl/ENSG00000134853"},{"networkType":"node","nodeType":"DataNode","dataNodeType":"Protein","@type":["DataNode","Protein","datanode"],"gpmlType":"datanode","graphicalType":"path","datasourceReference":{"database":"Entrez Gene","id":"5159","organism":"Homo sapiens"},"unificationXref":"http://identifiers.org/ensembl/ENSG00000113721"},{"networkType":"node","nodeType":"DataNode","dataNodeType":"Protein","@type":["DataNode","Protein","datanode"],"gpmlType":"datanode","graphicalType":"path","datasourceReference":{"database":"Entrez Gene","id":"3685","organism":"Homo sapiens"},"unificationXref":"http://identifiers.org/ensembl/ENSG00000138448"},{"networkType":"node","nodeType":"DataNode","dataNodeType":"Protein","@type":["DataNode","Protein","datanode"],"gpmlType":"datanode","graphicalType":"path","datasourceReference":{"database":"Entrez Gene","id":"3690","organism":"Homo sapiens"},"unificationXref":"http://identifiers.org/ensembl/ENSG00000259207"},{"networkType":"node","nodeType":"DataNode","dataNodeType":"Metabolite","@type":["DataNode","Metabolite","datanode"],"gpmlType":"datanode","graphicalType":"path","datasourceReference":{"database":"HMDB","id":"HMDB00876","organism":"Homo sapiens"}},{"networkType":"edge","gpmlType":"interaction","@type":["interaction"],"graphicalType":"path","markerEnd":"arrow","points":[{"x":280,"y":103,"isAttachedTo":"ceac4","RelX":1,"anchor":[1,0.75,1,0],"RelY":0.5},{"x":339,"y":126,"isAttachedTo":"a18f7","RelX":-1,"anchor":[0,0.25,-1,0],"RelY":-0.5}],"interactionGraph":[{"id":"ceac4","interactsWith":"a18f7"}],"interactionType":"gpml:Arrow"}],"xmlns":"http://pathvisio.org/GPML/2013a","lastModified":"10/16/2013","license":"CC BY 2.0","name":"Osteoblast Signaling","organism":"Homo sapiens","image":{"@context":{"@vocab":"http://schema.org/"},"width":1029.6867469879526,"height":697},"publicationXref":[],"id":"wpId:WP322","revision":"74192"}}